,Lect,00:01:33:88:20:54,00:0f:66:e9:ab:ec,04:f0:21:63:18:b2,26:39:4e:c8:ed:3c,26:60:b6:4d:5c:fc,28:77:77:dc:3d:68,28:77:77:dc:3d:a9,2a:77:77:cc:3d:a9,30:b5:c2:7f:37:94,30:b5:c2:7f:37:95,3c:a7:ae:98:07:98,44:12:44:87:51:c0,44:12:44:87:51:c1,44:12:44:87:51:d0,44:12:44:87:51:d1,44:12:44:87:5d:c0,44:12:44:87:5d:c1,44:12:44:87:5d:d0,44:12:44:87:5d:d1,44:12:44:87:89:61,44:12:44:87:98:c0,44:12:44:87:98:c1,44:12:44:87:98:d0,44:12:44:87:98:d1,44:12:44:88:30:40,44:12:44:88:30:41,44:12:44:88:30:50,44:12:44:88:30:51,44:12:44:88:66:c0,44:12:44:88:66:c1,44:12:44:88:66:d0,44:12:44:88:66:d1,44:12:44:88:7e:a0,44:12:44:88:7e:a1,44:12:44:88:7e:b0,44:12:44:88:7e:b1,44:12:44:88:81:20,44:12:44:88:81:21,44:12:44:88:81:30,44:12:44:88:81:31,44:12:44:88:c8:e0,44:12:44:88:c8:e1,44:12:44:88:c8:f0,44:12:44:88:c8:f1,44:12:44:88:c9:a0,44:12:44:88:c9:a1,44:12:44:88:c9:b0,44:12:44:88:c9:b1,44:12:44:88:e0:20,44:12:44:88:e0:21,44:12:44:89:01:e0,44:12:44:89:01:e1,44:12:44:89:01:f0,44:12:44:89:01:f1,44:12:44:89:1b:c0,44:12:44:89:1b:c1,44:12:44:89:1b:d0,44:12:44:89:1b:d1,44:12:44:89:30:00,44:12:44:89:30:01,44:12:44:89:30:10,44:12:44:89:30:11,44:12:44:89:81:20,44:12:44:89:81:21,44:12:44:89:81:30,44:12:44:89:81:31,44:59:43:7a:ea:0c,56:59:19:bb:95:96,5a:c5:36:34:5e:f5,60:3d:26:8b:7d:ff,60:8d:26:31:76:0c,60:8d:26:31:76:0d,60:d2:48:79:18:8c,62:3e:d7:a9:6a:c1,62:3e:d7:a9:6a:c3,6a:8d:26:31:76:0e,6e:b4:88:a8:c1:a3,72:86:60:e9:94:6d,74:0a:e1:48:50:93,78:81:02:90:cc:61,78:81:02:d2:2d:29,78:81:02:d2:2d:2d,86:93:b2:00:fb:a2,88:0f:a2:00:d7:a4,94:bf:c4:27:4d:ec,94:bf:c4:67:4d:e8,94:bf:c4:67:4d:ec,94:bf:c4:a7:4d:e8,94:bf:c4:a7:4d:ec,94:bf:c4:e7:4d:ec,98:9d:5d:2b:72:3d,9a:c5:c0:5e:db:a9,a0:18:42:05:9a:40,b0:39:56:8b:d0:32,b0:be:76:d0:5b:a3,c0:51:5c:99:ca:64,c0:51:5c:99:ca:65,c2:51:5c:49:ca:65,d4:60:e3:94:cd:59,d4:86:60:e9:94:6b,e2:41:36:c9:85:d0,e4:3e:d7:a9:6a:bf,e4:3e:d7:a9:6a:c0,e8:48:b8:21:3f:b6,e8:48:b8:21:3f:b7,ea:63:7b:a4:2f:6e,ea:81:75:c6:b3:7b,ee:68:68:81:71:29,fc:12:63:c2:13:1f,Ubicacion
0,1,0.0,0.0,0.0,0.0,0.0,0.0,0.0,0.0,-85.0,-67.0,-81.0,0.0,0.0,0.0,0.0,-82.0,-80.0,-91.0,-91.0,0.0,0.0,0.0,0.0,0.0,0.0,0.0,0.0,0.0,0.0,0.0,0.0,0.0,-82.0,-81.0,0.0,0.0,0.0,0.0,0.0,0.0,0.0,0.0,0.0,0.0,-87.0,-88.0,0.0,0.0,0.0,0.0,0.0,0.0,0.0,0.0,0.0,0.0,0.0,0.0,0.0,0.0,0.0,0.0,0.0,0.0,0.0,0.0,0.0,-85.0,0.0,0.0,-51.0,-51.0,0.0,0.0,0.0,-51.0,0.0,0.0,0.0,0.0,0.0,0.0,0.0,0.0,0.0,0.0,0.0,0.0,0.0,0.0,0.0,0.0,0.0,-94.0,0.0,-94.0,0.0,0.0,-94.0,0.0,-86.0,0.0,0.0,0.0,0.0,0.0,-94.0,-73.0,0.0,Administracion
1,2,0.0,0.0,0.0,0.0,0.0,0.0,0.0,0.0,-85.0,-67.0,-81.0,0.0,0.0,0.0,0.0,-82.0,-80.0,-91.0,-91.0,0.0,0.0,0.0,0.0,0.0,0.0,0.0,0.0,0.0,0.0,0.0,0.0,0.0,-82.0,-81.0,0.0,0.0,0.0,0.0,0.0,0.0,0.0,0.0,0.0,0.0,-87.0,-88.0,0.0,0.0,0.0,0.0,0.0,0.0,0.0,0.0,0.0,0.0,0.0,0.0,0.0,0.0,0.0,0.0,0.0,0.0,0.0,0.0,0.0,-85.0,0.0,0.0,-51.0,-51.0,0.0,0.0,0.0,-51.0,0.0,0.0,0.0,0.0,0.0,0.0,0.0,0.0,0.0,0.0,0.0,0.0,0.0,0.0,0.0,0.0,0.0,-94.0,0.0,-94.0,0.0,0.0,-94.0,0.0,-86.0,0.0,0.0,0.0,0.0,0.0,-94.0,-73.0,0.0,Administracion
2,3,0.0,0.0,0.0,-91.0,0.0,0.0,0.0,0.0,-92.0,-67.0,0.0,0.0,0.0,0.0,0.0,0.0,0.0,-92.0,0.0,-86.0,0.0,0.0,0.0,0.0,0.0,0.0,0.0,0.0,0.0,0.0,0.0,0.0,0.0,0.0,0.0,0.0,0.0,0.0,0.0,0.0,0.0,0.0,0.0,0.0,0.0,0.0,0.0,0.0,0.0,0.0,0.0,0.0,0.0,0.0,0.0,0.0,0.0,0.0,0.0,0.0,0.0,0.0,0.0,0.0,0.0,0.0,0.0,-94.0,0.0,0.0,-57.0,-53.0,0.0,0.0,0.0,-52.0,0.0,0.0,0.0,0.0,0.0,0.0,0.0,0.0,0.0,0.0,0.0,0.0,0.0,0.0,0.0,0.0,0.0,0.0,0.0,0.0,0.0,0.0,0.0,0.0,0.0,0.0,0.0,0.0,-82.0,0.0,0.0,-81.0,0.0,Administracion
3,4,0.0,0.0,0.0,-91.0,0.0,0.0,0.0,0.0,-92.0,-67.0,0.0,0.0,0.0,0.0,0.0,0.0,0.0,-92.0,0.0,-86.0,0.0,0.0,0.0,0.0,0.0,0.0,0.0,0.0,0.0,0.0,0.0,0.0,0.0,0.0,0.0,0.0,0.0,0.0,0.0,0.0,0.0,0.0,0.0,0.0,0.0,0.0,0.0,0.0,0.0,0.0,0.0,0.0,0.0,0.0,0.0,0.0,0.0,0.0,0.0,0.0,0.0,0.0,0.0,0.0,0.0,0.0,0.0,-94.0,0.0,0.0,-57.0,-53.0,0.0,0.0,0.0,-52.0,0.0,0.0,0.0,0.0,0.0,0.0,0.0,0.0,0.0,0.0,0.0,0.0,0.0,0.0,0.0,0.0,0.0,0.0,0.0,0.0,0.0,0.0,0.0,0.0,0.0,0.0,0.0,0.0,-82.0,0.0,0.0,-81.0,0.0,Administracion
4,5,0.0,0.0,0.0,-91.0,0.0,0.0,0.0,0.0,-92.0,-67.0,0.0,0.0,0.0,0.0,0.0,0.0,0.0,-92.0,0.0,-86.0,0.0,0.0,0.0,0.0,0.0,0.0,0.0,0.0,0.0,0.0,0.0,0.0,0.0,0.0,0.0,0.0,0.0,0.0,0.0,0.0,0.0,0.0,0.0,0.0,0.0,0.0,0.0,0.0,0.0,0.0,0.0,0.0,0.0,0.0,0.0,0.0,0.0,0.0,0.0,0.0,0.0,0.0,0.0,0.0,0.0,0.0,0.0,-94.0,0.0,0.0,-57.0,-53.0,0.0,0.0,0.0,-52.0,0.0,0.0,0.0,0.0,0.0,0.0,0.0,0.0,0.0,0.0,0.0,0.0,0.0,0.0,0.0,0.0,0.0,0.0,0.0,0.0,0.0,0.0,0.0,0.0,0.0,0.0,0.0,0.0,-82.0,0.0,0.0,-81.0,0.0,Administracion
5,6,0.0,0.0,0.0,-91.0,0.0,0.0,0.0,0.0,-92.0,-67.0,0.0,0.0,0.0,0.0,0.0,0.0,0.0,-92.0,0.0,-86.0,0.0,0.0,0.0,0.0,0.0,0.0,0.0,0.0,0.0,0.0,0.0,0.0,0.0,0.0,0.0,0.0,0.0,0.0,0.0,0.0,0.0,0.0,0.0,0.0,0.0,0.0,0.0,0.0,0.0,0.0,0.0,0.0,0.0,0.0,0.0,0.0,0.0,0.0,0.0,0.0,0.0,0.0,0.0,0.0,0.0,0.0,0.0,-94.0,0.0,0.0,-57.0,-53.0,0.0,0.0,0.0,-52.0,0.0,0.0,0.0,0.0,0.0,0.0,0.0,0.0,0.0,0.0,0.0,0.0,0.0,0.0,0.0,0.0,0.0,0.0,0.0,0.0,0.0,0.0,0.0,0.0,0.0,0.0,0.0,0.0,-82.0,0.0,0.0,-81.0,0.0,Administracion
6,7,0.0,0.0,0.0,0.0,0.0,0.0,0.0,0.0,0.0,0.0,0.0,0.0,0.0,0.0,0.0,0.0,0.0,0.0,0.0,0.0,0.0,0.0,0.0,0.0,0.0,0.0,0.0,0.0,0.0,0.0,0.0,0.0,0.0,0.0,0.0,0.0,0.0,0.0,0.0,0.0,0.0,0.0,0.0,0.0,0.0,-88.0,0.0,0.0,0.0,0.0,0.0,0.0,0.0,0.0,0.0,0.0,0.0,0.0,0.0,0.0,0.0,0.0,0.0,0.0,0.0,0.0,0.0,0.0,0.0,0.0,0.0,0.0,0.0,0.0,0.0,0.0,0.0,0.0,0.0,0.0,0.0,0.0,0.0,0.0,0.0,0.0,0.0,0.0,0.0,0.0,0.0,0.0,0.0,0.0,0.0,0.0,0.0,0.0,0.0,0.0,0.0,0.0,0.0,0.0,0.0,0.0,0.0,0.0,0.0,Administracion
7,8,0.0,0.0,0.0,0.0,0.0,0.0,0.0,0.0,0.0,0.0,0.0,0.0,0.0,0.0,0.0,0.0,0.0,0.0,0.0,0.0,0.0,0.0,0.0,0.0,0.0,0.0,0.0,0.0,0.0,0.0,0.0,0.0,0.0,0.0,0.0,0.0,0.0,0.0,0.0,0.0,0.0,0.0,0.0,0.0,0.0,-88.0,0.0,0.0,0.0,0.0,0.0,0.0,0.0,0.0,0.0,0.0,0.0,0.0,0.0,0.0,0.0,0.0,0.0,0.0,0.0,0.0,0.0,0.0,0.0,0.0,0.0,0.0,0.0,0.0,0.0,0.0,0.0,0.0,0.0,0.0,0.0,0.0,0.0,0.0,0.0,0.0,0.0,0.0,0.0,0.0,0.0,0.0,0.0,0.0,0.0,0.0,0.0,0.0,0.0,0.0,0.0,0.0,0.0,0.0,0.0,0.0,0.0,0.0,0.0,Administracion
8,9,0.0,0.0,0.0,0.0,0.0,0.0,0.0,0.0,0.0,0.0,0.0,0.0,0.0,0.0,0.0,0.0,0.0,0.0,0.0,0.0,0.0,0.0,0.0,0.0,0.0,0.0,0.0,0.0,0.0,0.0,0.0,0.0,0.0,0.0,0.0,0.0,0.0,0.0,0.0,0.0,0.0,0.0,0.0,0.0,0.0,-88.0,0.0,0.0,0.0,0.0,0.0,0.0,0.0,0.0,0.0,0.0,0.0,0.0,0.0,0.0,0.0,0.0,0.0,0.0,0.0,0.0,0.0,0.0,0.0,0.0,0.0,0.0,0.0,0.0,0.0,0.0,0.0,0.0,0.0,0.0,0.0,0.0,0.0,0.0,0.0,0.0,0.0,0.0,0.0,0.0,0.0,0.0,0.0,0.0,0.0,0.0,0.0,0.0,0.0,0.0,0.0,0.0,0.0,0.0,0.0,0.0,0.0,0.0,0.0,Administracion
9,10,0.0,0.0,0.0,0.0,0.0,0.0,0.0,0.0,0.0,0.0,0.0,0.0,0.0,0.0,0.0,0.0,0.0,0.0,0.0,0.0,0.0,0.0,0.0,0.0,0.0,0.0,0.0,0.0,0.0,0.0,0.0,0.0,0.0,0.0,0.0,0.0,0.0,0.0,0.0,0.0,0.0,0.0,0.0,0.0,0.0,-88.0,0.0,0.0,0.0,0.0,0.0,0.0,0.0,0.0,0.0,0.0,0.0,0.0,0.0,0.0,0.0,0.0,0.0,0.0,0.0,0.0,0.0,0.0,0.0,0.0,0.0,0.0,0.0,0.0,0.0,0.0,0.0,0.0,0.0,0.0,0.0,0.0,0.0,0.0,0.0,0.0,0.0,0.0,0.0,0.0,0.0,0.0,0.0,0.0,0.0,0.0,0.0,0.0,0.0,0.0,0.0,0.0,0.0,0.0,0.0,0.0,0.0,0.0,0.0,Administracion
10,11,0.0,0.0,0.0,0.0,0.0,0.0,0.0,0.0,-90.0,-67.0,0.0,0.0,0.0,0.0,0.0,0.0,0.0,-93.0,-94.0,0.0,0.0,0.0,0.0,0.0,0.0,0.0,0.0,0.0,0.0,0.0,0.0,0.0,0.0,0.0,0.0,0.0,0.0,0.0,0.0,0.0,0.0,0.0,0.0,0.0,0.0,0.0,0.0,0.0,0.0,0.0,0.0,0.0,0.0,0.0,0.0,0.0,0.0,0.0,0.0,0.0,0.0,0.0,0.0,0.0,0.0,0.0,-94.0,0.0,0.0,0.0,-57.0,-59.0,0.0,0.0,0.0,-59.0,0.0,0.0,0.0,0.0,0.0,0.0,0.0,0.0,0.0,0.0,0.0,0.0,0.0,0.0,-84.0,0.0,-96.0,0.0,0.0,0.0,-94.0,-94.0,0.0,0.0,0.0,-90.0,0.0,-92.0,-85.0,0.0,0.0,-77.0,-89.0,Administracion
11,12,0.0,0.0,0.0,0.0,0.0,0.0,0.0,0.0,-90.0,-67.0,0.0,0.0,0.0,0.0,0.0,0.0,0.0,-93.0,-94.0,0.0,0.0,0.0,0.0,0.0,0.0,0.0,0.0,0.0,0.0,0.0,0.0,0.0,0.0,0.0,0.0,0.0,0.0,0.0,0.0,0.0,0.0,0.0,0.0,0.0,0.0,0.0,0.0,0.0,0.0,0.0,0.0,0.0,0.0,0.0,0.0,0.0,0.0,0.0,0.0,0.0,0.0,0.0,0.0,0.0,0.0,0.0,-94.0,0.0,0.0,0.0,-57.0,-59.0,0.0,0.0,0.0,-59.0,0.0,0.0,0.0,0.0,0.0,0.0,0.0,0.0,0.0,0.0,0.0,0.0,0.0,0.0,-84.0,0.0,-96.0,0.0,0.0,0.0,-94.0,-94.0,0.0,0.0,0.0,-90.0,0.0,-92.0,-85.0,0.0,0.0,-77.0,-89.0,Administracion
12,13,0.0,0.0,0.0,0.0,0.0,0.0,0.0,0.0,-90.0,-67.0,0.0,0.0,0.0,0.0,0.0,0.0,0.0,-93.0,-94.0,0.0,0.0,0.0,0.0,0.0,0.0,0.0,0.0,0.0,0.0,0.0,0.0,0.0,0.0,0.0,0.0,0.0,0.0,0.0,0.0,0.0,0.0,0.0,0.0,0.0,0.0,0.0,0.0,0.0,0.0,0.0,0.0,0.0,0.0,0.0,0.0,0.0,0.0,0.0,0.0,0.0,0.0,0.0,0.0,0.0,0.0,0.0,-94.0,0.0,0.0,0.0,-57.0,-59.0,0.0,0.0,0.0,-59.0,0.0,0.0,0.0,0.0,0.0,0.0,0.0,0.0,0.0,0.0,0.0,0.0,0.0,0.0,-84.0,0.0,-96.0,0.0,0.0,0.0,-94.0,-94.0,0.0,0.0,0.0,-90.0,0.0,-92.0,-85.0,0.0,0.0,-77.0,-89.0,Administracion
13,14,0.0,0.0,0.0,0.0,0.0,0.0,0.0,0.0,-90.0,-67.0,0.0,0.0,0.0,0.0,0.0,0.0,0.0,-93.0,-94.0,0.0,0.0,0.0,0.0,0.0,0.0,0.0,0.0,0.0,0.0,0.0,0.0,0.0,0.0,0.0,0.0,0.0,0.0,0.0,0.0,0.0,0.0,0.0,0.0,0.0,0.0,0.0,0.0,0.0,0.0,0.0,0.0,0.0,0.0,0.0,0.0,0.0,0.0,0.0,0.0,0.0,0.0,0.0,0.0,0.0,0.0,0.0,-94.0,0.0,0.0,0.0,-57.0,-59.0,0.0,0.0,0.0,-59.0,0.0,0.0,0.0,0.0,0.0,0.0,0.0,0.0,0.0,0.0,0.0,0.0,0.0,0.0,-84.0,0.0,-96.0,0.0,0.0,0.0,-94.0,-94.0,0.0,0.0,0.0,-90.0,0.0,-92.0,-85.0,0.0,0.0,-77.0,-89.0,Administracion
14,15,0.0,0.0,0.0,0.0,0.0,0.0,0.0,0.0,-90.0,-67.0,0.0,0.0,0.0,0.0,0.0,0.0,0.0,-93.0,-94.0,0.0,0.0,0.0,0.0,0.0,0.0,0.0,0.0,0.0,0.0,0.0,0.0,0.0,0.0,0.0,0.0,0.0,0.0,0.0,0.0,0.0,0.0,0.0,0.0,0.0,0.0,0.0,0.0,0.0,0.0,0.0,0.0,0.0,0.0,0.0,0.0,0.0,0.0,0.0,0.0,0.0,0.0,0.0,0.0,0.0,0.0,0.0,-94.0,0.0,0.0,0.0,-57.0,-59.0,0.0,0.0,0.0,-59.0,0.0,0.0,0.0,0.0,0.0,0.0,0.0,0.0,0.0,0.0,0.0,0.0,0.0,0.0,-84.0,0.0,-96.0,0.0,0.0,0.0,-94.0,-94.0,0.0,0.0,0.0,-90.0,0.0,-92.0,-85.0,0.0,0.0,-77.0,-89.0,Administracion
15,16,0.0,0.0,0.0,0.0,0.0,0.0,0.0,0.0,-91.0,-74.0,0.0,0.0,0.0,0.0,0.0,-77.0,-78.0,-96.0,-96.0,0.0,0.0,0.0,0.0,0.0,0.0,0.0,0.0,0.0,0.0,0.0,0.0,0.0,0.0,0.0,0.0,0.0,0.0,0.0,0.0,0.0,0.0,0.0,0.0,0.0,-86.0,-86.0,0.0,0.0,0.0,0.0,0.0,0.0,0.0,0.0,0.0,0.0,0.0,0.0,0.0,0.0,0.0,0.0,0.0,0.0,0.0,0.0,0.0,0.0,0.0,0.0,-59.0,0.0,0.0,0.0,0.0,-54.0,0.0,0.0,0.0,0.0,-85.0,0.0,0.0,0.0,0.0,0.0,0.0,0.0,0.0,0.0,0.0,0.0,0.0,0.0,0.0,0.0,0.0,0.0,0.0,0.0,0.0,0.0,0.0,0.0,-87.0,0.0,0.0,-75.0,0.0,Administracion
16,17,0.0,0.0,0.0,0.0,0.0,0.0,0.0,0.0,-91.0,-74.0,0.0,0.0,0.0,0.0,0.0,-77.0,-78.0,-96.0,-96.0,0.0,0.0,0.0,0.0,0.0,0.0,0.0,0.0,0.0,0.0,0.0,0.0,0.0,0.0,0.0,0.0,0.0,0.0,0.0,0.0,0.0,0.0,0.0,0.0,0.0,-86.0,-86.0,0.0,0.0,0.0,0.0,0.0,0.0,0.0,0.0,0.0,0.0,0.0,0.0,0.0,0.0,0.0,0.0,0.0,0.0,0.0,0.0,0.0,0.0,0.0,0.0,-59.0,0.0,0.0,0.0,0.0,-54.0,0.0,0.0,0.0,0.0,-85.0,0.0,0.0,0.0,0.0,0.0,0.0,0.0,0.0,0.0,0.0,0.0,0.0,0.0,0.0,0.0,0.0,0.0,0.0,0.0,0.0,0.0,0.0,0.0,-87.0,0.0,0.0,-75.0,0.0,Administracion
17,18,0.0,0.0,0.0,0.0,0.0,0.0,0.0,0.0,-91.0,-74.0,0.0,0.0,0.0,0.0,0.0,-77.0,-78.0,-96.0,-96.0,0.0,0.0,0.0,0.0,0.0,0.0,0.0,0.0,0.0,0.0,0.0,0.0,0.0,0.0,0.0,0.0,0.0,0.0,0.0,0.0,0.0,0.0,0.0,0.0,0.0,-86.0,-86.0,0.0,0.0,0.0,0.0,0.0,0.0,0.0,0.0,0.0,0.0,0.0,0.0,0.0,0.0,0.0,0.0,0.0,0.0,0.0,0.0,0.0,0.0,0.0,0.0,-59.0,0.0,0.0,0.0,0.0,-54.0,0.0,0.0,0.0,0.0,-85.0,0.0,0.0,0.0,0.0,0.0,0.0,0.0,0.0,0.0,0.0,0.0,0.0,0.0,0.0,0.0,0.0,0.0,0.0,0.0,0.0,0.0,0.0,0.0,-87.0,0.0,0.0,-75.0,0.0,Administracion
18,19,0.0,0.0,0.0,0.0,0.0,0.0,0.0,0.0,-91.0,-74.0,0.0,0.0,0.0,0.0,0.0,-77.0,-78.0,-96.0,-96.0,0.0,0.0,0.0,0.0,0.0,0.0,0.0,0.0,0.0,0.0,0.0,0.0,0.0,0.0,0.0,0.0,0.0,0.0,0.0,0.0,0.0,0.0,0.0,0.0,0.0,-86.0,-86.0,0.0,0.0,0.0,0.0,0.0,0.0,0.0,0.0,0.0,0.0,0.0,0.0,0.0,0.0,0.0,0.0,0.0,0.0,0.0,0.0,0.0,0.0,0.0,0.0,-59.0,0.0,0.0,0.0,0.0,-54.0,0.0,0.0,0.0,0.0,-85.0,0.0,0.0,0.0,0.0,0.0,0.0,0.0,0.0,0.0,0.0,0.0,0.0,0.0,0.0,0.0,0.0,0.0,0.0,0.0,0.0,0.0,0.0,0.0,-87.0,0.0,0.0,-75.0,0.0,Administracion
19,20,0.0,0.0,0.0,0.0,0.0,0.0,0.0,0.0,-91.0,-74.0,0.0,0.0,0.0,0.0,0.0,-77.0,-78.0,-96.0,-96.0,0.0,0.0,0.0,0.0,0.0,0.0,0.0,0.0,0.0,0.0,0.0,0.0,0.0,0.0,0.0,0.0,0.0,0.0,0.0,0.0,0.0,0.0,0.0,0.0,0.0,-86.0,-86.0,0.0,0.0,0.0,0.0,0.0,0.0,0.0,0.0,0.0,0.0,0.0,0.0,0.0,0.0,0.0,0.0,0.0,0.0,0.0,0.0,0.0,0.0,0.0,0.0,-59.0,0.0,0.0,0.0,0.0,-54.0,0.0,0.0,0.0,0.0,-85.0,0.0,0.0,0.0,0.0,0.0,0.0,0.0,0.0,0.0,0.0,0.0,0.0,0.0,0.0,0.0,0.0,0.0,0.0,0.0,0.0,0.0,0.0,0.0,-87.0,0.0,0.0,-75.0,0.0,Administracion
20,21,0.0,0.0,0.0,-91.0,0.0,0.0,0.0,0.0,-91.0,-74.0,-81.0,0.0,0.0,0.0,0.0,-77.0,-78.0,-96.0,-96.0,-86.0,0.0,0.0,0.0,0.0,0.0,0.0,0.0,0.0,0.0,0.0,0.0,0.0,-82.0,-81.0,0.0,0.0,0.0,0.0,0.0,0.0,0.0,0.0,0.0,0.0,-86.0,-86.0,0.0,0.0,0.0,0.0,0.0,0.0,0.0,0.0,0.0,0.0,0.0,0.0,0.0,0.0,0.0,0.0,0.0,0.0,0.0,0.0,-94.0,-94.0,0.0,0.0,-59.0,-59.0,0.0,0.0,0.0,-54.0,0.0,0.0,0.0,0.0,-85.0,0.0,0.0,0.0,0.0,0.0,0.0,0.0,0.0,0.0,-84.0,0.0,-96.0,-94.0,0.0,-94.0,-94.0,-94.0,-94.0,0.0,-86.0,-90.0,0.0,-92.0,-87.0,0.0,-94.0,-75.0,-89.0,Administracion
21,22,0.0,0.0,0.0,-91.0,0.0,0.0,0.0,0.0,-91.0,-74.0,-81.0,0.0,0.0,0.0,0.0,-77.0,-78.0,-96.0,-96.0,-86.0,0.0,0.0,0.0,0.0,0.0,0.0,0.0,0.0,0.0,0.0,0.0,0.0,-82.0,-81.0,0.0,0.0,0.0,0.0,0.0,0.0,0.0,0.0,0.0,0.0,-86.0,-86.0,0.0,0.0,0.0,0.0,0.0,0.0,0.0,0.0,0.0,0.0,0.0,0.0,0.0,0.0,0.0,0.0,0.0,0.0,0.0,0.0,-94.0,-94.0,0.0,0.0,-59.0,-59.0,0.0,0.0,0.0,-54.0,0.0,0.0,0.0,0.0,-85.0,0.0,0.0,0.0,0.0,0.0,0.0,0.0,0.0,0.0,-84.0,0.0,-96.0,-94.0,0.0,-94.0,-94.0,-94.0,-94.0,0.0,-86.0,-90.0,0.0,-92.0,-87.0,0.0,-94.0,-75.0,-89.0,Administracion
22,23,0.0,0.0,0.0,-91.0,0.0,0.0,0.0,0.0,-91.0,-74.0,-81.0,0.0,0.0,0.0,0.0,-77.0,-78.0,-96.0,-96.0,-86.0,0.0,0.0,0.0,0.0,0.0,0.0,0.0,0.0,0.0,0.0,0.0,0.0,-82.0,-81.0,0.0,0.0,0.0,0.0,0.0,0.0,0.0,0.0,0.0,0.0,-86.0,-86.0,0.0,0.0,0.0,0.0,0.0,0.0,0.0,0.0,0.0,0.0,0.0,0.0,0.0,0.0,0.0,0.0,0.0,0.0,0.0,0.0,-94.0,-94.0,0.0,0.0,-59.0,-59.0,0.0,0.0,0.0,-54.0,0.0,0.0,0.0,0.0,-85.0,0.0,0.0,0.0,0.0,0.0,0.0,0.0,0.0,0.0,-84.0,0.0,-96.0,-94.0,0.0,-94.0,-94.0,-94.0,-94.0,0.0,-86.0,-90.0,0.0,-92.0,-87.0,0.0,-94.0,-75.0,-89.0,Administracion
23,24,0.0,0.0,0.0,-91.0,0.0,0.0,0.0,0.0,-91.0,-74.0,-81.0,0.0,0.0,0.0,0.0,-77.0,-78.0,-96.0,-96.0,-86.0,0.0,0.0,0.0,0.0,0.0,0.0,0.0,0.0,0.0,0.0,0.0,0.0,-82.0,-81.0,0.0,0.0,0.0,0.0,0.0,0.0,0.0,0.0,0.0,0.0,-86.0,-86.0,0.0,0.0,0.0,0.0,0.0,0.0,0.0,0.0,0.0,0.0,0.0,0.0,0.0,0.0,0.0,0.0,0.0,0.0,0.0,0.0,-94.0,-94.0,0.0,0.0,-59.0,-59.0,0.0,0.0,0.0,-54.0,0.0,0.0,0.0,0.0,-85.0,0.0,0.0,0.0,0.0,0.0,0.0,0.0,0.0,0.0,-84.0,0.0,-96.0,-94.0,0.0,-94.0,-94.0,-94.0,-94.0,0.0,-86.0,-90.0,0.0,-92.0,-87.0,0.0,-94.0,-75.0,-89.0,Administracion
24,25,0.0,0.0,0.0,-91.0,0.0,0.0,0.0,0.0,-91.0,-74.0,-81.0,0.0,0.0,0.0,0.0,-77.0,-78.0,-96.0,-96.0,-86.0,0.0,0.0,0.0,0.0,0.0,0.0,0.0,0.0,0.0,0.0,0.0,0.0,-82.0,-81.0,0.0,0.0,0.0,0.0,0.0,0.0,0.0,0.0,0.0,0.0,-86.0,-86.0,0.0,0.0,0.0,0.0,0.0,0.0,0.0,0.0,0.0,0.0,0.0,0.0,0.0,0.0,0.0,0.0,0.0,0.0,0.0,0.0,-94.0,-94.0,0.0,0.0,-59.0,-59.0,0.0,0.0,0.0,-54.0,0.0,0.0,0.0,0.0,-85.0,0.0,0.0,0.0,0.0,0.0,0.0,0.0,0.0,0.0,-84.0,0.0,-96.0,-94.0,0.0,-94.0,-94.0,-94.0,-94.0,0.0,-86.0,-90.0,0.0,-92.0,-87.0,0.0,-94.0,-75.0,-89.0,Administracion
25,26,0.0,0.0,0.0,-91.0,0.0,0.0,0.0,0.0,-91.0,-74.0,-81.0,0.0,0.0,0.0,0.0,-77.0,-78.0,-96.0,-96.0,-86.0,0.0,0.0,0.0,0.0,0.0,0.0,0.0,0.0,0.0,0.0,0.0,0.0,-82.0,-81.0,0.0,0.0,0.0,0.0,0.0,0.0,0.0,0.0,0.0,0.0,-86.0,-86.0,0.0,0.0,0.0,0.0,0.0,0.0,0.0,0.0,0.0,0.0,0.0,0.0,0.0,0.0,0.0,0.0,0.0,0.0,0.0,0.0,-94.0,-94.0,0.0,0.0,-59.0,-59.0,0.0,0.0,0.0,-54.0,0.0,0.0,0.0,0.0,-85.0,0.0,0.0,0.0,0.0,0.0,0.0,0.0,0.0,0.0,-84.0,0.0,-96.0,-94.0,0.0,-94.0,-94.0,-94.0,-94.0,0.0,-86.0,-90.0,0.0,-92.0,-87.0,0.0,-94.0,-75.0,-89.0,Administracion
26,27,0.0,0.0,0.0,-91.0,0.0,0.0,0.0,0.0,-91.0,-74.0,-81.0,0.0,0.0,0.0,0.0,-77.0,-78.0,-96.0,-96.0,-86.0,0.0,0.0,0.0,0.0,0.0,0.0,0.0,0.0,0.0,0.0,0.0,0.0,-82.0,-81.0,0.0,0.0,0.0,0.0,0.0,0.0,0.0,0.0,0.0,0.0,-86.0,-86.0,0.0,0.0,0.0,0.0,0.0,0.0,0.0,0.0,0.0,0.0,0.0,0.0,0.0,0.0,0.0,0.0,0.0,0.0,0.0,0.0,-94.0,-94.0,0.0,0.0,-59.0,-59.0,0.0,0.0,0.0,-54.0,0.0,0.0,0.0,0.0,-85.0,0.0,0.0,0.0,0.0,0.0,0.0,0.0,0.0,0.0,-84.0,0.0,-96.0,-94.0,0.0,-94.0,-94.0,-94.0,-94.0,0.0,-86.0,-90.0,0.0,-92.0,-87.0,0.0,-94.0,-75.0,-89.0,Administracion
27,28,0.0,0.0,0.0,-91.0,0.0,0.0,0.0,0.0,-91.0,-74.0,-81.0,0.0,0.0,0.0,0.0,-77.0,-78.0,-96.0,-96.0,-86.0,0.0,0.0,0.0,0.0,0.0,0.0,0.0,0.0,0.0,0.0,0.0,0.0,-82.0,-81.0,0.0,0.0,0.0,0.0,0.0,0.0,0.0,0.0,0.0,0.0,-86.0,-86.0,0.0,0.0,0.0,0.0,0.0,0.0,0.0,0.0,0.0,0.0,0.0,0.0,0.0,0.0,0.0,0.0,0.0,0.0,0.0,0.0,-94.0,-94.0,0.0,0.0,-59.0,-59.0,0.0,0.0,0.0,-54.0,0.0,0.0,0.0,0.0,-85.0,0.0,0.0,0.0,0.0,0.0,0.0,0.0,0.0,0.0,-84.0,0.0,-96.0,-94.0,0.0,-94.0,-94.0,-94.0,-94.0,0.0,-86.0,-90.0,0.0,-92.0,-87.0,0.0,-94.0,-75.0,-89.0,Administracion
28,29,0.0,0.0,0.0,-91.0,0.0,0.0,0.0,0.0,-91.0,-74.0,-81.0,0.0,0.0,0.0,0.0,-77.0,-78.0,-96.0,-96.0,-86.0,0.0,0.0,0.0,0.0,0.0,0.0,0.0,0.0,0.0,0.0,0.0,0.0,-82.0,-81.0,0.0,0.0,0.0,0.0,0.0,0.0,0.0,0.0,0.0,0.0,-86.0,-86.0,0.0,0.0,0.0,0.0,0.0,0.0,0.0,0.0,0.0,0.0,0.0,0.0,0.0,0.0,0.0,0.0,0.0,0.0,0.0,0.0,-94.0,-94.0,0.0,0.0,-59.0,-59.0,0.0,0.0,0.0,-54.0,0.0,0.0,0.0,0.0,-85.0,0.0,0.0,0.0,0.0,0.0,0.0,0.0,0.0,0.0,-84.0,0.0,-96.0,-94.0,0.0,-94.0,-94.0,-94.0,-94.0,0.0,-86.0,-90.0,0.0,-92.0,-87.0,0.0,-94.0,-75.0,-89.0,Administracion
29,30,0.0,0.0,0.0,-91.0,0.0,0.0,0.0,0.0,-91.0,-74.0,-81.0,0.0,0.0,0.0,0.0,-77.0,-78.0,-96.0,-96.0,-86.0,0.0,0.0,0.0,0.0,0.0,0.0,0.0,0.0,0.0,0.0,0.0,0.0,-82.0,-81.0,0.0,0.0,0.0,0.0,0.0,0.0,0.0,0.0,0.0,0.0,-86.0,-86.0,0.0,0.0,0.0,0.0,0.0,0.0,0.0,0.0,0.0,0.0,0.0,0.0,0.0,0.0,0.0,0.0,0.0,0.0,0.0,0.0,-94.0,-94.0,0.0,0.0,-59.0,-59.0,0.0,0.0,0.0,-54.0,0.0,0.0,0.0,0.0,-85.0,0.0,0.0,0.0,0.0,0.0,0.0,0.0,0.0,0.0,-84.0,0.0,-96.0,-94.0,0.0,-94.0,-94.0,-94.0,-94.0,0.0,-86.0,-90.0,0.0,-92.0,-87.0,0.0,-94.0,-75.0,-89.0,Administracion
30,31,0.0,0.0,-87.0,0.0,0.0,0.0,0.0,0.0,-89.0,-72.0,0.0,0.0,0.0,0.0,0.0,-72.0,-73.0,-95.0,-94.0,0.0,0.0,0.0,0.0,0.0,0.0,0.0,0.0,0.0,0.0,0.0,0.0,0.0,0.0,0.0,0.0,0.0,0.0,0.0,0.0,0.0,0.0,0.0,0.0,0.0,0.0,0.0,0.0,0.0,0.0,0.0,0.0,0.0,0.0,0.0,0.0,0.0,0.0,0.0,0.0,0.0,0.0,0.0,0.0,0.0,0.0,0.0,0.0,0.0,0.0,0.0,-58.0,-54.0,0.0,0.0,0.0,-54.0,0.0,0.0,0.0,0.0,0.0,-94.0,0.0,0.0,0.0,0.0,0.0,0.0,0.0,0.0,0.0,0.0,0.0,0.0,0.0,0.0,0.0,0.0,0.0,0.0,0.0,0.0,0.0,0.0,0.0,0.0,0.0,-73.0,0.0,Administracion
31,32,0.0,0.0,-87.0,0.0,0.0,0.0,0.0,0.0,-89.0,-72.0,0.0,0.0,0.0,0.0,0.0,-72.0,-73.0,-95.0,-94.0,0.0,0.0,0.0,0.0,0.0,0.0,0.0,0.0,0.0,0.0,0.0,0.0,0.0,0.0,0.0,0.0,0.0,0.0,0.0,0.0,0.0,0.0,0.0,0.0,0.0,0.0,0.0,0.0,0.0,0.0,0.0,0.0,0.0,0.0,0.0,0.0,0.0,0.0,0.0,0.0,0.0,0.0,0.0,0.0,0.0,0.0,0.0,0.0,0.0,0.0,0.0,-58.0,-54.0,0.0,0.0,0.0,-54.0,0.0,0.0,0.0,0.0,0.0,-94.0,0.0,0.0,0.0,0.0,0.0,0.0,0.0,0.0,0.0,0.0,0.0,0.0,0.0,0.0,0.0,0.0,0.0,0.0,0.0,0.0,0.0,0.0,0.0,0.0,0.0,-73.0,0.0,Administracion
32,33,0.0,0.0,-87.0,0.0,0.0,0.0,0.0,0.0,-89.0,-72.0,0.0,0.0,0.0,0.0,0.0,-72.0,-73.0,-95.0,-94.0,0.0,0.0,0.0,0.0,0.0,0.0,0.0,0.0,0.0,0.0,0.0,0.0,0.0,0.0,0.0,0.0,0.0,0.0,0.0,0.0,0.0,0.0,0.0,0.0,0.0,0.0,0.0,0.0,0.0,0.0,0.0,0.0,0.0,0.0,0.0,0.0,0.0,0.0,0.0,0.0,0.0,0.0,0.0,0.0,0.0,0.0,0.0,0.0,0.0,0.0,0.0,-58.0,-54.0,0.0,0.0,0.0,-54.0,0.0,0.0,0.0,0.0,0.0,-94.0,0.0,0.0,0.0,0.0,0.0,0.0,0.0,0.0,0.0,0.0,0.0,0.0,0.0,0.0,0.0,0.0,0.0,0.0,0.0,0.0,0.0,0.0,0.0,0.0,0.0,-73.0,0.0,Administracion
33,34,0.0,0.0,-87.0,0.0,0.0,0.0,0.0,0.0,-89.0,-72.0,0.0,0.0,0.0,0.0,0.0,-72.0,-73.0,-95.0,-94.0,0.0,0.0,0.0,0.0,0.0,0.0,0.0,0.0,0.0,0.0,0.0,0.0,0.0,0.0,0.0,0.0,0.0,0.0,0.0,0.0,0.0,0.0,0.0,0.0,0.0,0.0,0.0,0.0,0.0,0.0,0.0,0.0,0.0,0.0,0.0,0.0,0.0,0.0,0.0,0.0,0.0,0.0,0.0,0.0,0.0,0.0,0.0,0.0,0.0,0.0,0.0,-58.0,-54.0,0.0,0.0,0.0,-54.0,0.0,0.0,0.0,0.0,0.0,-94.0,0.0,0.0,0.0,0.0,0.0,0.0,0.0,0.0,0.0,0.0,0.0,0.0,0.0,0.0,0.0,0.0,0.0,0.0,0.0,0.0,0.0,0.0,0.0,0.0,0.0,-73.0,0.0,Administracion
34,35,0.0,0.0,-87.0,0.0,0.0,0.0,0.0,0.0,-89.0,-72.0,0.0,0.0,0.0,0.0,0.0,-72.0,-73.0,-95.0,-94.0,0.0,0.0,0.0,0.0,0.0,0.0,0.0,0.0,0.0,0.0,0.0,0.0,0.0,0.0,0.0,0.0,0.0,0.0,0.0,0.0,0.0,0.0,0.0,0.0,0.0,0.0,0.0,0.0,0.0,0.0,0.0,0.0,0.0,0.0,0.0,0.0,0.0,0.0,0.0,0.0,0.0,0.0,0.0,0.0,0.0,0.0,0.0,0.0,0.0,0.0,0.0,-58.0,-54.0,0.0,0.0,0.0,-54.0,0.0,0.0,0.0,0.0,0.0,-94.0,0.0,0.0,0.0,0.0,0.0,0.0,0.0,0.0,0.0,0.0,0.0,0.0,0.0,0.0,0.0,0.0,0.0,0.0,0.0,0.0,0.0,0.0,0.0,0.0,0.0,-73.0,0.0,Administracion
35,36,0.0,0.0,-87.0,-91.0,0.0,0.0,0.0,0.0,-89.0,-72.0,-81.0,0.0,0.0,0.0,0.0,-72.0,-73.0,-95.0,-94.0,-86.0,0.0,0.0,0.0,0.0,0.0,0.0,0.0,0.0,0.0,0.0,0.0,0.0,-82.0,-81.0,0.0,0.0,0.0,0.0,0.0,0.0,0.0,0.0,0.0,0.0,-86.0,-86.0,0.0,0.0,0.0,0.0,0.0,0.0,0.0,0.0,0.0,0.0,0.0,0.0,0.0,0.0,0.0,0.0,0.0,0.0,0.0,0.0,-94.0,-94.0,0.0,0.0,-58.0,-54.0,0.0,0.0,0.0,-54.0,0.0,0.0,0.0,0.0,-85.0,-94.0,0.0,0.0,0.0,0.0,0.0,0.0,0.0,0.0,-84.0,0.0,-96.0,-94.0,0.0,-94.0,-94.0,-94.0,-94.0,0.0,-86.0,-90.0,0.0,-92.0,-87.0,0.0,-94.0,-73.0,-89.0,Administracion
36,37,0.0,0.0,-87.0,-91.0,0.0,0.0,0.0,0.0,-89.0,-72.0,-81.0,0.0,0.0,0.0,0.0,-72.0,-73.0,-95.0,-94.0,-86.0,0.0,0.0,0.0,0.0,0.0,0.0,0.0,0.0,0.0,0.0,0.0,0.0,-82.0,-81.0,0.0,0.0,0.0,0.0,0.0,0.0,0.0,0.0,0.0,0.0,-86.0,-86.0,0.0,0.0,0.0,0.0,0.0,0.0,0.0,0.0,0.0,0.0,0.0,0.0,0.0,0.0,0.0,0.0,0.0,0.0,0.0,0.0,-94.0,-94.0,0.0,0.0,-58.0,-54.0,0.0,0.0,0.0,-54.0,0.0,0.0,0.0,0.0,-85.0,-94.0,0.0,0.0,0.0,0.0,0.0,0.0,0.0,0.0,-84.0,0.0,-96.0,-94.0,0.0,-94.0,-94.0,-94.0,-94.0,0.0,-86.0,-90.0,0.0,-92.0,-87.0,0.0,-94.0,-73.0,-89.0,Administracion
37,38,0.0,0.0,-87.0,-91.0,0.0,0.0,0.0,0.0,-89.0,-72.0,-81.0,0.0,0.0,0.0,0.0,-72.0,-73.0,-95.0,-94.0,-86.0,0.0,0.0,0.0,0.0,0.0,0.0,0.0,0.0,0.0,0.0,0.0,0.0,-82.0,-81.0,0.0,0.0,0.0,0.0,0.0,0.0,0.0,0.0,0.0,0.0,-86.0,-86.0,0.0,0.0,0.0,0.0,0.0,0.0,0.0,0.0,0.0,0.0,0.0,0.0,0.0,0.0,0.0,0.0,0.0,0.0,0.0,0.0,-94.0,-94.0,0.0,0.0,-58.0,-54.0,0.0,0.0,0.0,-54.0,0.0,0.0,0.0,0.0,-85.0,-94.0,0.0,0.0,0.0,0.0,0.0,0.0,0.0,0.0,-84.0,0.0,-96.0,-94.0,0.0,-94.0,-94.0,-94.0,-94.0,0.0,-86.0,-90.0,0.0,-92.0,-87.0,0.0,-94.0,-73.0,-89.0,Administracion
38,39,0.0,0.0,-87.0,-91.0,0.0,0.0,0.0,0.0,-89.0,-72.0,-81.0,0.0,0.0,0.0,0.0,-72.0,-73.0,-95.0,-94.0,-86.0,0.0,0.0,0.0,0.0,0.0,0.0,0.0,0.0,0.0,0.0,0.0,0.0,-82.0,-81.0,0.0,0.0,0.0,0.0,0.0,0.0,0.0,0.0,0.0,0.0,-86.0,-86.0,0.0,0.0,0.0,0.0,0.0,0.0,0.0,0.0,0.0,0.0,0.0,0.0,0.0,0.0,0.0,0.0,0.0,0.0,0.0,0.0,-94.0,-94.0,0.0,0.0,-58.0,-54.0,0.0,0.0,0.0,-54.0,0.0,0.0,0.0,0.0,-85.0,-94.0,0.0,0.0,0.0,0.0,0.0,0.0,0.0,0.0,-84.0,0.0,-96.0,-94.0,0.0,-94.0,-94.0,-94.0,-94.0,0.0,-86.0,-90.0,0.0,-92.0,-87.0,0.0,-94.0,-73.0,-89.0,Administracion
39,40,0.0,0.0,-87.0,-91.0,0.0,0.0,0.0,0.0,-89.0,-72.0,-81.0,0.0,0.0,0.0,0.0,-72.0,-73.0,-95.0,-94.0,-86.0,0.0,0.0,0.0,0.0,0.0,0.0,0.0,0.0,0.0,0.0,0.0,0.0,-82.0,-81.0,0.0,0.0,0.0,0.0,0.0,0.0,0.0,0.0,0.0,0.0,-86.0,-86.0,0.0,0.0,0.0,0.0,0.0,0.0,0.0,0.0,0.0,0.0,0.0,0.0,0.0,0.0,0.0,0.0,0.0,0.0,0.0,0.0,-94.0,-94.0,0.0,0.0,-58.0,-54.0,0.0,0.0,0.0,-54.0,0.0,0.0,0.0,0.0,-85.0,-94.0,0.0,0.0,0.0,0.0,0.0,0.0,0.0,0.0,-84.0,0.0,-96.0,-94.0,0.0,-94.0,-94.0,-94.0,-94.0,0.0,-86.0,-90.0,0.0,-92.0,-87.0,0.0,-94.0,-73.0,-89.0,Administracion
40,41,0.0,0.0,-87.0,-91.0,0.0,0.0,0.0,0.0,-89.0,-72.0,-81.0,0.0,0.0,0.0,0.0,-72.0,-73.0,-95.0,-94.0,-86.0,0.0,0.0,0.0,0.0,0.0,0.0,0.0,0.0,0.0,0.0,0.0,0.0,-82.0,-81.0,0.0,0.0,0.0,0.0,0.0,0.0,0.0,0.0,0.0,0.0,-86.0,-86.0,0.0,0.0,0.0,0.0,0.0,0.0,0.0,0.0,0.0,0.0,0.0,0.0,0.0,0.0,0.0,0.0,0.0,0.0,0.0,0.0,-94.0,-94.0,0.0,0.0,-58.0,-54.0,0.0,0.0,0.0,-54.0,0.0,0.0,0.0,0.0,-85.0,-94.0,0.0,0.0,0.0,0.0,0.0,0.0,0.0,0.0,-84.0,0.0,-96.0,-94.0,0.0,-94.0,-94.0,-94.0,-94.0,0.0,-86.0,-90.0,0.0,-92.0,-87.0,0.0,-94.0,-73.0,-89.0,Administracion
41,42,0.0,0.0,-87.0,-91.0,0.0,0.0,0.0,0.0,-89.0,-72.0,-81.0,0.0,0.0,0.0,0.0,-72.0,-73.0,-95.0,-94.0,-86.0,0.0,0.0,0.0,0.0,0.0,0.0,0.0,0.0,0.0,0.0,0.0,0.0,-82.0,-81.0,0.0,0.0,0.0,0.0,0.0,0.0,0.0,0.0,0.0,0.0,-86.0,-86.0,0.0,0.0,0.0,0.0,0.0,0.0,0.0,0.0,0.0,0.0,0.0,0.0,0.0,0.0,0.0,0.0,0.0,0.0,0.0,0.0,-94.0,-94.0,0.0,0.0,-58.0,-54.0,0.0,0.0,0.0,-54.0,0.0,0.0,0.0,0.0,-85.0,-94.0,0.0,0.0,0.0,0.0,0.0,0.0,0.0,0.0,-84.0,0.0,-96.0,-94.0,0.0,-94.0,-94.0,-94.0,-94.0,0.0,-86.0,-90.0,0.0,-92.0,-87.0,0.0,-94.0,-73.0,-89.0,Administracion
42,43,0.0,0.0,-87.0,-91.0,0.0,0.0,0.0,0.0,-89.0,-72.0,-81.0,0.0,0.0,0.0,0.0,-72.0,-73.0,-95.0,-94.0,-86.0,0.0,0.0,0.0,0.0,0.0,0.0,0.0,0.0,0.0,0.0,0.0,0.0,-82.0,-81.0,0.0,0.0,0.0,0.0,0.0,0.0,0.0,0.0,0.0,0.0,-86.0,-86.0,0.0,0.0,0.0,0.0,0.0,0.0,0.0,0.0,0.0,0.0,0.0,0.0,0.0,0.0,0.0,0.0,0.0,0.0,0.0,0.0,-94.0,-94.0,0.0,0.0,-58.0,-54.0,0.0,0.0,0.0,-54.0,0.0,0.0,0.0,0.0,-85.0,-94.0,0.0,0.0,0.0,0.0,0.0,0.0,0.0,0.0,-84.0,0.0,-96.0,-94.0,0.0,-94.0,-94.0,-94.0,-94.0,0.0,-86.0,-90.0,0.0,-92.0,-87.0,0.0,-94.0,-73.0,-89.0,Administracion
43,44,0.0,0.0,-87.0,-91.0,0.0,0.0,0.0,0.0,-89.0,-72.0,-81.0,0.0,0.0,0.0,0.0,-72.0,-73.0,-95.0,-94.0,-86.0,0.0,0.0,0.0,0.0,0.0,0.0,0.0,0.0,0.0,0.0,0.0,0.0,-82.0,-81.0,0.0,0.0,0.0,0.0,0.0,0.0,0.0,0.0,0.0,0.0,-86.0,-86.0,0.0,0.0,0.0,0.0,0.0,0.0,0.0,0.0,0.0,0.0,0.0,0.0,0.0,0.0,0.0,0.0,0.0,0.0,0.0,0.0,-94.0,-94.0,0.0,0.0,-58.0,-54.0,0.0,0.0,0.0,-54.0,0.0,0.0,0.0,0.0,-85.0,-94.0,0.0,0.0,0.0,0.0,0.0,0.0,0.0,0.0,-84.0,0.0,-96.0,-94.0,0.0,-94.0,-94.0,-94.0,-94.0,0.0,-86.0,-90.0,0.0,-92.0,-87.0,0.0,-94.0,-73.0,-89.0,Administracion
44,45,0.0,0.0,-87.0,-91.0,0.0,0.0,0.0,0.0,-89.0,-72.0,-81.0,0.0,0.0,0.0,0.0,-72.0,-73.0,-95.0,-94.0,-86.0,0.0,0.0,0.0,0.0,0.0,0.0,0.0,0.0,0.0,0.0,0.0,0.0,-82.0,-81.0,0.0,0.0,0.0,0.0,0.0,0.0,0.0,0.0,0.0,0.0,-86.0,-86.0,0.0,0.0,0.0,0.0,0.0,0.0,0.0,0.0,0.0,0.0,0.0,0.0,0.0,0.0,0.0,0.0,0.0,0.0,0.0,0.0,-94.0,-94.0,0.0,0.0,-58.0,-54.0,0.0,0.0,0.0,-54.0,0.0,0.0,0.0,0.0,-85.0,-94.0,0.0,0.0,0.0,0.0,0.0,0.0,0.0,0.0,-84.0,0.0,-96.0,-94.0,0.0,-94.0,-94.0,-94.0,-94.0,0.0,-86.0,-90.0,0.0,-92.0,-87.0,0.0,-94.0,-73.0,-89.0,Administracion
45,46,0.0,0.0,-87.0,-91.0,0.0,0.0,0.0,0.0,-89.0,-72.0,-81.0,0.0,0.0,0.0,0.0,-72.0,-73.0,-95.0,-94.0,-86.0,0.0,0.0,0.0,0.0,0.0,0.0,0.0,0.0,0.0,0.0,0.0,0.0,-82.0,-81.0,0.0,0.0,0.0,0.0,0.0,0.0,0.0,0.0,0.0,0.0,-86.0,-86.0,0.0,0.0,0.0,0.0,0.0,0.0,0.0,0.0,0.0,0.0,0.0,0.0,0.0,0.0,0.0,0.0,0.0,0.0,0.0,0.0,-94.0,-94.0,0.0,0.0,-58.0,-54.0,0.0,0.0,0.0,-54.0,0.0,0.0,0.0,0.0,-85.0,-94.0,0.0,0.0,0.0,0.0,0.0,0.0,0.0,0.0,-84.0,0.0,-96.0,-94.0,0.0,-94.0,-94.0,-94.0,-94.0,0.0,-86.0,-90.0,0.0,-92.0,-87.0,0.0,-94.0,-73.0,-89.0,Administracion
46,47,0.0,0.0,-87.0,-91.0,0.0,0.0,0.0,0.0,-89.0,-72.0,-81.0,0.0,0.0,0.0,0.0,-72.0,-73.0,-95.0,-94.0,-86.0,0.0,0.0,0.0,0.0,0.0,0.0,0.0,0.0,0.0,0.0,0.0,0.0,-82.0,-81.0,0.0,0.0,0.0,0.0,0.0,0.0,0.0,0.0,0.0,0.0,-86.0,-86.0,0.0,0.0,0.0,0.0,0.0,0.0,0.0,0.0,0.0,0.0,0.0,0.0,0.0,0.0,0.0,0.0,0.0,0.0,0.0,0.0,-94.0,-94.0,0.0,0.0,-58.0,-54.0,0.0,0.0,0.0,-54.0,0.0,0.0,0.0,0.0,-85.0,-94.0,0.0,0.0,0.0,0.0,0.0,0.0,0.0,0.0,-84.0,0.0,-96.0,-94.0,0.0,-94.0,-94.0,-94.0,-94.0,0.0,-86.0,-90.0,0.0,-92.0,-87.0,0.0,-94.0,-73.0,-89.0,Administracion
47,48,0.0,0.0,-87.0,-91.0,0.0,0.0,0.0,0.0,-89.0,-72.0,-81.0,0.0,0.0,0.0,0.0,-72.0,-73.0,-95.0,-94.0,-86.0,0.0,0.0,0.0,0.0,0.0,0.0,0.0,0.0,0.0,0.0,0.0,0.0,-82.0,-81.0,0.0,0.0,0.0,0.0,0.0,0.0,0.0,0.0,0.0,0.0,-86.0,-86.0,0.0,0.0,0.0,0.0,0.0,0.0,0.0,0.0,0.0,0.0,0.0,0.0,0.0,0.0,0.0,0.0,0.0,0.0,0.0,0.0,-94.0,-94.0,0.0,0.0,-58.0,-54.0,0.0,0.0,0.0,-54.0,0.0,0.0,0.0,0.0,-85.0,-94.0,0.0,0.0,0.0,0.0,0.0,0.0,0.0,0.0,-84.0,0.0,-96.0,-94.0,0.0,-94.0,-94.0,-94.0,-94.0,0.0,-86.0,-90.0,0.0,-92.0,-87.0,0.0,-94.0,-73.0,-89.0,Administracion
48,49,0.0,0.0,-87.0,-91.0,0.0,0.0,0.0,0.0,-89.0,-72.0,-81.0,0.0,0.0,0.0,0.0,-72.0,-73.0,-95.0,-94.0,-86.0,0.0,0.0,0.0,0.0,0.0,0.0,0.0,0.0,0.0,0.0,0.0,0.0,-82.0,-81.0,0.0,0.0,0.0,0.0,0.0,0.0,0.0,0.0,0.0,0.0,-86.0,-86.0,0.0,0.0,0.0,0.0,0.0,0.0,0.0,0.0,0.0,0.0,0.0,0.0,0.0,0.0,0.0,0.0,0.0,0.0,0.0,0.0,-94.0,-94.0,0.0,0.0,-58.0,-54.0,0.0,0.0,0.0,-54.0,0.0,0.0,0.0,0.0,-85.0,-94.0,0.0,0.0,0.0,0.0,0.0,0.0,0.0,0.0,-84.0,0.0,-96.0,-94.0,0.0,-94.0,-94.0,-94.0,-94.0,0.0,-86.0,-90.0,0.0,-92.0,-87.0,0.0,-94.0,-73.0,-89.0,Administracion
49,50,0.0,0.0,-87.0,-91.0,0.0,0.0,0.0,0.0,-89.0,-72.0,-81.0,0.0,0.0,0.0,0.0,-72.0,-73.0,-95.0,-94.0,-86.0,0.0,0.0,0.0,0.0,0.0,0.0,0.0,0.0,0.0,0.0,0.0,0.0,-82.0,-81.0,0.0,0.0,0.0,0.0,0.0,0.0,0.0,0.0,0.0,0.0,-86.0,-86.0,0.0,0.0,0.0,0.0,0.0,0.0,0.0,0.0,0.0,0.0,0.0,0.0,0.0,0.0,0.0,0.0,0.0,0.0,0.0,0.0,-94.0,-94.0,0.0,0.0,-58.0,-54.0,0.0,0.0,0.0,-54.0,0.0,0.0,0.0,0.0,-85.0,-94.0,0.0,0.0,0.0,0.0,0.0,0.0,0.0,0.0,-84.0,0.0,-96.0,-94.0,0.0,-94.0,-94.0,-94.0,-94.0,0.0,-86.0,-90.0,0.0,-92.0,-87.0,0.0,-94.0,-73.0,-89.0,Administracion
50,51,0.0,0.0,-87.0,-91.0,0.0,0.0,0.0,0.0,-89.0,-72.0,-81.0,0.0,0.0,0.0,0.0,-72.0,-73.0,-95.0,-94.0,-86.0,0.0,0.0,0.0,0.0,0.0,0.0,0.0,0.0,0.0,0.0,0.0,0.0,-82.0,-81.0,0.0,0.0,0.0,0.0,0.0,0.0,0.0,0.0,0.0,0.0,-86.0,-86.0,0.0,0.0,0.0,0.0,0.0,0.0,0.0,0.0,0.0,0.0,0.0,0.0,0.0,0.0,0.0,0.0,0.0,0.0,0.0,0.0,-94.0,-94.0,0.0,0.0,-58.0,-54.0,0.0,0.0,0.0,-54.0,0.0,0.0,0.0,0.0,-85.0,-94.0,0.0,0.0,0.0,0.0,0.0,0.0,0.0,0.0,-84.0,0.0,-96.0,-94.0,0.0,-94.0,-94.0,-94.0,-94.0,0.0,-86.0,-90.0,0.0,-92.0,-87.0,0.0,-94.0,-73.0,-89.0,Administracion
51,52,0.0,0.0,-87.0,-91.0,0.0,0.0,0.0,0.0,-89.0,-72.0,-81.0,0.0,0.0,0.0,0.0,-72.0,-73.0,-95.0,-94.0,-86.0,0.0,0.0,0.0,0.0,0.0,0.0,0.0,0.0,0.0,0.0,0.0,0.0,-82.0,-81.0,0.0,0.0,0.0,0.0,0.0,0.0,0.0,0.0,0.0,0.0,-86.0,-86.0,0.0,0.0,0.0,0.0,0.0,0.0,0.0,0.0,0.0,0.0,0.0,0.0,0.0,0.0,0.0,0.0,0.0,0.0,0.0,0.0,-94.0,-94.0,0.0,0.0,-58.0,-54.0,0.0,0.0,0.0,-54.0,0.0,0.0,0.0,0.0,-85.0,-94.0,0.0,0.0,0.0,0.0,0.0,0.0,0.0,0.0,-84.0,0.0,-96.0,-94.0,0.0,-94.0,-94.0,-94.0,-94.0,0.0,-86.0,-90.0,0.0,-92.0,-87.0,0.0,-94.0,-73.0,-89.0,Administracion
52,53,0.0,0.0,-87.0,-91.0,0.0,0.0,0.0,0.0,-89.0,-72.0,-81.0,0.0,0.0,0.0,0.0,-72.0,-73.0,-95.0,-94.0,-86.0,0.0,0.0,0.0,0.0,0.0,0.0,0.0,0.0,0.0,0.0,0.0,0.0,-82.0,-81.0,0.0,0.0,0.0,0.0,0.0,0.0,0.0,0.0,0.0,0.0,-86.0,-86.0,0.0,0.0,0.0,0.0,0.0,0.0,0.0,0.0,0.0,0.0,0.0,0.0,0.0,0.0,0.0,0.0,0.0,0.0,0.0,0.0,-94.0,-94.0,0.0,0.0,-58.0,-54.0,0.0,0.0,0.0,-54.0,0.0,0.0,0.0,0.0,-85.0,-94.0,0.0,0.0,0.0,0.0,0.0,0.0,0.0,0.0,-84.0,0.0,-96.0,-94.0,0.0,-94.0,-94.0,-94.0,-94.0,0.0,-86.0,-90.0,0.0,-92.0,-87.0,0.0,-94.0,-73.0,-89.0,Administracion
53,54,0.0,0.0,-87.0,-91.0,0.0,0.0,0.0,0.0,-89.0,-72.0,-81.0,0.0,0.0,0.0,0.0,-72.0,-73.0,-95.0,-94.0,-86.0,0.0,0.0,0.0,0.0,0.0,0.0,0.0,0.0,0.0,0.0,0.0,0.0,-82.0,-81.0,0.0,0.0,0.0,0.0,0.0,0.0,0.0,0.0,0.0,0.0,-86.0,-86.0,0.0,0.0,0.0,0.0,0.0,0.0,0.0,0.0,0.0,0.0,0.0,0.0,0.0,0.0,0.0,0.0,0.0,0.0,0.0,0.0,-94.0,-94.0,0.0,0.0,-58.0,-54.0,0.0,0.0,0.0,-54.0,0.0,0.0,0.0,0.0,-85.0,-94.0,0.0,0.0,0.0,0.0,0.0,0.0,0.0,0.0,-84.0,0.0,-96.0,-94.0,0.0,-94.0,-94.0,-94.0,-94.0,0.0,-86.0,-90.0,0.0,-92.0,-87.0,0.0,-94.0,-73.0,-89.0,Administracion
54,55,0.0,0.0,-87.0,-91.0,0.0,0.0,0.0,0.0,-89.0,-72.0,-81.0,0.0,0.0,0.0,0.0,-72.0,-73.0,-95.0,-94.0,-86.0,0.0,0.0,0.0,0.0,0.0,0.0,0.0,0.0,0.0,0.0,0.0,0.0,-82.0,-81.0,0.0,0.0,0.0,0.0,0.0,0.0,0.0,0.0,0.0,0.0,-86.0,-86.0,0.0,0.0,0.0,0.0,0.0,0.0,0.0,0.0,0.0,0.0,0.0,0.0,0.0,0.0,0.0,0.0,0.0,0.0,0.0,0.0,-94.0,-94.0,0.0,0.0,-58.0,-54.0,0.0,0.0,0.0,-54.0,0.0,0.0,0.0,0.0,-85.0,-94.0,0.0,0.0,0.0,0.0,0.0,0.0,0.0,0.0,-84.0,0.0,-96.0,-94.0,0.0,-94.0,-94.0,-94.0,-94.0,0.0,-86.0,-90.0,0.0,-92.0,-87.0,0.0,-94.0,-73.0,-89.0,Administracion
55,56,0.0,0.0,-87.0,-91.0,0.0,0.0,0.0,0.0,-89.0,-72.0,0.0,0.0,0.0,0.0,0.0,-72.0,-73.0,-95.0,-94.0,-86.0,0.0,0.0,0.0,0.0,0.0,0.0,0.0,0.0,0.0,0.0,0.0,0.0,0.0,0.0,0.0,0.0,0.0,0.0,0.0,0.0,0.0,0.0,0.0,0.0,-86.0,-86.0,0.0,0.0,0.0,0.0,0.0,0.0,0.0,0.0,0.0,0.0,0.0,0.0,0.0,0.0,0.0,0.0,0.0,0.0,0.0,0.0,-94.0,-94.0,0.0,0.0,-58.0,-54.0,0.0,0.0,0.0,-54.0,0.0,0.0,0.0,0.0,-85.0,-94.0,0.0,0.0,0.0,0.0,0.0,0.0,0.0,0.0,-84.0,0.0,-96.0,0.0,0.0,0.0,-94.0,-94.0,0.0,0.0,0.0,-90.0,0.0,-92.0,-87.0,0.0,0.0,-73.0,-89.0,Administracion
56,57,0.0,0.0,-87.0,-91.0,0.0,0.0,0.0,0.0,-89.0,-72.0,0.0,0.0,0.0,0.0,0.0,-72.0,-73.0,-95.0,-94.0,-86.0,0.0,0.0,0.0,0.0,0.0,0.0,0.0,0.0,0.0,0.0,0.0,0.0,0.0,0.0,0.0,0.0,0.0,0.0,0.0,0.0,0.0,0.0,0.0,0.0,-86.0,-86.0,0.0,0.0,0.0,0.0,0.0,0.0,0.0,0.0,0.0,0.0,0.0,0.0,0.0,0.0,0.0,0.0,0.0,0.0,0.0,0.0,-94.0,-94.0,0.0,0.0,-58.0,-54.0,0.0,0.0,0.0,-54.0,0.0,0.0,0.0,0.0,-85.0,-94.0,0.0,0.0,0.0,0.0,0.0,0.0,0.0,0.0,-84.0,0.0,-96.0,0.0,0.0,0.0,-94.0,-94.0,0.0,0.0,0.0,-90.0,0.0,-92.0,-87.0,0.0,0.0,-73.0,-89.0,Administracion
57,58,0.0,0.0,-87.0,-91.0,0.0,0.0,0.0,0.0,-89.0,-72.0,0.0,0.0,0.0,0.0,0.0,-72.0,-73.0,-95.0,-94.0,-86.0,0.0,0.0,0.0,0.0,0.0,0.0,0.0,0.0,0.0,0.0,0.0,0.0,0.0,0.0,0.0,0.0,0.0,0.0,0.0,0.0,0.0,0.0,0.0,0.0,-86.0,-86.0,0.0,0.0,0.0,0.0,0.0,0.0,0.0,0.0,0.0,0.0,0.0,0.0,0.0,0.0,0.0,0.0,0.0,0.0,0.0,0.0,-94.0,-94.0,0.0,0.0,-58.0,-54.0,0.0,0.0,0.0,-54.0,0.0,0.0,0.0,0.0,-85.0,-94.0,0.0,0.0,0.0,0.0,0.0,0.0,0.0,0.0,-84.0,0.0,-96.0,0.0,0.0,0.0,-94.0,-94.0,0.0,0.0,0.0,-90.0,0.0,-92.0,-87.0,0.0,0.0,-73.0,-89.0,Administracion
58,59,0.0,0.0,-87.0,-91.0,0.0,0.0,0.0,0.0,-89.0,-72.0,0.0,0.0,0.0,0.0,0.0,-72.0,-73.0,-95.0,-94.0,-86.0,0.0,0.0,0.0,0.0,0.0,0.0,0.0,0.0,0.0,0.0,0.0,0.0,0.0,0.0,0.0,0.0,0.0,0.0,0.0,0.0,0.0,0.0,0.0,0.0,-86.0,-86.0,0.0,0.0,0.0,0.0,0.0,0.0,0.0,0.0,0.0,0.0,0.0,0.0,0.0,0.0,0.0,0.0,0.0,0.0,0.0,0.0,-94.0,-94.0,0.0,0.0,-58.0,-54.0,0.0,0.0,0.0,-54.0,0.0,0.0,0.0,0.0,-85.0,-94.0,0.0,0.0,0.0,0.0,0.0,0.0,0.0,0.0,-84.0,0.0,-96.0,0.0,0.0,0.0,-94.0,-94.0,0.0,0.0,0.0,-90.0,0.0,-92.0,-87.0,0.0,0.0,-73.0,-89.0,Administracion
59,60,0.0,0.0,-87.0,-91.0,0.0,0.0,0.0,0.0,-89.0,-72.0,0.0,0.0,0.0,0.0,0.0,-72.0,-73.0,-95.0,-94.0,-86.0,0.0,0.0,0.0,0.0,0.0,0.0,0.0,0.0,0.0,0.0,0.0,0.0,0.0,0.0,0.0,0.0,0.0,0.0,0.0,0.0,0.0,0.0,0.0,0.0,-86.0,-86.0,0.0,0.0,0.0,0.0,0.0,0.0,0.0,0.0,0.0,0.0,0.0,0.0,0.0,0.0,0.0,0.0,0.0,0.0,0.0,0.0,-94.0,-94.0,0.0,0.0,-58.0,-54.0,0.0,0.0,0.0,-54.0,0.0,0.0,0.0,0.0,-85.0,-94.0,0.0,0.0,0.0,0.0,0.0,0.0,0.0,0.0,-84.0,0.0,-96.0,0.0,0.0,0.0,-94.0,-94.0,0.0,0.0,0.0,-90.0,0.0,-92.0,-87.0,0.0,0.0,-73.0,-89.0,Administracion
60,61,0.0,0.0,-87.0,-91.0,0.0,0.0,0.0,0.0,-89.0,-72.0,0.0,0.0,0.0,0.0,0.0,-72.0,-73.0,-95.0,-94.0,-86.0,0.0,0.0,0.0,0.0,0.0,0.0,0.0,0.0,0.0,0.0,0.0,0.0,0.0,0.0,0.0,0.0,0.0,0.0,0.0,0.0,0.0,0.0,0.0,0.0,-86.0,-86.0,0.0,0.0,0.0,0.0,0.0,0.0,0.0,0.0,0.0,0.0,0.0,0.0,0.0,0.0,0.0,0.0,0.0,0.0,0.0,0.0,-94.0,-94.0,0.0,0.0,-58.0,-54.0,0.0,0.0,0.0,-54.0,0.0,0.0,0.0,0.0,-85.0,-94.0,0.0,0.0,0.0,0.0,0.0,0.0,0.0,0.0,-84.0,0.0,-96.0,0.0,0.0,0.0,-94.0,-94.0,0.0,0.0,0.0,-90.0,0.0,-92.0,-87.0,0.0,0.0,-73.0,-89.0,Administracion
61,62,0.0,0.0,-87.0,-91.0,0.0,0.0,0.0,0.0,-89.0,-72.0,0.0,0.0,0.0,0.0,0.0,-72.0,-73.0,-95.0,-94.0,-86.0,0.0,0.0,0.0,0.0,0.0,0.0,0.0,0.0,0.0,0.0,0.0,0.0,0.0,0.0,0.0,0.0,0.0,0.0,0.0,0.0,0.0,0.0,0.0,0.0,-86.0,-86.0,0.0,0.0,0.0,0.0,0.0,0.0,0.0,0.0,0.0,0.0,0.0,0.0,0.0,0.0,0.0,0.0,0.0,0.0,0.0,0.0,-94.0,-94.0,0.0,0.0,-58.0,-54.0,0.0,0.0,0.0,-54.0,0.0,0.0,0.0,0.0,-85.0,-94.0,0.0,0.0,0.0,0.0,0.0,0.0,0.0,0.0,-84.0,0.0,-96.0,0.0,0.0,0.0,-94.0,-94.0,0.0,0.0,0.0,-90.0,0.0,-92.0,-87.0,0.0,0.0,-73.0,-89.0,Administracion
62,63,0.0,0.0,-87.0,-91.0,0.0,0.0,0.0,0.0,-89.0,-72.0,0.0,0.0,0.0,0.0,0.0,-72.0,-73.0,-95.0,-94.0,-86.0,0.0,0.0,0.0,0.0,0.0,0.0,0.0,0.0,0.0,0.0,0.0,0.0,0.0,0.0,0.0,0.0,0.0,0.0,0.0,0.0,0.0,0.0,0.0,0.0,-86.0,-86.0,0.0,0.0,0.0,0.0,0.0,0.0,0.0,0.0,0.0,0.0,0.0,0.0,0.0,0.0,0.0,0.0,0.0,0.0,0.0,0.0,-94.0,-94.0,0.0,0.0,-58.0,-54.0,0.0,0.0,0.0,-54.0,0.0,0.0,0.0,0.0,-85.0,-94.0,0.0,0.0,0.0,0.0,0.0,0.0,0.0,0.0,-84.0,0.0,-96.0,0.0,0.0,0.0,-94.0,-94.0,0.0,0.0,0.0,-90.0,0.0,-92.0,-87.0,0.0,0.0,-73.0,-89.0,Administracion
63,64,0.0,0.0,-87.0,-91.0,0.0,0.0,0.0,0.0,-89.0,-72.0,0.0,0.0,0.0,0.0,0.0,-72.0,-73.0,-95.0,-94.0,-86.0,0.0,0.0,0.0,0.0,0.0,0.0,0.0,0.0,0.0,0.0,0.0,0.0,0.0,0.0,0.0,0.0,0.0,0.0,0.0,0.0,0.0,0.0,0.0,0.0,-86.0,-86.0,0.0,0.0,0.0,0.0,0.0,0.0,0.0,0.0,0.0,0.0,0.0,0.0,0.0,0.0,0.0,0.0,0.0,0.0,0.0,0.0,-94.0,-94.0,0.0,0.0,-58.0,-54.0,0.0,0.0,0.0,-54.0,0.0,0.0,0.0,0.0,-85.0,-94.0,0.0,0.0,0.0,0.0,0.0,0.0,0.0,0.0,-84.0,0.0,-96.0,0.0,0.0,0.0,-94.0,-94.0,0.0,0.0,0.0,-90.0,0.0,-92.0,-87.0,0.0,0.0,-73.0,-89.0,Administracion
64,65,0.0,0.0,-87.0,-91.0,0.0,0.0,0.0,0.0,-89.0,-72.0,0.0,0.0,0.0,0.0,0.0,-72.0,-73.0,-95.0,-94.0,-86.0,0.0,0.0,0.0,0.0,0.0,0.0,0.0,0.0,0.0,0.0,0.0,0.0,0.0,0.0,0.0,0.0,0.0,0.0,0.0,0.0,0.0,0.0,0.0,0.0,-86.0,-86.0,0.0,0.0,0.0,0.0,0.0,0.0,0.0,0.0,0.0,0.0,0.0,0.0,0.0,0.0,0.0,0.0,0.0,0.0,0.0,0.0,-94.0,-94.0,0.0,0.0,-58.0,-54.0,0.0,0.0,0.0,-54.0,0.0,0.0,0.0,0.0,-85.0,-94.0,0.0,0.0,0.0,0.0,0.0,0.0,0.0,0.0,-84.0,0.0,-96.0,0.0,0.0,0.0,-94.0,-94.0,0.0,0.0,0.0,-90.0,0.0,-92.0,-87.0,0.0,0.0,-73.0,-89.0,Administracion
65,66,0.0,0.0,0.0,0.0,0.0,0.0,0.0,0.0,-90.0,-73.0,0.0,0.0,0.0,0.0,0.0,-73.0,-72.0,0.0,0.0,0.0,0.0,0.0,0.0,0.0,-85.0,-84.0,0.0,0.0,0.0,0.0,0.0,0.0,-86.0,0.0,0.0,0.0,0.0,0.0,0.0,0.0,0.0,0.0,0.0,0.0,0.0,0.0,0.0,0.0,0.0,0.0,0.0,0.0,0.0,0.0,0.0,0.0,0.0,0.0,0.0,0.0,0.0,0.0,0.0,0.0,0.0,0.0,0.0,0.0,0.0,0.0,-57.0,0.0,0.0,0.0,0.0,-56.0,0.0,0.0,0.0,0.0,0.0,0.0,0.0,0.0,0.0,0.0,0.0,0.0,0.0,0.0,-86.0,0.0,0.0,0.0,0.0,0.0,0.0,0.0,0.0,0.0,0.0,0.0,0.0,0.0,-82.0,0.0,0.0,-75.0,0.0,Administracion
66,67,0.0,0.0,0.0,0.0,0.0,0.0,0.0,0.0,-90.0,-73.0,0.0,0.0,0.0,0.0,0.0,-73.0,-72.0,0.0,0.0,0.0,0.0,0.0,0.0,0.0,-85.0,-84.0,0.0,0.0,0.0,0.0,0.0,0.0,-86.0,0.0,0.0,0.0,0.0,0.0,0.0,0.0,0.0,0.0,0.0,0.0,0.0,0.0,0.0,0.0,0.0,0.0,0.0,0.0,0.0,0.0,0.0,0.0,0.0,0.0,0.0,0.0,0.0,0.0,0.0,0.0,0.0,0.0,0.0,0.0,0.0,0.0,-57.0,0.0,0.0,0.0,0.0,-56.0,0.0,0.0,0.0,0.0,0.0,0.0,0.0,0.0,0.0,0.0,0.0,0.0,0.0,0.0,-86.0,0.0,0.0,0.0,0.0,0.0,0.0,0.0,0.0,0.0,0.0,0.0,0.0,0.0,-82.0,0.0,0.0,-75.0,0.0,Administracion
67,68,0.0,0.0,0.0,0.0,0.0,0.0,0.0,0.0,-90.0,-73.0,0.0,0.0,0.0,0.0,0.0,-73.0,-72.0,0.0,0.0,0.0,0.0,0.0,0.0,0.0,-85.0,-84.0,0.0,0.0,0.0,0.0,0.0,0.0,-86.0,0.0,0.0,0.0,0.0,0.0,0.0,0.0,0.0,0.0,0.0,0.0,0.0,0.0,0.0,0.0,0.0,0.0,0.0,0.0,0.0,0.0,0.0,0.0,0.0,0.0,0.0,0.0,0.0,0.0,0.0,0.0,0.0,0.0,0.0,0.0,0.0,0.0,-57.0,0.0,0.0,0.0,0.0,-56.0,0.0,0.0,0.0,0.0,0.0,0.0,0.0,0.0,0.0,0.0,0.0,0.0,0.0,0.0,-86.0,0.0,0.0,0.0,0.0,0.0,0.0,0.0,0.0,0.0,0.0,0.0,0.0,0.0,-82.0,0.0,0.0,-75.0,0.0,Administracion
68,69,0.0,0.0,0.0,0.0,0.0,0.0,0.0,0.0,-90.0,-73.0,0.0,0.0,0.0,0.0,0.0,-73.0,-72.0,0.0,0.0,0.0,0.0,0.0,0.0,0.0,-85.0,-84.0,0.0,0.0,0.0,0.0,0.0,0.0,-86.0,0.0,0.0,0.0,0.0,0.0,0.0,0.0,0.0,0.0,0.0,0.0,0.0,0.0,0.0,0.0,0.0,0.0,0.0,0.0,0.0,0.0,0.0,0.0,0.0,0.0,0.0,0.0,0.0,0.0,0.0,0.0,0.0,0.0,0.0,0.0,0.0,0.0,-57.0,0.0,0.0,0.0,0.0,-56.0,0.0,0.0,0.0,0.0,0.0,0.0,0.0,0.0,0.0,0.0,0.0,0.0,0.0,0.0,-86.0,0.0,0.0,0.0,0.0,0.0,0.0,0.0,0.0,0.0,0.0,0.0,0.0,0.0,-82.0,0.0,0.0,-75.0,0.0,Administracion
69,70,0.0,0.0,0.0,0.0,0.0,0.0,0.0,0.0,-90.0,-73.0,0.0,0.0,0.0,0.0,0.0,-73.0,-72.0,0.0,0.0,0.0,0.0,0.0,0.0,0.0,-85.0,-84.0,0.0,0.0,0.0,0.0,0.0,0.0,-86.0,0.0,0.0,0.0,0.0,0.0,0.0,0.0,0.0,0.0,0.0,0.0,0.0,0.0,0.0,0.0,0.0,0.0,0.0,0.0,0.0,0.0,0.0,0.0,0.0,0.0,0.0,0.0,0.0,0.0,0.0,0.0,0.0,0.0,0.0,0.0,0.0,0.0,-57.0,0.0,0.0,0.0,0.0,-56.0,0.0,0.0,0.0,0.0,0.0,0.0,0.0,0.0,0.0,0.0,0.0,0.0,0.0,0.0,-86.0,0.0,0.0,0.0,0.0,0.0,0.0,0.0,0.0,0.0,0.0,0.0,0.0,0.0,-82.0,0.0,0.0,-75.0,0.0,Administracion
70,71,0.0,0.0,-87.0,-91.0,0.0,0.0,0.0,0.0,-90.0,-73.0,0.0,0.0,0.0,0.0,0.0,-73.0,-72.0,-95.0,-94.0,-86.0,0.0,0.0,0.0,0.0,-85.0,-84.0,0.0,0.0,0.0,0.0,0.0,0.0,-86.0,0.0,0.0,0.0,0.0,0.0,0.0,0.0,0.0,0.0,0.0,0.0,-86.0,-86.0,0.0,0.0,0.0,0.0,0.0,0.0,0.0,0.0,0.0,0.0,0.0,0.0,0.0,0.0,0.0,0.0,0.0,0.0,0.0,0.0,-94.0,-94.0,0.0,0.0,-57.0,-54.0,0.0,0.0,0.0,-56.0,0.0,0.0,0.0,0.0,-85.0,-94.0,0.0,0.0,0.0,0.0,0.0,0.0,0.0,0.0,-86.0,0.0,-96.0,0.0,0.0,0.0,-94.0,-94.0,0.0,0.0,0.0,-90.0,0.0,-92.0,-82.0,0.0,0.0,-75.0,-89.0,Administracion
71,72,0.0,0.0,-87.0,-91.0,0.0,0.0,0.0,0.0,-90.0,-73.0,0.0,0.0,0.0,0.0,0.0,-73.0,-72.0,-95.0,-94.0,-86.0,0.0,0.0,0.0,0.0,-85.0,-84.0,0.0,0.0,0.0,0.0,0.0,0.0,-86.0,0.0,0.0,0.0,0.0,0.0,0.0,0.0,0.0,0.0,0.0,0.0,-86.0,-86.0,0.0,0.0,0.0,0.0,0.0,0.0,0.0,0.0,0.0,0.0,0.0,0.0,0.0,0.0,0.0,0.0,0.0,0.0,0.0,0.0,-94.0,-94.0,0.0,0.0,-57.0,-54.0,0.0,0.0,0.0,-56.0,0.0,0.0,0.0,0.0,-85.0,-94.0,0.0,0.0,0.0,0.0,0.0,0.0,0.0,0.0,-86.0,0.0,-96.0,0.0,0.0,0.0,-94.0,-94.0,0.0,0.0,0.0,-90.0,0.0,-92.0,-82.0,0.0,0.0,-75.0,-89.0,Administracion
72,73,0.0,0.0,-87.0,-91.0,0.0,0.0,0.0,0.0,-90.0,-73.0,0.0,0.0,0.0,0.0,0.0,-73.0,-72.0,-95.0,-94.0,-86.0,0.0,0.0,0.0,0.0,-85.0,-84.0,0.0,0.0,0.0,0.0,0.0,0.0,-86.0,0.0,0.0,0.0,0.0,0.0,0.0,0.0,0.0,0.0,0.0,0.0,-86.0,-86.0,0.0,0.0,0.0,0.0,0.0,0.0,0.0,0.0,0.0,0.0,0.0,0.0,0.0,0.0,0.0,0.0,0.0,0.0,0.0,0.0,-94.0,-94.0,0.0,0.0,-57.0,-54.0,0.0,0.0,0.0,-56.0,0.0,0.0,0.0,0.0,-85.0,-94.0,0.0,0.0,0.0,0.0,0.0,0.0,0.0,0.0,-86.0,0.0,-96.0,0.0,0.0,0.0,-94.0,-94.0,0.0,0.0,0.0,-90.0,0.0,-92.0,-82.0,0.0,0.0,-75.0,-89.0,Administracion
73,74,0.0,0.0,-87.0,-91.0,0.0,0.0,0.0,0.0,-90.0,-73.0,0.0,0.0,0.0,0.0,0.0,-73.0,-72.0,-95.0,-94.0,-86.0,0.0,0.0,0.0,0.0,-85.0,-84.0,0.0,0.0,0.0,0.0,0.0,0.0,-86.0,0.0,0.0,0.0,0.0,0.0,0.0,0.0,0.0,0.0,0.0,0.0,-86.0,-86.0,0.0,0.0,0.0,0.0,0.0,0.0,0.0,0.0,0.0,0.0,0.0,0.0,0.0,0.0,0.0,0.0,0.0,0.0,0.0,0.0,-94.0,-94.0,0.0,0.0,-57.0,-54.0,0.0,0.0,0.0,-56.0,0.0,0.0,0.0,0.0,-85.0,-94.0,0.0,0.0,0.0,0.0,0.0,0.0,0.0,0.0,-86.0,0.0,-96.0,0.0,0.0,0.0,-94.0,-94.0,0.0,0.0,0.0,-90.0,0.0,-92.0,-82.0,0.0,0.0,-75.0,-89.0,Administracion
74,75,0.0,0.0,-87.0,-91.0,0.0,0.0,0.0,0.0,-90.0,-73.0,0.0,0.0,0.0,0.0,0.0,-73.0,-72.0,-95.0,-94.0,-86.0,0.0,0.0,0.0,0.0,-85.0,-84.0,0.0,0.0,0.0,0.0,0.0,0.0,-86.0,0.0,0.0,0.0,0.0,0.0,0.0,0.0,0.0,0.0,0.0,0.0,-86.0,-86.0,0.0,0.0,0.0,0.0,0.0,0.0,0.0,0.0,0.0,0.0,0.0,0.0,0.0,0.0,0.0,0.0,0.0,0.0,0.0,0.0,-94.0,-94.0,0.0,0.0,-57.0,-54.0,0.0,0.0,0.0,-56.0,0.0,0.0,0.0,0.0,-85.0,-94.0,0.0,0.0,0.0,0.0,0.0,0.0,0.0,0.0,-86.0,0.0,-96.0,0.0,0.0,0.0,-94.0,-94.0,0.0,0.0,0.0,-90.0,0.0,-92.0,-82.0,0.0,0.0,-75.0,-89.0,Administracion
75,76,0.0,0.0,-87.0,-91.0,0.0,0.0,0.0,0.0,-90.0,-73.0,0.0,0.0,0.0,0.0,0.0,-73.0,-72.0,-95.0,-94.0,-86.0,0.0,0.0,0.0,0.0,-85.0,-84.0,0.0,0.0,0.0,0.0,0.0,0.0,-86.0,0.0,0.0,0.0,0.0,0.0,0.0,0.0,0.0,0.0,0.0,0.0,-86.0,-86.0,0.0,0.0,0.0,0.0,0.0,0.0,0.0,0.0,0.0,0.0,0.0,0.0,0.0,0.0,0.0,0.0,0.0,0.0,0.0,0.0,-94.0,-94.0,0.0,0.0,-57.0,-54.0,0.0,0.0,0.0,-56.0,0.0,0.0,0.0,0.0,-85.0,-94.0,0.0,0.0,0.0,0.0,0.0,0.0,0.0,0.0,-86.0,0.0,-96.0,0.0,0.0,0.0,-94.0,-94.0,0.0,0.0,0.0,-90.0,0.0,-92.0,-82.0,0.0,0.0,-75.0,-89.0,Administracion
76,77,0.0,0.0,-87.0,-91.0,0.0,0.0,0.0,0.0,-90.0,-73.0,0.0,0.0,0.0,0.0,0.0,-73.0,-72.0,-95.0,-94.0,-86.0,0.0,0.0,0.0,0.0,-85.0,-84.0,0.0,0.0,0.0,0.0,0.0,0.0,-86.0,0.0,0.0,0.0,0.0,0.0,0.0,0.0,0.0,0.0,0.0,0.0,-86.0,-86.0,0.0,0.0,0.0,0.0,0.0,0.0,0.0,0.0,0.0,0.0,0.0,0.0,0.0,0.0,0.0,0.0,0.0,0.0,0.0,0.0,-94.0,-94.0,0.0,0.0,-57.0,-54.0,0.0,0.0,0.0,-56.0,0.0,0.0,0.0,0.0,-85.0,-94.0,0.0,0.0,0.0,0.0,0.0,0.0,0.0,0.0,-86.0,0.0,-96.0,0.0,0.0,0.0,-94.0,-94.0,0.0,0.0,0.0,-90.0,0.0,-92.0,-82.0,0.0,0.0,-75.0,-89.0,Administracion
77,78,0.0,0.0,-87.0,-91.0,0.0,0.0,0.0,0.0,-90.0,-73.0,0.0,0.0,0.0,0.0,0.0,-73.0,-72.0,-95.0,-94.0,-86.0,0.0,0.0,0.0,0.0,-85.0,-84.0,0.0,0.0,0.0,0.0,0.0,0.0,-86.0,0.0,0.0,0.0,0.0,0.0,0.0,0.0,0.0,0.0,0.0,0.0,-86.0,-86.0,0.0,0.0,0.0,0.0,0.0,0.0,0.0,0.0,0.0,0.0,0.0,0.0,0.0,0.0,0.0,0.0,0.0,0.0,0.0,0.0,-94.0,-94.0,0.0,0.0,-57.0,-54.0,0.0,0.0,0.0,-56.0,0.0,0.0,0.0,0.0,-85.0,-94.0,0.0,0.0,0.0,0.0,0.0,0.0,0.0,0.0,-86.0,0.0,-96.0,0.0,0.0,0.0,-94.0,-94.0,0.0,0.0,0.0,-90.0,0.0,-92.0,-82.0,0.0,0.0,-75.0,-89.0,Administracion
78,79,0.0,0.0,-87.0,-91.0,0.0,0.0,0.0,0.0,-90.0,-73.0,0.0,0.0,0.0,0.0,0.0,-73.0,-72.0,-95.0,-94.0,-86.0,0.0,0.0,0.0,0.0,-85.0,-84.0,0.0,0.0,0.0,0.0,0.0,0.0,-86.0,0.0,0.0,0.0,0.0,0.0,0.0,0.0,0.0,0.0,0.0,0.0,-86.0,-86.0,0.0,0.0,0.0,0.0,0.0,0.0,0.0,0.0,0.0,0.0,0.0,0.0,0.0,0.0,0.0,0.0,0.0,0.0,0.0,0.0,-94.0,-94.0,0.0,0.0,-57.0,-54.0,0.0,0.0,0.0,-56.0,0.0,0.0,0.0,0.0,-85.0,-94.0,0.0,0.0,0.0,0.0,0.0,0.0,0.0,0.0,-86.0,0.0,-96.0,0.0,0.0,0.0,-94.0,-94.0,0.0,0.0,0.0,-90.0,0.0,-92.0,-82.0,0.0,0.0,-75.0,-89.0,Administracion
79,80,0.0,0.0,-87.0,-91.0,0.0,0.0,0.0,0.0,-90.0,-73.0,0.0,0.0,0.0,0.0,0.0,-73.0,-72.0,-95.0,-94.0,-86.0,0.0,0.0,0.0,0.0,-85.0,-84.0,0.0,0.0,0.0,0.0,0.0,0.0,-86.0,0.0,0.0,0.0,0.0,0.0,0.0,0.0,0.0,0.0,0.0,0.0,-86.0,-86.0,0.0,0.0,0.0,0.0,0.0,0.0,0.0,0.0,0.0,0.0,0.0,0.0,0.0,0.0,0.0,0.0,0.0,0.0,0.0,0.0,-94.0,-94.0,0.0,0.0,-57.0,-54.0,0.0,0.0,0.0,-56.0,0.0,0.0,0.0,0.0,-85.0,-94.0,0.0,0.0,0.0,0.0,0.0,0.0,0.0,0.0,-86.0,0.0,-96.0,0.0,0.0,0.0,-94.0,-94.0,0.0,0.0,0.0,-90.0,0.0,-92.0,-82.0,0.0,0.0,-75.0,-89.0,Administracion
80,81,0.0,0.0,-87.0,-91.0,0.0,0.0,0.0,0.0,-90.0,-73.0,0.0,0.0,0.0,0.0,0.0,-73.0,-72.0,-95.0,-94.0,-86.0,0.0,0.0,0.0,0.0,-85.0,-84.0,0.0,0.0,0.0,0.0,0.0,0.0,-86.0,0.0,0.0,0.0,0.0,0.0,0.0,0.0,0.0,0.0,0.0,0.0,-86.0,-86.0,0.0,0.0,0.0,0.0,0.0,0.0,0.0,0.0,0.0,0.0,0.0,0.0,0.0,0.0,0.0,0.0,0.0,0.0,0.0,0.0,-94.0,-94.0,0.0,0.0,-57.0,-54.0,0.0,0.0,0.0,-56.0,0.0,0.0,0.0,0.0,-85.0,-94.0,0.0,0.0,0.0,0.0,0.0,0.0,0.0,0.0,-86.0,0.0,-96.0,0.0,0.0,0.0,-94.0,-94.0,0.0,0.0,0.0,-90.0,0.0,-92.0,-82.0,0.0,0.0,-75.0,-89.0,Administracion
81,82,0.0,0.0,-87.0,-91.0,0.0,0.0,0.0,0.0,-90.0,-73.0,0.0,0.0,0.0,0.0,0.0,-73.0,-72.0,-95.0,-94.0,-86.0,0.0,0.0,0.0,0.0,-85.0,-84.0,0.0,0.0,0.0,0.0,0.0,0.0,-86.0,0.0,0.0,0.0,0.0,0.0,0.0,0.0,0.0,0.0,0.0,0.0,-86.0,-86.0,0.0,0.0,0.0,0.0,0.0,0.0,0.0,0.0,0.0,0.0,0.0,0.0,0.0,0.0,0.0,0.0,0.0,0.0,0.0,0.0,-94.0,-94.0,0.0,0.0,-57.0,-54.0,0.0,0.0,0.0,-56.0,0.0,0.0,0.0,0.0,-85.0,-94.0,0.0,0.0,0.0,0.0,0.0,0.0,0.0,0.0,-86.0,0.0,-96.0,0.0,0.0,0.0,-94.0,-94.0,0.0,0.0,0.0,-90.0,0.0,-92.0,-82.0,0.0,0.0,-75.0,-89.0,Administracion
82,83,0.0,0.0,-87.0,-91.0,0.0,0.0,0.0,0.0,-90.0,-73.0,0.0,0.0,0.0,0.0,0.0,-73.0,-72.0,-95.0,-94.0,-86.0,0.0,0.0,0.0,0.0,-85.0,-84.0,0.0,0.0,0.0,0.0,0.0,0.0,-86.0,0.0,0.0,0.0,0.0,0.0,0.0,0.0,0.0,0.0,0.0,0.0,-86.0,-86.0,0.0,0.0,0.0,0.0,0.0,0.0,0.0,0.0,0.0,0.0,0.0,0.0,0.0,0.0,0.0,0.0,0.0,0.0,0.0,0.0,-94.0,-94.0,0.0,0.0,-57.0,-54.0,0.0,0.0,0.0,-56.0,0.0,0.0,0.0,0.0,-85.0,-94.0,0.0,0.0,0.0,0.0,0.0,0.0,0.0,0.0,-86.0,0.0,-96.0,0.0,0.0,0.0,-94.0,-94.0,0.0,0.0,0.0,-90.0,0.0,-92.0,-82.0,0.0,0.0,-75.0,-89.0,Administracion
83,84,0.0,0.0,-87.0,-91.0,0.0,0.0,0.0,0.0,-90.0,-73.0,0.0,0.0,0.0,0.0,0.0,-73.0,-72.0,-95.0,-94.0,-86.0,0.0,0.0,0.0,0.0,-85.0,-84.0,0.0,0.0,0.0,0.0,0.0,0.0,-86.0,0.0,0.0,0.0,0.0,0.0,0.0,0.0,0.0,0.0,0.0,0.0,-86.0,-86.0,0.0,0.0,0.0,0.0,0.0,0.0,0.0,0.0,0.0,0.0,0.0,0.0,0.0,0.0,0.0,0.0,0.0,0.0,0.0,0.0,-94.0,-94.0,0.0,0.0,-57.0,-54.0,0.0,0.0,0.0,-56.0,0.0,0.0,0.0,0.0,-85.0,-94.0,0.0,0.0,0.0,0.0,0.0,0.0,0.0,0.0,-86.0,0.0,-96.0,0.0,0.0,0.0,-94.0,-94.0,0.0,0.0,0.0,-90.0,0.0,-92.0,-82.0,0.0,0.0,-75.0,-89.0,Administracion
84,85,0.0,0.0,-87.0,-91.0,0.0,0.0,0.0,0.0,-90.0,-73.0,0.0,0.0,0.0,0.0,0.0,-73.0,-72.0,-95.0,-94.0,-86.0,0.0,0.0,0.0,0.0,-85.0,-84.0,0.0,0.0,0.0,0.0,0.0,0.0,-86.0,0.0,0.0,0.0,0.0,0.0,0.0,0.0,0.0,0.0,0.0,0.0,-86.0,-86.0,0.0,0.0,0.0,0.0,0.0,0.0,0.0,0.0,0.0,0.0,0.0,0.0,0.0,0.0,0.0,0.0,0.0,0.0,0.0,0.0,-94.0,-94.0,0.0,0.0,-57.0,-54.0,0.0,0.0,0.0,-56.0,0.0,0.0,0.0,0.0,-85.0,-94.0,0.0,0.0,0.0,0.0,0.0,0.0,0.0,0.0,-86.0,0.0,-96.0,0.0,0.0,0.0,-94.0,-94.0,0.0,0.0,0.0,-90.0,0.0,-92.0,-82.0,0.0,0.0,-75.0,-89.0,Administracion
85,86,0.0,0.0,-87.0,0.0,0.0,0.0,0.0,0.0,-90.0,-73.0,0.0,0.0,0.0,0.0,0.0,-73.0,-72.0,-95.0,-94.0,0.0,0.0,0.0,0.0,0.0,-85.0,-84.0,0.0,0.0,0.0,0.0,0.0,0.0,-86.0,0.0,0.0,0.0,0.0,0.0,0.0,0.0,0.0,0.0,0.0,0.0,-86.0,-86.0,0.0,0.0,0.0,0.0,0.0,0.0,0.0,0.0,0.0,0.0,0.0,0.0,0.0,0.0,0.0,0.0,0.0,0.0,0.0,0.0,-94.0,0.0,0.0,0.0,-57.0,-54.0,0.0,0.0,0.0,-56.0,0.0,0.0,0.0,0.0,-85.0,-94.0,0.0,0.0,0.0,0.0,0.0,0.0,0.0,0.0,-86.0,0.0,-96.0,0.0,0.0,0.0,-94.0,-94.0,0.0,0.0,0.0,-90.0,0.0,-92.0,-82.0,0.0,0.0,-75.0,-89.0,Administracion
86,87,0.0,0.0,-87.0,0.0,0.0,0.0,0.0,0.0,-90.0,-73.0,0.0,0.0,0.0,0.0,0.0,-73.0,-72.0,-95.0,-94.0,0.0,0.0,0.0,0.0,0.0,-85.0,-84.0,0.0,0.0,0.0,0.0,0.0,0.0,-86.0,0.0,0.0,0.0,0.0,0.0,0.0,0.0,0.0,0.0,0.0,0.0,-86.0,-86.0,0.0,0.0,0.0,0.0,0.0,0.0,0.0,0.0,0.0,0.0,0.0,0.0,0.0,0.0,0.0,0.0,0.0,0.0,0.0,0.0,-94.0,0.0,0.0,0.0,-57.0,-54.0,0.0,0.0,0.0,-56.0,0.0,0.0,0.0,0.0,-85.0,-94.0,0.0,0.0,0.0,0.0,0.0,0.0,0.0,0.0,-86.0,0.0,-96.0,0.0,0.0,0.0,-94.0,-94.0,0.0,0.0,0.0,-90.0,0.0,-92.0,-82.0,0.0,0.0,-75.0,-89.0,Administracion
87,88,0.0,0.0,-87.0,0.0,0.0,0.0,0.0,0.0,-90.0,-73.0,0.0,0.0,0.0,0.0,0.0,-73.0,-72.0,-95.0,-94.0,0.0,0.0,0.0,0.0,0.0,-85.0,-84.0,0.0,0.0,0.0,0.0,0.0,0.0,-86.0,0.0,0.0,0.0,0.0,0.0,0.0,0.0,0.0,0.0,0.0,0.0,-86.0,-86.0,0.0,0.0,0.0,0.0,0.0,0.0,0.0,0.0,0.0,0.0,0.0,0.0,0.0,0.0,0.0,0.0,0.0,0.0,0.0,0.0,-94.0,0.0,0.0,0.0,-57.0,-54.0,0.0,0.0,0.0,-56.0,0.0,0.0,0.0,0.0,-85.0,-94.0,0.0,0.0,0.0,0.0,0.0,0.0,0.0,0.0,-86.0,0.0,-96.0,0.0,0.0,0.0,-94.0,-94.0,0.0,0.0,0.0,-90.0,0.0,-92.0,-82.0,0.0,0.0,-75.0,-89.0,Administracion
88,89,0.0,0.0,-87.0,0.0,0.0,0.0,0.0,0.0,-90.0,-73.0,0.0,0.0,0.0,0.0,0.0,-73.0,-72.0,-95.0,-94.0,0.0,0.0,0.0,0.0,0.0,-85.0,-84.0,0.0,0.0,0.0,0.0,0.0,0.0,-86.0,0.0,0.0,0.0,0.0,0.0,0.0,0.0,0.0,0.0,0.0,0.0,-86.0,-86.0,0.0,0.0,0.0,0.0,0.0,0.0,0.0,0.0,0.0,0.0,0.0,0.0,0.0,0.0,0.0,0.0,0.0,0.0,0.0,0.0,-94.0,0.0,0.0,0.0,-57.0,-54.0,0.0,0.0,0.0,-56.0,0.0,0.0,0.0,0.0,-85.0,-94.0,0.0,0.0,0.0,0.0,0.0,0.0,0.0,0.0,-86.0,0.0,-96.0,0.0,0.0,0.0,-94.0,-94.0,0.0,0.0,0.0,-90.0,0.0,-92.0,-82.0,0.0,0.0,-75.0,-89.0,Administracion
89,90,0.0,0.0,-87.0,0.0,0.0,0.0,0.0,0.0,-90.0,-73.0,0.0,0.0,0.0,0.0,0.0,-73.0,-72.0,-95.0,-94.0,0.0,0.0,0.0,0.0,0.0,-85.0,-84.0,0.0,0.0,0.0,0.0,0.0,0.0,-86.0,0.0,0.0,0.0,0.0,0.0,0.0,0.0,0.0,0.0,0.0,0.0,-86.0,-86.0,0.0,0.0,0.0,0.0,0.0,0.0,0.0,0.0,0.0,0.0,0.0,0.0,0.0,0.0,0.0,0.0,0.0,0.0,0.0,0.0,-94.0,0.0,0.0,0.0,-57.0,-54.0,0.0,0.0,0.0,-56.0,0.0,0.0,0.0,0.0,-85.0,-94.0,0.0,0.0,0.0,0.0,0.0,0.0,0.0,0.0,-86.0,0.0,-96.0,0.0,0.0,0.0,-94.0,-94.0,0.0,0.0,0.0,-90.0,0.0,-92.0,-82.0,0.0,0.0,-75.0,-89.0,Administracion
90,91,0.0,0.0,-87.0,0.0,0.0,0.0,0.0,0.0,-90.0,-73.0,0.0,0.0,0.0,0.0,0.0,-73.0,-72.0,-95.0,-94.0,0.0,0.0,0.0,0.0,0.0,-85.0,-84.0,0.0,0.0,0.0,0.0,0.0,0.0,-86.0,0.0,0.0,0.0,0.0,0.0,0.0,0.0,0.0,0.0,0.0,0.0,-86.0,-86.0,0.0,0.0,0.0,0.0,0.0,0.0,0.0,0.0,0.0,0.0,0.0,0.0,0.0,0.0,0.0,0.0,0.0,0.0,0.0,0.0,-94.0,0.0,0.0,0.0,-57.0,-54.0,0.0,0.0,0.0,-56.0,0.0,0.0,0.0,0.0,-85.0,-94.0,0.0,0.0,0.0,0.0,0.0,0.0,0.0,0.0,-86.0,0.0,-96.0,0.0,0.0,0.0,-94.0,-94.0,0.0,0.0,0.0,-90.0,0.0,-92.0,-82.0,0.0,0.0,-75.0,-89.0,Administracion
91,92,0.0,0.0,-87.0,0.0,0.0,0.0,0.0,0.0,-90.0,-73.0,0.0,0.0,0.0,0.0,0.0,-73.0,-72.0,-95.0,-94.0,0.0,0.0,0.0,0.0,0.0,-85.0,-84.0,0.0,0.0,0.0,0.0,0.0,0.0,-86.0,0.0,0.0,0.0,0.0,0.0,0.0,0.0,0.0,0.0,0.0,0.0,-86.0,-86.0,0.0,0.0,0.0,0.0,0.0,0.0,0.0,0.0,0.0,0.0,0.0,0.0,0.0,0.0,0.0,0.0,0.0,0.0,0.0,0.0,-94.0,0.0,0.0,0.0,-57.0,-54.0,0.0,0.0,0.0,-56.0,0.0,0.0,0.0,0.0,-85.0,-94.0,0.0,0.0,0.0,0.0,0.0,0.0,0.0,0.0,-86.0,0.0,-96.0,0.0,0.0,0.0,-94.0,-94.0,0.0,0.0,0.0,-90.0,0.0,-92.0,-82.0,0.0,0.0,-75.0,-89.0,Administracion
92,93,0.0,0.0,-87.0,0.0,0.0,0.0,0.0,0.0,-90.0,-73.0,0.0,0.0,0.0,0.0,0.0,-73.0,-72.0,-95.0,-94.0,0.0,0.0,0.0,0.0,0.0,-85.0,-84.0,0.0,0.0,0.0,0.0,0.0,0.0,-86.0,0.0,0.0,0.0,0.0,0.0,0.0,0.0,0.0,0.0,0.0,0.0,-86.0,-86.0,0.0,0.0,0.0,0.0,0.0,0.0,0.0,0.0,0.0,0.0,0.0,0.0,0.0,0.0,0.0,0.0,0.0,0.0,0.0,0.0,-94.0,0.0,0.0,0.0,-57.0,-54.0,0.0,0.0,0.0,-56.0,0.0,0.0,0.0,0.0,-85.0,-94.0,0.0,0.0,0.0,0.0,0.0,0.0,0.0,0.0,-86.0,0.0,-96.0,0.0,0.0,0.0,-94.0,-94.0,0.0,0.0,0.0,-90.0,0.0,-92.0,-82.0,0.0,0.0,-75.0,-89.0,Administracion
93,94,0.0,0.0,-87.0,0.0,0.0,0.0,0.0,0.0,-90.0,-73.0,0.0,0.0,0.0,0.0,0.0,-73.0,-72.0,-95.0,-94.0,0.0,0.0,0.0,0.0,0.0,-85.0,-84.0,0.0,0.0,0.0,0.0,0.0,0.0,-86.0,0.0,0.0,0.0,0.0,0.0,0.0,0.0,0.0,0.0,0.0,0.0,-86.0,-86.0,0.0,0.0,0.0,0.0,0.0,0.0,0.0,0.0,0.0,0.0,0.0,0.0,0.0,0.0,0.0,0.0,0.0,0.0,0.0,0.0,-94.0,0.0,0.0,0.0,-57.0,-54.0,0.0,0.0,0.0,-56.0,0.0,0.0,0.0,0.0,-85.0,-94.0,0.0,0.0,0.0,0.0,0.0,0.0,0.0,0.0,-86.0,0.0,-96.0,0.0,0.0,0.0,-94.0,-94.0,0.0,0.0,0.0,-90.0,0.0,-92.0,-82.0,0.0,0.0,-75.0,-89.0,Administracion
94,95,0.0,0.0,-87.0,0.0,0.0,0.0,0.0,0.0,-90.0,-73.0,0.0,0.0,0.0,0.0,0.0,-73.0,-72.0,-95.0,-94.0,0.0,0.0,0.0,0.0,0.0,-85.0,-84.0,0.0,0.0,0.0,0.0,0.0,0.0,-86.0,0.0,0.0,0.0,0.0,0.0,0.0,0.0,0.0,0.0,0.0,0.0,-86.0,-86.0,0.0,0.0,0.0,0.0,0.0,0.0,0.0,0.0,0.0,0.0,0.0,0.0,0.0,0.0,0.0,0.0,0.0,0.0,0.0,0.0,-94.0,0.0,0.0,0.0,-57.0,-54.0,0.0,0.0,0.0,-56.0,0.0,0.0,0.0,0.0,-85.0,-94.0,0.0,0.0,0.0,0.0,0.0,0.0,0.0,0.0,-86.0,0.0,-96.0,0.0,0.0,0.0,-94.0,-94.0,0.0,0.0,0.0,-90.0,0.0,-92.0,-82.0,0.0,0.0,-75.0,-89.0,Administracion
95,96,0.0,0.0,-87.0,0.0,0.0,0.0,0.0,0.0,-90.0,-73.0,0.0,0.0,0.0,0.0,0.0,-73.0,-72.0,-95.0,-94.0,0.0,0.0,0.0,0.0,0.0,-85.0,-84.0,0.0,0.0,0.0,0.0,0.0,0.0,-86.0,0.0,0.0,0.0,0.0,0.0,0.0,0.0,0.0,0.0,0.0,0.0,-86.0,-86.0,0.0,0.0,0.0,0.0,0.0,0.0,0.0,0.0,0.0,0.0,0.0,0.0,0.0,0.0,0.0,0.0,0.0,0.0,0.0,0.0,-94.0,0.0,0.0,0.0,-57.0,-54.0,0.0,0.0,0.0,-56.0,0.0,0.0,0.0,0.0,-85.0,-94.0,0.0,0.0,0.0,0.0,0.0,0.0,0.0,0.0,-86.0,0.0,-96.0,0.0,0.0,0.0,-94.0,-94.0,0.0,0.0,0.0,-90.0,0.0,-92.0,-82.0,0.0,0.0,-75.0,-89.0,Administracion
96,97,0.0,0.0,-87.0,0.0,0.0,0.0,0.0,0.0,-90.0,-73.0,0.0,0.0,0.0,0.0,0.0,-73.0,-72.0,-95.0,-94.0,0.0,0.0,0.0,0.0,0.0,-85.0,-84.0,0.0,0.0,0.0,0.0,0.0,0.0,-86.0,0.0,0.0,0.0,0.0,0.0,0.0,0.0,0.0,0.0,0.0,0.0,-86.0,-86.0,0.0,0.0,0.0,0.0,0.0,0.0,0.0,0.0,0.0,0.0,0.0,0.0,0.0,0.0,0.0,0.0,0.0,0.0,0.0,0.0,-94.0,0.0,0.0,0.0,-57.0,-54.0,0.0,0.0,0.0,-56.0,0.0,0.0,0.0,0.0,-85.0,-94.0,0.0,0.0,0.0,0.0,0.0,0.0,0.0,0.0,-86.0,0.0,-96.0,0.0,0.0,0.0,-94.0,-94.0,0.0,0.0,0.0,-90.0,0.0,-92.0,-82.0,0.0,0.0,-75.0,-89.0,Administracion
97,98,0.0,0.0,-87.0,0.0,0.0,0.0,0.0,0.0,-90.0,-73.0,0.0,0.0,0.0,0.0,0.0,-73.0,-72.0,-95.0,-94.0,0.0,0.0,0.0,0.0,0.0,-85.0,-84.0,0.0,0.0,0.0,0.0,0.0,0.0,-86.0,0.0,0.0,0.0,0.0,0.0,0.0,0.0,0.0,0.0,0.0,0.0,-86.0,-86.0,0.0,0.0,0.0,0.0,0.0,0.0,0.0,0.0,0.0,0.0,0.0,0.0,0.0,0.0,0.0,0.0,0.0,0.0,0.0,0.0,-94.0,0.0,0.0,0.0,-57.0,-54.0,0.0,0.0,0.0,-56.0,0.0,0.0,0.0,0.0,-85.0,-94.0,0.0,0.0,0.0,0.0,0.0,0.0,0.0,0.0,-86.0,0.0,-96.0,0.0,0.0,0.0,-94.0,-94.0,0.0,0.0,0.0,-90.0,0.0,-92.0,-82.0,0.0,0.0,-75.0,-89.0,Administracion
98,99,0.0,0.0,-87.0,0.0,0.0,0.0,0.0,0.0,-90.0,-73.0,0.0,0.0,0.0,0.0,0.0,-73.0,-72.0,-95.0,-94.0,0.0,0.0,0.0,0.0,0.0,-85.0,-84.0,0.0,0.0,0.0,0.0,0.0,0.0,-86.0,0.0,0.0,0.0,0.0,0.0,0.0,0.0,0.0,0.0,0.0,0.0,-86.0,-86.0,0.0,0.0,0.0,0.0,0.0,0.0,0.0,0.0,0.0,0.0,0.0,0.0,0.0,0.0,0.0,0.0,0.0,0.0,0.0,0.0,-94.0,0.0,0.0,0.0,-57.0,-54.0,0.0,0.0,0.0,-56.0,0.0,0.0,0.0,0.0,-85.0,-94.0,0.0,0.0,0.0,0.0,0.0,0.0,0.0,0.0,-86.0,0.0,-96.0,0.0,0.0,0.0,-94.0,-94.0,0.0,0.0,0.0,-90.0,0.0,-92.0,-82.0,0.0,0.0,-75.0,-89.0,Administracion
99,100,0.0,0.0,-87.0,0.0,0.0,0.0,0.0,0.0,-90.0,-73.0,0.0,0.0,0.0,0.0,0.0,-73.0,-72.0,-95.0,-94.0,0.0,0.0,0.0,0.0,0.0,-85.0,-84.0,0.0,0.0,0.0,0.0,0.0,0.0,-86.0,0.0,0.0,0.0,0.0,0.0,0.0,0.0,0.0,0.0,0.0,0.0,-86.0,-86.0,0.0,0.0,0.0,0.0,0.0,0.0,0.0,0.0,0.0,0.0,0.0,0.0,0.0,0.0,0.0,0.0,0.0,0.0,0.0,0.0,-94.0,0.0,0.0,0.0,-57.0,-54.0,0.0,0.0,0.0,-56.0,0.0,0.0,0.0,0.0,-85.0,-94.0,0.0,0.0,0.0,0.0,0.0,0.0,0.0,0.0,-86.0,0.0,-96.0,0.0,0.0,0.0,-94.0,-94.0,0.0,0.0,0.0,-90.0,0.0,-92.0,-82.0,0.0,0.0,-75.0,-89.0,Administracion
100,101,0.0,0.0,0.0,0.0,0.0,0.0,0.0,0.0,-90.0,-71.0,0.0,0.0,0.0,0.0,0.0,-73.0,-72.0,-93.0,-92.0,0.0,0.0,0.0,0.0,0.0,-84.0,0.0,0.0,0.0,0.0,0.0,0.0,0.0,0.0,0.0,0.0,0.0,0.0,0.0,0.0,0.0,0.0,0.0,0.0,0.0,0.0,0.0,0.0,0.0,0.0,0.0,0.0,0.0,0.0,0.0,0.0,0.0,0.0,0.0,0.0,0.0,0.0,0.0,0.0,0.0,0.0,0.0,0.0,0.0,0.0,0.0,-59.0,-56.0,0.0,0.0,0.0,-56.0,0.0,0.0,0.0,0.0,0.0,0.0,0.0,0.0,0.0,0.0,0.0,0.0,0.0,0.0,0.0,0.0,0.0,0.0,0.0,0.0,0.0,0.0,0.0,0.0,0.0,0.0,0.0,0.0,0.0,0.0,0.0,-76.0,0.0,Administracion
101,102,0.0,0.0,0.0,0.0,0.0,0.0,0.0,0.0,-90.0,-71.0,0.0,0.0,0.0,0.0,0.0,-73.0,-72.0,-93.0,-92.0,0.0,0.0,0.0,0.0,0.0,-84.0,0.0,0.0,0.0,0.0,0.0,0.0,0.0,0.0,0.0,0.0,0.0,0.0,0.0,0.0,0.0,0.0,0.0,0.0,0.0,0.0,0.0,0.0,0.0,0.0,0.0,0.0,0.0,0.0,0.0,0.0,0.0,0.0,0.0,0.0,0.0,0.0,0.0,0.0,0.0,0.0,0.0,0.0,0.0,0.0,0.0,-59.0,-56.0,0.0,0.0,0.0,-56.0,0.0,0.0,0.0,0.0,0.0,0.0,0.0,0.0,0.0,0.0,0.0,0.0,0.0,0.0,0.0,0.0,0.0,0.0,0.0,0.0,0.0,0.0,0.0,0.0,0.0,0.0,0.0,0.0,0.0,0.0,0.0,-76.0,0.0,Administracion
102,103,0.0,0.0,0.0,0.0,0.0,0.0,0.0,0.0,-90.0,-71.0,0.0,0.0,0.0,0.0,0.0,-73.0,-72.0,-93.0,-92.0,0.0,0.0,0.0,0.0,0.0,-84.0,0.0,0.0,0.0,0.0,0.0,0.0,0.0,0.0,0.0,0.0,0.0,0.0,0.0,0.0,0.0,0.0,0.0,0.0,0.0,0.0,0.0,0.0,0.0,0.0,0.0,0.0,0.0,0.0,0.0,0.0,0.0,0.0,0.0,0.0,0.0,0.0,0.0,0.0,0.0,0.0,0.0,0.0,0.0,0.0,0.0,-59.0,-56.0,0.0,0.0,0.0,-56.0,0.0,0.0,0.0,0.0,0.0,0.0,0.0,0.0,0.0,0.0,0.0,0.0,0.0,0.0,0.0,0.0,0.0,0.0,0.0,0.0,0.0,0.0,0.0,0.0,0.0,0.0,0.0,0.0,0.0,0.0,0.0,-76.0,0.0,Administracion
103,104,0.0,0.0,0.0,0.0,0.0,0.0,0.0,0.0,-90.0,-71.0,0.0,0.0,0.0,0.0,0.0,-73.0,-72.0,-93.0,-92.0,0.0,0.0,0.0,0.0,0.0,-84.0,0.0,0.0,0.0,0.0,0.0,0.0,0.0,0.0,0.0,0.0,0.0,0.0,0.0,0.0,0.0,0.0,0.0,0.0,0.0,0.0,0.0,0.0,0.0,0.0,0.0,0.0,0.0,0.0,0.0,0.0,0.0,0.0,0.0,0.0,0.0,0.0,0.0,0.0,0.0,0.0,0.0,0.0,0.0,0.0,0.0,-59.0,-56.0,0.0,0.0,0.0,-56.0,0.0,0.0,0.0,0.0,0.0,0.0,0.0,0.0,0.0,0.0,0.0,0.0,0.0,0.0,0.0,0.0,0.0,0.0,0.0,0.0,0.0,0.0,0.0,0.0,0.0,0.0,0.0,0.0,0.0,0.0,0.0,-76.0,0.0,Administracion
104,105,0.0,0.0,0.0,0.0,0.0,0.0,0.0,0.0,-90.0,-71.0,0.0,0.0,0.0,0.0,0.0,-73.0,-72.0,-93.0,-92.0,0.0,0.0,0.0,0.0,0.0,-84.0,0.0,0.0,0.0,0.0,0.0,0.0,0.0,0.0,0.0,0.0,0.0,0.0,0.0,0.0,0.0,0.0,0.0,0.0,0.0,0.0,0.0,0.0,0.0,0.0,0.0,0.0,0.0,0.0,0.0,0.0,0.0,0.0,0.0,0.0,0.0,0.0,0.0,0.0,0.0,0.0,0.0,0.0,0.0,0.0,0.0,-59.0,-56.0,0.0,0.0,0.0,-56.0,0.0,0.0,0.0,0.0,0.0,0.0,0.0,0.0,0.0,0.0,0.0,0.0,0.0,0.0,0.0,0.0,0.0,0.0,0.0,0.0,0.0,0.0,0.0,0.0,0.0,0.0,0.0,0.0,0.0,0.0,0.0,-76.0,0.0,Administracion
105,106,0.0,0.0,-87.0,0.0,0.0,0.0,0.0,0.0,-90.0,-71.0,0.0,0.0,0.0,0.0,0.0,-73.0,-72.0,-93.0,-92.0,0.0,0.0,0.0,0.0,0.0,-84.0,-84.0,0.0,0.0,0.0,0.0,0.0,0.0,-86.0,0.0,0.0,0.0,0.0,0.0,0.0,0.0,0.0,0.0,0.0,0.0,-86.0,-86.0,0.0,0.0,0.0,0.0,0.0,0.0,0.0,0.0,0.0,0.0,0.0,0.0,0.0,0.0,0.0,0.0,0.0,0.0,0.0,0.0,-94.0,0.0,0.0,0.0,-59.0,-56.0,0.0,0.0,0.0,-56.0,0.0,0.0,0.0,0.0,-85.0,-94.0,0.0,0.0,0.0,0.0,0.0,0.0,0.0,0.0,-86.0,0.0,-96.0,0.0,0.0,0.0,-94.0,0.0,0.0,0.0,0.0,-90.0,0.0,-92.0,-82.0,0.0,0.0,-76.0,-89.0,Administracion
106,107,0.0,0.0,-87.0,0.0,0.0,0.0,0.0,0.0,-90.0,-71.0,0.0,0.0,0.0,0.0,0.0,-73.0,-72.0,-93.0,-92.0,0.0,0.0,0.0,0.0,0.0,-84.0,-84.0,0.0,0.0,0.0,0.0,0.0,0.0,-86.0,0.0,0.0,0.0,0.0,0.0,0.0,0.0,0.0,0.0,0.0,0.0,-86.0,-86.0,0.0,0.0,0.0,0.0,0.0,0.0,0.0,0.0,0.0,0.0,0.0,0.0,0.0,0.0,0.0,0.0,0.0,0.0,0.0,0.0,-94.0,0.0,0.0,0.0,-59.0,-56.0,0.0,0.0,0.0,-56.0,0.0,0.0,0.0,0.0,-85.0,-94.0,0.0,0.0,0.0,0.0,0.0,0.0,0.0,0.0,-86.0,0.0,-96.0,0.0,0.0,0.0,0.0,0.0,0.0,0.0,0.0,-90.0,0.0,-92.0,-82.0,0.0,0.0,-76.0,-89.0,Administracion
107,108,0.0,0.0,-87.0,0.0,0.0,0.0,0.0,0.0,-90.0,-71.0,0.0,0.0,0.0,0.0,0.0,-73.0,-72.0,-93.0,-92.0,0.0,0.0,0.0,0.0,0.0,-84.0,-84.0,0.0,0.0,0.0,0.0,0.0,0.0,-86.0,0.0,0.0,0.0,0.0,0.0,0.0,0.0,0.0,0.0,0.0,0.0,-86.0,-86.0,0.0,0.0,0.0,0.0,0.0,0.0,0.0,0.0,0.0,0.0,0.0,0.0,0.0,0.0,0.0,0.0,0.0,0.0,0.0,0.0,-94.0,0.0,0.0,0.0,-59.0,-56.0,0.0,0.0,0.0,-56.0,0.0,0.0,0.0,0.0,-85.0,-94.0,0.0,0.0,0.0,0.0,0.0,0.0,0.0,0.0,-86.0,0.0,-96.0,0.0,0.0,0.0,-94.0,0.0,0.0,0.0,0.0,-90.0,0.0,-92.0,-82.0,0.0,0.0,-76.0,-89.0,Administracion
108,109,0.0,0.0,-87.0,0.0,0.0,0.0,0.0,0.0,-90.0,-71.0,0.0,0.0,0.0,0.0,0.0,-73.0,-72.0,-93.0,-92.0,0.0,0.0,0.0,0.0,0.0,-84.0,-84.0,0.0,0.0,0.0,0.0,0.0,0.0,-86.0,0.0,0.0,0.0,0.0,0.0,0.0,0.0,0.0,0.0,0.0,0.0,-86.0,-86.0,0.0,0.0,0.0,0.0,0.0,0.0,0.0,0.0,0.0,0.0,0.0,0.0,0.0,0.0,0.0,0.0,0.0,0.0,0.0,0.0,-94.0,0.0,0.0,0.0,-59.0,-56.0,0.0,0.0,0.0,-56.0,0.0,0.0,0.0,0.0,-85.0,-94.0,0.0,0.0,0.0,0.0,0.0,0.0,0.0,0.0,-86.0,0.0,-96.0,0.0,0.0,0.0,-94.0,0.0,0.0,0.0,0.0,-90.0,0.0,-92.0,-82.0,0.0,0.0,-76.0,-89.0,Administracion
109,110,0.0,0.0,-87.0,0.0,0.0,0.0,0.0,0.0,-90.0,-71.0,0.0,0.0,0.0,0.0,0.0,-73.0,-72.0,-93.0,-92.0,0.0,0.0,0.0,0.0,0.0,-84.0,-84.0,0.0,0.0,0.0,0.0,0.0,0.0,-86.0,0.0,0.0,0.0,0.0,0.0,0.0,0.0,0.0,0.0,0.0,0.0,-86.0,-86.0,0.0,0.0,0.0,0.0,0.0,0.0,0.0,0.0,0.0,0.0,0.0,0.0,0.0,0.0,0.0,0.0,0.0,0.0,0.0,0.0,-94.0,0.0,0.0,0.0,-59.0,-56.0,0.0,0.0,0.0,-56.0,0.0,0.0,0.0,0.0,-85.0,-94.0,0.0,0.0,0.0,0.0,0.0,0.0,0.0,0.0,-86.0,0.0,-96.0,0.0,0.0,0.0,-94.0,0.0,0.0,0.0,0.0,-90.0,0.0,-92.0,-82.0,0.0,0.0,-76.0,-89.0,Administracion
110,111,0.0,0.0,-87.0,0.0,0.0,0.0,0.0,0.0,-90.0,-71.0,0.0,0.0,0.0,0.0,0.0,-73.0,-72.0,-93.0,-92.0,0.0,0.0,0.0,0.0,0.0,-84.0,-84.0,0.0,0.0,0.0,0.0,0.0,0.0,-86.0,0.0,0.0,0.0,0.0,0.0,0.0,0.0,0.0,0.0,0.0,0.0,-86.0,-86.0,0.0,0.0,0.0,0.0,0.0,0.0,0.0,0.0,0.0,0.0,0.0,0.0,0.0,0.0,0.0,0.0,0.0,0.0,0.0,0.0,0.0,0.0,0.0,0.0,-59.0,-56.0,0.0,0.0,0.0,-56.0,0.0,0.0,0.0,0.0,-85.0,-94.0,0.0,0.0,0.0,0.0,0.0,0.0,0.0,0.0,-86.0,0.0,0.0,0.0,0.0,0.0,0.0,0.0,0.0,0.0,0.0,0.0,0.0,0.0,-82.0,0.0,0.0,-76.0,0.0,Administracion
111,112,0.0,0.0,-87.0,0.0,0.0,0.0,0.0,0.0,-90.0,-71.0,0.0,0.0,0.0,0.0,0.0,-73.0,-72.0,-93.0,-92.0,0.0,0.0,0.0,0.0,0.0,-84.0,-84.0,0.0,0.0,0.0,0.0,0.0,0.0,-86.0,0.0,0.0,0.0,0.0,0.0,0.0,0.0,0.0,0.0,0.0,0.0,-86.0,-86.0,0.0,0.0,0.0,0.0,0.0,0.0,0.0,0.0,0.0,0.0,0.0,0.0,0.0,0.0,0.0,0.0,0.0,0.0,0.0,0.0,0.0,0.0,0.0,0.0,-59.0,-56.0,0.0,0.0,0.0,-56.0,0.0,0.0,0.0,0.0,-85.0,-94.0,0.0,0.0,0.0,0.0,0.0,0.0,0.0,0.0,-86.0,0.0,0.0,0.0,0.0,0.0,0.0,0.0,0.0,0.0,0.0,0.0,0.0,0.0,-82.0,0.0,0.0,-76.0,0.0,Administracion
112,113,0.0,0.0,-87.0,0.0,0.0,0.0,0.0,0.0,-90.0,-71.0,0.0,0.0,0.0,0.0,0.0,-73.0,-72.0,-93.0,-92.0,0.0,0.0,0.0,0.0,0.0,-84.0,-84.0,0.0,0.0,0.0,0.0,0.0,0.0,-86.0,0.0,0.0,0.0,0.0,0.0,0.0,0.0,0.0,0.0,0.0,0.0,-86.0,-86.0,0.0,0.0,0.0,0.0,0.0,0.0,0.0,0.0,0.0,0.0,0.0,0.0,0.0,0.0,0.0,0.0,0.0,0.0,0.0,0.0,0.0,0.0,0.0,0.0,-59.0,-56.0,0.0,0.0,0.0,-56.0,0.0,0.0,0.0,0.0,-85.0,-94.0,0.0,0.0,0.0,0.0,0.0,0.0,0.0,0.0,-86.0,0.0,0.0,0.0,0.0,0.0,0.0,0.0,0.0,0.0,0.0,0.0,0.0,0.0,-82.0,0.0,0.0,-76.0,0.0,Administracion
113,114,0.0,0.0,-87.0,0.0,0.0,0.0,0.0,0.0,-90.0,-71.0,0.0,0.0,0.0,0.0,0.0,-73.0,-72.0,-93.0,-92.0,0.0,0.0,0.0,0.0,0.0,-84.0,-84.0,0.0,0.0,0.0,0.0,0.0,0.0,-86.0,0.0,0.0,0.0,0.0,0.0,0.0,0.0,0.0,0.0,0.0,0.0,-86.0,-86.0,0.0,0.0,0.0,0.0,0.0,0.0,0.0,0.0,0.0,0.0,0.0,0.0,0.0,0.0,0.0,0.0,0.0,0.0,0.0,0.0,0.0,0.0,0.0,0.0,-59.0,-56.0,0.0,0.0,0.0,-56.0,0.0,0.0,0.0,0.0,-85.0,-94.0,0.0,0.0,0.0,0.0,0.0,0.0,0.0,0.0,-86.0,0.0,0.0,0.0,0.0,0.0,0.0,0.0,0.0,0.0,0.0,0.0,0.0,0.0,-82.0,0.0,0.0,-76.0,0.0,Administracion
114,115,0.0,0.0,-87.0,0.0,0.0,0.0,0.0,0.0,-90.0,-71.0,0.0,0.0,0.0,0.0,0.0,-73.0,-72.0,-93.0,-92.0,0.0,0.0,0.0,0.0,0.0,-84.0,-84.0,0.0,0.0,0.0,0.0,0.0,0.0,-86.0,0.0,0.0,0.0,0.0,0.0,0.0,0.0,0.0,0.0,0.0,0.0,-86.0,-86.0,0.0,0.0,0.0,0.0,0.0,0.0,0.0,0.0,0.0,0.0,0.0,0.0,0.0,0.0,0.0,0.0,0.0,0.0,0.0,0.0,0.0,0.0,0.0,0.0,-59.0,-56.0,0.0,0.0,0.0,-56.0,0.0,0.0,0.0,0.0,-85.0,-94.0,0.0,0.0,0.0,0.0,0.0,0.0,0.0,0.0,-86.0,0.0,0.0,0.0,0.0,0.0,0.0,0.0,0.0,0.0,0.0,0.0,0.0,0.0,-82.0,0.0,0.0,-76.0,0.0,Administracion
115,116,0.0,0.0,-87.0,0.0,0.0,0.0,0.0,0.0,-90.0,-71.0,0.0,0.0,0.0,0.0,0.0,-73.0,-72.0,-93.0,-92.0,0.0,0.0,0.0,0.0,0.0,-84.0,-84.0,0.0,0.0,0.0,0.0,0.0,0.0,-86.0,0.0,0.0,0.0,0.0,0.0,0.0,0.0,0.0,0.0,0.0,0.0,-86.0,-86.0,0.0,0.0,0.0,0.0,0.0,0.0,0.0,0.0,0.0,0.0,0.0,0.0,0.0,0.0,0.0,0.0,0.0,0.0,0.0,0.0,0.0,0.0,0.0,0.0,-59.0,-56.0,0.0,0.0,0.0,-56.0,0.0,0.0,0.0,0.0,-85.0,-94.0,0.0,0.0,0.0,0.0,0.0,0.0,0.0,0.0,-86.0,0.0,0.0,0.0,0.0,0.0,0.0,0.0,0.0,0.0,0.0,0.0,0.0,0.0,0.0,0.0,0.0,-76.0,0.0,Administracion
116,117,0.0,0.0,-87.0,0.0,0.0,0.0,0.0,0.0,-90.0,-71.0,0.0,0.0,0.0,0.0,0.0,-73.0,-72.0,-93.0,-92.0,0.0,0.0,0.0,0.0,0.0,-84.0,-84.0,0.0,0.0,0.0,0.0,0.0,0.0,-86.0,0.0,0.0,0.0,0.0,0.0,0.0,0.0,0.0,0.0,0.0,0.0,-86.0,-86.0,0.0,0.0,0.0,0.0,0.0,0.0,0.0,0.0,0.0,0.0,0.0,0.0,0.0,0.0,0.0,0.0,0.0,0.0,0.0,0.0,0.0,0.0,0.0,0.0,-59.0,-56.0,0.0,0.0,0.0,-56.0,0.0,0.0,0.0,0.0,-85.0,-94.0,0.0,0.0,0.0,0.0,0.0,0.0,0.0,0.0,-86.0,0.0,0.0,0.0,0.0,0.0,0.0,0.0,0.0,0.0,0.0,0.0,0.0,0.0,-82.0,0.0,0.0,-76.0,0.0,Administracion
117,118,0.0,0.0,-87.0,0.0,0.0,0.0,0.0,0.0,-90.0,-71.0,0.0,0.0,0.0,0.0,0.0,-73.0,-72.0,-93.0,-92.0,0.0,0.0,0.0,0.0,0.0,-84.0,-84.0,0.0,0.0,0.0,0.0,0.0,0.0,-86.0,0.0,0.0,0.0,0.0,0.0,0.0,0.0,0.0,0.0,0.0,0.0,-86.0,-86.0,0.0,0.0,0.0,0.0,0.0,0.0,0.0,0.0,0.0,0.0,0.0,0.0,0.0,0.0,0.0,0.0,0.0,0.0,0.0,0.0,0.0,0.0,0.0,0.0,-59.0,-56.0,0.0,0.0,0.0,-56.0,0.0,0.0,0.0,0.0,-85.0,-94.0,0.0,0.0,0.0,0.0,0.0,0.0,0.0,0.0,-86.0,0.0,0.0,0.0,0.0,0.0,0.0,0.0,0.0,0.0,0.0,0.0,0.0,0.0,-82.0,0.0,0.0,-76.0,0.0,Administracion
118,119,0.0,0.0,-87.0,0.0,0.0,0.0,0.0,0.0,-90.0,-71.0,0.0,0.0,0.0,0.0,0.0,-73.0,-72.0,-93.0,-92.0,0.0,0.0,0.0,0.0,0.0,-84.0,-84.0,0.0,0.0,0.0,0.0,0.0,0.0,-86.0,0.0,0.0,0.0,0.0,0.0,0.0,0.0,0.0,0.0,0.0,0.0,-86.0,-86.0,0.0,0.0,0.0,0.0,0.0,0.0,0.0,0.0,0.0,0.0,0.0,0.0,0.0,0.0,0.0,0.0,0.0,0.0,0.0,0.0,0.0,0.0,0.0,0.0,-59.0,-56.0,0.0,0.0,0.0,-56.0,0.0,0.0,0.0,0.0,-85.0,-94.0,0.0,0.0,0.0,0.0,0.0,0.0,0.0,0.0,-86.0,0.0,0.0,0.0,0.0,0.0,0.0,0.0,0.0,0.0,0.0,0.0,0.0,0.0,-82.0,0.0,0.0,-76.0,0.0,Administracion
119,120,0.0,0.0,-87.0,0.0,0.0,0.0,0.0,0.0,-90.0,-71.0,0.0,0.0,0.0,0.0,0.0,-73.0,-72.0,-93.0,-92.0,0.0,0.0,0.0,0.0,0.0,-84.0,-84.0,0.0,0.0,0.0,0.0,0.0,0.0,-86.0,0.0,0.0,0.0,0.0,0.0,0.0,0.0,0.0,0.0,0.0,0.0,-86.0,-86.0,0.0,0.0,0.0,0.0,0.0,0.0,0.0,0.0,0.0,0.0,0.0,0.0,0.0,0.0,0.0,0.0,0.0,0.0,0.0,0.0,0.0,0.0,0.0,0.0,-59.0,-56.0,0.0,0.0,0.0,-56.0,0.0,0.0,0.0,0.0,-85.0,-94.0,0.0,0.0,0.0,0.0,0.0,0.0,0.0,0.0,-86.0,0.0,0.0,0.0,0.0,0.0,0.0,0.0,0.0,0.0,0.0,0.0,0.0,0.0,-82.0,0.0,0.0,-76.0,0.0,Administracion
120,121,0.0,0.0,-87.0,0.0,0.0,0.0,0.0,0.0,-90.0,-71.0,0.0,0.0,0.0,0.0,0.0,-73.0,-72.0,-93.0,-92.0,0.0,0.0,0.0,0.0,0.0,-84.0,-84.0,0.0,0.0,0.0,0.0,0.0,0.0,-86.0,0.0,0.0,0.0,0.0,0.0,0.0,0.0,0.0,0.0,0.0,0.0,-86.0,-86.0,0.0,0.0,0.0,0.0,0.0,0.0,0.0,0.0,0.0,0.0,0.0,0.0,0.0,0.0,0.0,0.0,0.0,0.0,0.0,0.0,0.0,0.0,0.0,0.0,-59.0,-56.0,0.0,0.0,0.0,-56.0,0.0,0.0,0.0,0.0,-85.0,-94.0,0.0,0.0,0.0,0.0,0.0,0.0,0.0,0.0,-86.0,0.0,0.0,0.0,0.0,0.0,0.0,0.0,0.0,0.0,0.0,0.0,0.0,0.0,-82.0,0.0,0.0,-76.0,0.0,Administracion
121,122,0.0,0.0,-87.0,0.0,0.0,0.0,0.0,0.0,-90.0,-71.0,0.0,0.0,0.0,0.0,0.0,-73.0,-72.0,-93.0,-92.0,0.0,0.0,0.0,0.0,0.0,-84.0,-84.0,0.0,0.0,0.0,0.0,0.0,0.0,-86.0,0.0,0.0,0.0,0.0,0.0,0.0,0.0,0.0,0.0,0.0,0.0,-86.0,-86.0,0.0,0.0,0.0,0.0,0.0,0.0,0.0,0.0,0.0,0.0,0.0,0.0,0.0,0.0,0.0,0.0,0.0,0.0,0.0,0.0,0.0,0.0,0.0,0.0,-59.0,-56.0,0.0,0.0,0.0,-56.0,0.0,0.0,0.0,0.0,-85.0,-94.0,0.0,0.0,0.0,0.0,0.0,0.0,0.0,0.0,-86.0,0.0,0.0,0.0,0.0,0.0,0.0,0.0,0.0,0.0,0.0,0.0,0.0,0.0,-82.0,0.0,0.0,-76.0,0.0,Administracion
122,123,0.0,0.0,-87.0,0.0,0.0,0.0,0.0,0.0,-90.0,-71.0,0.0,0.0,0.0,0.0,0.0,-73.0,-72.0,-93.0,-92.0,0.0,0.0,0.0,0.0,0.0,-84.0,-84.0,0.0,0.0,0.0,0.0,0.0,0.0,-86.0,0.0,0.0,0.0,0.0,0.0,0.0,0.0,0.0,0.0,0.0,0.0,-86.0,-86.0,0.0,0.0,0.0,0.0,0.0,0.0,0.0,0.0,0.0,0.0,0.0,0.0,0.0,0.0,0.0,0.0,0.0,0.0,0.0,0.0,0.0,0.0,0.0,0.0,-59.0,-56.0,0.0,0.0,0.0,-56.0,0.0,0.0,0.0,0.0,-85.0,-94.0,0.0,0.0,0.0,0.0,0.0,0.0,0.0,0.0,-86.0,0.0,0.0,0.0,0.0,0.0,0.0,0.0,0.0,0.0,0.0,0.0,0.0,0.0,-82.0,0.0,0.0,-76.0,0.0,Administracion
123,124,0.0,0.0,-87.0,0.0,0.0,0.0,0.0,0.0,-90.0,-71.0,0.0,0.0,0.0,0.0,0.0,-73.0,-72.0,-93.0,-92.0,0.0,0.0,0.0,0.0,0.0,-84.0,-84.0,0.0,0.0,0.0,0.0,0.0,0.0,-86.0,0.0,0.0,0.0,0.0,0.0,0.0,0.0,0.0,0.0,0.0,0.0,-86.0,-86.0,0.0,0.0,0.0,0.0,0.0,0.0,0.0,0.0,0.0,0.0,0.0,0.0,0.0,0.0,0.0,0.0,0.0,0.0,0.0,0.0,0.0,0.0,0.0,0.0,-59.0,-56.0,0.0,0.0,0.0,-56.0,0.0,0.0,0.0,0.0,-85.0,-94.0,0.0,0.0,0.0,0.0,0.0,0.0,0.0,0.0,-86.0,0.0,0.0,0.0,0.0,0.0,0.0,0.0,0.0,0.0,0.0,0.0,0.0,0.0,-82.0,0.0,0.0,-76.0,0.0,Administracion
124,125,0.0,0.0,-87.0,0.0,0.0,0.0,0.0,0.0,-90.0,-71.0,0.0,0.0,0.0,0.0,0.0,-73.0,-72.0,-93.0,-92.0,0.0,0.0,0.0,0.0,0.0,-84.0,-84.0,0.0,0.0,0.0,0.0,0.0,0.0,-86.0,0.0,0.0,0.0,0.0,0.0,0.0,0.0,0.0,0.0,0.0,0.0,-86.0,-86.0,0.0,0.0,0.0,0.0,0.0,0.0,0.0,0.0,0.0,0.0,0.0,0.0,0.0,0.0,0.0,0.0,0.0,0.0,0.0,0.0,0.0,0.0,0.0,0.0,-59.0,-56.0,0.0,0.0,0.0,-56.0,0.0,0.0,0.0,0.0,-85.0,-94.0,0.0,0.0,0.0,0.0,0.0,0.0,0.0,0.0,-86.0,0.0,0.0,0.0,0.0,0.0,0.0,0.0,0.0,0.0,0.0,0.0,0.0,0.0,-82.0,0.0,0.0,-76.0,0.0,Administracion
125,126,0.0,0.0,-87.0,0.0,0.0,0.0,0.0,0.0,-90.0,-71.0,0.0,0.0,0.0,0.0,0.0,-73.0,-72.0,-93.0,-92.0,0.0,0.0,0.0,0.0,0.0,-84.0,-84.0,0.0,0.0,0.0,0.0,0.0,0.0,-86.0,0.0,0.0,0.0,0.0,0.0,0.0,0.0,0.0,0.0,0.0,0.0,0.0,0.0,0.0,0.0,0.0,0.0,0.0,0.0,0.0,0.0,0.0,0.0,0.0,0.0,0.0,0.0,0.0,0.0,0.0,0.0,0.0,0.0,0.0,0.0,0.0,0.0,-59.0,-56.0,0.0,0.0,0.0,-56.0,0.0,0.0,0.0,0.0,0.0,-94.0,0.0,0.0,0.0,0.0,0.0,0.0,0.0,0.0,-86.0,0.0,0.0,0.0,0.0,0.0,0.0,0.0,0.0,0.0,0.0,0.0,0.0,0.0,-82.0,0.0,0.0,-76.0,0.0,Administracion
126,127,0.0,0.0,-87.0,0.0,0.0,0.0,0.0,0.0,-90.0,-71.0,0.0,0.0,0.0,0.0,0.0,-73.0,-72.0,-93.0,-92.0,0.0,0.0,0.0,0.0,0.0,-84.0,-84.0,0.0,0.0,0.0,0.0,0.0,0.0,-86.0,0.0,0.0,0.0,0.0,0.0,0.0,0.0,0.0,0.0,0.0,0.0,0.0,0.0,0.0,0.0,0.0,0.0,0.0,0.0,0.0,0.0,0.0,0.0,0.0,0.0,0.0,0.0,0.0,0.0,0.0,0.0,0.0,0.0,0.0,0.0,0.0,0.0,-59.0,-56.0,0.0,0.0,0.0,-56.0,0.0,0.0,0.0,0.0,0.0,-94.0,0.0,0.0,0.0,0.0,0.0,0.0,0.0,0.0,-86.0,0.0,0.0,0.0,0.0,0.0,0.0,0.0,0.0,0.0,0.0,0.0,0.0,0.0,-82.0,0.0,0.0,-76.0,0.0,Administracion
127,128,0.0,0.0,-87.0,0.0,0.0,0.0,0.0,0.0,-90.0,-71.0,0.0,0.0,0.0,0.0,0.0,-73.0,-72.0,-93.0,-92.0,0.0,0.0,0.0,0.0,0.0,-84.0,-84.0,0.0,0.0,0.0,0.0,0.0,0.0,-86.0,0.0,0.0,0.0,0.0,0.0,0.0,0.0,0.0,0.0,0.0,0.0,0.0,0.0,0.0,0.0,0.0,0.0,0.0,0.0,0.0,0.0,0.0,0.0,0.0,0.0,0.0,0.0,0.0,0.0,0.0,0.0,0.0,0.0,0.0,0.0,0.0,0.0,-59.0,-56.0,0.0,0.0,0.0,-56.0,0.0,0.0,0.0,0.0,0.0,-94.0,0.0,0.0,0.0,0.0,0.0,0.0,0.0,0.0,-86.0,0.0,0.0,0.0,0.0,0.0,0.0,0.0,0.0,0.0,0.0,0.0,0.0,0.0,-82.0,0.0,0.0,-76.0,0.0,Administracion
128,129,0.0,0.0,-87.0,0.0,0.0,0.0,0.0,0.0,-90.0,-71.0,0.0,0.0,0.0,0.0,0.0,-73.0,-72.0,-93.0,-92.0,0.0,0.0,0.0,0.0,0.0,-84.0,-84.0,0.0,0.0,0.0,0.0,0.0,0.0,-86.0,0.0,0.0,0.0,0.0,0.0,0.0,0.0,0.0,0.0,0.0,0.0,0.0,0.0,0.0,0.0,0.0,0.0,0.0,0.0,0.0,0.0,0.0,0.0,0.0,0.0,0.0,0.0,0.0,0.0,0.0,0.0,0.0,0.0,0.0,0.0,0.0,0.0,-59.0,-56.0,0.0,0.0,0.0,-56.0,0.0,0.0,0.0,0.0,0.0,-94.0,0.0,0.0,0.0,0.0,0.0,0.0,0.0,0.0,-86.0,0.0,0.0,0.0,0.0,0.0,0.0,0.0,0.0,0.0,0.0,0.0,0.0,0.0,-82.0,0.0,0.0,-76.0,0.0,Administracion
129,130,0.0,0.0,-87.0,0.0,0.0,0.0,0.0,0.0,-90.0,-71.0,0.0,0.0,0.0,0.0,0.0,-73.0,-72.0,-93.0,-92.0,0.0,0.0,0.0,0.0,0.0,-84.0,-84.0,0.0,0.0,0.0,0.0,0.0,0.0,-86.0,0.0,0.0,0.0,0.0,0.0,0.0,0.0,0.0,0.0,0.0,0.0,0.0,0.0,0.0,0.0,0.0,0.0,0.0,0.0,0.0,0.0,0.0,0.0,0.0,0.0,0.0,0.0,0.0,0.0,0.0,0.0,0.0,0.0,0.0,0.0,0.0,0.0,-59.0,-56.0,0.0,0.0,0.0,-56.0,0.0,0.0,0.0,0.0,0.0,-94.0,0.0,0.0,0.0,0.0,0.0,0.0,0.0,0.0,-86.0,0.0,0.0,0.0,0.0,0.0,0.0,0.0,0.0,0.0,0.0,0.0,0.0,0.0,-82.0,0.0,0.0,-76.0,0.0,Administracion
130,131,0.0,0.0,-87.0,0.0,0.0,0.0,0.0,0.0,-90.0,-71.0,0.0,0.0,0.0,0.0,0.0,-73.0,-72.0,-93.0,-92.0,0.0,0.0,0.0,0.0,0.0,-84.0,-84.0,0.0,0.0,0.0,0.0,0.0,0.0,-86.0,0.0,0.0,0.0,0.0,0.0,0.0,0.0,0.0,0.0,0.0,0.0,0.0,0.0,0.0,0.0,0.0,0.0,0.0,0.0,0.0,0.0,0.0,0.0,0.0,0.0,0.0,0.0,0.0,0.0,0.0,0.0,0.0,0.0,0.0,0.0,0.0,0.0,-59.0,-56.0,0.0,0.0,0.0,-56.0,0.0,0.0,0.0,0.0,0.0,-94.0,0.0,0.0,0.0,0.0,0.0,0.0,0.0,0.0,-86.0,0.0,0.0,0.0,0.0,0.0,0.0,0.0,0.0,0.0,0.0,0.0,0.0,0.0,-82.0,0.0,0.0,-76.0,0.0,Administracion
131,132,0.0,0.0,-87.0,0.0,0.0,0.0,0.0,0.0,-90.0,-71.0,0.0,0.0,0.0,0.0,0.0,-73.0,-72.0,-93.0,-92.0,0.0,0.0,0.0,0.0,0.0,-84.0,-84.0,0.0,0.0,0.0,0.0,0.0,0.0,-86.0,0.0,0.0,0.0,0.0,0.0,0.0,0.0,0.0,0.0,0.0,0.0,0.0,0.0,0.0,0.0,0.0,0.0,0.0,0.0,0.0,0.0,0.0,0.0,0.0,0.0,0.0,0.0,0.0,0.0,0.0,0.0,0.0,0.0,0.0,0.0,0.0,0.0,-59.0,-56.0,0.0,0.0,0.0,-56.0,0.0,0.0,0.0,0.0,0.0,-94.0,0.0,0.0,0.0,0.0,0.0,0.0,0.0,0.0,-86.0,0.0,0.0,0.0,0.0,0.0,0.0,0.0,0.0,0.0,0.0,0.0,0.0,0.0,-82.0,0.0,0.0,-76.0,0.0,Administracion
132,133,0.0,0.0,-87.0,0.0,0.0,0.0,0.0,0.0,-90.0,-71.0,0.0,0.0,0.0,0.0,0.0,-73.0,-72.0,-93.0,-92.0,0.0,0.0,0.0,0.0,0.0,-84.0,-84.0,0.0,0.0,0.0,0.0,0.0,0.0,-86.0,0.0,0.0,0.0,0.0,0.0,0.0,0.0,0.0,0.0,0.0,0.0,0.0,0.0,0.0,0.0,0.0,0.0,0.0,0.0,0.0,0.0,0.0,0.0,0.0,0.0,0.0,0.0,0.0,0.0,0.0,0.0,0.0,0.0,0.0,0.0,0.0,0.0,-59.0,-56.0,0.0,0.0,0.0,-56.0,0.0,0.0,0.0,0.0,0.0,-94.0,0.0,0.0,0.0,0.0,0.0,0.0,0.0,0.0,-86.0,0.0,0.0,0.0,0.0,0.0,0.0,0.0,0.0,0.0,0.0,0.0,0.0,0.0,-82.0,0.0,0.0,-76.0,0.0,Administracion
133,134,0.0,0.0,-87.0,0.0,0.0,0.0,0.0,0.0,-90.0,-71.0,0.0,0.0,0.0,0.0,0.0,-73.0,-72.0,-93.0,-92.0,0.0,0.0,0.0,0.0,0.0,-84.0,-84.0,0.0,0.0,0.0,0.0,0.0,0.0,-86.0,0.0,0.0,0.0,0.0,0.0,0.0,0.0,0.0,0.0,0.0,0.0,0.0,0.0,0.0,0.0,0.0,0.0,0.0,0.0,0.0,0.0,0.0,0.0,0.0,0.0,0.0,0.0,0.0,0.0,0.0,0.0,0.0,0.0,0.0,0.0,0.0,0.0,-59.0,-56.0,0.0,0.0,0.0,-56.0,0.0,0.0,0.0,0.0,0.0,-94.0,0.0,0.0,0.0,0.0,0.0,0.0,0.0,0.0,-86.0,0.0,0.0,0.0,0.0,0.0,0.0,0.0,0.0,0.0,0.0,0.0,0.0,0.0,-82.0,0.0,0.0,-76.0,0.0,Administracion
134,135,0.0,0.0,-87.0,0.0,0.0,0.0,0.0,0.0,-90.0,-71.0,0.0,0.0,0.0,0.0,0.0,-73.0,-72.0,-93.0,-92.0,0.0,0.0,0.0,0.0,0.0,-84.0,-84.0,0.0,0.0,0.0,0.0,0.0,0.0,-86.0,0.0,0.0,0.0,0.0,0.0,0.0,0.0,0.0,0.0,0.0,0.0,0.0,0.0,0.0,0.0,0.0,0.0,0.0,0.0,0.0,0.0,0.0,0.0,0.0,0.0,0.0,0.0,0.0,0.0,0.0,0.0,0.0,0.0,0.0,0.0,0.0,0.0,-59.0,-56.0,0.0,0.0,0.0,-56.0,0.0,0.0,0.0,0.0,0.0,-94.0,0.0,0.0,0.0,0.0,0.0,0.0,0.0,0.0,-86.0,0.0,0.0,0.0,0.0,0.0,0.0,0.0,0.0,0.0,0.0,0.0,0.0,0.0,-82.0,0.0,0.0,-76.0,0.0,Administracion
135,136,0.0,0.0,0.0,0.0,0.0,0.0,0.0,0.0,-90.0,-71.0,-87.0,0.0,0.0,0.0,0.0,-74.0,-73.0,-92.0,-94.0,0.0,0.0,0.0,0.0,0.0,-85.0,-85.0,0.0,0.0,0.0,0.0,0.0,0.0,-86.0,0.0,0.0,0.0,0.0,0.0,0.0,0.0,0.0,0.0,0.0,0.0,0.0,0.0,0.0,0.0,0.0,0.0,0.0,0.0,0.0,0.0,0.0,0.0,0.0,0.0,0.0,0.0,0.0,0.0,0.0,0.0,0.0,0.0,0.0,0.0,0.0,0.0,-59.0,-57.0,0.0,0.0,0.0,-56.0,0.0,0.0,0.0,0.0,-89.0,0.0,0.0,0.0,0.0,0.0,0.0,0.0,0.0,0.0,-88.0,0.0,0.0,0.0,0.0,0.0,0.0,0.0,0.0,0.0,0.0,0.0,0.0,0.0,0.0,0.0,0.0,-75.0,0.0,Administracion
136,137,0.0,0.0,0.0,0.0,0.0,0.0,0.0,0.0,-90.0,-71.0,-87.0,0.0,0.0,0.0,0.0,-74.0,-73.0,-92.0,-94.0,0.0,0.0,0.0,0.0,0.0,-85.0,-85.0,0.0,0.0,0.0,0.0,0.0,0.0,-86.0,0.0,0.0,0.0,0.0,0.0,0.0,0.0,0.0,0.0,0.0,0.0,0.0,0.0,0.0,0.0,0.0,0.0,0.0,0.0,0.0,0.0,0.0,0.0,0.0,0.0,0.0,0.0,0.0,0.0,0.0,0.0,0.0,0.0,0.0,0.0,0.0,0.0,-59.0,-57.0,0.0,0.0,0.0,-56.0,0.0,0.0,0.0,0.0,-89.0,0.0,0.0,0.0,0.0,0.0,0.0,0.0,0.0,0.0,-88.0,0.0,0.0,0.0,0.0,0.0,0.0,0.0,0.0,0.0,0.0,0.0,0.0,0.0,0.0,0.0,0.0,-75.0,0.0,Administracion
137,138,0.0,0.0,0.0,0.0,0.0,0.0,0.0,0.0,-90.0,-71.0,-87.0,0.0,0.0,0.0,0.0,-74.0,-73.0,-92.0,-94.0,0.0,0.0,0.0,0.0,0.0,-85.0,-85.0,0.0,0.0,0.0,0.0,0.0,0.0,-86.0,0.0,0.0,0.0,0.0,0.0,0.0,0.0,0.0,0.0,0.0,0.0,0.0,0.0,0.0,0.0,0.0,0.0,0.0,0.0,0.0,0.0,0.0,0.0,0.0,0.0,0.0,0.0,0.0,0.0,0.0,0.0,0.0,0.0,0.0,0.0,0.0,0.0,-59.0,-57.0,0.0,0.0,0.0,-56.0,0.0,0.0,0.0,0.0,-89.0,0.0,0.0,0.0,0.0,0.0,0.0,0.0,0.0,0.0,-88.0,0.0,0.0,0.0,0.0,0.0,0.0,0.0,0.0,0.0,0.0,0.0,0.0,0.0,0.0,0.0,0.0,-75.0,0.0,Administracion
138,139,0.0,0.0,0.0,0.0,0.0,0.0,0.0,0.0,-90.0,-71.0,-87.0,0.0,0.0,0.0,0.0,-74.0,-73.0,-92.0,-94.0,0.0,0.0,0.0,0.0,0.0,-85.0,-85.0,0.0,0.0,0.0,0.0,0.0,0.0,-86.0,0.0,0.0,0.0,0.0,0.0,0.0,0.0,0.0,0.0,0.0,0.0,0.0,0.0,0.0,0.0,0.0,0.0,0.0,0.0,0.0,0.0,0.0,0.0,0.0,0.0,0.0,0.0,0.0,0.0,0.0,0.0,0.0,0.0,0.0,0.0,0.0,0.0,-59.0,-57.0,0.0,0.0,0.0,-56.0,0.0,0.0,0.0,0.0,-89.0,0.0,0.0,0.0,0.0,0.0,0.0,0.0,0.0,0.0,-88.0,0.0,0.0,0.0,0.0,0.0,0.0,0.0,0.0,0.0,0.0,0.0,0.0,0.0,0.0,0.0,0.0,-75.0,0.0,Administracion
139,140,0.0,0.0,0.0,0.0,0.0,0.0,0.0,0.0,-90.0,-71.0,-87.0,0.0,0.0,0.0,0.0,-74.0,-73.0,-92.0,-94.0,0.0,0.0,0.0,0.0,0.0,-85.0,-85.0,0.0,0.0,0.0,0.0,0.0,0.0,-86.0,0.0,0.0,0.0,0.0,0.0,0.0,0.0,0.0,0.0,0.0,0.0,0.0,0.0,0.0,0.0,0.0,0.0,0.0,0.0,0.0,0.0,0.0,0.0,0.0,0.0,0.0,0.0,0.0,0.0,0.0,0.0,0.0,0.0,0.0,0.0,0.0,0.0,-59.0,-57.0,0.0,0.0,0.0,-56.0,0.0,0.0,0.0,0.0,-89.0,0.0,0.0,0.0,0.0,0.0,0.0,0.0,0.0,0.0,-88.0,0.0,0.0,0.0,0.0,0.0,0.0,0.0,0.0,0.0,0.0,0.0,0.0,0.0,0.0,0.0,0.0,-75.0,0.0,Administracion
140,141,0.0,0.0,-87.0,0.0,0.0,0.0,0.0,0.0,-90.0,-71.0,-87.0,0.0,0.0,0.0,0.0,-74.0,-73.0,-92.0,-94.0,0.0,0.0,0.0,0.0,0.0,-85.0,-85.0,0.0,0.0,0.0,0.0,0.0,0.0,-86.0,0.0,0.0,0.0,0.0,0.0,0.0,0.0,0.0,0.0,0.0,0.0,0.0,0.0,0.0,0.0,0.0,0.0,0.0,0.0,0.0,0.0,0.0,0.0,0.0,0.0,0.0,0.0,0.0,0.0,0.0,0.0,0.0,0.0,0.0,0.0,0.0,0.0,-59.0,-57.0,0.0,0.0,0.0,-56.0,0.0,0.0,0.0,0.0,-89.0,-94.0,0.0,0.0,0.0,0.0,0.0,0.0,0.0,0.0,-88.0,0.0,0.0,0.0,0.0,0.0,0.0,0.0,0.0,0.0,0.0,0.0,0.0,0.0,-82.0,0.0,0.0,-75.0,0.0,Administracion
141,142,0.0,0.0,-87.0,0.0,0.0,0.0,0.0,0.0,-90.0,-71.0,-87.0,0.0,0.0,0.0,0.0,-74.0,-73.0,-92.0,-94.0,0.0,0.0,0.0,0.0,0.0,-85.0,-85.0,0.0,0.0,0.0,0.0,0.0,0.0,-86.0,0.0,0.0,0.0,0.0,0.0,0.0,0.0,0.0,0.0,0.0,0.0,0.0,0.0,0.0,0.0,0.0,0.0,0.0,0.0,0.0,0.0,0.0,0.0,0.0,0.0,0.0,0.0,0.0,0.0,0.0,0.0,0.0,0.0,0.0,0.0,0.0,0.0,-59.0,-57.0,0.0,0.0,0.0,-56.0,0.0,0.0,0.0,0.0,-89.0,-94.0,0.0,0.0,0.0,0.0,0.0,0.0,0.0,0.0,-88.0,0.0,0.0,0.0,0.0,0.0,0.0,0.0,0.0,0.0,0.0,0.0,0.0,0.0,-82.0,0.0,0.0,-75.0,0.0,Administracion
142,143,0.0,0.0,-87.0,0.0,0.0,0.0,0.0,0.0,-90.0,-71.0,-87.0,0.0,0.0,0.0,0.0,-74.0,-73.0,-92.0,-94.0,0.0,0.0,0.0,0.0,0.0,-85.0,-85.0,0.0,0.0,0.0,0.0,0.0,0.0,-86.0,0.0,0.0,0.0,0.0,0.0,0.0,0.0,0.0,0.0,0.0,0.0,0.0,0.0,0.0,0.0,0.0,0.0,0.0,0.0,0.0,0.0,0.0,0.0,0.0,0.0,0.0,0.0,0.0,0.0,0.0,0.0,0.0,0.0,0.0,0.0,0.0,0.0,-59.0,-57.0,0.0,0.0,0.0,-56.0,0.0,0.0,0.0,0.0,-89.0,-94.0,0.0,0.0,0.0,0.0,0.0,0.0,0.0,0.0,-88.0,0.0,0.0,0.0,0.0,0.0,0.0,0.0,0.0,0.0,0.0,0.0,0.0,0.0,-82.0,0.0,0.0,-75.0,0.0,Administracion
143,144,0.0,0.0,-87.0,0.0,0.0,0.0,0.0,0.0,-90.0,-71.0,-87.0,0.0,0.0,0.0,0.0,-74.0,-73.0,-92.0,-94.0,0.0,0.0,0.0,0.0,0.0,-85.0,-85.0,0.0,0.0,0.0,0.0,0.0,0.0,-86.0,0.0,0.0,0.0,0.0,0.0,0.0,0.0,0.0,0.0,0.0,0.0,0.0,0.0,0.0,0.0,0.0,0.0,0.0,0.0,0.0,0.0,0.0,0.0,0.0,0.0,0.0,0.0,0.0,0.0,0.0,0.0,0.0,0.0,0.0,0.0,0.0,0.0,-59.0,-57.0,0.0,0.0,0.0,-56.0,0.0,0.0,0.0,0.0,-89.0,-94.0,0.0,0.0,0.0,0.0,0.0,0.0,0.0,0.0,-88.0,0.0,0.0,0.0,0.0,0.0,0.0,0.0,0.0,0.0,0.0,0.0,0.0,0.0,-82.0,0.0,0.0,-75.0,0.0,Administracion
144,145,0.0,0.0,-87.0,0.0,0.0,0.0,0.0,0.0,-90.0,-71.0,-87.0,0.0,0.0,0.0,0.0,-74.0,-73.0,-92.0,-94.0,0.0,0.0,0.0,0.0,0.0,-85.0,-85.0,0.0,0.0,0.0,0.0,0.0,0.0,-86.0,0.0,0.0,0.0,0.0,0.0,0.0,0.0,0.0,0.0,0.0,0.0,0.0,0.0,0.0,0.0,0.0,0.0,0.0,0.0,0.0,0.0,0.0,0.0,0.0,0.0,0.0,0.0,0.0,0.0,0.0,0.0,0.0,0.0,0.0,0.0,0.0,0.0,-59.0,-57.0,0.0,0.0,0.0,-56.0,0.0,0.0,0.0,0.0,-89.0,-94.0,0.0,0.0,0.0,0.0,0.0,0.0,0.0,0.0,-88.0,0.0,0.0,0.0,0.0,0.0,0.0,0.0,0.0,0.0,0.0,0.0,0.0,0.0,-82.0,0.0,0.0,-75.0,0.0,Administracion
145,146,0.0,0.0,-87.0,0.0,0.0,0.0,0.0,0.0,-90.0,-71.0,-87.0,0.0,0.0,0.0,0.0,-74.0,-73.0,-92.0,-94.0,0.0,0.0,0.0,0.0,0.0,-85.0,-85.0,0.0,0.0,0.0,0.0,0.0,0.0,-86.0,0.0,0.0,0.0,0.0,0.0,0.0,0.0,0.0,0.0,0.0,0.0,0.0,0.0,0.0,0.0,0.0,0.0,0.0,0.0,0.0,0.0,0.0,0.0,0.0,0.0,0.0,0.0,0.0,0.0,0.0,0.0,0.0,0.0,0.0,0.0,0.0,0.0,-59.0,-57.0,0.0,0.0,0.0,-56.0,0.0,0.0,0.0,0.0,-89.0,-94.0,0.0,0.0,0.0,0.0,0.0,0.0,0.0,0.0,-88.0,0.0,0.0,0.0,0.0,0.0,0.0,0.0,0.0,0.0,0.0,0.0,0.0,0.0,-82.0,0.0,0.0,-75.0,0.0,Administracion
146,147,0.0,0.0,-87.0,0.0,0.0,0.0,0.0,0.0,-90.0,-71.0,-87.0,0.0,0.0,0.0,0.0,-74.0,-73.0,-92.0,-94.0,0.0,0.0,0.0,0.0,0.0,-85.0,-85.0,0.0,0.0,0.0,0.0,0.0,0.0,-86.0,0.0,0.0,0.0,0.0,0.0,0.0,0.0,0.0,0.0,0.0,0.0,0.0,0.0,0.0,0.0,0.0,0.0,0.0,0.0,0.0,0.0,0.0,0.0,0.0,0.0,0.0,0.0,0.0,0.0,0.0,0.0,0.0,0.0,0.0,0.0,0.0,0.0,-59.0,-57.0,0.0,0.0,0.0,-56.0,0.0,0.0,0.0,0.0,-89.0,-94.0,0.0,0.0,0.0,0.0,0.0,0.0,0.0,0.0,-88.0,0.0,0.0,0.0,0.0,0.0,0.0,0.0,0.0,0.0,0.0,0.0,0.0,0.0,-82.0,0.0,0.0,-75.0,0.0,Administracion
147,148,0.0,0.0,-87.0,0.0,0.0,0.0,0.0,0.0,-90.0,-71.0,-87.0,0.0,0.0,0.0,0.0,-74.0,-73.0,-92.0,-94.0,0.0,0.0,0.0,0.0,0.0,-85.0,-85.0,0.0,0.0,0.0,0.0,0.0,0.0,-86.0,0.0,0.0,0.0,0.0,0.0,0.0,0.0,0.0,0.0,0.0,0.0,0.0,0.0,0.0,0.0,0.0,0.0,0.0,0.0,0.0,0.0,0.0,0.0,0.0,0.0,0.0,0.0,0.0,0.0,0.0,0.0,0.0,0.0,0.0,0.0,0.0,0.0,-59.0,-57.0,0.0,0.0,0.0,-56.0,0.0,0.0,0.0,0.0,-89.0,-94.0,0.0,0.0,0.0,0.0,0.0,0.0,0.0,0.0,-88.0,0.0,0.0,0.0,0.0,0.0,0.0,0.0,0.0,0.0,0.0,0.0,0.0,0.0,-82.0,0.0,0.0,-75.0,0.0,Administracion
148,149,0.0,0.0,-87.0,0.0,0.0,0.0,0.0,0.0,-90.0,-71.0,-87.0,0.0,0.0,0.0,0.0,-74.0,-73.0,-92.0,-94.0,0.0,0.0,0.0,0.0,0.0,-85.0,-85.0,0.0,0.0,0.0,0.0,0.0,0.0,-86.0,0.0,0.0,0.0,0.0,0.0,0.0,0.0,0.0,0.0,0.0,0.0,0.0,0.0,0.0,0.0,0.0,0.0,0.0,0.0,0.0,0.0,0.0,0.0,0.0,0.0,0.0,0.0,0.0,0.0,0.0,0.0,0.0,0.0,0.0,0.0,0.0,0.0,-59.0,-57.0,0.0,0.0,0.0,-56.0,0.0,0.0,0.0,0.0,-89.0,-94.0,0.0,0.0,0.0,0.0,0.0,0.0,0.0,0.0,-88.0,0.0,0.0,0.0,0.0,0.0,0.0,0.0,0.0,0.0,0.0,0.0,0.0,0.0,-82.0,0.0,0.0,-75.0,0.0,Administracion
149,150,0.0,0.0,-87.0,0.0,0.0,0.0,0.0,0.0,-90.0,-71.0,-87.0,0.0,0.0,0.0,0.0,-74.0,-73.0,-92.0,-94.0,0.0,0.0,0.0,0.0,0.0,-85.0,-85.0,0.0,0.0,0.0,0.0,0.0,0.0,-86.0,0.0,0.0,0.0,0.0,0.0,0.0,0.0,0.0,0.0,0.0,0.0,0.0,0.0,0.0,0.0,0.0,0.0,0.0,0.0,0.0,0.0,0.0,0.0,0.0,0.0,0.0,0.0,0.0,0.0,0.0,0.0,0.0,0.0,0.0,0.0,0.0,0.0,-59.0,-57.0,0.0,0.0,0.0,-56.0,0.0,0.0,0.0,0.0,-89.0,-94.0,0.0,0.0,0.0,0.0,0.0,0.0,0.0,0.0,-88.0,0.0,0.0,0.0,0.0,0.0,0.0,0.0,0.0,0.0,0.0,0.0,0.0,0.0,-82.0,0.0,0.0,-75.0,0.0,Administracion
150,151,0.0,0.0,-87.0,0.0,0.0,0.0,0.0,0.0,-90.0,-71.0,-87.0,0.0,0.0,0.0,0.0,-74.0,-73.0,-92.0,-94.0,0.0,0.0,0.0,0.0,0.0,-85.0,-85.0,0.0,0.0,0.0,0.0,0.0,0.0,-86.0,0.0,0.0,0.0,0.0,0.0,0.0,0.0,0.0,0.0,0.0,0.0,0.0,0.0,0.0,0.0,0.0,0.0,0.0,0.0,0.0,0.0,0.0,0.0,0.0,0.0,0.0,0.0,0.0,0.0,0.0,0.0,0.0,0.0,0.0,0.0,0.0,0.0,-59.0,-57.0,0.0,0.0,0.0,-56.0,0.0,0.0,0.0,0.0,-89.0,-94.0,0.0,0.0,0.0,0.0,0.0,0.0,0.0,0.0,-88.0,0.0,0.0,0.0,0.0,0.0,0.0,0.0,0.0,0.0,0.0,0.0,0.0,0.0,-82.0,0.0,0.0,-75.0,0.0,Administracion
151,152,0.0,0.0,-87.0,0.0,0.0,0.0,0.0,0.0,-90.0,-71.0,-87.0,0.0,0.0,0.0,0.0,-74.0,-73.0,-92.0,-94.0,0.0,0.0,0.0,0.0,0.0,-85.0,-85.0,0.0,0.0,0.0,0.0,0.0,0.0,-86.0,0.0,0.0,0.0,0.0,0.0,0.0,0.0,0.0,0.0,0.0,0.0,0.0,0.0,0.0,0.0,0.0,0.0,0.0,0.0,0.0,0.0,0.0,0.0,0.0,0.0,0.0,0.0,0.0,0.0,0.0,0.0,0.0,0.0,0.0,0.0,0.0,0.0,-59.0,-57.0,0.0,0.0,0.0,-56.0,0.0,0.0,0.0,0.0,-89.0,-94.0,0.0,0.0,0.0,0.0,0.0,0.0,0.0,0.0,-88.0,0.0,0.0,0.0,0.0,0.0,0.0,0.0,0.0,0.0,0.0,0.0,0.0,0.0,-82.0,0.0,0.0,-75.0,0.0,Administracion
152,153,0.0,0.0,-87.0,0.0,0.0,0.0,0.0,0.0,-90.0,-71.0,-87.0,0.0,0.0,0.0,0.0,-74.0,-73.0,-92.0,-94.0,0.0,0.0,0.0,0.0,0.0,-85.0,-85.0,0.0,0.0,0.0,0.0,0.0,0.0,-86.0,0.0,0.0,0.0,0.0,0.0,0.0,0.0,0.0,0.0,0.0,0.0,0.0,0.0,0.0,0.0,0.0,0.0,0.0,0.0,0.0,0.0,0.0,0.0,0.0,0.0,0.0,0.0,0.0,0.0,0.0,0.0,0.0,0.0,0.0,0.0,0.0,0.0,-59.0,-57.0,0.0,0.0,0.0,-56.0,0.0,0.0,0.0,0.0,-89.0,-94.0,0.0,0.0,0.0,0.0,0.0,0.0,0.0,0.0,-88.0,0.0,0.0,0.0,0.0,0.0,0.0,0.0,0.0,0.0,0.0,0.0,0.0,0.0,-82.0,0.0,0.0,-75.0,0.0,Administracion
153,154,0.0,0.0,-87.0,0.0,0.0,0.0,0.0,0.0,-90.0,-71.0,-87.0,0.0,0.0,0.0,0.0,-74.0,-73.0,-92.0,-94.0,0.0,0.0,0.0,0.0,0.0,-85.0,-85.0,0.0,0.0,0.0,0.0,0.0,0.0,-86.0,0.0,0.0,0.0,0.0,0.0,0.0,0.0,0.0,0.0,0.0,0.0,0.0,0.0,0.0,0.0,0.0,0.0,0.0,0.0,0.0,0.0,0.0,0.0,0.0,0.0,0.0,0.0,0.0,0.0,0.0,0.0,0.0,0.0,0.0,0.0,0.0,0.0,-59.0,-57.0,0.0,0.0,0.0,-56.0,0.0,0.0,0.0,0.0,-89.0,-94.0,0.0,0.0,0.0,0.0,0.0,0.0,0.0,0.0,-88.0,0.0,0.0,0.0,0.0,0.0,0.0,0.0,0.0,0.0,0.0,0.0,0.0,0.0,-82.0,0.0,0.0,-75.0,0.0,Administracion
154,155,0.0,0.0,-87.0,0.0,0.0,0.0,0.0,0.0,-90.0,-71.0,-87.0,0.0,0.0,0.0,0.0,-74.0,-73.0,-92.0,-94.0,0.0,0.0,0.0,0.0,0.0,-85.0,-85.0,0.0,0.0,0.0,0.0,0.0,0.0,-86.0,0.0,0.0,0.0,0.0,0.0,0.0,0.0,0.0,0.0,0.0,0.0,0.0,0.0,0.0,0.0,0.0,0.0,0.0,0.0,0.0,0.0,0.0,0.0,0.0,0.0,0.0,0.0,0.0,0.0,0.0,0.0,0.0,0.0,0.0,0.0,0.0,0.0,-59.0,-57.0,0.0,0.0,0.0,-56.0,0.0,0.0,0.0,0.0,-89.0,-94.0,0.0,0.0,0.0,0.0,0.0,0.0,0.0,0.0,-88.0,0.0,0.0,0.0,0.0,0.0,0.0,0.0,0.0,0.0,0.0,0.0,0.0,0.0,-82.0,0.0,0.0,-75.0,0.0,Administracion
155,156,0.0,0.0,-87.0,0.0,0.0,0.0,0.0,0.0,-90.0,-71.0,-87.0,0.0,0.0,0.0,0.0,-74.0,-73.0,-92.0,-94.0,0.0,0.0,0.0,0.0,0.0,-85.0,-85.0,0.0,0.0,0.0,0.0,0.0,0.0,-86.0,0.0,0.0,0.0,0.0,0.0,0.0,0.0,0.0,0.0,0.0,0.0,0.0,0.0,0.0,0.0,0.0,0.0,0.0,0.0,0.0,0.0,0.0,0.0,0.0,0.0,0.0,0.0,0.0,0.0,0.0,0.0,0.0,0.0,0.0,0.0,0.0,0.0,-59.0,-57.0,0.0,0.0,0.0,-56.0,0.0,0.0,0.0,0.0,-89.0,-94.0,0.0,0.0,0.0,0.0,0.0,0.0,0.0,0.0,-88.0,0.0,0.0,0.0,0.0,0.0,0.0,0.0,0.0,0.0,0.0,0.0,0.0,0.0,-82.0,0.0,0.0,-75.0,0.0,Administracion
156,157,0.0,0.0,-87.0,0.0,0.0,0.0,0.0,0.0,-90.0,-71.0,-87.0,0.0,0.0,0.0,0.0,-74.0,-73.0,-92.0,-94.0,0.0,0.0,0.0,0.0,0.0,-85.0,-85.0,0.0,0.0,0.0,0.0,0.0,0.0,-86.0,0.0,0.0,0.0,0.0,0.0,0.0,0.0,0.0,0.0,0.0,0.0,0.0,0.0,0.0,0.0,0.0,0.0,0.0,0.0,0.0,0.0,0.0,0.0,0.0,0.0,0.0,0.0,0.0,0.0,0.0,0.0,0.0,0.0,0.0,0.0,0.0,0.0,-59.0,-57.0,0.0,0.0,0.0,-56.0,0.0,0.0,0.0,0.0,-89.0,-94.0,0.0,0.0,0.0,0.0,0.0,0.0,0.0,0.0,-88.0,0.0,0.0,0.0,0.0,0.0,0.0,0.0,0.0,0.0,0.0,0.0,0.0,0.0,-82.0,0.0,0.0,-75.0,0.0,Administracion
157,158,0.0,0.0,-87.0,0.0,0.0,0.0,0.0,0.0,-90.0,-71.0,-87.0,0.0,0.0,0.0,0.0,-74.0,-73.0,-92.0,-94.0,0.0,0.0,0.0,0.0,0.0,-85.0,-85.0,0.0,0.0,0.0,0.0,0.0,0.0,-86.0,0.0,0.0,0.0,0.0,0.0,0.0,0.0,0.0,0.0,0.0,0.0,0.0,0.0,0.0,0.0,0.0,0.0,0.0,0.0,0.0,0.0,0.0,0.0,0.0,0.0,0.0,0.0,0.0,0.0,0.0,0.0,0.0,0.0,0.0,0.0,0.0,0.0,-59.0,-57.0,0.0,0.0,0.0,-56.0,0.0,0.0,0.0,0.0,-89.0,-94.0,0.0,0.0,0.0,0.0,0.0,0.0,0.0,0.0,-88.0,0.0,0.0,0.0,0.0,0.0,0.0,0.0,0.0,0.0,0.0,0.0,0.0,0.0,-82.0,0.0,0.0,-75.0,0.0,Administracion
158,159,0.0,0.0,-87.0,0.0,0.0,0.0,0.0,0.0,-90.0,-71.0,-87.0,0.0,0.0,0.0,0.0,-74.0,-73.0,-92.0,-94.0,0.0,0.0,0.0,0.0,0.0,-85.0,-85.0,0.0,0.0,0.0,0.0,0.0,0.0,-86.0,0.0,0.0,0.0,0.0,0.0,0.0,0.0,0.0,0.0,0.0,0.0,0.0,0.0,0.0,0.0,0.0,0.0,0.0,0.0,0.0,0.0,0.0,0.0,0.0,0.0,0.0,0.0,0.0,0.0,0.0,0.0,0.0,0.0,0.0,0.0,0.0,0.0,-59.0,-57.0,0.0,0.0,0.0,-56.0,0.0,0.0,0.0,0.0,-89.0,-94.0,0.0,0.0,0.0,0.0,0.0,0.0,0.0,0.0,-88.0,0.0,0.0,0.0,0.0,0.0,0.0,0.0,0.0,0.0,0.0,0.0,0.0,0.0,-82.0,0.0,0.0,-75.0,0.0,Administracion
159,160,0.0,0.0,-87.0,0.0,0.0,0.0,0.0,0.0,-90.0,-71.0,-87.0,0.0,0.0,0.0,0.0,-74.0,-73.0,-92.0,-94.0,0.0,0.0,0.0,0.0,0.0,-85.0,-85.0,0.0,0.0,0.0,0.0,0.0,0.0,-86.0,0.0,0.0,0.0,0.0,0.0,0.0,0.0,0.0,0.0,0.0,0.0,0.0,0.0,0.0,0.0,0.0,0.0,0.0,0.0,0.0,0.0,0.0,0.0,0.0,0.0,0.0,0.0,0.0,0.0,0.0,0.0,0.0,0.0,0.0,0.0,0.0,0.0,-59.0,-57.0,0.0,0.0,0.0,-56.0,0.0,0.0,0.0,0.0,-89.0,-94.0,0.0,0.0,0.0,0.0,0.0,0.0,0.0,0.0,-88.0,0.0,0.0,0.0,0.0,0.0,0.0,0.0,0.0,0.0,0.0,0.0,0.0,0.0,-82.0,0.0,0.0,-75.0,0.0,Administracion
160,161,0.0,0.0,-87.0,0.0,0.0,0.0,0.0,0.0,-90.0,-71.0,-87.0,0.0,0.0,0.0,0.0,-74.0,-73.0,-92.0,-94.0,0.0,0.0,0.0,0.0,0.0,-85.0,-85.0,0.0,0.0,0.0,0.0,0.0,0.0,-86.0,0.0,0.0,0.0,0.0,0.0,0.0,0.0,0.0,0.0,0.0,0.0,0.0,0.0,0.0,0.0,0.0,0.0,0.0,0.0,0.0,0.0,0.0,0.0,0.0,0.0,0.0,0.0,0.0,0.0,0.0,0.0,0.0,0.0,0.0,0.0,0.0,0.0,-59.0,-57.0,0.0,0.0,0.0,-56.0,0.0,0.0,0.0,0.0,-89.0,-94.0,0.0,0.0,0.0,0.0,0.0,0.0,0.0,0.0,-88.0,0.0,0.0,0.0,0.0,0.0,0.0,0.0,0.0,0.0,0.0,0.0,0.0,0.0,-82.0,0.0,0.0,-75.0,0.0,Administracion
161,162,0.0,0.0,-87.0,0.0,0.0,0.0,0.0,0.0,-90.0,-71.0,-87.0,0.0,0.0,0.0,0.0,-74.0,-73.0,-92.0,-94.0,0.0,0.0,0.0,0.0,0.0,-85.0,-85.0,0.0,0.0,0.0,0.0,0.0,0.0,-86.0,0.0,0.0,0.0,0.0,0.0,0.0,0.0,0.0,0.0,0.0,0.0,0.0,0.0,0.0,0.0,0.0,0.0,0.0,0.0,0.0,0.0,0.0,0.0,0.0,0.0,0.0,0.0,0.0,0.0,0.0,0.0,0.0,0.0,0.0,0.0,0.0,0.0,-59.0,-57.0,0.0,0.0,0.0,-56.0,0.0,0.0,0.0,0.0,-89.0,-94.0,0.0,0.0,0.0,0.0,0.0,0.0,0.0,0.0,-88.0,0.0,0.0,0.0,0.0,0.0,0.0,0.0,0.0,0.0,0.0,0.0,0.0,0.0,-82.0,0.0,0.0,-75.0,0.0,Administracion
162,163,0.0,0.0,-87.0,0.0,0.0,0.0,0.0,0.0,-90.0,-71.0,-87.0,0.0,0.0,0.0,0.0,-74.0,-73.0,-92.0,-94.0,0.0,0.0,0.0,0.0,0.0,-85.0,-85.0,0.0,0.0,0.0,0.0,0.0,0.0,-86.0,0.0,0.0,0.0,0.0,0.0,0.0,0.0,0.0,0.0,0.0,0.0,0.0,0.0,0.0,0.0,0.0,0.0,0.0,0.0,0.0,0.0,0.0,0.0,0.0,0.0,0.0,0.0,0.0,0.0,0.0,0.0,0.0,0.0,0.0,0.0,0.0,0.0,-59.0,-57.0,0.0,0.0,0.0,-56.0,0.0,0.0,0.0,0.0,-89.0,-94.0,0.0,0.0,0.0,0.0,0.0,0.0,0.0,0.0,-88.0,0.0,0.0,0.0,0.0,0.0,0.0,0.0,0.0,0.0,0.0,0.0,0.0,0.0,-82.0,0.0,0.0,-75.0,0.0,Administracion
163,164,0.0,0.0,-87.0,0.0,0.0,0.0,0.0,0.0,-90.0,-71.0,-87.0,0.0,0.0,0.0,0.0,-74.0,-73.0,-92.0,-94.0,0.0,0.0,0.0,0.0,0.0,-85.0,-85.0,0.0,0.0,0.0,0.0,0.0,0.0,-86.0,0.0,0.0,0.0,0.0,0.0,0.0,0.0,0.0,0.0,0.0,0.0,0.0,0.0,0.0,0.0,0.0,0.0,0.0,0.0,0.0,0.0,0.0,0.0,0.0,0.0,0.0,0.0,0.0,0.0,0.0,0.0,0.0,0.0,0.0,0.0,0.0,0.0,-59.0,-57.0,0.0,0.0,0.0,-56.0,0.0,0.0,0.0,0.0,-89.0,-94.0,0.0,0.0,0.0,0.0,0.0,0.0,0.0,0.0,-88.0,0.0,0.0,0.0,0.0,0.0,0.0,0.0,0.0,0.0,0.0,0.0,0.0,0.0,-82.0,0.0,0.0,-75.0,0.0,Administracion
164,165,0.0,0.0,-87.0,0.0,0.0,0.0,0.0,0.0,-90.0,-71.0,-87.0,0.0,0.0,0.0,0.0,-74.0,-73.0,-92.0,-94.0,0.0,0.0,0.0,0.0,0.0,-85.0,-85.0,0.0,0.0,0.0,0.0,0.0,0.0,-86.0,0.0,0.0,0.0,0.0,0.0,0.0,0.0,0.0,0.0,0.0,0.0,0.0,0.0,0.0,0.0,0.0,0.0,0.0,0.0,0.0,0.0,0.0,0.0,0.0,0.0,0.0,0.0,0.0,0.0,0.0,0.0,0.0,0.0,0.0,0.0,0.0,0.0,-59.0,-57.0,0.0,0.0,0.0,-56.0,0.0,0.0,0.0,0.0,-89.0,-94.0,0.0,0.0,0.0,0.0,0.0,0.0,0.0,0.0,-88.0,0.0,0.0,0.0,0.0,0.0,0.0,0.0,0.0,0.0,0.0,0.0,0.0,0.0,-82.0,0.0,0.0,-75.0,0.0,Administracion
165,166,0.0,0.0,-87.0,0.0,0.0,0.0,0.0,0.0,-90.0,-71.0,-87.0,0.0,0.0,0.0,0.0,-74.0,-73.0,-92.0,-94.0,0.0,0.0,0.0,0.0,0.0,-85.0,-85.0,0.0,0.0,0.0,0.0,0.0,0.0,-86.0,0.0,0.0,0.0,0.0,0.0,0.0,0.0,0.0,0.0,0.0,0.0,0.0,0.0,0.0,0.0,0.0,0.0,0.0,0.0,0.0,0.0,0.0,0.0,0.0,0.0,0.0,0.0,0.0,0.0,0.0,0.0,0.0,0.0,0.0,0.0,0.0,0.0,-59.0,-57.0,0.0,0.0,0.0,-56.0,0.0,0.0,0.0,0.0,-89.0,-94.0,0.0,0.0,0.0,0.0,0.0,0.0,0.0,0.0,-88.0,0.0,0.0,0.0,0.0,0.0,0.0,0.0,0.0,0.0,0.0,0.0,0.0,0.0,-82.0,0.0,0.0,-75.0,0.0,Administracion
166,167,0.0,0.0,-87.0,0.0,0.0,0.0,0.0,0.0,-90.0,-71.0,-87.0,0.0,0.0,0.0,0.0,-74.0,-73.0,-92.0,-94.0,0.0,0.0,0.0,0.0,0.0,-85.0,-85.0,0.0,0.0,0.0,0.0,0.0,0.0,-86.0,0.0,0.0,0.0,0.0,0.0,0.0,0.0,0.0,0.0,0.0,0.0,0.0,0.0,0.0,0.0,0.0,0.0,0.0,0.0,0.0,0.0,0.0,0.0,0.0,0.0,0.0,0.0,0.0,0.0,0.0,0.0,0.0,0.0,0.0,0.0,0.0,0.0,-59.0,-57.0,0.0,0.0,0.0,-56.0,0.0,0.0,0.0,0.0,-89.0,-94.0,0.0,0.0,0.0,0.0,0.0,0.0,0.0,0.0,-88.0,0.0,0.0,0.0,0.0,0.0,0.0,0.0,0.0,0.0,0.0,0.0,0.0,0.0,-82.0,0.0,0.0,-75.0,0.0,Administracion
167,168,0.0,0.0,-87.0,0.0,0.0,0.0,0.0,0.0,-90.0,-71.0,-87.0,0.0,0.0,0.0,0.0,-74.0,-73.0,-92.0,-94.0,0.0,0.0,0.0,0.0,0.0,-85.0,-85.0,0.0,0.0,0.0,0.0,0.0,0.0,-86.0,0.0,0.0,0.0,0.0,0.0,0.0,0.0,0.0,0.0,0.0,0.0,0.0,0.0,0.0,0.0,0.0,0.0,0.0,0.0,0.0,0.0,0.0,0.0,0.0,0.0,0.0,0.0,0.0,0.0,0.0,0.0,0.0,0.0,0.0,0.0,0.0,0.0,-59.0,-57.0,0.0,0.0,0.0,-56.0,0.0,0.0,0.0,0.0,-89.0,-94.0,0.0,0.0,0.0,0.0,0.0,0.0,0.0,0.0,-88.0,0.0,0.0,0.0,0.0,0.0,0.0,0.0,0.0,0.0,0.0,0.0,0.0,0.0,-82.0,0.0,0.0,-75.0,0.0,Administracion
168,169,0.0,0.0,-87.0,0.0,0.0,0.0,0.0,0.0,-90.0,-71.0,-87.0,0.0,0.0,0.0,0.0,-74.0,-73.0,-92.0,-94.0,0.0,0.0,0.0,0.0,0.0,-85.0,-85.0,0.0,0.0,0.0,0.0,0.0,0.0,-86.0,0.0,0.0,0.0,0.0,0.0,0.0,0.0,0.0,0.0,0.0,0.0,0.0,0.0,0.0,0.0,0.0,0.0,0.0,0.0,0.0,0.0,0.0,0.0,0.0,0.0,0.0,0.0,0.0,0.0,0.0,0.0,0.0,0.0,0.0,0.0,0.0,0.0,-59.0,-57.0,0.0,0.0,0.0,-56.0,0.0,0.0,0.0,0.0,-89.0,-94.0,0.0,0.0,0.0,0.0,0.0,0.0,0.0,0.0,-88.0,0.0,0.0,0.0,0.0,0.0,0.0,0.0,0.0,0.0,0.0,0.0,0.0,0.0,-82.0,0.0,0.0,-75.0,0.0,Administracion
169,170,0.0,0.0,-87.0,0.0,0.0,0.0,0.0,0.0,-90.0,-71.0,-87.0,0.0,0.0,0.0,0.0,-74.0,-73.0,-92.0,-94.0,0.0,0.0,0.0,0.0,0.0,-85.0,-85.0,0.0,0.0,0.0,0.0,0.0,0.0,-86.0,0.0,0.0,0.0,0.0,0.0,0.0,0.0,0.0,0.0,0.0,0.0,0.0,0.0,0.0,0.0,0.0,0.0,0.0,0.0,0.0,0.0,0.0,0.0,0.0,0.0,0.0,0.0,0.0,0.0,0.0,0.0,0.0,0.0,0.0,0.0,0.0,0.0,-59.0,-57.0,0.0,0.0,0.0,-56.0,0.0,0.0,0.0,0.0,-89.0,-94.0,0.0,0.0,0.0,0.0,0.0,0.0,0.0,0.0,-88.0,0.0,0.0,0.0,0.0,0.0,0.0,0.0,0.0,0.0,0.0,0.0,0.0,0.0,-82.0,0.0,0.0,-75.0,0.0,Administracion
170,171,0.0,0.0,-87.0,0.0,0.0,0.0,0.0,0.0,-90.0,-71.0,-87.0,0.0,0.0,0.0,0.0,-74.0,-73.0,-92.0,-94.0,0.0,0.0,0.0,0.0,0.0,-85.0,-85.0,0.0,0.0,0.0,0.0,0.0,0.0,-86.0,0.0,0.0,0.0,0.0,0.0,0.0,0.0,0.0,0.0,0.0,0.0,0.0,0.0,0.0,0.0,0.0,0.0,0.0,0.0,0.0,0.0,0.0,0.0,0.0,0.0,0.0,0.0,0.0,0.0,0.0,0.0,0.0,0.0,0.0,0.0,0.0,0.0,-59.0,-57.0,0.0,0.0,0.0,-56.0,0.0,0.0,0.0,0.0,-89.0,-94.0,0.0,0.0,0.0,0.0,0.0,0.0,0.0,0.0,-88.0,0.0,0.0,0.0,0.0,0.0,0.0,0.0,0.0,0.0,0.0,0.0,0.0,0.0,-82.0,0.0,0.0,-75.0,0.0,Administracion
171,172,0.0,0.0,-87.0,0.0,0.0,0.0,0.0,0.0,-90.0,-71.0,-87.0,0.0,0.0,0.0,0.0,-74.0,-73.0,-92.0,-94.0,0.0,0.0,0.0,0.0,0.0,-85.0,-85.0,0.0,0.0,0.0,0.0,0.0,0.0,-86.0,0.0,0.0,0.0,0.0,0.0,0.0,0.0,0.0,0.0,0.0,0.0,0.0,0.0,0.0,0.0,0.0,0.0,0.0,0.0,0.0,0.0,0.0,0.0,0.0,0.0,0.0,0.0,0.0,0.0,0.0,0.0,0.0,0.0,0.0,0.0,0.0,0.0,-59.0,-57.0,0.0,0.0,0.0,-56.0,0.0,0.0,0.0,0.0,-89.0,-94.0,0.0,0.0,0.0,0.0,0.0,0.0,0.0,0.0,-88.0,0.0,0.0,0.0,0.0,0.0,0.0,0.0,0.0,0.0,0.0,0.0,0.0,0.0,-82.0,0.0,0.0,-75.0,0.0,Administracion
172,173,0.0,0.0,-87.0,0.0,0.0,0.0,0.0,0.0,-90.0,-71.0,-87.0,0.0,0.0,0.0,0.0,-74.0,-73.0,-92.0,-94.0,0.0,0.0,0.0,0.0,0.0,-85.0,-85.0,0.0,0.0,0.0,0.0,0.0,0.0,-86.0,0.0,0.0,0.0,0.0,0.0,0.0,0.0,0.0,0.0,0.0,0.0,0.0,0.0,0.0,0.0,0.0,0.0,0.0,0.0,0.0,0.0,0.0,0.0,0.0,0.0,0.0,0.0,0.0,0.0,0.0,0.0,0.0,0.0,0.0,0.0,0.0,0.0,-59.0,-57.0,0.0,0.0,0.0,-56.0,0.0,0.0,0.0,0.0,-89.0,-94.0,0.0,0.0,0.0,0.0,0.0,0.0,0.0,0.0,-88.0,0.0,0.0,0.0,0.0,0.0,0.0,0.0,0.0,0.0,0.0,0.0,0.0,0.0,-82.0,0.0,0.0,-75.0,0.0,Administracion
173,174,0.0,0.0,-87.0,0.0,0.0,0.0,0.0,0.0,-90.0,-71.0,-87.0,0.0,0.0,0.0,0.0,-74.0,-73.0,-92.0,-94.0,0.0,0.0,0.0,0.0,0.0,-85.0,-85.0,0.0,0.0,0.0,0.0,0.0,0.0,-86.0,0.0,0.0,0.0,0.0,0.0,0.0,0.0,0.0,0.0,0.0,0.0,0.0,0.0,0.0,0.0,0.0,0.0,0.0,0.0,0.0,0.0,0.0,0.0,0.0,0.0,0.0,0.0,0.0,0.0,0.0,0.0,0.0,0.0,0.0,0.0,0.0,0.0,-59.0,-57.0,0.0,0.0,0.0,-56.0,0.0,0.0,0.0,0.0,-89.0,-94.0,0.0,0.0,0.0,0.0,0.0,0.0,0.0,0.0,-88.0,0.0,0.0,0.0,0.0,0.0,0.0,0.0,0.0,0.0,0.0,0.0,0.0,0.0,-82.0,0.0,0.0,-75.0,0.0,Administracion
174,175,0.0,0.0,-87.0,0.0,0.0,0.0,0.0,0.0,-90.0,-71.0,-87.0,0.0,0.0,0.0,0.0,-74.0,-73.0,-92.0,-94.0,0.0,0.0,0.0,0.0,0.0,-85.0,-85.0,0.0,0.0,0.0,0.0,0.0,0.0,-86.0,0.0,0.0,0.0,0.0,0.0,0.0,0.0,0.0,0.0,0.0,0.0,0.0,0.0,0.0,0.0,0.0,0.0,0.0,0.0,0.0,0.0,0.0,0.0,0.0,0.0,0.0,0.0,0.0,0.0,0.0,0.0,0.0,0.0,0.0,0.0,0.0,0.0,-59.0,-57.0,0.0,0.0,0.0,-56.0,0.0,0.0,0.0,0.0,-89.0,-94.0,0.0,0.0,0.0,0.0,0.0,0.0,0.0,0.0,-88.0,0.0,0.0,0.0,0.0,0.0,0.0,0.0,0.0,0.0,0.0,0.0,0.0,0.0,-82.0,0.0,0.0,-75.0,0.0,Administracion
175,176,0.0,0.0,0.0,0.0,-85.0,0.0,0.0,0.0,-94.0,0.0,0.0,0.0,0.0,0.0,0.0,-73.0,-74.0,0.0,0.0,0.0,0.0,0.0,0.0,0.0,0.0,0.0,0.0,0.0,0.0,0.0,0.0,0.0,0.0,0.0,0.0,0.0,0.0,0.0,0.0,0.0,0.0,0.0,0.0,0.0,0.0,0.0,0.0,0.0,0.0,0.0,0.0,0.0,0.0,0.0,0.0,0.0,0.0,0.0,0.0,0.0,0.0,0.0,0.0,0.0,0.0,0.0,-86.0,-92.0,0.0,0.0,-59.0,0.0,0.0,0.0,0.0,-55.0,0.0,0.0,0.0,0.0,0.0,0.0,0.0,0.0,0.0,0.0,0.0,0.0,0.0,0.0,0.0,0.0,0.0,0.0,0.0,0.0,0.0,0.0,0.0,0.0,0.0,-88.0,0.0,0.0,-82.0,0.0,0.0,-78.0,0.0,Administracion
176,177,0.0,0.0,0.0,0.0,-85.0,0.0,0.0,0.0,-94.0,0.0,0.0,0.0,0.0,0.0,0.0,-73.0,-74.0,0.0,0.0,0.0,0.0,0.0,0.0,0.0,0.0,0.0,0.0,0.0,0.0,0.0,0.0,0.0,0.0,0.0,0.0,0.0,0.0,0.0,0.0,0.0,0.0,0.0,0.0,0.0,0.0,0.0,0.0,0.0,0.0,0.0,0.0,0.0,0.0,0.0,0.0,0.0,0.0,0.0,0.0,0.0,0.0,0.0,0.0,0.0,0.0,0.0,-86.0,-92.0,0.0,0.0,-59.0,0.0,0.0,0.0,0.0,-55.0,0.0,0.0,0.0,0.0,0.0,0.0,0.0,0.0,0.0,0.0,0.0,0.0,0.0,0.0,0.0,0.0,0.0,0.0,0.0,0.0,0.0,0.0,0.0,0.0,0.0,-88.0,0.0,0.0,-82.0,0.0,0.0,-78.0,0.0,Administracion
177,178,0.0,0.0,0.0,0.0,-85.0,0.0,0.0,0.0,-94.0,0.0,0.0,0.0,0.0,0.0,0.0,-73.0,-74.0,0.0,0.0,0.0,0.0,0.0,0.0,0.0,0.0,0.0,0.0,0.0,0.0,0.0,0.0,0.0,0.0,0.0,0.0,0.0,0.0,0.0,0.0,0.0,0.0,0.0,0.0,0.0,0.0,0.0,0.0,0.0,0.0,0.0,0.0,0.0,0.0,0.0,0.0,0.0,0.0,0.0,0.0,0.0,0.0,0.0,0.0,0.0,0.0,0.0,-86.0,-92.0,0.0,0.0,-59.0,0.0,0.0,0.0,0.0,-55.0,0.0,0.0,0.0,0.0,0.0,0.0,0.0,0.0,0.0,0.0,0.0,0.0,0.0,0.0,0.0,0.0,0.0,0.0,0.0,0.0,0.0,0.0,0.0,0.0,0.0,-88.0,0.0,0.0,-82.0,0.0,0.0,-78.0,0.0,Administracion
178,179,0.0,0.0,0.0,0.0,-85.0,0.0,0.0,0.0,-94.0,0.0,0.0,0.0,0.0,0.0,0.0,-73.0,-74.0,0.0,0.0,0.0,0.0,0.0,0.0,0.0,0.0,0.0,0.0,0.0,0.0,0.0,0.0,0.0,0.0,0.0,0.0,0.0,0.0,0.0,0.0,0.0,0.0,0.0,0.0,0.0,0.0,0.0,0.0,0.0,0.0,0.0,0.0,0.0,0.0,0.0,0.0,0.0,0.0,0.0,0.0,0.0,0.0,0.0,0.0,0.0,0.0,0.0,-86.0,-92.0,0.0,0.0,-59.0,0.0,0.0,0.0,0.0,-55.0,0.0,0.0,0.0,0.0,0.0,0.0,0.0,0.0,0.0,0.0,0.0,0.0,0.0,0.0,0.0,0.0,0.0,0.0,0.0,0.0,0.0,0.0,0.0,0.0,0.0,-88.0,0.0,0.0,-82.0,0.0,0.0,-78.0,0.0,Administracion
179,180,0.0,0.0,0.0,0.0,-85.0,0.0,0.0,0.0,-94.0,0.0,0.0,0.0,0.0,0.0,0.0,-73.0,-74.0,0.0,0.0,0.0,0.0,0.0,0.0,0.0,0.0,0.0,0.0,0.0,0.0,0.0,0.0,0.0,0.0,0.0,0.0,0.0,0.0,0.0,0.0,0.0,0.0,0.0,0.0,0.0,0.0,0.0,0.0,0.0,0.0,0.0,0.0,0.0,0.0,0.0,0.0,0.0,0.0,0.0,0.0,0.0,0.0,0.0,0.0,0.0,0.0,0.0,-86.0,-92.0,0.0,0.0,-59.0,0.0,0.0,0.0,0.0,-55.0,0.0,0.0,0.0,0.0,0.0,0.0,0.0,0.0,0.0,0.0,0.0,0.0,0.0,0.0,0.0,0.0,0.0,0.0,0.0,0.0,0.0,0.0,0.0,0.0,0.0,-88.0,0.0,0.0,-82.0,0.0,0.0,-78.0,0.0,Administracion
180,181,0.0,0.0,0.0,0.0,-85.0,0.0,0.0,0.0,-94.0,-71.0,-87.0,0.0,0.0,0.0,0.0,-73.0,-74.0,-92.0,-94.0,0.0,0.0,0.0,0.0,0.0,-85.0,-85.0,0.0,0.0,0.0,0.0,0.0,0.0,-86.0,0.0,0.0,0.0,0.0,0.0,0.0,0.0,0.0,0.0,0.0,0.0,0.0,0.0,0.0,0.0,0.0,0.0,0.0,0.0,0.0,0.0,0.0,0.0,0.0,0.0,0.0,0.0,0.0,0.0,0.0,0.0,0.0,0.0,-86.0,-92.0,0.0,0.0,-59.0,-57.0,0.0,0.0,0.0,-55.0,0.0,0.0,0.0,0.0,-89.0,0.0,0.0,0.0,0.0,0.0,0.0,0.0,0.0,0.0,-88.0,0.0,0.0,0.0,0.0,0.0,0.0,0.0,0.0,0.0,0.0,-88.0,0.0,0.0,-82.0,0.0,0.0,-78.0,0.0,Administracion
181,182,0.0,0.0,0.0,0.0,-85.0,0.0,0.0,0.0,-94.0,-71.0,-87.0,0.0,0.0,0.0,0.0,-73.0,-74.0,-92.0,-94.0,0.0,0.0,0.0,0.0,0.0,-85.0,-85.0,0.0,0.0,0.0,0.0,0.0,0.0,-86.0,0.0,0.0,0.0,0.0,0.0,0.0,0.0,0.0,0.0,0.0,0.0,0.0,0.0,0.0,0.0,0.0,0.0,0.0,0.0,0.0,0.0,0.0,0.0,0.0,0.0,0.0,0.0,0.0,0.0,0.0,0.0,0.0,0.0,-86.0,-92.0,0.0,0.0,-59.0,-57.0,0.0,0.0,0.0,-55.0,0.0,0.0,0.0,0.0,-89.0,0.0,0.0,0.0,0.0,0.0,0.0,0.0,0.0,0.0,-88.0,0.0,0.0,0.0,0.0,0.0,0.0,0.0,0.0,0.0,0.0,-88.0,0.0,0.0,-82.0,0.0,0.0,-78.0,0.0,Administracion
182,183,0.0,0.0,0.0,0.0,-85.0,0.0,0.0,0.0,-94.0,-71.0,-87.0,0.0,0.0,0.0,0.0,-73.0,-74.0,-92.0,-94.0,0.0,0.0,0.0,0.0,0.0,-85.0,-85.0,0.0,0.0,0.0,0.0,0.0,0.0,-86.0,0.0,0.0,0.0,0.0,0.0,0.0,0.0,0.0,0.0,0.0,0.0,0.0,0.0,0.0,0.0,0.0,0.0,0.0,0.0,0.0,0.0,0.0,0.0,0.0,0.0,0.0,0.0,0.0,0.0,0.0,0.0,0.0,0.0,-86.0,-92.0,0.0,0.0,-59.0,-57.0,0.0,0.0,0.0,-55.0,0.0,0.0,0.0,0.0,-89.0,0.0,0.0,0.0,0.0,0.0,0.0,0.0,0.0,0.0,-88.0,0.0,0.0,0.0,0.0,0.0,0.0,0.0,0.0,0.0,0.0,-88.0,0.0,0.0,-82.0,0.0,0.0,-78.0,0.0,Administracion
183,184,0.0,0.0,0.0,0.0,-85.0,0.0,0.0,0.0,-94.0,-71.0,-87.0,0.0,0.0,0.0,0.0,-73.0,-74.0,-92.0,-94.0,0.0,0.0,0.0,0.0,0.0,-85.0,-85.0,0.0,0.0,0.0,0.0,0.0,0.0,-86.0,0.0,0.0,0.0,0.0,0.0,0.0,0.0,0.0,0.0,0.0,0.0,0.0,0.0,0.0,0.0,0.0,0.0,0.0,0.0,0.0,0.0,0.0,0.0,0.0,0.0,0.0,0.0,0.0,0.0,0.0,0.0,0.0,0.0,-86.0,-92.0,0.0,0.0,-59.0,-57.0,0.0,0.0,0.0,-55.0,0.0,0.0,0.0,0.0,-89.0,0.0,0.0,0.0,0.0,0.0,0.0,0.0,0.0,0.0,-88.0,0.0,0.0,0.0,0.0,0.0,0.0,0.0,0.0,0.0,0.0,-88.0,0.0,0.0,-82.0,0.0,0.0,-78.0,0.0,Administracion
184,185,0.0,0.0,0.0,0.0,-85.0,0.0,0.0,0.0,-94.0,-71.0,-87.0,0.0,0.0,0.0,0.0,-73.0,-74.0,-92.0,-94.0,0.0,0.0,0.0,0.0,0.0,-85.0,-85.0,0.0,0.0,0.0,0.0,0.0,0.0,-86.0,0.0,0.0,0.0,0.0,0.0,0.0,0.0,0.0,0.0,0.0,0.0,0.0,0.0,0.0,0.0,0.0,0.0,0.0,0.0,0.0,0.0,0.0,0.0,0.0,0.0,0.0,0.0,0.0,0.0,0.0,0.0,0.0,0.0,-86.0,-92.0,0.0,0.0,-59.0,-57.0,0.0,0.0,0.0,-55.0,0.0,0.0,0.0,0.0,-89.0,0.0,0.0,0.0,0.0,0.0,0.0,0.0,0.0,0.0,-88.0,0.0,0.0,0.0,0.0,0.0,0.0,0.0,0.0,0.0,0.0,-88.0,0.0,0.0,-82.0,0.0,0.0,-78.0,0.0,Administracion
185,186,0.0,0.0,0.0,0.0,-85.0,0.0,0.0,0.0,-94.0,-71.0,-87.0,0.0,0.0,0.0,0.0,-73.0,-74.0,-92.0,-94.0,0.0,0.0,0.0,0.0,0.0,-85.0,-85.0,0.0,0.0,0.0,0.0,0.0,0.0,-86.0,0.0,0.0,0.0,0.0,0.0,0.0,0.0,0.0,0.0,0.0,0.0,0.0,0.0,0.0,0.0,0.0,0.0,0.0,0.0,0.0,0.0,0.0,0.0,0.0,0.0,0.0,0.0,0.0,0.0,0.0,0.0,0.0,0.0,-86.0,-92.0,0.0,0.0,-59.0,-57.0,0.0,0.0,0.0,-55.0,0.0,0.0,0.0,0.0,-89.0,0.0,0.0,0.0,0.0,0.0,0.0,0.0,0.0,0.0,-88.0,0.0,0.0,0.0,0.0,0.0,0.0,0.0,0.0,0.0,0.0,-88.0,0.0,0.0,-82.0,0.0,0.0,-78.0,0.0,Administracion
186,187,0.0,0.0,0.0,0.0,-85.0,0.0,0.0,0.0,-94.0,-71.0,-87.0,0.0,0.0,0.0,0.0,-73.0,-74.0,-92.0,-94.0,0.0,0.0,0.0,0.0,0.0,-85.0,-85.0,0.0,0.0,0.0,0.0,0.0,0.0,-86.0,0.0,0.0,0.0,0.0,0.0,0.0,0.0,0.0,0.0,0.0,0.0,0.0,0.0,0.0,0.0,0.0,0.0,0.0,0.0,0.0,0.0,0.0,0.0,0.0,0.0,0.0,0.0,0.0,0.0,0.0,0.0,0.0,0.0,-86.0,-92.0,0.0,0.0,-59.0,-57.0,0.0,0.0,0.0,-55.0,0.0,0.0,0.0,0.0,-89.0,0.0,0.0,0.0,0.0,0.0,0.0,0.0,0.0,0.0,-88.0,0.0,0.0,0.0,0.0,0.0,0.0,0.0,0.0,0.0,0.0,-88.0,0.0,0.0,0.0,0.0,0.0,-78.0,0.0,Administracion
187,188,0.0,0.0,0.0,0.0,-85.0,0.0,0.0,0.0,-94.0,-71.0,-87.0,0.0,0.0,0.0,0.0,-73.0,-74.0,-92.0,-94.0,0.0,0.0,0.0,0.0,0.0,-85.0,-85.0,0.0,0.0,0.0,0.0,0.0,0.0,-86.0,0.0,0.0,0.0,0.0,0.0,0.0,0.0,0.0,0.0,0.0,0.0,0.0,0.0,0.0,0.0,0.0,0.0,0.0,0.0,0.0,0.0,0.0,0.0,0.0,0.0,0.0,0.0,0.0,0.0,0.0,0.0,0.0,0.0,-86.0,-92.0,0.0,0.0,-59.0,-57.0,0.0,0.0,0.0,-55.0,0.0,0.0,0.0,0.0,-89.0,0.0,0.0,0.0,0.0,0.0,0.0,0.0,0.0,0.0,-88.0,0.0,0.0,0.0,0.0,0.0,0.0,0.0,0.0,0.0,0.0,-88.0,0.0,0.0,-82.0,0.0,0.0,-78.0,0.0,Administracion
188,189,0.0,0.0,0.0,0.0,-85.0,0.0,0.0,0.0,-94.0,-71.0,-87.0,0.0,0.0,0.0,0.0,-73.0,-74.0,-92.0,-94.0,0.0,0.0,0.0,0.0,0.0,-85.0,-85.0,0.0,0.0,0.0,0.0,0.0,0.0,-86.0,0.0,0.0,0.0,0.0,0.0,0.0,0.0,0.0,0.0,0.0,0.0,0.0,0.0,0.0,0.0,0.0,0.0,0.0,0.0,0.0,0.0,0.0,0.0,0.0,0.0,0.0,0.0,0.0,0.0,0.0,0.0,0.0,0.0,-86.0,-92.0,0.0,0.0,-59.0,-57.0,0.0,0.0,0.0,-55.0,0.0,0.0,0.0,0.0,-89.0,0.0,0.0,0.0,0.0,0.0,0.0,0.0,0.0,0.0,-88.0,0.0,0.0,0.0,0.0,0.0,0.0,0.0,0.0,0.0,0.0,-88.0,0.0,0.0,-82.0,0.0,0.0,-78.0,0.0,Administracion
189,190,0.0,0.0,0.0,0.0,-85.0,0.0,0.0,0.0,-94.0,-71.0,-87.0,0.0,0.0,0.0,0.0,-73.0,-74.0,-92.0,-94.0,0.0,0.0,0.0,0.0,0.0,-85.0,-85.0,0.0,0.0,0.0,0.0,0.0,0.0,-86.0,0.0,0.0,0.0,0.0,0.0,0.0,0.0,0.0,0.0,0.0,0.0,0.0,0.0,0.0,0.0,0.0,0.0,0.0,0.0,0.0,0.0,0.0,0.0,0.0,0.0,0.0,0.0,0.0,0.0,0.0,0.0,0.0,0.0,-86.0,-92.0,0.0,0.0,-59.0,-57.0,0.0,0.0,0.0,-55.0,0.0,0.0,0.0,0.0,-89.0,0.0,0.0,0.0,0.0,0.0,0.0,0.0,0.0,0.0,-88.0,0.0,0.0,0.0,0.0,0.0,0.0,0.0,0.0,0.0,0.0,-88.0,0.0,0.0,-82.0,0.0,0.0,-78.0,0.0,Administracion
190,191,0.0,0.0,0.0,0.0,-85.0,0.0,0.0,0.0,-94.0,-71.0,-87.0,0.0,0.0,0.0,0.0,-73.0,-74.0,-92.0,-94.0,0.0,0.0,0.0,0.0,0.0,-85.0,-85.0,0.0,0.0,0.0,0.0,0.0,0.0,-86.0,0.0,0.0,0.0,0.0,0.0,0.0,0.0,0.0,0.0,0.0,0.0,0.0,0.0,0.0,0.0,0.0,0.0,0.0,0.0,0.0,0.0,0.0,0.0,0.0,0.0,0.0,0.0,0.0,0.0,0.0,0.0,0.0,0.0,-86.0,-92.0,0.0,0.0,-59.0,-57.0,0.0,0.0,0.0,-55.0,0.0,0.0,0.0,0.0,-89.0,0.0,0.0,0.0,0.0,0.0,0.0,0.0,0.0,0.0,-88.0,0.0,0.0,0.0,0.0,0.0,0.0,0.0,0.0,0.0,0.0,-88.0,0.0,0.0,-82.0,0.0,0.0,-78.0,0.0,Administracion
191,192,0.0,0.0,0.0,0.0,-85.0,0.0,0.0,0.0,-94.0,-71.0,-87.0,0.0,0.0,0.0,0.0,-73.0,-74.0,-92.0,-94.0,0.0,0.0,0.0,0.0,0.0,-85.0,-85.0,0.0,0.0,0.0,0.0,0.0,0.0,-86.0,0.0,0.0,0.0,0.0,0.0,0.0,0.0,0.0,0.0,0.0,0.0,0.0,0.0,0.0,0.0,0.0,0.0,0.0,0.0,0.0,0.0,0.0,0.0,0.0,0.0,0.0,0.0,0.0,0.0,0.0,0.0,0.0,0.0,-86.0,-92.0,0.0,0.0,-59.0,-57.0,0.0,0.0,0.0,-55.0,0.0,0.0,0.0,0.0,-89.0,0.0,0.0,0.0,0.0,0.0,0.0,0.0,0.0,0.0,-88.0,0.0,0.0,0.0,0.0,0.0,0.0,0.0,0.0,0.0,0.0,-88.0,0.0,0.0,-82.0,0.0,0.0,-78.0,0.0,Administracion
192,193,0.0,0.0,0.0,0.0,-85.0,0.0,0.0,0.0,-94.0,-71.0,-87.0,0.0,0.0,0.0,0.0,-73.0,-74.0,-92.0,-94.0,0.0,0.0,0.0,0.0,0.0,-85.0,-85.0,0.0,0.0,0.0,0.0,0.0,0.0,-86.0,0.0,0.0,0.0,0.0,0.0,0.0,0.0,0.0,0.0,0.0,0.0,0.0,0.0,0.0,0.0,0.0,0.0,0.0,0.0,0.0,0.0,0.0,0.0,0.0,0.0,0.0,0.0,0.0,0.0,0.0,0.0,0.0,0.0,-86.0,-92.0,0.0,0.0,-59.0,-57.0,0.0,0.0,0.0,-55.0,0.0,0.0,0.0,0.0,-89.0,0.0,0.0,0.0,0.0,0.0,0.0,0.0,0.0,0.0,-88.0,0.0,0.0,0.0,0.0,0.0,0.0,0.0,0.0,0.0,0.0,-88.0,0.0,0.0,-82.0,0.0,0.0,-78.0,0.0,Administracion
193,194,0.0,0.0,0.0,0.0,-85.0,0.0,0.0,0.0,-94.0,-71.0,-87.0,0.0,0.0,0.0,0.0,-73.0,-74.0,-92.0,-94.0,0.0,0.0,0.0,0.0,0.0,-85.0,-85.0,0.0,0.0,0.0,0.0,0.0,0.0,-86.0,0.0,0.0,0.0,0.0,0.0,0.0,0.0,0.0,0.0,0.0,0.0,0.0,0.0,0.0,0.0,0.0,0.0,0.0,0.0,0.0,0.0,0.0,0.0,0.0,0.0,0.0,0.0,0.0,0.0,0.0,0.0,0.0,0.0,-86.0,-92.0,0.0,0.0,-59.0,-57.0,0.0,0.0,0.0,-55.0,0.0,0.0,0.0,0.0,-89.0,0.0,0.0,0.0,0.0,0.0,0.0,0.0,0.0,0.0,-88.0,0.0,0.0,0.0,0.0,0.0,0.0,0.0,0.0,0.0,0.0,-88.0,0.0,0.0,-82.0,0.0,0.0,-78.0,0.0,Administracion
194,195,0.0,0.0,0.0,0.0,-85.0,0.0,0.0,0.0,-94.0,-71.0,-87.0,0.0,0.0,0.0,0.0,-73.0,-74.0,-92.0,-94.0,0.0,0.0,0.0,0.0,0.0,-85.0,-85.0,0.0,0.0,0.0,0.0,0.0,0.0,-86.0,0.0,0.0,0.0,0.0,0.0,0.0,0.0,0.0,0.0,0.0,0.0,0.0,0.0,0.0,0.0,0.0,0.0,0.0,0.0,0.0,0.0,0.0,0.0,0.0,0.0,0.0,0.0,0.0,0.0,0.0,0.0,0.0,0.0,-86.0,-92.0,0.0,0.0,-59.0,-57.0,0.0,0.0,0.0,-55.0,0.0,0.0,0.0,0.0,-89.0,0.0,0.0,0.0,0.0,0.0,0.0,0.0,0.0,0.0,-88.0,0.0,0.0,0.0,0.0,0.0,0.0,0.0,0.0,0.0,0.0,-88.0,0.0,0.0,-82.0,0.0,0.0,-78.0,0.0,Administracion
195,196,0.0,0.0,0.0,0.0,-85.0,0.0,0.0,0.0,-94.0,-71.0,-87.0,0.0,0.0,0.0,0.0,-73.0,-74.0,-92.0,-94.0,0.0,0.0,0.0,0.0,0.0,-85.0,-85.0,0.0,0.0,0.0,0.0,0.0,0.0,-86.0,0.0,0.0,0.0,0.0,0.0,0.0,0.0,0.0,0.0,0.0,0.0,0.0,0.0,0.0,0.0,0.0,0.0,0.0,0.0,0.0,0.0,0.0,0.0,0.0,0.0,0.0,0.0,0.0,0.0,0.0,0.0,0.0,0.0,-86.0,-92.0,0.0,0.0,-59.0,-57.0,0.0,0.0,0.0,-55.0,0.0,0.0,0.0,0.0,-89.0,0.0,0.0,0.0,0.0,0.0,0.0,0.0,0.0,0.0,-88.0,0.0,0.0,0.0,0.0,0.0,0.0,0.0,0.0,0.0,0.0,-88.0,0.0,0.0,-82.0,0.0,0.0,-78.0,0.0,Administracion
196,197,0.0,0.0,0.0,0.0,-85.0,0.0,0.0,0.0,-94.0,-71.0,-87.0,0.0,0.0,0.0,0.0,-73.0,-74.0,-92.0,-94.0,0.0,0.0,0.0,0.0,0.0,-85.0,-85.0,0.0,0.0,0.0,0.0,0.0,0.0,-86.0,0.0,0.0,0.0,0.0,0.0,0.0,0.0,0.0,0.0,0.0,0.0,0.0,0.0,0.0,0.0,0.0,0.0,0.0,0.0,0.0,0.0,0.0,0.0,0.0,0.0,0.0,0.0,0.0,0.0,0.0,0.0,0.0,0.0,-86.0,-92.0,0.0,0.0,-59.0,-57.0,0.0,0.0,0.0,-55.0,0.0,0.0,0.0,0.0,-89.0,0.0,0.0,0.0,0.0,0.0,0.0,0.0,0.0,0.0,-88.0,0.0,0.0,0.0,0.0,0.0,0.0,0.0,0.0,0.0,0.0,-88.0,0.0,0.0,-82.0,0.0,0.0,-78.0,0.0,Administracion
197,198,0.0,0.0,0.0,0.0,-85.0,0.0,0.0,0.0,-94.0,-71.0,-87.0,0.0,0.0,0.0,0.0,-73.0,-74.0,-92.0,-94.0,0.0,0.0,0.0,0.0,0.0,-85.0,-85.0,0.0,0.0,0.0,0.0,0.0,0.0,-86.0,0.0,0.0,0.0,0.0,0.0,0.0,0.0,0.0,0.0,0.0,0.0,0.0,0.0,0.0,0.0,0.0,0.0,0.0,0.0,0.0,0.0,0.0,0.0,0.0,0.0,0.0,0.0,0.0,0.0,0.0,0.0,0.0,0.0,-86.0,-92.0,0.0,0.0,-59.0,-57.0,0.0,0.0,0.0,-55.0,0.0,0.0,0.0,0.0,-89.0,0.0,0.0,0.0,0.0,0.0,0.0,0.0,0.0,0.0,-88.0,0.0,0.0,0.0,0.0,0.0,0.0,0.0,0.0,0.0,0.0,-88.0,0.0,0.0,-82.0,0.0,0.0,-78.0,0.0,Administracion
198,199,0.0,0.0,0.0,0.0,-85.0,0.0,0.0,0.0,-94.0,-71.0,-87.0,0.0,0.0,0.0,0.0,-73.0,-74.0,-92.0,-94.0,0.0,0.0,0.0,0.0,0.0,-85.0,-85.0,0.0,0.0,0.0,0.0,0.0,0.0,-86.0,0.0,0.0,0.0,0.0,0.0,0.0,0.0,0.0,0.0,0.0,0.0,0.0,0.0,0.0,0.0,0.0,0.0,0.0,0.0,0.0,0.0,0.0,0.0,0.0,0.0,0.0,0.0,0.0,0.0,0.0,0.0,0.0,0.0,-86.0,-92.0,0.0,0.0,-59.0,-57.0,0.0,0.0,0.0,-55.0,0.0,0.0,0.0,0.0,-89.0,0.0,0.0,0.0,0.0,0.0,0.0,0.0,0.0,0.0,-88.0,0.0,0.0,0.0,0.0,0.0,0.0,0.0,0.0,0.0,0.0,-88.0,0.0,0.0,-82.0,0.0,0.0,-78.0,0.0,Administracion
199,200,0.0,0.0,0.0,0.0,-85.0,0.0,0.0,0.0,-94.0,-71.0,-87.0,0.0,0.0,0.0,0.0,-73.0,-74.0,-92.0,-94.0,0.0,0.0,0.0,0.0,0.0,-85.0,-85.0,0.0,0.0,0.0,0.0,0.0,0.0,-86.0,0.0,0.0,0.0,0.0,0.0,0.0,0.0,0.0,0.0,0.0,0.0,0.0,0.0,0.0,0.0,0.0,0.0,0.0,0.0,0.0,0.0,0.0,0.0,0.0,0.0,0.0,0.0,0.0,0.0,0.0,0.0,0.0,0.0,-86.0,-92.0,0.0,0.0,-59.0,-57.0,0.0,0.0,0.0,-55.0,0.0,0.0,0.0,0.0,-89.0,0.0,0.0,0.0,0.0,0.0,0.0,0.0,0.0,0.0,-88.0,0.0,0.0,0.0,0.0,0.0,0.0,0.0,0.0,0.0,0.0,-88.0,0.0,0.0,-82.0,0.0,0.0,-78.0,0.0,Administracion
200,201,0.0,0.0,0.0,0.0,-85.0,0.0,0.0,0.0,-94.0,-71.0,-87.0,0.0,0.0,0.0,0.0,-73.0,-74.0,-92.0,-94.0,0.0,0.0,0.0,0.0,0.0,-85.0,-85.0,0.0,0.0,0.0,0.0,0.0,0.0,-86.0,0.0,0.0,0.0,0.0,0.0,0.0,0.0,0.0,0.0,0.0,0.0,0.0,0.0,0.0,0.0,0.0,0.0,0.0,0.0,0.0,0.0,0.0,0.0,0.0,0.0,0.0,0.0,0.0,0.0,0.0,0.0,0.0,0.0,-86.0,-92.0,0.0,0.0,-59.0,-57.0,0.0,0.0,0.0,-55.0,0.0,0.0,0.0,0.0,-89.0,0.0,0.0,0.0,0.0,0.0,0.0,0.0,0.0,0.0,-88.0,0.0,0.0,0.0,0.0,0.0,0.0,0.0,0.0,0.0,0.0,-88.0,0.0,0.0,-82.0,0.0,0.0,-78.0,0.0,Administracion
201,202,0.0,0.0,0.0,0.0,-85.0,0.0,0.0,0.0,-94.0,-71.0,-87.0,0.0,0.0,0.0,0.0,-73.0,-74.0,-92.0,-94.0,0.0,0.0,0.0,0.0,0.0,-85.0,-85.0,0.0,0.0,0.0,0.0,0.0,0.0,-86.0,0.0,0.0,0.0,0.0,0.0,0.0,0.0,0.0,0.0,0.0,0.0,0.0,0.0,0.0,0.0,0.0,0.0,0.0,0.0,0.0,0.0,0.0,0.0,0.0,0.0,0.0,0.0,0.0,0.0,0.0,0.0,0.0,0.0,-86.0,-92.0,0.0,0.0,-59.0,-57.0,0.0,0.0,0.0,-55.0,0.0,0.0,0.0,0.0,-89.0,0.0,0.0,0.0,0.0,0.0,0.0,0.0,0.0,0.0,-88.0,0.0,0.0,0.0,0.0,0.0,0.0,0.0,0.0,0.0,0.0,-88.0,0.0,0.0,-82.0,0.0,0.0,-78.0,0.0,Administracion
202,203,0.0,0.0,0.0,0.0,-85.0,0.0,0.0,0.0,-94.0,-71.0,-87.0,0.0,0.0,0.0,0.0,-73.0,-74.0,-92.0,-94.0,0.0,0.0,0.0,0.0,0.0,-85.0,-85.0,0.0,0.0,0.0,0.0,0.0,0.0,-86.0,0.0,0.0,0.0,0.0,0.0,0.0,0.0,0.0,0.0,0.0,0.0,0.0,0.0,0.0,0.0,0.0,0.0,0.0,0.0,0.0,0.0,0.0,0.0,0.0,0.0,0.0,0.0,0.0,0.0,0.0,0.0,0.0,0.0,-86.0,-92.0,0.0,0.0,-59.0,-57.0,0.0,0.0,0.0,-55.0,0.0,0.0,0.0,0.0,-89.0,0.0,0.0,0.0,0.0,0.0,0.0,0.0,0.0,0.0,-88.0,0.0,0.0,0.0,0.0,0.0,0.0,0.0,0.0,0.0,0.0,-88.0,0.0,0.0,-82.0,0.0,0.0,-78.0,0.0,Administracion
203,204,0.0,0.0,0.0,0.0,-85.0,0.0,0.0,0.0,-94.0,-71.0,-87.0,0.0,0.0,0.0,0.0,-73.0,-74.0,-92.0,-94.0,0.0,0.0,0.0,0.0,0.0,-85.0,-85.0,0.0,0.0,0.0,0.0,0.0,0.0,-86.0,0.0,0.0,0.0,0.0,0.0,0.0,0.0,0.0,0.0,0.0,0.0,0.0,0.0,0.0,0.0,0.0,0.0,0.0,0.0,0.0,0.0,0.0,0.0,0.0,0.0,0.0,0.0,0.0,0.0,0.0,0.0,0.0,0.0,-86.0,-92.0,0.0,0.0,-59.0,-57.0,0.0,0.0,0.0,-55.0,0.0,0.0,0.0,0.0,-89.0,0.0,0.0,0.0,0.0,0.0,0.0,0.0,0.0,0.0,-88.0,0.0,0.0,0.0,0.0,0.0,0.0,0.0,0.0,0.0,0.0,-88.0,0.0,0.0,-82.0,0.0,0.0,-78.0,0.0,Administracion
204,205,0.0,0.0,0.0,0.0,-85.0,0.0,0.0,0.0,-94.0,-71.0,-87.0,0.0,0.0,0.0,0.0,-73.0,-74.0,-92.0,-94.0,0.0,0.0,0.0,0.0,0.0,-85.0,-85.0,0.0,0.0,0.0,0.0,0.0,0.0,-86.0,0.0,0.0,0.0,0.0,0.0,0.0,0.0,0.0,0.0,0.0,0.0,0.0,0.0,0.0,0.0,0.0,0.0,0.0,0.0,0.0,0.0,0.0,0.0,0.0,0.0,0.0,0.0,0.0,0.0,0.0,0.0,0.0,0.0,-86.0,-92.0,0.0,0.0,-59.0,-57.0,0.0,0.0,0.0,-55.0,0.0,0.0,0.0,0.0,-89.0,0.0,0.0,0.0,0.0,0.0,0.0,0.0,0.0,0.0,-88.0,0.0,0.0,0.0,0.0,0.0,0.0,0.0,0.0,0.0,0.0,-88.0,0.0,0.0,-82.0,0.0,0.0,-78.0,0.0,Administracion
205,206,0.0,0.0,0.0,0.0,0.0,0.0,0.0,0.0,-92.0,-78.0,0.0,0.0,0.0,0.0,0.0,-78.0,-79.0,0.0,0.0,0.0,0.0,0.0,0.0,0.0,0.0,0.0,0.0,0.0,0.0,0.0,0.0,0.0,0.0,0.0,0.0,0.0,0.0,0.0,0.0,0.0,0.0,0.0,0.0,0.0,0.0,0.0,0.0,0.0,0.0,0.0,0.0,0.0,0.0,0.0,0.0,0.0,0.0,0.0,0.0,0.0,0.0,0.0,0.0,0.0,0.0,0.0,0.0,-88.0,0.0,0.0,-59.0,-53.0,0.0,0.0,0.0,-53.0,0.0,0.0,0.0,-90.0,-87.0,0.0,-89.0,0.0,0.0,0.0,0.0,0.0,0.0,0.0,0.0,0.0,0.0,0.0,-87.0,0.0,0.0,0.0,0.0,0.0,0.0,0.0,0.0,0.0,0.0,0.0,0.0,-71.0,0.0,Administracion
206,207,0.0,0.0,0.0,0.0,0.0,0.0,0.0,0.0,-92.0,-78.0,0.0,0.0,0.0,0.0,0.0,-78.0,-79.0,0.0,0.0,0.0,0.0,0.0,0.0,0.0,0.0,0.0,0.0,0.0,0.0,0.0,0.0,0.0,0.0,0.0,0.0,0.0,0.0,0.0,0.0,0.0,0.0,0.0,0.0,0.0,0.0,0.0,0.0,0.0,0.0,0.0,0.0,0.0,0.0,0.0,0.0,0.0,0.0,0.0,0.0,0.0,0.0,0.0,0.0,0.0,0.0,0.0,0.0,-88.0,0.0,0.0,-59.0,-53.0,0.0,0.0,0.0,-53.0,0.0,0.0,0.0,-90.0,-87.0,0.0,-89.0,0.0,0.0,0.0,0.0,0.0,0.0,0.0,0.0,0.0,0.0,0.0,-87.0,0.0,0.0,0.0,0.0,0.0,0.0,0.0,0.0,0.0,0.0,0.0,0.0,-71.0,0.0,Administracion
207,208,0.0,0.0,0.0,0.0,0.0,0.0,0.0,0.0,-92.0,-78.0,0.0,0.0,0.0,0.0,0.0,-78.0,-79.0,0.0,0.0,0.0,0.0,0.0,0.0,0.0,0.0,0.0,0.0,0.0,0.0,0.0,0.0,0.0,0.0,0.0,0.0,0.0,0.0,0.0,0.0,0.0,0.0,0.0,0.0,0.0,0.0,0.0,0.0,0.0,0.0,0.0,0.0,0.0,0.0,0.0,0.0,0.0,0.0,0.0,0.0,0.0,0.0,0.0,0.0,0.0,0.0,0.0,0.0,-88.0,0.0,0.0,-59.0,-53.0,0.0,0.0,0.0,-53.0,0.0,0.0,0.0,-90.0,-87.0,0.0,-89.0,0.0,0.0,0.0,0.0,0.0,0.0,0.0,0.0,0.0,0.0,0.0,-87.0,0.0,0.0,0.0,0.0,0.0,0.0,0.0,0.0,0.0,0.0,0.0,0.0,-71.0,0.0,Administracion
208,209,0.0,0.0,0.0,0.0,0.0,0.0,0.0,0.0,-92.0,-78.0,0.0,0.0,0.0,0.0,0.0,-78.0,-79.0,0.0,0.0,0.0,0.0,0.0,0.0,0.0,0.0,0.0,0.0,0.0,0.0,0.0,0.0,0.0,0.0,0.0,0.0,0.0,0.0,0.0,0.0,0.0,0.0,0.0,0.0,0.0,0.0,0.0,0.0,0.0,0.0,0.0,0.0,0.0,0.0,0.0,0.0,0.0,0.0,0.0,0.0,0.0,0.0,0.0,0.0,0.0,0.0,0.0,0.0,-88.0,0.0,0.0,-59.0,-53.0,0.0,0.0,0.0,-53.0,0.0,0.0,0.0,-90.0,-87.0,0.0,-89.0,0.0,0.0,0.0,0.0,0.0,0.0,0.0,0.0,0.0,0.0,0.0,-87.0,0.0,0.0,0.0,0.0,0.0,0.0,0.0,0.0,0.0,0.0,0.0,0.0,-71.0,0.0,Administracion
209,210,0.0,0.0,0.0,0.0,0.0,0.0,0.0,0.0,-92.0,-78.0,0.0,0.0,0.0,0.0,0.0,-78.0,-79.0,0.0,0.0,0.0,0.0,0.0,0.0,0.0,0.0,0.0,0.0,0.0,0.0,0.0,0.0,0.0,0.0,0.0,0.0,0.0,0.0,0.0,0.0,0.0,0.0,0.0,0.0,0.0,0.0,0.0,0.0,0.0,0.0,0.0,0.0,0.0,0.0,0.0,0.0,0.0,0.0,0.0,0.0,0.0,0.0,0.0,0.0,0.0,0.0,0.0,0.0,-88.0,0.0,0.0,-59.0,-53.0,0.0,0.0,0.0,-53.0,0.0,0.0,0.0,-90.0,-87.0,0.0,-89.0,0.0,0.0,0.0,0.0,0.0,0.0,0.0,0.0,0.0,0.0,0.0,-87.0,0.0,0.0,0.0,0.0,0.0,0.0,0.0,0.0,0.0,0.0,0.0,0.0,-71.0,0.0,Administracion
210,211,0.0,0.0,0.0,0.0,0.0,0.0,0.0,0.0,-92.0,-78.0,0.0,0.0,0.0,0.0,0.0,-78.0,-79.0,0.0,0.0,0.0,0.0,0.0,0.0,0.0,0.0,0.0,0.0,0.0,0.0,0.0,0.0,0.0,0.0,0.0,0.0,0.0,0.0,0.0,0.0,0.0,0.0,0.0,0.0,0.0,0.0,0.0,0.0,0.0,0.0,0.0,0.0,0.0,0.0,0.0,0.0,0.0,0.0,0.0,0.0,0.0,0.0,0.0,0.0,0.0,0.0,0.0,0.0,-88.0,0.0,0.0,-59.0,-53.0,0.0,0.0,0.0,-53.0,0.0,0.0,0.0,-90.0,-87.0,0.0,-89.0,0.0,0.0,0.0,0.0,0.0,0.0,0.0,0.0,0.0,0.0,0.0,-87.0,0.0,0.0,0.0,0.0,0.0,0.0,0.0,0.0,0.0,0.0,0.0,0.0,-71.0,0.0,Administracion
211,212,0.0,0.0,0.0,0.0,-85.0,0.0,0.0,0.0,-92.0,-78.0,-87.0,0.0,0.0,0.0,0.0,-78.0,-79.0,-92.0,-94.0,0.0,0.0,0.0,0.0,0.0,-85.0,-85.0,0.0,0.0,0.0,0.0,0.0,0.0,-86.0,0.0,0.0,0.0,0.0,0.0,0.0,0.0,0.0,0.0,0.0,0.0,0.0,0.0,0.0,0.0,0.0,0.0,0.0,0.0,0.0,0.0,0.0,0.0,0.0,0.0,0.0,0.0,0.0,0.0,0.0,0.0,0.0,0.0,-86.0,-88.0,0.0,0.0,-59.0,-53.0,0.0,0.0,0.0,-53.0,0.0,0.0,0.0,-90.0,-87.0,0.0,-89.0,0.0,0.0,0.0,0.0,0.0,0.0,0.0,-88.0,0.0,0.0,0.0,-87.0,0.0,0.0,0.0,0.0,0.0,0.0,-88.0,0.0,0.0,-82.0,0.0,0.0,-71.0,0.0,Administracion
212,213,0.0,0.0,0.0,0.0,-85.0,0.0,0.0,0.0,-92.0,-78.0,-87.0,0.0,0.0,0.0,0.0,-78.0,-79.0,-92.0,-94.0,0.0,0.0,0.0,0.0,0.0,-85.0,-85.0,0.0,0.0,0.0,0.0,0.0,0.0,-86.0,0.0,0.0,0.0,0.0,0.0,0.0,0.0,0.0,0.0,0.0,0.0,0.0,0.0,0.0,0.0,0.0,0.0,0.0,0.0,0.0,0.0,0.0,0.0,0.0,0.0,0.0,0.0,0.0,0.0,0.0,0.0,0.0,0.0,-86.0,-88.0,0.0,0.0,-59.0,-53.0,0.0,0.0,0.0,-53.0,0.0,0.0,0.0,-90.0,-87.0,0.0,-89.0,0.0,0.0,0.0,0.0,0.0,0.0,0.0,-88.0,0.0,0.0,0.0,-87.0,0.0,0.0,0.0,0.0,0.0,0.0,-88.0,0.0,0.0,-82.0,0.0,0.0,-71.0,0.0,Administracion
213,214,0.0,0.0,0.0,0.0,-85.0,0.0,0.0,0.0,-92.0,-78.0,-87.0,0.0,0.0,0.0,0.0,-78.0,-79.0,-92.0,-94.0,0.0,0.0,0.0,0.0,0.0,-85.0,-85.0,0.0,0.0,0.0,0.0,0.0,0.0,-86.0,0.0,0.0,0.0,0.0,0.0,0.0,0.0,0.0,0.0,0.0,0.0,0.0,0.0,0.0,0.0,0.0,0.0,0.0,0.0,0.0,0.0,0.0,0.0,0.0,0.0,0.0,0.0,0.0,0.0,0.0,0.0,0.0,0.0,-86.0,-88.0,0.0,0.0,-59.0,-53.0,0.0,0.0,0.0,-53.0,0.0,0.0,0.0,-90.0,-87.0,0.0,-89.0,0.0,0.0,0.0,0.0,0.0,0.0,0.0,-88.0,0.0,0.0,0.0,-87.0,0.0,0.0,0.0,0.0,0.0,0.0,-88.0,0.0,0.0,-82.0,0.0,0.0,-71.0,0.0,Administracion
214,215,0.0,0.0,0.0,0.0,-85.0,0.0,0.0,0.0,-92.0,-78.0,-87.0,0.0,0.0,0.0,0.0,-78.0,-79.0,-92.0,-94.0,0.0,0.0,0.0,0.0,0.0,-85.0,-85.0,0.0,0.0,0.0,0.0,0.0,0.0,-86.0,0.0,0.0,0.0,0.0,0.0,0.0,0.0,0.0,0.0,0.0,0.0,0.0,0.0,0.0,0.0,0.0,0.0,0.0,0.0,0.0,0.0,0.0,0.0,0.0,0.0,0.0,0.0,0.0,0.0,0.0,0.0,0.0,0.0,-86.0,-88.0,0.0,0.0,-59.0,-53.0,0.0,0.0,0.0,-53.0,0.0,0.0,0.0,-90.0,-87.0,0.0,-89.0,0.0,0.0,0.0,0.0,0.0,0.0,0.0,-88.0,0.0,0.0,0.0,-87.0,0.0,0.0,0.0,0.0,0.0,0.0,-88.0,0.0,0.0,-82.0,0.0,0.0,-71.0,0.0,Administracion
215,216,0.0,0.0,0.0,0.0,-85.0,0.0,0.0,0.0,-92.0,-78.0,-87.0,0.0,0.0,0.0,0.0,-78.0,-79.0,-92.0,-94.0,0.0,0.0,0.0,0.0,0.0,-85.0,-85.0,0.0,0.0,0.0,0.0,0.0,0.0,-86.0,0.0,0.0,0.0,0.0,0.0,0.0,0.0,0.0,0.0,0.0,0.0,0.0,0.0,0.0,0.0,0.0,0.0,0.0,0.0,0.0,0.0,0.0,0.0,0.0,0.0,0.0,0.0,0.0,0.0,0.0,0.0,0.0,0.0,-86.0,-88.0,0.0,0.0,-59.0,-53.0,0.0,0.0,0.0,-53.0,0.0,0.0,0.0,-90.0,-87.0,0.0,-89.0,0.0,0.0,0.0,0.0,0.0,0.0,0.0,-88.0,0.0,0.0,0.0,-87.0,0.0,0.0,0.0,0.0,0.0,0.0,-88.0,0.0,0.0,-82.0,0.0,0.0,-71.0,0.0,Administracion
216,217,0.0,0.0,0.0,0.0,-85.0,0.0,0.0,0.0,-92.0,-78.0,-87.0,0.0,0.0,0.0,0.0,-78.0,-79.0,-92.0,-94.0,0.0,0.0,0.0,0.0,0.0,-85.0,-85.0,0.0,0.0,0.0,0.0,0.0,0.0,-86.0,0.0,0.0,0.0,0.0,0.0,0.0,0.0,0.0,0.0,0.0,0.0,0.0,0.0,0.0,0.0,0.0,0.0,0.0,0.0,0.0,0.0,0.0,0.0,0.0,0.0,0.0,0.0,0.0,0.0,0.0,0.0,0.0,0.0,-86.0,-88.0,0.0,0.0,-59.0,-53.0,0.0,0.0,0.0,-53.0,0.0,0.0,0.0,-90.0,-87.0,0.0,-89.0,0.0,0.0,0.0,0.0,0.0,0.0,0.0,-88.0,0.0,0.0,0.0,-87.0,0.0,0.0,0.0,0.0,0.0,0.0,-88.0,0.0,0.0,-82.0,0.0,0.0,-71.0,0.0,Administracion
217,218,0.0,0.0,0.0,0.0,-85.0,0.0,0.0,0.0,-92.0,-78.0,-87.0,0.0,0.0,0.0,0.0,-78.0,-79.0,-92.0,-94.0,0.0,0.0,0.0,0.0,0.0,-85.0,-85.0,0.0,0.0,0.0,0.0,0.0,0.0,-86.0,0.0,0.0,0.0,0.0,0.0,0.0,0.0,0.0,0.0,0.0,0.0,0.0,0.0,0.0,0.0,0.0,0.0,0.0,0.0,0.0,0.0,0.0,0.0,0.0,0.0,0.0,0.0,0.0,0.0,0.0,0.0,0.0,0.0,-86.0,-88.0,0.0,0.0,-59.0,-53.0,0.0,0.0,0.0,-53.0,0.0,0.0,0.0,-90.0,-87.0,0.0,-89.0,0.0,0.0,0.0,0.0,0.0,0.0,0.0,-88.0,0.0,0.0,0.0,-87.0,0.0,0.0,0.0,0.0,0.0,0.0,-88.0,0.0,0.0,-82.0,0.0,0.0,-71.0,0.0,Administracion
218,219,0.0,0.0,0.0,0.0,-85.0,0.0,0.0,0.0,-92.0,-78.0,-87.0,0.0,0.0,0.0,0.0,-78.0,-79.0,-92.0,-94.0,0.0,0.0,0.0,0.0,0.0,-85.0,-85.0,0.0,0.0,0.0,0.0,0.0,0.0,-86.0,0.0,0.0,0.0,0.0,0.0,0.0,0.0,0.0,0.0,0.0,0.0,0.0,0.0,0.0,0.0,0.0,0.0,0.0,0.0,0.0,0.0,0.0,0.0,0.0,0.0,0.0,0.0,0.0,0.0,0.0,0.0,0.0,0.0,-86.0,-88.0,0.0,0.0,-59.0,-53.0,0.0,0.0,0.0,-53.0,0.0,0.0,0.0,-90.0,-87.0,0.0,-89.0,0.0,0.0,0.0,0.0,0.0,0.0,0.0,-88.0,0.0,0.0,0.0,-87.0,0.0,0.0,0.0,0.0,0.0,0.0,-88.0,0.0,0.0,-82.0,0.0,0.0,-71.0,0.0,Administracion
219,220,0.0,0.0,0.0,0.0,-85.0,0.0,0.0,0.0,-92.0,-78.0,-87.0,0.0,0.0,0.0,0.0,-78.0,-79.0,-92.0,-94.0,0.0,0.0,0.0,0.0,0.0,-85.0,-85.0,0.0,0.0,0.0,0.0,0.0,0.0,-86.0,0.0,0.0,0.0,0.0,0.0,0.0,0.0,0.0,0.0,0.0,0.0,0.0,0.0,0.0,0.0,0.0,0.0,0.0,0.0,0.0,0.0,0.0,0.0,0.0,0.0,0.0,0.0,0.0,0.0,0.0,0.0,0.0,0.0,-86.0,-88.0,0.0,0.0,-59.0,-53.0,0.0,0.0,0.0,-53.0,0.0,0.0,0.0,-90.0,-87.0,0.0,-89.0,0.0,0.0,0.0,0.0,0.0,0.0,0.0,-88.0,0.0,0.0,0.0,-87.0,0.0,0.0,0.0,0.0,0.0,0.0,-88.0,0.0,0.0,-82.0,0.0,0.0,-71.0,0.0,Administracion
220,221,0.0,0.0,0.0,0.0,-85.0,0.0,0.0,0.0,-92.0,-78.0,-87.0,0.0,0.0,0.0,0.0,-78.0,-79.0,-92.0,-94.0,0.0,0.0,0.0,0.0,0.0,-85.0,-85.0,0.0,0.0,0.0,0.0,0.0,0.0,-86.0,0.0,0.0,0.0,0.0,0.0,0.0,0.0,0.0,0.0,0.0,0.0,0.0,0.0,0.0,0.0,0.0,0.0,0.0,0.0,0.0,0.0,0.0,0.0,0.0,0.0,0.0,0.0,0.0,0.0,0.0,0.0,0.0,0.0,-86.0,-88.0,0.0,0.0,-59.0,-53.0,0.0,0.0,0.0,-53.0,0.0,0.0,0.0,-90.0,-87.0,0.0,-89.0,0.0,0.0,0.0,0.0,0.0,0.0,0.0,-88.0,0.0,0.0,0.0,-87.0,0.0,0.0,0.0,0.0,0.0,0.0,-88.0,0.0,0.0,-82.0,0.0,0.0,-71.0,0.0,Administracion
221,222,0.0,0.0,0.0,0.0,-85.0,0.0,0.0,0.0,-92.0,-78.0,-87.0,0.0,0.0,0.0,0.0,-78.0,-79.0,-92.0,-94.0,0.0,0.0,0.0,0.0,0.0,-85.0,-85.0,0.0,0.0,0.0,0.0,0.0,0.0,-86.0,0.0,0.0,0.0,0.0,0.0,0.0,0.0,0.0,0.0,0.0,0.0,0.0,0.0,0.0,0.0,0.0,0.0,0.0,0.0,0.0,0.0,0.0,0.0,0.0,0.0,0.0,0.0,0.0,0.0,0.0,0.0,0.0,0.0,-86.0,-88.0,0.0,0.0,-59.0,-53.0,0.0,0.0,0.0,-53.0,0.0,0.0,0.0,-90.0,-87.0,0.0,-89.0,0.0,0.0,0.0,0.0,0.0,0.0,0.0,-88.0,0.0,0.0,0.0,-87.0,0.0,0.0,0.0,0.0,0.0,0.0,-88.0,0.0,0.0,-82.0,0.0,0.0,-71.0,0.0,Administracion
222,223,0.0,0.0,0.0,0.0,-85.0,0.0,0.0,0.0,-92.0,-78.0,-87.0,0.0,0.0,0.0,0.0,-78.0,-79.0,-92.0,-94.0,0.0,0.0,0.0,0.0,0.0,-85.0,-85.0,0.0,0.0,0.0,0.0,0.0,0.0,-86.0,0.0,0.0,0.0,0.0,0.0,0.0,0.0,0.0,0.0,0.0,0.0,0.0,0.0,0.0,0.0,0.0,0.0,0.0,0.0,0.0,0.0,0.0,0.0,0.0,0.0,0.0,0.0,0.0,0.0,0.0,0.0,0.0,0.0,-86.0,-88.0,0.0,0.0,-59.0,-53.0,0.0,0.0,0.0,-53.0,0.0,0.0,0.0,-90.0,-87.0,0.0,-89.0,0.0,0.0,0.0,0.0,0.0,0.0,0.0,-88.0,0.0,0.0,0.0,-87.0,0.0,0.0,0.0,0.0,0.0,0.0,-88.0,0.0,0.0,-82.0,0.0,0.0,-71.0,0.0,Administracion
223,224,0.0,0.0,0.0,0.0,-85.0,0.0,0.0,0.0,-92.0,-78.0,-87.0,0.0,0.0,0.0,0.0,-78.0,-79.0,-92.0,-94.0,0.0,0.0,0.0,0.0,0.0,-85.0,-85.0,0.0,0.0,0.0,0.0,0.0,0.0,-86.0,0.0,0.0,0.0,0.0,0.0,0.0,0.0,0.0,0.0,0.0,0.0,0.0,0.0,0.0,0.0,0.0,0.0,0.0,0.0,0.0,0.0,0.0,0.0,0.0,0.0,0.0,0.0,0.0,0.0,0.0,0.0,0.0,0.0,-86.0,-88.0,0.0,0.0,-59.0,-53.0,0.0,0.0,0.0,-53.0,0.0,0.0,0.0,-90.0,-87.0,0.0,-89.0,0.0,0.0,0.0,0.0,0.0,0.0,0.0,-88.0,0.0,0.0,0.0,-87.0,0.0,0.0,0.0,0.0,0.0,0.0,-88.0,0.0,0.0,-82.0,0.0,0.0,-71.0,0.0,Administracion
224,225,0.0,0.0,0.0,0.0,-85.0,0.0,0.0,0.0,-92.0,-78.0,-87.0,0.0,0.0,0.0,0.0,-78.0,-79.0,-92.0,-94.0,0.0,0.0,0.0,0.0,0.0,-85.0,-85.0,0.0,0.0,0.0,0.0,0.0,0.0,-86.0,0.0,0.0,0.0,0.0,0.0,0.0,0.0,0.0,0.0,0.0,0.0,0.0,0.0,0.0,0.0,0.0,0.0,0.0,0.0,0.0,0.0,0.0,0.0,0.0,0.0,0.0,0.0,0.0,0.0,0.0,0.0,0.0,0.0,-86.0,-88.0,0.0,0.0,-59.0,-53.0,0.0,0.0,0.0,-53.0,0.0,0.0,0.0,-90.0,-87.0,0.0,-89.0,0.0,0.0,0.0,0.0,0.0,0.0,0.0,-88.0,0.0,0.0,0.0,-87.0,0.0,0.0,0.0,0.0,0.0,0.0,-88.0,0.0,0.0,-82.0,0.0,0.0,-71.0,0.0,Administracion
225,226,0.0,0.0,0.0,0.0,-85.0,0.0,0.0,0.0,-92.0,-78.0,-87.0,0.0,0.0,0.0,0.0,-78.0,-79.0,-92.0,-94.0,0.0,0.0,0.0,0.0,0.0,-85.0,-85.0,0.0,0.0,0.0,0.0,0.0,0.0,-86.0,0.0,0.0,0.0,0.0,0.0,0.0,0.0,0.0,0.0,0.0,0.0,0.0,0.0,0.0,0.0,0.0,0.0,0.0,0.0,0.0,0.0,0.0,0.0,0.0,0.0,0.0,0.0,0.0,0.0,0.0,0.0,0.0,0.0,-86.0,-88.0,0.0,0.0,-59.0,-53.0,0.0,0.0,0.0,-53.0,0.0,0.0,0.0,-90.0,-87.0,0.0,-89.0,0.0,0.0,0.0,0.0,0.0,0.0,0.0,-88.0,0.0,0.0,0.0,-87.0,0.0,0.0,0.0,0.0,0.0,0.0,-88.0,0.0,0.0,-82.0,0.0,0.0,-71.0,0.0,Administracion
226,227,0.0,0.0,0.0,0.0,-85.0,0.0,0.0,0.0,-92.0,-78.0,-87.0,0.0,0.0,0.0,0.0,-78.0,-79.0,-92.0,-94.0,0.0,0.0,0.0,0.0,0.0,-85.0,-85.0,0.0,0.0,0.0,0.0,0.0,0.0,-86.0,0.0,0.0,0.0,0.0,0.0,0.0,0.0,0.0,0.0,0.0,0.0,0.0,0.0,0.0,0.0,0.0,0.0,0.0,0.0,0.0,0.0,0.0,0.0,0.0,0.0,0.0,0.0,0.0,0.0,0.0,0.0,0.0,0.0,-86.0,-88.0,0.0,0.0,-59.0,-53.0,0.0,0.0,0.0,-53.0,0.0,0.0,0.0,-90.0,-87.0,0.0,-89.0,0.0,0.0,0.0,0.0,0.0,0.0,0.0,-88.0,0.0,0.0,0.0,-87.0,0.0,0.0,0.0,0.0,0.0,0.0,-88.0,0.0,0.0,-82.0,0.0,0.0,-71.0,0.0,Administracion
227,228,0.0,0.0,0.0,0.0,-85.0,0.0,0.0,0.0,-92.0,-78.0,-87.0,0.0,0.0,0.0,0.0,-78.0,-79.0,-92.0,-94.0,0.0,0.0,0.0,0.0,0.0,-85.0,-85.0,0.0,0.0,0.0,0.0,0.0,0.0,-86.0,0.0,0.0,0.0,0.0,0.0,0.0,0.0,0.0,0.0,0.0,0.0,0.0,0.0,0.0,0.0,0.0,0.0,0.0,0.0,0.0,0.0,0.0,0.0,0.0,0.0,0.0,0.0,0.0,0.0,0.0,0.0,0.0,0.0,-86.0,-88.0,0.0,0.0,-59.0,-53.0,0.0,0.0,0.0,-53.0,0.0,0.0,0.0,-90.0,-87.0,0.0,-89.0,0.0,0.0,0.0,0.0,0.0,0.0,0.0,-88.0,0.0,0.0,0.0,-87.0,0.0,0.0,0.0,0.0,0.0,0.0,-88.0,0.0,0.0,-82.0,0.0,0.0,-71.0,0.0,Administracion
228,229,0.0,0.0,0.0,0.0,-85.0,0.0,0.0,0.0,-92.0,-78.0,-87.0,0.0,0.0,0.0,0.0,-78.0,-79.0,-92.0,-94.0,0.0,0.0,0.0,0.0,0.0,-85.0,-85.0,0.0,0.0,0.0,0.0,0.0,0.0,-86.0,0.0,0.0,0.0,0.0,0.0,0.0,0.0,0.0,0.0,0.0,0.0,0.0,0.0,0.0,0.0,0.0,0.0,0.0,0.0,0.0,0.0,0.0,0.0,0.0,0.0,0.0,0.0,0.0,0.0,0.0,0.0,0.0,0.0,-86.0,-88.0,0.0,0.0,-59.0,-53.0,0.0,0.0,0.0,-53.0,0.0,0.0,0.0,-90.0,-87.0,0.0,-89.0,0.0,0.0,0.0,0.0,0.0,0.0,0.0,-88.0,0.0,0.0,0.0,-87.0,0.0,0.0,0.0,0.0,0.0,0.0,-88.0,0.0,0.0,-82.0,0.0,0.0,-71.0,0.0,Administracion
229,230,0.0,0.0,0.0,0.0,-87.0,0.0,0.0,0.0,0.0,-70.0,0.0,0.0,0.0,0.0,0.0,-82.0,-82.0,0.0,0.0,0.0,0.0,0.0,0.0,0.0,-80.0,0.0,0.0,0.0,0.0,0.0,0.0,0.0,0.0,0.0,0.0,0.0,0.0,0.0,0.0,0.0,0.0,0.0,0.0,0.0,0.0,0.0,0.0,0.0,0.0,0.0,0.0,0.0,0.0,0.0,0.0,0.0,0.0,0.0,0.0,0.0,0.0,0.0,0.0,0.0,0.0,0.0,0.0,0.0,0.0,0.0,-49.0,-58.0,0.0,0.0,0.0,-58.0,0.0,0.0,0.0,0.0,-87.0,0.0,0.0,0.0,0.0,0.0,0.0,0.0,0.0,0.0,0.0,0.0,0.0,0.0,0.0,0.0,0.0,0.0,0.0,0.0,0.0,0.0,0.0,0.0,0.0,0.0,0.0,-65.0,0.0,Administracion
230,231,0.0,0.0,0.0,0.0,-87.0,0.0,0.0,0.0,0.0,-70.0,0.0,0.0,0.0,0.0,0.0,-82.0,-82.0,0.0,0.0,0.0,0.0,0.0,0.0,0.0,-80.0,0.0,0.0,0.0,0.0,0.0,0.0,0.0,0.0,0.0,0.0,0.0,0.0,0.0,0.0,0.0,0.0,0.0,0.0,0.0,0.0,0.0,0.0,0.0,0.0,0.0,0.0,0.0,0.0,0.0,0.0,0.0,0.0,0.0,0.0,0.0,0.0,0.0,0.0,0.0,0.0,0.0,0.0,0.0,0.0,0.0,-49.0,-58.0,0.0,0.0,0.0,-58.0,0.0,0.0,0.0,0.0,-87.0,0.0,0.0,0.0,0.0,0.0,0.0,0.0,0.0,0.0,0.0,0.0,0.0,0.0,0.0,0.0,0.0,0.0,0.0,0.0,0.0,0.0,0.0,0.0,0.0,0.0,0.0,-65.0,0.0,Administracion
231,232,0.0,0.0,0.0,0.0,-87.0,0.0,0.0,0.0,0.0,-70.0,0.0,0.0,0.0,0.0,0.0,-82.0,-82.0,0.0,0.0,0.0,0.0,0.0,0.0,0.0,-80.0,0.0,0.0,0.0,0.0,0.0,0.0,0.0,0.0,0.0,0.0,0.0,0.0,0.0,0.0,0.0,0.0,0.0,0.0,0.0,0.0,0.0,0.0,0.0,0.0,0.0,0.0,0.0,0.0,0.0,0.0,0.0,0.0,0.0,0.0,0.0,0.0,0.0,0.0,0.0,0.0,0.0,0.0,0.0,0.0,0.0,-49.0,-58.0,0.0,0.0,0.0,-58.0,0.0,0.0,0.0,0.0,-87.0,0.0,0.0,0.0,0.0,0.0,0.0,0.0,0.0,0.0,0.0,0.0,0.0,0.0,0.0,0.0,0.0,0.0,0.0,0.0,0.0,0.0,0.0,0.0,0.0,0.0,0.0,-65.0,0.0,Administracion
232,233,0.0,0.0,0.0,0.0,-87.0,0.0,0.0,0.0,0.0,-70.0,0.0,0.0,0.0,0.0,0.0,-82.0,-82.0,0.0,0.0,0.0,0.0,0.0,0.0,0.0,-80.0,0.0,0.0,0.0,0.0,0.0,0.0,0.0,0.0,0.0,0.0,0.0,0.0,0.0,0.0,0.0,0.0,0.0,0.0,0.0,0.0,0.0,0.0,0.0,0.0,0.0,0.0,0.0,0.0,0.0,0.0,0.0,0.0,0.0,0.0,0.0,0.0,0.0,0.0,0.0,0.0,0.0,0.0,0.0,0.0,0.0,-49.0,-58.0,0.0,0.0,0.0,-58.0,0.0,0.0,0.0,0.0,-87.0,0.0,0.0,0.0,0.0,0.0,0.0,0.0,0.0,0.0,0.0,0.0,0.0,0.0,0.0,0.0,0.0,0.0,0.0,0.0,0.0,0.0,0.0,0.0,0.0,0.0,0.0,-65.0,0.0,Administracion
233,234,0.0,0.0,0.0,0.0,-87.0,0.0,0.0,0.0,0.0,-70.0,0.0,0.0,0.0,0.0,0.0,-82.0,-82.0,0.0,0.0,0.0,0.0,0.0,0.0,0.0,-80.0,0.0,0.0,0.0,0.0,0.0,0.0,0.0,0.0,0.0,0.0,0.0,0.0,0.0,0.0,0.0,0.0,0.0,0.0,0.0,0.0,0.0,0.0,0.0,0.0,0.0,0.0,0.0,0.0,0.0,0.0,0.0,0.0,0.0,0.0,0.0,0.0,0.0,0.0,0.0,0.0,0.0,0.0,0.0,0.0,0.0,-49.0,-58.0,0.0,0.0,0.0,-58.0,0.0,0.0,0.0,0.0,-87.0,0.0,0.0,0.0,0.0,0.0,0.0,0.0,0.0,0.0,0.0,0.0,0.0,0.0,0.0,0.0,0.0,0.0,0.0,0.0,0.0,0.0,0.0,0.0,0.0,0.0,0.0,-65.0,0.0,Administracion
234,235,0.0,0.0,0.0,0.0,-87.0,0.0,0.0,0.0,0.0,-70.0,0.0,0.0,0.0,0.0,0.0,-82.0,-82.0,0.0,0.0,0.0,0.0,0.0,0.0,0.0,-80.0,0.0,0.0,0.0,0.0,0.0,0.0,0.0,0.0,0.0,0.0,0.0,0.0,0.0,0.0,0.0,0.0,0.0,0.0,0.0,0.0,0.0,0.0,0.0,0.0,0.0,0.0,0.0,0.0,0.0,0.0,0.0,0.0,0.0,0.0,0.0,0.0,0.0,0.0,0.0,0.0,0.0,0.0,0.0,0.0,0.0,-49.0,-58.0,0.0,0.0,0.0,-58.0,0.0,0.0,0.0,0.0,-87.0,0.0,0.0,0.0,0.0,0.0,0.0,0.0,0.0,0.0,0.0,0.0,0.0,0.0,0.0,0.0,0.0,0.0,0.0,0.0,0.0,0.0,0.0,0.0,0.0,0.0,0.0,-65.0,0.0,Administracion
235,236,-92.0,0.0,0.0,0.0,0.0,0.0,0.0,0.0,0.0,0.0,0.0,0.0,0.0,0.0,0.0,0.0,0.0,0.0,0.0,0.0,0.0,0.0,0.0,0.0,0.0,0.0,0.0,0.0,0.0,0.0,0.0,0.0,0.0,0.0,0.0,0.0,0.0,0.0,0.0,0.0,-79.0,0.0,0.0,0.0,0.0,0.0,0.0,0.0,0.0,0.0,-76.0,-77.0,0.0,0.0,0.0,0.0,0.0,0.0,0.0,0.0,0.0,0.0,0.0,0.0,-80.0,-80.0,0.0,0.0,0.0,0.0,0.0,0.0,0.0,0.0,0.0,0.0,0.0,0.0,0.0,0.0,0.0,0.0,0.0,0.0,0.0,0.0,0.0,0.0,0.0,0.0,0.0,0.0,0.0,0.0,0.0,0.0,0.0,0.0,0.0,0.0,0.0,0.0,0.0,0.0,0.0,0.0,0.0,0.0,0.0,Aula26
236,237,0.0,0.0,0.0,0.0,0.0,0.0,0.0,0.0,0.0,0.0,0.0,0.0,0.0,0.0,0.0,0.0,0.0,0.0,0.0,0.0,0.0,0.0,0.0,0.0,0.0,0.0,0.0,0.0,0.0,0.0,-86.0,-86.0,0.0,0.0,0.0,0.0,0.0,0.0,0.0,0.0,0.0,0.0,0.0,0.0,0.0,0.0,0.0,0.0,0.0,0.0,0.0,0.0,-91.0,-90.0,-68.0,-68.0,-85.0,-85.0,-55.0,-56.0,-60.0,-60.0,-68.0,0.0,-80.0,-80.0,0.0,0.0,0.0,0.0,0.0,0.0,0.0,0.0,0.0,0.0,0.0,0.0,0.0,0.0,0.0,0.0,0.0,0.0,0.0,0.0,0.0,0.0,0.0,0.0,0.0,0.0,0.0,0.0,0.0,0.0,0.0,0.0,0.0,0.0,0.0,0.0,0.0,0.0,0.0,0.0,0.0,0.0,0.0,Aula26
237,238,-92.0,0.0,0.0,0.0,0.0,0.0,0.0,0.0,0.0,0.0,0.0,0.0,0.0,0.0,0.0,0.0,0.0,0.0,0.0,0.0,0.0,0.0,0.0,0.0,0.0,0.0,0.0,0.0,0.0,0.0,-87.0,-87.0,0.0,0.0,0.0,0.0,0.0,0.0,0.0,0.0,0.0,0.0,0.0,0.0,0.0,0.0,0.0,0.0,0.0,0.0,-84.0,-84.0,-92.0,-91.0,0.0,-68.0,-86.0,-87.0,-56.0,-56.0,-59.0,-59.0,0.0,-69.0,-81.0,-81.0,0.0,0.0,0.0,0.0,0.0,0.0,0.0,0.0,0.0,0.0,0.0,0.0,0.0,0.0,0.0,0.0,0.0,0.0,0.0,0.0,0.0,0.0,0.0,0.0,0.0,0.0,0.0,0.0,0.0,0.0,0.0,0.0,0.0,0.0,0.0,0.0,0.0,0.0,0.0,0.0,0.0,0.0,0.0,Aula26
238,239,0.0,-74.0,0.0,0.0,0.0,0.0,0.0,0.0,0.0,0.0,0.0,-84.0,0.0,0.0,0.0,0.0,0.0,0.0,0.0,0.0,0.0,0.0,0.0,0.0,0.0,0.0,0.0,0.0,0.0,0.0,-87.0,0.0,0.0,0.0,0.0,0.0,0.0,0.0,0.0,0.0,0.0,0.0,0.0,0.0,0.0,0.0,0.0,0.0,0.0,-88.0,0.0,0.0,0.0,0.0,-67.0,-67.0,-87.0,-87.0,-55.0,-55.0,-60.0,-59.0,-68.0,-68.0,-81.0,-81.0,0.0,0.0,0.0,0.0,0.0,0.0,0.0,0.0,0.0,0.0,0.0,0.0,0.0,0.0,0.0,0.0,0.0,0.0,0.0,0.0,0.0,0.0,0.0,0.0,0.0,0.0,0.0,0.0,0.0,0.0,0.0,0.0,0.0,0.0,0.0,0.0,0.0,0.0,0.0,0.0,0.0,0.0,0.0,Aula26
239,240,0.0,-75.0,0.0,0.0,0.0,0.0,0.0,0.0,0.0,0.0,0.0,0.0,0.0,0.0,0.0,0.0,0.0,0.0,0.0,0.0,0.0,0.0,0.0,0.0,0.0,0.0,0.0,0.0,-81.0,-80.0,-87.0,-87.0,0.0,0.0,0.0,0.0,0.0,0.0,0.0,0.0,0.0,0.0,0.0,0.0,0.0,0.0,0.0,0.0,0.0,0.0,0.0,0.0,0.0,0.0,-67.0,-67.0,-87.0,-87.0,-55.0,-55.0,0.0,0.0,-69.0,-70.0,-82.0,-82.0,0.0,0.0,0.0,0.0,0.0,0.0,0.0,0.0,0.0,0.0,0.0,0.0,0.0,0.0,0.0,0.0,0.0,0.0,0.0,0.0,0.0,0.0,0.0,0.0,0.0,0.0,0.0,0.0,0.0,0.0,0.0,0.0,0.0,0.0,0.0,0.0,0.0,0.0,0.0,0.0,0.0,0.0,0.0,Aula26
240,241,0.0,-76.0,0.0,0.0,0.0,0.0,0.0,0.0,0.0,0.0,0.0,0.0,0.0,0.0,0.0,0.0,0.0,0.0,0.0,0.0,0.0,0.0,0.0,0.0,0.0,0.0,0.0,0.0,-81.0,0.0,-89.0,-89.0,0.0,0.0,0.0,0.0,0.0,0.0,0.0,0.0,0.0,0.0,0.0,0.0,0.0,0.0,0.0,0.0,0.0,0.0,0.0,0.0,0.0,0.0,0.0,-67.0,-88.0,-87.0,-55.0,-55.0,-58.0,-58.0,-69.0,-69.0,-82.0,-82.0,0.0,0.0,0.0,0.0,0.0,0.0,0.0,0.0,0.0,0.0,0.0,0.0,0.0,0.0,0.0,0.0,0.0,0.0,0.0,0.0,0.0,0.0,0.0,0.0,0.0,0.0,0.0,0.0,0.0,0.0,0.0,0.0,0.0,0.0,0.0,0.0,0.0,0.0,0.0,0.0,0.0,0.0,0.0,Aula26
241,242,0.0,0.0,0.0,0.0,0.0,0.0,0.0,0.0,0.0,0.0,0.0,0.0,0.0,0.0,0.0,0.0,0.0,0.0,0.0,0.0,0.0,0.0,0.0,0.0,0.0,0.0,0.0,0.0,0.0,0.0,-88.0,-87.0,0.0,0.0,0.0,0.0,0.0,0.0,0.0,0.0,0.0,0.0,0.0,0.0,0.0,0.0,0.0,0.0,0.0,0.0,0.0,0.0,-91.0,-91.0,-68.0,-67.0,-87.0,-86.0,-55.0,-56.0,-58.0,-58.0,-69.0,-68.0,-81.0,-82.0,0.0,0.0,0.0,0.0,0.0,0.0,0.0,0.0,0.0,0.0,0.0,0.0,0.0,0.0,0.0,0.0,0.0,0.0,0.0,0.0,0.0,0.0,0.0,0.0,0.0,0.0,0.0,0.0,0.0,0.0,0.0,0.0,0.0,0.0,0.0,0.0,0.0,0.0,0.0,0.0,0.0,0.0,0.0,Aula26
242,243,0.0,0.0,0.0,0.0,0.0,0.0,0.0,0.0,0.0,0.0,0.0,0.0,0.0,0.0,0.0,0.0,0.0,0.0,0.0,0.0,0.0,0.0,0.0,0.0,0.0,0.0,0.0,0.0,-80.0,-81.0,-87.0,-87.0,0.0,0.0,0.0,0.0,0.0,0.0,0.0,0.0,0.0,0.0,0.0,0.0,0.0,0.0,0.0,0.0,0.0,0.0,0.0,0.0,-92.0,-93.0,-67.0,-67.0,-87.0,-86.0,0.0,0.0,-58.0,-58.0,0.0,0.0,-82.0,-82.0,0.0,0.0,0.0,0.0,0.0,0.0,0.0,0.0,0.0,0.0,0.0,0.0,0.0,0.0,0.0,0.0,0.0,0.0,0.0,0.0,0.0,-94.0,0.0,0.0,0.0,0.0,0.0,0.0,0.0,0.0,0.0,0.0,0.0,0.0,0.0,0.0,0.0,0.0,0.0,0.0,0.0,0.0,0.0,Aula26
243,244,-91.0,-74.0,0.0,0.0,0.0,0.0,0.0,0.0,0.0,0.0,0.0,-86.0,0.0,0.0,0.0,0.0,0.0,0.0,0.0,0.0,0.0,0.0,0.0,0.0,0.0,0.0,0.0,0.0,0.0,0.0,-87.0,-88.0,0.0,0.0,0.0,0.0,0.0,0.0,0.0,0.0,0.0,-84.0,0.0,0.0,0.0,0.0,0.0,0.0,0.0,0.0,0.0,0.0,0.0,-93.0,0.0,-67.0,-88.0,-87.0,-57.0,-57.0,-58.0,-58.0,-70.0,0.0,-82.0,-83.0,0.0,0.0,0.0,0.0,0.0,0.0,0.0,0.0,0.0,0.0,0.0,0.0,0.0,0.0,0.0,0.0,0.0,0.0,0.0,0.0,0.0,0.0,0.0,0.0,0.0,0.0,0.0,0.0,0.0,0.0,0.0,0.0,0.0,0.0,0.0,-87.0,0.0,0.0,0.0,0.0,0.0,0.0,0.0,Aula26
244,245,0.0,-75.0,0.0,0.0,0.0,0.0,0.0,0.0,0.0,0.0,0.0,0.0,0.0,0.0,0.0,0.0,0.0,0.0,0.0,0.0,0.0,0.0,0.0,0.0,0.0,0.0,0.0,0.0,0.0,-81.0,-87.0,-87.0,0.0,0.0,0.0,0.0,0.0,0.0,0.0,0.0,0.0,0.0,0.0,0.0,0.0,0.0,0.0,0.0,0.0,0.0,0.0,0.0,0.0,0.0,-67.0,0.0,-87.0,-87.0,-58.0,-58.0,-58.0,-58.0,-70.0,0.0,-82.0,-82.0,0.0,0.0,0.0,0.0,0.0,0.0,0.0,0.0,0.0,0.0,0.0,0.0,0.0,0.0,0.0,0.0,0.0,0.0,0.0,0.0,0.0,0.0,0.0,0.0,0.0,0.0,0.0,0.0,0.0,0.0,0.0,0.0,0.0,0.0,0.0,0.0,0.0,0.0,0.0,0.0,0.0,0.0,0.0,Aula26
245,246,-93.0,-76.0,0.0,0.0,0.0,0.0,0.0,0.0,0.0,0.0,0.0,0.0,0.0,0.0,0.0,0.0,0.0,0.0,0.0,0.0,0.0,0.0,0.0,0.0,0.0,0.0,0.0,0.0,0.0,0.0,-86.0,-87.0,0.0,0.0,0.0,0.0,0.0,0.0,0.0,0.0,0.0,0.0,0.0,0.0,0.0,0.0,0.0,0.0,0.0,0.0,-80.0,-81.0,-95.0,-94.0,0.0,0.0,-88.0,-88.0,-57.0,-57.0,-62.0,-63.0,0.0,0.0,-82.0,-81.0,0.0,0.0,0.0,0.0,0.0,0.0,0.0,0.0,0.0,0.0,0.0,0.0,0.0,0.0,0.0,0.0,0.0,0.0,0.0,0.0,0.0,0.0,0.0,0.0,0.0,0.0,0.0,0.0,0.0,0.0,0.0,0.0,0.0,0.0,0.0,0.0,0.0,0.0,0.0,0.0,0.0,0.0,0.0,Aula26
246,247,-91.0,0.0,0.0,0.0,0.0,0.0,0.0,0.0,0.0,0.0,0.0,0.0,0.0,0.0,0.0,0.0,0.0,0.0,0.0,0.0,0.0,0.0,0.0,0.0,0.0,0.0,0.0,0.0,0.0,0.0,-87.0,-86.0,0.0,0.0,0.0,0.0,0.0,0.0,0.0,0.0,0.0,0.0,0.0,0.0,0.0,0.0,0.0,0.0,0.0,0.0,-80.0,-80.0,0.0,0.0,0.0,0.0,-87.0,-86.0,0.0,0.0,-58.0,-58.0,0.0,0.0,0.0,-82.0,0.0,0.0,0.0,0.0,0.0,0.0,0.0,0.0,0.0,0.0,0.0,0.0,0.0,0.0,0.0,0.0,0.0,0.0,0.0,0.0,0.0,0.0,0.0,0.0,0.0,0.0,0.0,0.0,0.0,0.0,0.0,0.0,0.0,0.0,0.0,0.0,0.0,0.0,0.0,0.0,0.0,0.0,0.0,Aula26
247,248,0.0,0.0,0.0,0.0,0.0,0.0,0.0,0.0,0.0,0.0,0.0,0.0,0.0,0.0,0.0,0.0,0.0,0.0,0.0,0.0,0.0,0.0,0.0,0.0,0.0,0.0,0.0,0.0,-81.0,-82.0,-85.0,-85.0,0.0,0.0,0.0,0.0,0.0,0.0,0.0,0.0,0.0,0.0,0.0,0.0,0.0,0.0,0.0,0.0,0.0,0.0,0.0,-80.0,0.0,0.0,0.0,0.0,-86.0,-86.0,0.0,0.0,-58.0,-58.0,0.0,0.0,-81.0,-81.0,0.0,0.0,0.0,0.0,0.0,0.0,0.0,0.0,0.0,0.0,0.0,0.0,0.0,0.0,0.0,0.0,0.0,0.0,0.0,0.0,0.0,0.0,0.0,0.0,0.0,0.0,0.0,0.0,0.0,0.0,0.0,0.0,0.0,0.0,0.0,-88.0,0.0,0.0,0.0,0.0,0.0,0.0,0.0,Aula26
248,249,-94.0,-76.0,0.0,0.0,0.0,0.0,0.0,0.0,0.0,0.0,0.0,-85.0,-85.0,0.0,0.0,0.0,0.0,0.0,0.0,0.0,0.0,0.0,0.0,0.0,0.0,0.0,0.0,0.0,0.0,0.0,-86.0,-85.0,0.0,0.0,0.0,0.0,0.0,0.0,0.0,0.0,-83.0,-83.0,0.0,0.0,0.0,0.0,0.0,0.0,0.0,0.0,0.0,0.0,0.0,0.0,-66.0,-67.0,-85.0,-86.0,0.0,0.0,-58.0,-58.0,0.0,-67.0,-80.0,-80.0,0.0,0.0,0.0,0.0,0.0,0.0,0.0,0.0,0.0,0.0,0.0,0.0,0.0,0.0,0.0,0.0,0.0,0.0,0.0,0.0,0.0,0.0,0.0,0.0,0.0,0.0,0.0,0.0,0.0,0.0,0.0,0.0,0.0,0.0,0.0,0.0,0.0,0.0,0.0,0.0,0.0,0.0,0.0,Aula26
249,250,0.0,0.0,0.0,0.0,0.0,0.0,0.0,0.0,0.0,0.0,0.0,0.0,0.0,0.0,0.0,0.0,0.0,0.0,0.0,0.0,0.0,0.0,0.0,0.0,0.0,0.0,0.0,0.0,0.0,0.0,-85.0,-85.0,0.0,0.0,0.0,0.0,0.0,0.0,0.0,0.0,0.0,0.0,0.0,0.0,0.0,0.0,0.0,0.0,0.0,0.0,0.0,0.0,0.0,-96.0,-66.0,-65.0,-84.0,-85.0,-59.0,-60.0,-58.0,-57.0,-68.0,-68.0,-79.0,-79.0,0.0,0.0,0.0,0.0,0.0,0.0,0.0,0.0,0.0,0.0,0.0,0.0,0.0,0.0,0.0,0.0,0.0,0.0,0.0,0.0,0.0,0.0,0.0,0.0,0.0,0.0,0.0,0.0,0.0,0.0,0.0,0.0,0.0,0.0,0.0,0.0,0.0,0.0,0.0,0.0,0.0,0.0,0.0,Aula26
250,251,0.0,-76.0,0.0,0.0,0.0,0.0,0.0,0.0,0.0,0.0,0.0,0.0,0.0,0.0,0.0,0.0,0.0,0.0,0.0,0.0,0.0,0.0,0.0,0.0,0.0,0.0,0.0,0.0,0.0,0.0,-86.0,-85.0,0.0,0.0,0.0,0.0,0.0,0.0,0.0,0.0,0.0,0.0,0.0,0.0,0.0,0.0,0.0,0.0,0.0,0.0,-80.0,-79.0,0.0,0.0,-66.0,-67.0,-85.0,-85.0,-59.0,-59.0,-58.0,-58.0,-69.0,-69.0,-80.0,-80.0,0.0,0.0,0.0,0.0,0.0,0.0,0.0,0.0,0.0,0.0,0.0,0.0,0.0,0.0,0.0,0.0,0.0,0.0,0.0,0.0,0.0,0.0,0.0,0.0,0.0,0.0,0.0,0.0,0.0,0.0,0.0,0.0,0.0,0.0,0.0,0.0,0.0,0.0,0.0,0.0,0.0,0.0,0.0,Aula26
251,252,0.0,0.0,0.0,0.0,0.0,0.0,0.0,0.0,0.0,0.0,0.0,0.0,0.0,0.0,0.0,0.0,0.0,0.0,0.0,0.0,0.0,0.0,0.0,0.0,0.0,0.0,0.0,0.0,-81.0,-80.0,-85.0,-85.0,0.0,0.0,0.0,0.0,0.0,0.0,0.0,0.0,-83.0,-82.0,0.0,0.0,0.0,0.0,0.0,0.0,0.0,0.0,-78.0,-78.0,-97.0,-97.0,-67.0,-65.0,-84.0,-84.0,0.0,0.0,-59.0,-59.0,-70.0,-70.0,-80.0,-80.0,0.0,0.0,0.0,0.0,0.0,0.0,0.0,0.0,0.0,0.0,0.0,0.0,0.0,0.0,0.0,0.0,0.0,0.0,0.0,0.0,0.0,0.0,0.0,0.0,0.0,0.0,0.0,0.0,0.0,0.0,0.0,0.0,0.0,0.0,0.0,-89.0,0.0,0.0,0.0,0.0,0.0,0.0,0.0,Aula26
252,253,0.0,0.0,0.0,0.0,0.0,0.0,0.0,0.0,0.0,0.0,0.0,-85.0,-85.0,0.0,0.0,0.0,0.0,0.0,0.0,0.0,0.0,0.0,0.0,0.0,0.0,0.0,0.0,0.0,0.0,0.0,-86.0,-85.0,0.0,0.0,0.0,0.0,0.0,0.0,0.0,0.0,-82.0,-82.0,0.0,0.0,0.0,0.0,0.0,0.0,-86.0,-87.0,0.0,-78.0,-97.0,0.0,-66.0,-66.0,-84.0,-83.0,-59.0,-60.0,-59.0,-59.0,-70.0,-69.0,-80.0,-80.0,0.0,0.0,0.0,0.0,0.0,0.0,0.0,0.0,0.0,0.0,0.0,0.0,0.0,0.0,0.0,0.0,0.0,0.0,0.0,0.0,0.0,0.0,0.0,0.0,0.0,0.0,0.0,0.0,0.0,0.0,0.0,0.0,0.0,0.0,0.0,-89.0,0.0,0.0,0.0,0.0,0.0,0.0,0.0,Aula26
253,254,0.0,-76.0,0.0,0.0,0.0,0.0,0.0,0.0,0.0,0.0,0.0,0.0,0.0,0.0,0.0,0.0,0.0,0.0,0.0,0.0,0.0,0.0,0.0,0.0,0.0,0.0,0.0,0.0,0.0,0.0,-85.0,-86.0,0.0,0.0,0.0,0.0,0.0,0.0,0.0,0.0,0.0,0.0,0.0,0.0,0.0,0.0,0.0,0.0,0.0,0.0,-80.0,0.0,-94.0,-94.0,-66.0,-66.0,-84.0,-84.0,-59.0,-59.0,-59.0,-59.0,-68.0,-70.0,-81.0,-81.0,0.0,0.0,0.0,0.0,0.0,0.0,0.0,0.0,0.0,0.0,0.0,0.0,0.0,0.0,0.0,0.0,0.0,0.0,0.0,0.0,0.0,0.0,0.0,0.0,0.0,0.0,0.0,0.0,0.0,0.0,0.0,0.0,0.0,0.0,0.0,0.0,0.0,0.0,0.0,0.0,0.0,0.0,0.0,Aula26
254,255,0.0,0.0,0.0,0.0,0.0,0.0,0.0,0.0,0.0,0.0,0.0,0.0,0.0,0.0,0.0,0.0,0.0,0.0,0.0,0.0,0.0,0.0,0.0,0.0,0.0,0.0,0.0,0.0,0.0,-80.0,-86.0,-85.0,0.0,0.0,0.0,0.0,0.0,0.0,0.0,0.0,0.0,0.0,0.0,0.0,0.0,0.0,0.0,0.0,0.0,0.0,0.0,0.0,-94.0,0.0,0.0,-66.0,-83.0,-82.0,-60.0,-60.0,-59.0,-59.0,-70.0,-69.0,-80.0,-80.0,0.0,0.0,0.0,0.0,0.0,0.0,0.0,0.0,0.0,0.0,0.0,0.0,0.0,0.0,0.0,0.0,0.0,0.0,0.0,0.0,0.0,0.0,0.0,0.0,0.0,0.0,0.0,0.0,0.0,0.0,0.0,0.0,0.0,0.0,0.0,0.0,0.0,0.0,0.0,0.0,0.0,0.0,0.0,Aula26
255,256,-91.0,0.0,0.0,0.0,0.0,0.0,0.0,0.0,0.0,0.0,0.0,0.0,0.0,0.0,0.0,0.0,0.0,0.0,0.0,0.0,0.0,0.0,0.0,0.0,0.0,0.0,0.0,0.0,-80.0,-81.0,-85.0,-85.0,0.0,0.0,0.0,0.0,0.0,0.0,0.0,0.0,0.0,0.0,0.0,0.0,0.0,0.0,0.0,0.0,0.0,0.0,-79.0,-79.0,-96.0,0.0,0.0,-66.0,-83.0,-83.0,-59.0,-60.0,-58.0,-59.0,-69.0,0.0,-80.0,-80.0,0.0,0.0,0.0,0.0,0.0,0.0,0.0,0.0,0.0,0.0,0.0,0.0,0.0,0.0,0.0,0.0,0.0,0.0,0.0,0.0,0.0,0.0,0.0,0.0,0.0,0.0,0.0,0.0,0.0,0.0,0.0,0.0,0.0,0.0,0.0,0.0,0.0,0.0,0.0,0.0,0.0,0.0,0.0,Aula26
256,257,-91.0,-76.0,0.0,0.0,0.0,0.0,0.0,0.0,0.0,0.0,0.0,0.0,0.0,0.0,0.0,0.0,0.0,0.0,0.0,0.0,0.0,0.0,0.0,0.0,0.0,0.0,0.0,0.0,0.0,0.0,-86.0,-85.0,0.0,0.0,0.0,0.0,0.0,0.0,0.0,0.0,0.0,0.0,0.0,0.0,0.0,0.0,0.0,0.0,0.0,0.0,-79.0,-79.0,0.0,-96.0,0.0,-67.0,-84.0,-84.0,-60.0,-60.0,-59.0,-58.0,-68.0,-70.0,-81.0,-81.0,0.0,0.0,0.0,0.0,0.0,0.0,0.0,0.0,0.0,0.0,0.0,0.0,0.0,0.0,0.0,0.0,0.0,0.0,0.0,0.0,0.0,0.0,0.0,0.0,0.0,0.0,0.0,0.0,0.0,0.0,0.0,0.0,0.0,0.0,0.0,0.0,0.0,0.0,0.0,0.0,0.0,0.0,0.0,Aula26
257,258,-93.0,-76.0,0.0,0.0,0.0,0.0,0.0,0.0,0.0,0.0,0.0,0.0,0.0,0.0,0.0,0.0,0.0,0.0,0.0,0.0,0.0,0.0,0.0,0.0,-89.0,-89.0,0.0,0.0,0.0,0.0,-86.0,-85.0,0.0,0.0,0.0,0.0,0.0,0.0,0.0,0.0,0.0,0.0,0.0,0.0,0.0,0.0,0.0,0.0,0.0,0.0,-77.0,-78.0,-97.0,-96.0,0.0,0.0,-84.0,-84.0,-60.0,-60.0,-58.0,-58.0,-69.0,-69.0,-81.0,-81.0,0.0,0.0,0.0,0.0,0.0,0.0,0.0,0.0,0.0,0.0,0.0,0.0,0.0,0.0,0.0,0.0,0.0,0.0,0.0,0.0,0.0,0.0,0.0,0.0,0.0,0.0,0.0,0.0,0.0,0.0,0.0,0.0,0.0,0.0,0.0,0.0,0.0,0.0,0.0,0.0,0.0,0.0,0.0,Aula26
258,259,0.0,-75.0,0.0,0.0,0.0,0.0,0.0,0.0,0.0,0.0,0.0,0.0,0.0,-96.0,0.0,0.0,0.0,0.0,0.0,0.0,0.0,0.0,0.0,0.0,-88.0,0.0,0.0,0.0,-79.0,-79.0,-86.0,-86.0,0.0,0.0,0.0,0.0,0.0,0.0,0.0,0.0,-84.0,0.0,0.0,0.0,0.0,0.0,0.0,0.0,0.0,0.0,-79.0,-79.0,-98.0,0.0,-67.0,-68.0,-85.0,-85.0,-60.0,-60.0,-58.0,-58.0,0.0,-69.0,-81.0,-81.0,0.0,0.0,0.0,0.0,0.0,0.0,0.0,0.0,0.0,0.0,0.0,0.0,0.0,0.0,0.0,0.0,0.0,0.0,0.0,0.0,0.0,0.0,0.0,0.0,0.0,0.0,0.0,0.0,0.0,0.0,0.0,0.0,0.0,0.0,0.0,0.0,0.0,0.0,0.0,0.0,0.0,0.0,0.0,Aula26
259,260,0.0,-73.0,0.0,0.0,0.0,0.0,0.0,0.0,0.0,0.0,0.0,0.0,0.0,0.0,0.0,0.0,0.0,0.0,0.0,0.0,0.0,0.0,0.0,0.0,0.0,0.0,0.0,0.0,-80.0,-81.0,-85.0,-85.0,0.0,0.0,0.0,0.0,0.0,0.0,0.0,0.0,0.0,0.0,0.0,0.0,0.0,0.0,0.0,0.0,0.0,0.0,0.0,0.0,0.0,0.0,0.0,-67.0,-83.0,-84.0,-60.0,-60.0,-59.0,-59.0,-69.0,0.0,-80.0,-81.0,0.0,0.0,0.0,0.0,0.0,0.0,0.0,0.0,0.0,0.0,0.0,0.0,0.0,0.0,0.0,0.0,0.0,0.0,0.0,0.0,0.0,0.0,0.0,0.0,0.0,0.0,0.0,0.0,0.0,0.0,0.0,0.0,0.0,0.0,0.0,-87.0,0.0,0.0,0.0,0.0,0.0,0.0,0.0,Aula26
260,261,-93.0,0.0,0.0,0.0,0.0,0.0,0.0,0.0,0.0,0.0,0.0,0.0,0.0,0.0,0.0,0.0,0.0,0.0,0.0,0.0,0.0,0.0,0.0,0.0,0.0,0.0,0.0,0.0,-82.0,-82.0,-86.0,-86.0,0.0,0.0,0.0,0.0,0.0,0.0,0.0,0.0,0.0,0.0,0.0,0.0,0.0,0.0,0.0,0.0,0.0,0.0,-78.0,-78.0,0.0,0.0,-66.0,-67.0,-83.0,-83.0,-60.0,-60.0,-58.0,-58.0,-69.0,-69.0,-81.0,-81.0,0.0,0.0,0.0,0.0,0.0,0.0,0.0,0.0,0.0,0.0,0.0,0.0,0.0,0.0,0.0,0.0,0.0,0.0,0.0,0.0,0.0,0.0,0.0,0.0,0.0,0.0,0.0,0.0,0.0,0.0,0.0,0.0,0.0,0.0,0.0,0.0,0.0,0.0,0.0,0.0,0.0,0.0,0.0,Aula26
261,262,0.0,0.0,0.0,0.0,0.0,0.0,0.0,0.0,0.0,0.0,0.0,0.0,0.0,0.0,0.0,0.0,0.0,0.0,0.0,0.0,0.0,0.0,0.0,0.0,0.0,0.0,0.0,0.0,0.0,0.0,-85.0,-85.0,0.0,0.0,0.0,0.0,0.0,0.0,0.0,0.0,0.0,0.0,0.0,0.0,0.0,0.0,0.0,0.0,-85.0,-84.0,-78.0,-78.0,0.0,0.0,0.0,0.0,-84.0,-83.0,0.0,0.0,-57.0,-58.0,0.0,0.0,-81.0,-80.0,0.0,0.0,0.0,0.0,0.0,0.0,0.0,0.0,0.0,0.0,0.0,0.0,0.0,0.0,0.0,0.0,0.0,0.0,0.0,0.0,0.0,0.0,0.0,0.0,0.0,0.0,0.0,0.0,0.0,0.0,0.0,0.0,0.0,0.0,0.0,0.0,0.0,0.0,0.0,0.0,0.0,0.0,0.0,Aula26
262,263,-92.0,-76.0,0.0,0.0,0.0,0.0,0.0,0.0,0.0,0.0,0.0,0.0,0.0,0.0,0.0,0.0,0.0,0.0,0.0,0.0,0.0,0.0,0.0,0.0,0.0,0.0,0.0,0.0,0.0,-80.0,-85.0,-85.0,0.0,0.0,0.0,0.0,0.0,0.0,0.0,0.0,0.0,0.0,0.0,0.0,0.0,0.0,0.0,0.0,-85.0,-86.0,0.0,0.0,0.0,0.0,0.0,-70.0,-85.0,-84.0,-60.0,-62.0,-57.0,-58.0,-69.0,-66.0,-80.0,-80.0,0.0,0.0,0.0,0.0,0.0,0.0,0.0,0.0,0.0,0.0,0.0,0.0,0.0,0.0,0.0,0.0,0.0,0.0,0.0,0.0,0.0,0.0,0.0,0.0,0.0,0.0,0.0,0.0,0.0,0.0,0.0,0.0,0.0,0.0,0.0,-87.0,0.0,0.0,0.0,0.0,0.0,0.0,0.0,Aula26
263,264,0.0,-77.0,0.0,0.0,0.0,0.0,0.0,0.0,0.0,0.0,0.0,0.0,0.0,0.0,0.0,0.0,0.0,0.0,0.0,0.0,0.0,0.0,0.0,0.0,0.0,0.0,0.0,0.0,0.0,0.0,0.0,0.0,0.0,0.0,0.0,0.0,0.0,0.0,0.0,0.0,0.0,0.0,0.0,0.0,0.0,0.0,0.0,0.0,0.0,0.0,0.0,0.0,0.0,0.0,0.0,0.0,-86.0,-85.0,0.0,0.0,-58.0,-58.0,0.0,0.0,-81.0,-81.0,0.0,0.0,0.0,0.0,0.0,0.0,0.0,0.0,0.0,0.0,0.0,0.0,0.0,0.0,0.0,0.0,0.0,0.0,0.0,0.0,0.0,0.0,0.0,0.0,0.0,0.0,0.0,0.0,0.0,0.0,0.0,0.0,0.0,0.0,0.0,0.0,0.0,0.0,0.0,0.0,0.0,0.0,0.0,Aula26
264,265,-94.0,0.0,0.0,0.0,0.0,0.0,0.0,0.0,0.0,0.0,0.0,0.0,0.0,0.0,0.0,0.0,0.0,0.0,0.0,0.0,0.0,0.0,0.0,0.0,0.0,0.0,0.0,0.0,0.0,0.0,-86.0,-86.0,0.0,0.0,0.0,0.0,0.0,0.0,0.0,0.0,0.0,0.0,0.0,0.0,0.0,0.0,0.0,0.0,0.0,0.0,0.0,0.0,0.0,0.0,-69.0,0.0,-85.0,-85.0,-60.0,-60.0,-58.0,-58.0,-68.0,0.0,-81.0,-80.0,0.0,0.0,0.0,0.0,0.0,0.0,0.0,0.0,0.0,0.0,0.0,0.0,0.0,0.0,0.0,0.0,0.0,0.0,0.0,0.0,0.0,0.0,0.0,0.0,0.0,0.0,0.0,0.0,0.0,0.0,0.0,0.0,0.0,0.0,0.0,0.0,0.0,0.0,0.0,0.0,0.0,0.0,0.0,Aula26
265,266,0.0,0.0,0.0,0.0,0.0,0.0,0.0,0.0,0.0,0.0,0.0,0.0,0.0,-96.0,-96.0,0.0,0.0,0.0,0.0,0.0,0.0,0.0,0.0,0.0,0.0,0.0,0.0,0.0,-80.0,-79.0,-86.0,-85.0,0.0,0.0,0.0,0.0,0.0,0.0,0.0,0.0,0.0,0.0,-97.0,-97.0,0.0,0.0,0.0,0.0,0.0,0.0,0.0,0.0,0.0,0.0,-69.0,-69.0,-84.0,-84.0,-60.0,-61.0,-58.0,-58.0,0.0,0.0,-80.0,-80.0,0.0,0.0,0.0,0.0,0.0,0.0,0.0,0.0,0.0,0.0,0.0,0.0,0.0,0.0,0.0,0.0,0.0,0.0,0.0,0.0,0.0,0.0,0.0,0.0,0.0,0.0,0.0,0.0,0.0,0.0,0.0,0.0,0.0,0.0,0.0,0.0,0.0,0.0,0.0,0.0,0.0,0.0,0.0,Aula26
266,267,0.0,0.0,0.0,0.0,0.0,0.0,0.0,0.0,0.0,0.0,0.0,0.0,0.0,0.0,0.0,0.0,0.0,0.0,0.0,0.0,0.0,0.0,0.0,0.0,0.0,0.0,0.0,0.0,-81.0,-80.0,-85.0,-85.0,0.0,0.0,0.0,0.0,0.0,0.0,0.0,0.0,0.0,0.0,0.0,0.0,0.0,0.0,0.0,0.0,0.0,0.0,0.0,0.0,0.0,0.0,-69.0,-69.0,-85.0,-84.0,0.0,0.0,-58.0,-58.0,0.0,0.0,-81.0,-80.0,0.0,0.0,0.0,0.0,0.0,0.0,0.0,0.0,0.0,0.0,0.0,0.0,0.0,0.0,0.0,0.0,0.0,0.0,0.0,0.0,0.0,0.0,0.0,0.0,0.0,0.0,0.0,0.0,0.0,0.0,0.0,0.0,0.0,0.0,0.0,-85.0,0.0,0.0,0.0,0.0,0.0,0.0,0.0,Aula26
267,268,0.0,0.0,0.0,0.0,0.0,0.0,0.0,0.0,0.0,0.0,0.0,0.0,0.0,0.0,0.0,0.0,0.0,0.0,0.0,0.0,0.0,0.0,0.0,0.0,0.0,0.0,0.0,0.0,-80.0,-80.0,-85.0,-85.0,0.0,0.0,0.0,0.0,0.0,0.0,0.0,0.0,0.0,0.0,0.0,0.0,0.0,0.0,0.0,0.0,0.0,0.0,-79.0,-79.0,0.0,0.0,-69.0,-69.0,-83.0,-83.0,-60.0,-60.0,-58.0,-58.0,-67.0,-67.0,-80.0,-81.0,0.0,0.0,0.0,0.0,0.0,0.0,0.0,0.0,0.0,0.0,0.0,0.0,0.0,0.0,0.0,0.0,0.0,0.0,0.0,0.0,0.0,0.0,0.0,0.0,0.0,0.0,0.0,0.0,0.0,0.0,0.0,0.0,0.0,0.0,0.0,0.0,0.0,0.0,0.0,0.0,0.0,0.0,0.0,Aula26
268,269,0.0,-77.0,0.0,0.0,0.0,0.0,0.0,0.0,0.0,0.0,0.0,0.0,0.0,0.0,0.0,0.0,0.0,0.0,0.0,0.0,0.0,0.0,0.0,0.0,0.0,0.0,0.0,0.0,0.0,0.0,-84.0,-84.0,0.0,0.0,0.0,0.0,0.0,0.0,0.0,0.0,0.0,0.0,0.0,0.0,0.0,0.0,0.0,0.0,0.0,0.0,-79.0,-79.0,0.0,0.0,-70.0,-68.0,-82.0,-82.0,-60.0,-60.0,-58.0,-58.0,-68.0,-68.0,-82.0,-82.0,0.0,0.0,0.0,0.0,0.0,0.0,0.0,0.0,0.0,0.0,0.0,0.0,0.0,0.0,0.0,0.0,0.0,0.0,0.0,0.0,0.0,0.0,0.0,0.0,0.0,0.0,0.0,0.0,0.0,0.0,0.0,0.0,0.0,0.0,0.0,0.0,0.0,0.0,0.0,0.0,0.0,0.0,0.0,Aula26
269,270,-91.0,0.0,0.0,0.0,0.0,0.0,0.0,0.0,0.0,0.0,0.0,0.0,0.0,0.0,0.0,0.0,0.0,0.0,0.0,0.0,0.0,0.0,0.0,0.0,0.0,0.0,0.0,0.0,-80.0,-81.0,-86.0,-86.0,0.0,0.0,0.0,0.0,0.0,0.0,0.0,0.0,0.0,0.0,0.0,0.0,0.0,0.0,0.0,0.0,0.0,-83.0,-79.0,-79.0,0.0,0.0,0.0,-69.0,-86.0,-85.0,-59.0,-59.0,-58.0,-59.0,-67.0,-67.0,-82.0,-82.0,0.0,0.0,0.0,0.0,0.0,0.0,0.0,0.0,0.0,0.0,0.0,0.0,0.0,0.0,0.0,0.0,0.0,0.0,0.0,0.0,0.0,0.0,0.0,0.0,0.0,0.0,0.0,0.0,0.0,0.0,0.0,0.0,0.0,0.0,0.0,-85.0,0.0,0.0,0.0,0.0,0.0,0.0,0.0,Aula26
270,271,0.0,0.0,0.0,0.0,0.0,0.0,0.0,0.0,0.0,0.0,0.0,0.0,0.0,0.0,0.0,0.0,0.0,0.0,0.0,0.0,0.0,0.0,0.0,0.0,0.0,0.0,0.0,0.0,0.0,0.0,-86.0,-86.0,0.0,0.0,0.0,0.0,0.0,0.0,0.0,0.0,0.0,-82.0,0.0,0.0,0.0,0.0,0.0,0.0,0.0,0.0,-77.0,-78.0,0.0,0.0,0.0,0.0,-85.0,-85.0,-60.0,-59.0,-58.0,-58.0,-68.0,-68.0,-82.0,-82.0,0.0,0.0,0.0,0.0,0.0,0.0,0.0,0.0,0.0,0.0,0.0,0.0,0.0,0.0,0.0,0.0,0.0,0.0,0.0,0.0,0.0,0.0,0.0,0.0,0.0,0.0,0.0,0.0,0.0,0.0,0.0,0.0,0.0,0.0,0.0,0.0,0.0,0.0,0.0,0.0,0.0,0.0,0.0,Aula26
271,272,0.0,0.0,0.0,0.0,0.0,0.0,0.0,0.0,0.0,0.0,0.0,0.0,0.0,0.0,0.0,0.0,0.0,0.0,0.0,0.0,0.0,0.0,0.0,0.0,0.0,0.0,0.0,0.0,-81.0,-80.0,-86.0,-86.0,0.0,0.0,0.0,0.0,0.0,0.0,0.0,0.0,0.0,0.0,0.0,0.0,0.0,0.0,0.0,0.0,0.0,0.0,-78.0,-78.0,0.0,0.0,-68.0,-69.0,0.0,0.0,-59.0,-59.0,-58.0,-58.0,-67.0,-66.0,-82.0,-82.0,0.0,0.0,0.0,0.0,0.0,0.0,-91.0,0.0,0.0,0.0,0.0,0.0,0.0,0.0,0.0,0.0,0.0,0.0,0.0,0.0,0.0,0.0,0.0,0.0,0.0,0.0,0.0,0.0,0.0,0.0,0.0,0.0,0.0,0.0,0.0,0.0,0.0,0.0,0.0,0.0,0.0,0.0,0.0,Aula26
272,273,0.0,0.0,0.0,0.0,0.0,0.0,0.0,0.0,0.0,0.0,0.0,0.0,0.0,0.0,0.0,0.0,0.0,0.0,0.0,0.0,0.0,0.0,0.0,0.0,0.0,0.0,0.0,0.0,-80.0,-80.0,-86.0,-86.0,0.0,0.0,0.0,0.0,0.0,0.0,0.0,0.0,0.0,0.0,0.0,0.0,0.0,0.0,0.0,0.0,0.0,0.0,0.0,0.0,0.0,0.0,-70.0,-70.0,-84.0,-84.0,-60.0,-60.0,-58.0,-57.0,0.0,-66.0,-82.0,-81.0,0.0,0.0,0.0,0.0,0.0,0.0,0.0,0.0,0.0,0.0,0.0,0.0,0.0,0.0,0.0,0.0,0.0,0.0,0.0,0.0,0.0,0.0,0.0,0.0,0.0,0.0,0.0,0.0,0.0,0.0,0.0,0.0,0.0,0.0,0.0,0.0,0.0,0.0,0.0,0.0,0.0,0.0,0.0,Aula26
273,274,0.0,-76.0,0.0,0.0,0.0,0.0,0.0,0.0,0.0,0.0,0.0,0.0,0.0,0.0,0.0,0.0,0.0,0.0,0.0,0.0,0.0,0.0,0.0,0.0,0.0,0.0,0.0,0.0,-81.0,-81.0,-87.0,-86.0,0.0,0.0,0.0,0.0,0.0,0.0,0.0,0.0,0.0,0.0,0.0,0.0,0.0,0.0,0.0,0.0,0.0,0.0,-77.0,0.0,0.0,0.0,0.0,-69.0,-82.0,-82.0,-60.0,-60.0,-58.0,-58.0,-67.0,0.0,-81.0,-81.0,0.0,0.0,0.0,0.0,0.0,0.0,0.0,0.0,0.0,0.0,0.0,0.0,0.0,0.0,0.0,0.0,0.0,0.0,0.0,0.0,0.0,0.0,0.0,0.0,0.0,0.0,0.0,0.0,0.0,0.0,0.0,0.0,0.0,0.0,0.0,0.0,0.0,0.0,0.0,0.0,0.0,0.0,0.0,Aula26
274,275,-93.0,0.0,0.0,0.0,0.0,0.0,0.0,0.0,0.0,0.0,0.0,0.0,0.0,0.0,0.0,0.0,0.0,0.0,0.0,0.0,0.0,0.0,0.0,0.0,0.0,0.0,0.0,0.0,-81.0,-81.0,-86.0,-86.0,0.0,0.0,0.0,0.0,0.0,0.0,0.0,0.0,0.0,0.0,0.0,0.0,0.0,0.0,0.0,0.0,0.0,0.0,0.0,0.0,0.0,0.0,0.0,-69.0,-84.0,-84.0,-59.0,-59.0,-58.0,-58.0,0.0,-67.0,-81.0,-82.0,0.0,0.0,0.0,0.0,0.0,0.0,-89.0,0.0,0.0,0.0,0.0,0.0,0.0,0.0,0.0,0.0,0.0,0.0,0.0,0.0,0.0,0.0,0.0,0.0,0.0,0.0,0.0,0.0,0.0,0.0,0.0,0.0,0.0,0.0,0.0,0.0,0.0,0.0,0.0,0.0,0.0,0.0,0.0,Aula26
275,276,0.0,-74.0,0.0,0.0,0.0,0.0,0.0,0.0,0.0,0.0,0.0,0.0,0.0,0.0,0.0,0.0,0.0,0.0,0.0,0.0,0.0,0.0,0.0,0.0,0.0,0.0,0.0,0.0,-81.0,-81.0,-86.0,-85.0,0.0,0.0,0.0,0.0,0.0,0.0,0.0,0.0,-84.0,-84.0,0.0,0.0,0.0,0.0,0.0,0.0,-85.0,-85.0,0.0,-78.0,0.0,0.0,-68.0,-70.0,-84.0,-85.0,-59.0,-59.0,-59.0,-59.0,-66.0,-66.0,-80.0,-80.0,0.0,0.0,0.0,0.0,0.0,0.0,0.0,0.0,0.0,0.0,0.0,0.0,0.0,0.0,0.0,0.0,0.0,0.0,0.0,0.0,0.0,0.0,0.0,0.0,0.0,0.0,0.0,0.0,0.0,0.0,0.0,0.0,0.0,0.0,0.0,0.0,0.0,0.0,0.0,0.0,0.0,0.0,0.0,Aula26
276,277,0.0,0.0,0.0,0.0,0.0,0.0,0.0,0.0,0.0,0.0,0.0,0.0,0.0,0.0,0.0,0.0,0.0,0.0,0.0,0.0,0.0,0.0,0.0,0.0,0.0,0.0,0.0,0.0,-83.0,-83.0,-85.0,-86.0,0.0,0.0,0.0,0.0,0.0,0.0,0.0,0.0,0.0,-84.0,0.0,0.0,0.0,0.0,0.0,0.0,0.0,0.0,-79.0,0.0,0.0,0.0,-70.0,0.0,-84.0,-83.0,0.0,0.0,-59.0,-59.0,0.0,-66.0,-78.0,-78.0,0.0,0.0,0.0,0.0,0.0,0.0,0.0,0.0,0.0,0.0,0.0,0.0,0.0,0.0,0.0,0.0,0.0,0.0,0.0,0.0,0.0,0.0,0.0,0.0,0.0,0.0,0.0,0.0,0.0,0.0,0.0,0.0,0.0,0.0,0.0,0.0,0.0,0.0,0.0,0.0,0.0,0.0,0.0,Aula26
277,278,0.0,0.0,0.0,0.0,0.0,0.0,0.0,0.0,0.0,0.0,0.0,0.0,0.0,0.0,0.0,0.0,0.0,0.0,0.0,0.0,0.0,0.0,0.0,0.0,-87.0,0.0,0.0,0.0,0.0,0.0,-85.0,-86.0,0.0,0.0,0.0,0.0,0.0,0.0,0.0,0.0,-84.0,-84.0,0.0,0.0,0.0,0.0,0.0,0.0,0.0,0.0,0.0,0.0,0.0,0.0,0.0,0.0,-84.0,-84.0,-51.0,-51.0,-61.0,-61.0,0.0,0.0,-80.0,-80.0,0.0,0.0,0.0,0.0,0.0,0.0,0.0,0.0,0.0,0.0,0.0,0.0,0.0,0.0,0.0,0.0,0.0,0.0,0.0,0.0,0.0,0.0,0.0,0.0,0.0,0.0,0.0,0.0,0.0,0.0,0.0,0.0,0.0,0.0,0.0,0.0,0.0,0.0,0.0,0.0,0.0,0.0,0.0,Aula26
278,279,0.0,-83.0,0.0,0.0,0.0,0.0,0.0,0.0,0.0,0.0,0.0,0.0,0.0,0.0,0.0,0.0,0.0,0.0,0.0,0.0,0.0,0.0,0.0,0.0,0.0,0.0,0.0,0.0,-82.0,0.0,-85.0,-85.0,0.0,0.0,0.0,0.0,0.0,0.0,0.0,0.0,0.0,0.0,0.0,0.0,0.0,0.0,0.0,0.0,0.0,0.0,0.0,0.0,0.0,0.0,0.0,-70.0,-85.0,-85.0,-51.0,-51.0,-60.0,-60.0,-66.0,-66.0,-81.0,-80.0,0.0,0.0,0.0,0.0,0.0,0.0,0.0,0.0,0.0,0.0,0.0,0.0,0.0,0.0,0.0,0.0,0.0,0.0,0.0,0.0,0.0,0.0,0.0,0.0,0.0,0.0,0.0,0.0,0.0,0.0,0.0,0.0,0.0,0.0,0.0,0.0,0.0,0.0,0.0,0.0,0.0,0.0,0.0,Aula26
279,280,0.0,-80.0,0.0,0.0,0.0,0.0,0.0,0.0,0.0,0.0,0.0,0.0,0.0,0.0,0.0,0.0,0.0,0.0,0.0,0.0,0.0,0.0,0.0,0.0,0.0,0.0,0.0,0.0,0.0,0.0,-85.0,-85.0,0.0,0.0,0.0,0.0,0.0,0.0,0.0,0.0,0.0,0.0,0.0,-93.0,0.0,0.0,0.0,0.0,-87.0,-87.0,0.0,0.0,0.0,0.0,-69.0,-69.0,-85.0,-85.0,-51.0,-51.0,-60.0,-60.0,-65.0,-66.0,-79.0,-78.0,0.0,0.0,0.0,0.0,0.0,0.0,0.0,0.0,0.0,0.0,0.0,0.0,0.0,0.0,0.0,0.0,0.0,0.0,0.0,0.0,0.0,0.0,0.0,0.0,0.0,0.0,0.0,0.0,0.0,0.0,0.0,0.0,0.0,0.0,0.0,0.0,0.0,0.0,0.0,0.0,0.0,0.0,0.0,Aula26
280,281,0.0,0.0,0.0,0.0,0.0,0.0,0.0,0.0,0.0,0.0,0.0,0.0,0.0,0.0,0.0,0.0,0.0,0.0,0.0,0.0,0.0,0.0,0.0,0.0,0.0,0.0,0.0,0.0,0.0,0.0,-85.0,-85.0,0.0,0.0,0.0,0.0,0.0,0.0,0.0,0.0,0.0,0.0,0.0,0.0,0.0,0.0,0.0,0.0,0.0,0.0,-80.0,-79.0,-96.0,-95.0,0.0,0.0,-85.0,-85.0,0.0,0.0,-61.0,-61.0,0.0,0.0,-79.0,-79.0,0.0,0.0,0.0,0.0,0.0,0.0,0.0,0.0,0.0,0.0,0.0,0.0,0.0,0.0,-89.0,0.0,0.0,0.0,0.0,0.0,0.0,0.0,0.0,0.0,0.0,0.0,0.0,0.0,0.0,0.0,0.0,0.0,0.0,0.0,0.0,0.0,0.0,0.0,0.0,0.0,0.0,0.0,0.0,Aula26
281,282,0.0,-80.0,0.0,0.0,0.0,0.0,0.0,0.0,0.0,0.0,0.0,0.0,0.0,0.0,0.0,0.0,0.0,0.0,0.0,0.0,0.0,0.0,0.0,0.0,0.0,0.0,0.0,0.0,0.0,0.0,-85.0,-86.0,0.0,0.0,0.0,0.0,0.0,0.0,0.0,0.0,0.0,0.0,0.0,-94.0,0.0,0.0,0.0,0.0,0.0,0.0,0.0,0.0,0.0,0.0,-70.0,-70.0,-86.0,-86.0,-51.0,-51.0,-60.0,-60.0,-67.0,-67.0,-79.0,-79.0,0.0,0.0,0.0,0.0,0.0,0.0,-89.0,0.0,0.0,0.0,0.0,0.0,0.0,0.0,-89.0,0.0,0.0,0.0,0.0,0.0,0.0,0.0,0.0,0.0,0.0,0.0,0.0,0.0,0.0,0.0,0.0,0.0,0.0,0.0,0.0,0.0,0.0,0.0,0.0,0.0,0.0,0.0,0.0,Aula26
282,283,0.0,0.0,0.0,0.0,0.0,0.0,0.0,0.0,0.0,0.0,0.0,0.0,0.0,0.0,0.0,0.0,0.0,0.0,0.0,0.0,0.0,0.0,0.0,0.0,0.0,-87.0,0.0,0.0,-83.0,-83.0,-86.0,-85.0,0.0,0.0,0.0,0.0,0.0,0.0,0.0,0.0,0.0,0.0,0.0,0.0,0.0,0.0,0.0,0.0,0.0,0.0,-79.0,-79.0,-94.0,-94.0,0.0,-70.0,-86.0,0.0,0.0,0.0,-60.0,-60.0,0.0,-66.0,-79.0,-79.0,0.0,0.0,0.0,0.0,0.0,0.0,0.0,0.0,0.0,0.0,0.0,0.0,0.0,0.0,-90.0,0.0,0.0,0.0,0.0,0.0,0.0,0.0,0.0,0.0,0.0,0.0,0.0,0.0,0.0,0.0,0.0,0.0,0.0,0.0,0.0,0.0,0.0,0.0,0.0,0.0,0.0,0.0,0.0,Aula26
283,284,0.0,0.0,0.0,0.0,0.0,0.0,0.0,0.0,0.0,0.0,0.0,-87.0,-88.0,0.0,0.0,0.0,0.0,0.0,0.0,0.0,0.0,0.0,0.0,0.0,0.0,0.0,0.0,0.0,0.0,0.0,-86.0,-87.0,0.0,0.0,0.0,0.0,0.0,0.0,0.0,0.0,-84.0,-84.0,0.0,0.0,0.0,0.0,0.0,0.0,0.0,0.0,0.0,0.0,-92.0,0.0,0.0,0.0,-85.0,-86.0,-51.0,-52.0,-60.0,-60.0,0.0,0.0,-85.0,-84.0,0.0,0.0,0.0,0.0,0.0,0.0,0.0,0.0,0.0,0.0,0.0,0.0,0.0,0.0,-89.0,0.0,0.0,0.0,0.0,0.0,0.0,0.0,0.0,0.0,0.0,0.0,0.0,0.0,0.0,0.0,0.0,0.0,0.0,0.0,0.0,0.0,0.0,0.0,0.0,0.0,0.0,0.0,0.0,Aula26
284,285,0.0,0.0,0.0,0.0,0.0,0.0,0.0,0.0,0.0,0.0,0.0,0.0,0.0,0.0,0.0,0.0,0.0,0.0,0.0,0.0,0.0,0.0,0.0,0.0,0.0,0.0,0.0,0.0,0.0,0.0,0.0,0.0,0.0,0.0,0.0,0.0,0.0,0.0,0.0,0.0,0.0,0.0,0.0,0.0,0.0,0.0,0.0,0.0,-87.0,-87.0,0.0,0.0,0.0,0.0,-69.0,-68.0,-85.0,-86.0,0.0,0.0,-61.0,-61.0,-67.0,-67.0,-81.0,-81.0,-95.0,0.0,0.0,0.0,0.0,0.0,0.0,0.0,0.0,0.0,0.0,0.0,0.0,0.0,-91.0,0.0,0.0,0.0,0.0,0.0,0.0,0.0,0.0,0.0,0.0,0.0,0.0,0.0,0.0,0.0,0.0,0.0,0.0,0.0,0.0,0.0,0.0,0.0,0.0,0.0,0.0,0.0,0.0,Aula26
285,286,0.0,0.0,0.0,0.0,0.0,0.0,0.0,0.0,0.0,0.0,0.0,0.0,0.0,0.0,0.0,0.0,0.0,0.0,0.0,0.0,0.0,0.0,0.0,0.0,0.0,-87.0,0.0,0.0,0.0,0.0,-85.0,-85.0,0.0,0.0,0.0,0.0,0.0,0.0,0.0,0.0,0.0,0.0,0.0,0.0,0.0,0.0,0.0,0.0,-87.0,-88.0,0.0,-81.0,0.0,-92.0,-69.0,-69.0,-85.0,-85.0,0.0,0.0,-61.0,-61.0,-68.0,-68.0,-80.0,-80.0,-91.0,0.0,0.0,0.0,0.0,0.0,0.0,0.0,0.0,0.0,0.0,0.0,0.0,0.0,0.0,0.0,0.0,0.0,0.0,0.0,0.0,0.0,0.0,0.0,0.0,0.0,0.0,0.0,0.0,0.0,0.0,0.0,0.0,0.0,0.0,-87.0,0.0,0.0,0.0,0.0,0.0,0.0,0.0,Aula26
286,287,0.0,0.0,0.0,0.0,0.0,0.0,0.0,0.0,0.0,0.0,0.0,0.0,0.0,0.0,0.0,0.0,0.0,0.0,0.0,0.0,0.0,0.0,0.0,0.0,0.0,-88.0,0.0,0.0,-83.0,-85.0,-86.0,-86.0,0.0,0.0,0.0,0.0,0.0,0.0,0.0,0.0,-84.0,-84.0,0.0,0.0,0.0,0.0,0.0,0.0,0.0,0.0,-80.0,-80.0,0.0,0.0,0.0,-71.0,-84.0,0.0,0.0,0.0,-61.0,-61.0,-68.0,0.0,-81.0,-81.0,0.0,0.0,0.0,0.0,0.0,0.0,0.0,0.0,0.0,0.0,0.0,0.0,0.0,0.0,-90.0,0.0,0.0,0.0,0.0,0.0,0.0,0.0,0.0,0.0,0.0,0.0,0.0,0.0,0.0,0.0,0.0,0.0,0.0,0.0,0.0,0.0,0.0,0.0,0.0,0.0,0.0,0.0,0.0,Aula26
287,288,0.0,0.0,0.0,0.0,0.0,0.0,0.0,0.0,0.0,0.0,0.0,0.0,0.0,0.0,0.0,0.0,0.0,0.0,0.0,0.0,0.0,0.0,0.0,0.0,0.0,0.0,0.0,0.0,0.0,0.0,-86.0,-86.0,0.0,0.0,0.0,0.0,0.0,0.0,0.0,0.0,0.0,0.0,0.0,0.0,0.0,0.0,0.0,0.0,0.0,0.0,0.0,0.0,0.0,0.0,-69.0,-70.0,-82.0,-85.0,-52.0,-52.0,-61.0,-61.0,-67.0,-68.0,-80.0,-80.0,0.0,0.0,0.0,0.0,0.0,0.0,0.0,0.0,0.0,0.0,0.0,0.0,0.0,0.0,0.0,0.0,0.0,0.0,0.0,0.0,0.0,0.0,0.0,0.0,0.0,0.0,0.0,0.0,0.0,0.0,0.0,0.0,0.0,0.0,0.0,0.0,0.0,0.0,0.0,0.0,0.0,0.0,0.0,Aula26
288,289,0.0,0.0,0.0,0.0,0.0,0.0,0.0,0.0,0.0,0.0,0.0,0.0,0.0,0.0,0.0,0.0,0.0,0.0,0.0,0.0,0.0,0.0,0.0,0.0,0.0,0.0,0.0,0.0,-86.0,-87.0,-87.0,-87.0,0.0,0.0,0.0,0.0,0.0,0.0,0.0,0.0,0.0,0.0,0.0,0.0,0.0,0.0,0.0,0.0,0.0,0.0,-79.0,-79.0,-91.0,-91.0,0.0,-69.0,-81.0,-81.0,-54.0,-54.0,-60.0,-60.0,0.0,-66.0,-80.0,-80.0,0.0,0.0,0.0,0.0,0.0,0.0,0.0,0.0,0.0,0.0,0.0,0.0,0.0,0.0,-89.0,0.0,0.0,0.0,0.0,0.0,0.0,0.0,0.0,0.0,0.0,0.0,0.0,0.0,0.0,0.0,0.0,0.0,0.0,0.0,0.0,0.0,0.0,0.0,0.0,0.0,0.0,0.0,0.0,Aula26
289,290,0.0,-80.0,0.0,0.0,0.0,0.0,0.0,0.0,0.0,0.0,0.0,0.0,0.0,0.0,0.0,0.0,0.0,0.0,0.0,0.0,0.0,0.0,0.0,0.0,0.0,0.0,0.0,0.0,0.0,0.0,-86.0,-86.0,0.0,0.0,0.0,0.0,0.0,0.0,0.0,0.0,0.0,0.0,0.0,0.0,0.0,0.0,0.0,0.0,0.0,0.0,-79.0,-80.0,-91.0,-91.0,-69.0,-69.0,-80.0,-80.0,-54.0,-53.0,-59.0,-59.0,-67.0,-67.0,-79.0,-79.0,0.0,0.0,0.0,0.0,0.0,0.0,0.0,0.0,0.0,0.0,0.0,0.0,0.0,0.0,-89.0,0.0,0.0,0.0,0.0,0.0,0.0,0.0,0.0,0.0,0.0,0.0,0.0,0.0,0.0,0.0,0.0,0.0,0.0,0.0,0.0,0.0,0.0,0.0,0.0,0.0,0.0,0.0,0.0,Aula26
290,291,0.0,0.0,0.0,0.0,0.0,0.0,0.0,0.0,0.0,0.0,0.0,0.0,0.0,0.0,0.0,0.0,0.0,0.0,0.0,0.0,0.0,0.0,0.0,0.0,-87.0,-87.0,0.0,0.0,0.0,0.0,0.0,0.0,0.0,0.0,0.0,0.0,0.0,0.0,0.0,0.0,0.0,0.0,0.0,0.0,0.0,0.0,0.0,0.0,0.0,0.0,-78.0,-78.0,0.0,0.0,0.0,0.0,-81.0,-81.0,0.0,0.0,-60.0,-60.0,-66.0,-66.0,-79.0,-79.0,0.0,0.0,0.0,0.0,0.0,0.0,0.0,0.0,0.0,0.0,0.0,0.0,0.0,0.0,-88.0,0.0,0.0,0.0,0.0,0.0,0.0,0.0,0.0,0.0,0.0,0.0,0.0,0.0,0.0,0.0,0.0,0.0,0.0,0.0,0.0,0.0,0.0,0.0,0.0,0.0,0.0,0.0,0.0,Aula26
291,292,0.0,-79.0,0.0,0.0,0.0,0.0,0.0,0.0,0.0,0.0,0.0,0.0,0.0,0.0,0.0,0.0,0.0,0.0,0.0,0.0,0.0,0.0,0.0,0.0,0.0,0.0,0.0,0.0,0.0,-85.0,-89.0,0.0,0.0,0.0,0.0,0.0,0.0,0.0,0.0,0.0,0.0,-84.0,0.0,0.0,0.0,0.0,0.0,0.0,0.0,0.0,0.0,-80.0,0.0,0.0,-69.0,-70.0,-83.0,-82.0,0.0,0.0,-57.0,-57.0,-65.0,-64.0,-85.0,-85.0,0.0,0.0,0.0,0.0,0.0,0.0,0.0,0.0,0.0,0.0,0.0,0.0,0.0,0.0,-90.0,0.0,0.0,0.0,0.0,0.0,0.0,0.0,0.0,0.0,0.0,0.0,0.0,0.0,0.0,0.0,0.0,0.0,0.0,0.0,0.0,-89.0,0.0,0.0,0.0,0.0,0.0,0.0,0.0,Aula26
292,293,0.0,-80.0,0.0,0.0,0.0,0.0,0.0,0.0,0.0,0.0,0.0,0.0,-86.0,0.0,0.0,0.0,0.0,0.0,0.0,0.0,0.0,0.0,0.0,0.0,0.0,0.0,0.0,0.0,-82.0,0.0,0.0,0.0,0.0,0.0,0.0,0.0,0.0,0.0,0.0,0.0,-82.0,0.0,0.0,0.0,0.0,0.0,0.0,0.0,-88.0,-87.0,-76.0,-77.0,0.0,0.0,0.0,-68.0,-85.0,-86.0,0.0,0.0,-57.0,-57.0,-70.0,-70.0,-84.0,-83.0,0.0,0.0,0.0,0.0,0.0,0.0,0.0,0.0,0.0,0.0,0.0,0.0,0.0,0.0,0.0,0.0,0.0,0.0,0.0,0.0,0.0,0.0,0.0,0.0,0.0,0.0,0.0,0.0,0.0,0.0,0.0,0.0,0.0,0.0,0.0,-87.0,0.0,0.0,0.0,0.0,0.0,0.0,0.0,Aula26
293,294,0.0,0.0,0.0,0.0,0.0,0.0,0.0,0.0,0.0,0.0,0.0,0.0,0.0,0.0,0.0,0.0,0.0,0.0,0.0,0.0,0.0,0.0,0.0,0.0,0.0,0.0,0.0,0.0,0.0,0.0,-87.0,-87.0,0.0,0.0,0.0,0.0,0.0,0.0,0.0,0.0,-82.0,-82.0,0.0,0.0,0.0,0.0,0.0,0.0,-87.0,0.0,-77.0,-77.0,-92.0,0.0,-71.0,0.0,-86.0,-85.0,-47.0,-47.0,-57.0,-57.0,-69.0,-68.0,-81.0,-82.0,0.0,0.0,0.0,0.0,0.0,0.0,0.0,0.0,0.0,0.0,0.0,0.0,0.0,0.0,0.0,0.0,0.0,0.0,0.0,0.0,0.0,0.0,0.0,0.0,0.0,0.0,0.0,0.0,0.0,0.0,0.0,0.0,0.0,0.0,0.0,0.0,0.0,0.0,0.0,0.0,0.0,0.0,0.0,Aula26
294,295,0.0,0.0,0.0,0.0,0.0,0.0,0.0,0.0,0.0,0.0,0.0,0.0,0.0,0.0,0.0,0.0,0.0,0.0,0.0,0.0,0.0,0.0,0.0,0.0,0.0,0.0,0.0,0.0,0.0,0.0,-86.0,-86.0,0.0,0.0,0.0,0.0,0.0,0.0,0.0,0.0,0.0,0.0,0.0,0.0,0.0,0.0,0.0,0.0,0.0,0.0,0.0,0.0,-91.0,-91.0,0.0,0.0,-86.0,-85.0,-47.0,-48.0,-57.0,-57.0,0.0,0.0,-81.0,-80.0,0.0,0.0,0.0,0.0,0.0,0.0,0.0,0.0,0.0,0.0,0.0,0.0,0.0,0.0,-91.0,0.0,0.0,0.0,0.0,0.0,0.0,0.0,0.0,0.0,0.0,0.0,0.0,0.0,0.0,0.0,0.0,0.0,0.0,0.0,0.0,0.0,0.0,0.0,0.0,0.0,0.0,0.0,0.0,Aula26
295,296,0.0,-79.0,0.0,0.0,0.0,0.0,0.0,0.0,0.0,0.0,0.0,0.0,0.0,0.0,0.0,0.0,0.0,0.0,0.0,0.0,0.0,0.0,0.0,0.0,0.0,0.0,0.0,0.0,0.0,0.0,-86.0,-87.0,0.0,0.0,0.0,0.0,0.0,0.0,0.0,0.0,-81.0,0.0,0.0,0.0,0.0,0.0,0.0,0.0,0.0,0.0,0.0,0.0,-91.0,-91.0,-70.0,-69.0,-86.0,-85.0,-47.0,-47.0,-57.0,-57.0,0.0,0.0,-82.0,-82.0,0.0,0.0,0.0,0.0,0.0,0.0,0.0,0.0,0.0,0.0,0.0,0.0,0.0,0.0,0.0,0.0,0.0,0.0,0.0,0.0,0.0,0.0,0.0,0.0,-92.0,0.0,0.0,0.0,0.0,0.0,0.0,0.0,0.0,0.0,0.0,-85.0,0.0,0.0,0.0,0.0,0.0,0.0,0.0,Aula26
296,297,0.0,0.0,0.0,0.0,0.0,0.0,0.0,0.0,0.0,0.0,0.0,0.0,0.0,0.0,0.0,0.0,0.0,0.0,0.0,0.0,0.0,0.0,0.0,0.0,-88.0,0.0,0.0,0.0,-82.0,-84.0,-86.0,0.0,0.0,0.0,0.0,0.0,0.0,0.0,0.0,0.0,0.0,0.0,0.0,0.0,0.0,0.0,0.0,0.0,0.0,0.0,0.0,-78.0,0.0,0.0,-69.0,0.0,-85.0,-86.0,-48.0,-48.0,-57.0,-56.0,0.0,-70.0,-82.0,-82.0,0.0,0.0,0.0,0.0,0.0,0.0,0.0,0.0,0.0,0.0,0.0,0.0,0.0,0.0,-91.0,0.0,0.0,0.0,0.0,0.0,0.0,0.0,0.0,0.0,0.0,0.0,0.0,0.0,0.0,0.0,0.0,0.0,0.0,0.0,0.0,0.0,0.0,0.0,0.0,0.0,0.0,0.0,0.0,Aula26
297,298,0.0,0.0,0.0,0.0,0.0,0.0,0.0,0.0,0.0,0.0,0.0,0.0,0.0,0.0,0.0,0.0,0.0,0.0,0.0,0.0,0.0,0.0,0.0,0.0,0.0,0.0,0.0,0.0,-82.0,-83.0,-87.0,-87.0,0.0,0.0,0.0,0.0,0.0,0.0,0.0,0.0,-82.0,-82.0,0.0,0.0,0.0,0.0,0.0,0.0,0.0,0.0,-78.0,-78.0,-91.0,-92.0,-69.0,-70.0,-85.0,-85.0,-47.0,-47.0,-56.0,-56.0,-68.0,-69.0,-82.0,-82.0,0.0,0.0,0.0,0.0,0.0,0.0,-86.0,0.0,0.0,0.0,0.0,0.0,0.0,0.0,0.0,0.0,0.0,0.0,0.0,0.0,0.0,0.0,0.0,0.0,0.0,0.0,0.0,0.0,0.0,0.0,0.0,0.0,0.0,0.0,0.0,-87.0,0.0,0.0,0.0,0.0,0.0,0.0,0.0,Aula26
298,299,0.0,-80.0,0.0,0.0,0.0,0.0,0.0,0.0,0.0,-94.0,0.0,0.0,0.0,0.0,0.0,0.0,0.0,0.0,0.0,0.0,0.0,0.0,0.0,0.0,0.0,0.0,0.0,0.0,0.0,0.0,-86.0,-85.0,0.0,0.0,0.0,0.0,0.0,0.0,0.0,0.0,0.0,0.0,0.0,0.0,0.0,0.0,0.0,0.0,0.0,0.0,0.0,-77.0,-92.0,-92.0,0.0,0.0,-85.0,-85.0,0.0,0.0,-57.0,-57.0,0.0,0.0,-83.0,-82.0,0.0,0.0,0.0,0.0,0.0,0.0,0.0,0.0,0.0,0.0,0.0,0.0,0.0,0.0,0.0,0.0,0.0,0.0,0.0,0.0,0.0,0.0,0.0,0.0,0.0,0.0,0.0,0.0,0.0,0.0,0.0,0.0,0.0,0.0,0.0,0.0,0.0,0.0,0.0,0.0,0.0,0.0,0.0,Aula26
299,300,0.0,0.0,0.0,0.0,0.0,0.0,0.0,0.0,0.0,0.0,0.0,0.0,0.0,0.0,0.0,0.0,0.0,0.0,0.0,0.0,0.0,0.0,0.0,0.0,0.0,0.0,0.0,0.0,0.0,0.0,0.0,-86.0,0.0,0.0,0.0,0.0,0.0,0.0,0.0,0.0,0.0,0.0,0.0,0.0,0.0,0.0,0.0,0.0,0.0,0.0,-78.0,-78.0,-91.0,0.0,-69.0,0.0,-85.0,-84.0,0.0,0.0,-57.0,-57.0,-68.0,-69.0,-84.0,-83.0,0.0,0.0,0.0,0.0,0.0,0.0,0.0,0.0,0.0,0.0,0.0,0.0,0.0,0.0,-91.0,0.0,0.0,0.0,0.0,0.0,0.0,0.0,0.0,0.0,0.0,0.0,0.0,0.0,0.0,0.0,0.0,0.0,0.0,0.0,0.0,0.0,0.0,0.0,0.0,0.0,0.0,0.0,0.0,Aula26
300,301,0.0,-81.0,0.0,0.0,0.0,0.0,0.0,0.0,0.0,0.0,0.0,0.0,0.0,0.0,0.0,0.0,0.0,0.0,0.0,0.0,0.0,0.0,0.0,0.0,0.0,0.0,0.0,0.0,0.0,0.0,0.0,0.0,0.0,0.0,0.0,0.0,0.0,0.0,0.0,0.0,0.0,0.0,0.0,0.0,0.0,0.0,0.0,0.0,0.0,0.0,0.0,0.0,0.0,0.0,-69.0,-69.0,-86.0,-85.0,-48.0,-49.0,-56.0,-56.0,-68.0,-69.0,-86.0,-86.0,0.0,0.0,0.0,0.0,0.0,0.0,0.0,0.0,0.0,0.0,0.0,0.0,0.0,0.0,-93.0,0.0,0.0,0.0,0.0,0.0,0.0,0.0,0.0,0.0,0.0,0.0,0.0,0.0,0.0,0.0,0.0,0.0,0.0,0.0,0.0,0.0,0.0,0.0,0.0,0.0,0.0,0.0,0.0,Aula26
301,302,0.0,-80.0,0.0,0.0,0.0,0.0,0.0,0.0,0.0,0.0,0.0,0.0,0.0,0.0,0.0,0.0,0.0,0.0,0.0,0.0,0.0,0.0,0.0,0.0,0.0,0.0,0.0,0.0,0.0,0.0,-87.0,-87.0,0.0,0.0,0.0,0.0,0.0,0.0,0.0,0.0,-82.0,-82.0,0.0,0.0,0.0,0.0,0.0,0.0,0.0,-87.0,-78.0,-78.0,-92.0,-94.0,-69.0,-68.0,-85.0,-85.0,0.0,0.0,-56.0,-56.0,-69.0,-69.0,-88.0,-88.0,0.0,0.0,0.0,0.0,0.0,0.0,0.0,0.0,0.0,0.0,0.0,0.0,0.0,0.0,-91.0,0.0,0.0,0.0,0.0,0.0,0.0,0.0,0.0,0.0,0.0,0.0,0.0,0.0,0.0,0.0,0.0,0.0,0.0,0.0,0.0,0.0,0.0,0.0,0.0,0.0,0.0,0.0,0.0,Aula26
302,303,-91.0,0.0,0.0,0.0,0.0,0.0,0.0,0.0,0.0,0.0,0.0,0.0,0.0,0.0,0.0,0.0,0.0,0.0,0.0,0.0,0.0,0.0,0.0,0.0,-88.0,0.0,0.0,0.0,0.0,0.0,-88.0,-87.0,0.0,0.0,0.0,0.0,0.0,0.0,0.0,0.0,0.0,0.0,0.0,0.0,0.0,0.0,0.0,0.0,0.0,0.0,-78.0,-78.0,0.0,0.0,-68.0,0.0,-86.0,-85.0,-49.0,-49.0,-56.0,-56.0,-69.0,0.0,-86.0,-86.0,0.0,0.0,0.0,0.0,0.0,0.0,-94.0,0.0,0.0,0.0,0.0,0.0,0.0,0.0,0.0,0.0,0.0,0.0,0.0,0.0,0.0,0.0,0.0,0.0,0.0,0.0,0.0,0.0,0.0,0.0,0.0,0.0,0.0,0.0,0.0,0.0,0.0,0.0,0.0,0.0,0.0,0.0,0.0,Aula26
303,304,0.0,0.0,0.0,0.0,0.0,0.0,0.0,0.0,0.0,0.0,0.0,0.0,0.0,0.0,0.0,0.0,0.0,0.0,0.0,0.0,0.0,0.0,0.0,0.0,0.0,0.0,0.0,0.0,0.0,0.0,-87.0,-87.0,0.0,0.0,0.0,0.0,0.0,0.0,0.0,0.0,0.0,0.0,0.0,0.0,0.0,0.0,0.0,0.0,0.0,0.0,0.0,0.0,-92.0,-93.0,-70.0,-68.0,-85.0,-84.0,0.0,0.0,-56.0,-56.0,-68.0,-67.0,-85.0,-85.0,0.0,0.0,0.0,0.0,0.0,0.0,0.0,0.0,0.0,0.0,0.0,0.0,0.0,0.0,-92.0,0.0,0.0,0.0,0.0,0.0,0.0,0.0,0.0,0.0,0.0,0.0,0.0,0.0,0.0,0.0,0.0,0.0,0.0,0.0,0.0,0.0,0.0,0.0,0.0,0.0,0.0,0.0,0.0,Aula26
304,305,0.0,-81.0,0.0,0.0,0.0,0.0,0.0,0.0,0.0,0.0,0.0,0.0,0.0,0.0,0.0,0.0,0.0,0.0,0.0,0.0,0.0,0.0,0.0,0.0,0.0,0.0,0.0,0.0,0.0,0.0,-87.0,-87.0,0.0,0.0,0.0,0.0,0.0,0.0,0.0,0.0,0.0,-81.0,0.0,0.0,0.0,0.0,0.0,0.0,0.0,0.0,-77.0,-77.0,-92.0,-92.0,-69.0,-69.0,-85.0,-85.0,-48.0,-48.0,-55.0,-55.0,-68.0,-68.0,-85.0,-85.0,0.0,0.0,0.0,0.0,0.0,0.0,0.0,0.0,0.0,0.0,0.0,0.0,0.0,0.0,-89.0,0.0,0.0,0.0,0.0,0.0,0.0,0.0,0.0,0.0,0.0,0.0,0.0,0.0,0.0,0.0,0.0,0.0,0.0,0.0,0.0,0.0,0.0,0.0,0.0,0.0,0.0,0.0,0.0,Aula26
305,306,-88.0,0.0,0.0,0.0,0.0,0.0,0.0,0.0,0.0,0.0,0.0,0.0,0.0,0.0,0.0,0.0,0.0,0.0,0.0,0.0,0.0,0.0,0.0,0.0,0.0,0.0,0.0,0.0,0.0,0.0,0.0,-86.0,0.0,0.0,0.0,0.0,0.0,0.0,0.0,0.0,0.0,-81.0,0.0,0.0,0.0,0.0,0.0,0.0,0.0,0.0,-78.0,0.0,0.0,0.0,-68.0,-69.0,-85.0,-85.0,-49.0,-49.0,-56.0,-55.0,-76.0,-76.0,-87.0,-87.0,0.0,0.0,0.0,0.0,0.0,0.0,0.0,0.0,0.0,0.0,0.0,0.0,0.0,0.0,-92.0,0.0,0.0,0.0,0.0,0.0,0.0,0.0,0.0,0.0,0.0,0.0,0.0,0.0,0.0,0.0,0.0,0.0,0.0,0.0,0.0,0.0,0.0,0.0,0.0,0.0,0.0,0.0,0.0,Aula26
306,307,0.0,0.0,0.0,0.0,0.0,0.0,0.0,0.0,0.0,0.0,0.0,0.0,0.0,0.0,0.0,0.0,0.0,0.0,0.0,0.0,0.0,0.0,0.0,0.0,0.0,0.0,0.0,0.0,0.0,0.0,0.0,-87.0,0.0,0.0,0.0,0.0,0.0,0.0,0.0,0.0,0.0,0.0,0.0,0.0,0.0,0.0,0.0,0.0,0.0,0.0,-79.0,-78.0,-94.0,0.0,-68.0,-68.0,-85.0,-85.0,-48.0,-48.0,-56.0,-56.0,-74.0,-75.0,-85.0,-85.0,0.0,0.0,0.0,0.0,0.0,0.0,0.0,0.0,0.0,0.0,0.0,0.0,0.0,0.0,0.0,0.0,0.0,0.0,0.0,0.0,0.0,0.0,0.0,0.0,0.0,0.0,0.0,0.0,0.0,0.0,0.0,0.0,0.0,0.0,0.0,0.0,0.0,0.0,0.0,0.0,0.0,0.0,0.0,Aula26
307,308,0.0,0.0,0.0,0.0,0.0,0.0,0.0,0.0,0.0,0.0,0.0,0.0,0.0,0.0,0.0,0.0,0.0,0.0,0.0,0.0,0.0,0.0,0.0,0.0,0.0,0.0,0.0,0.0,-80.0,0.0,-87.0,-86.0,0.0,0.0,0.0,0.0,0.0,0.0,0.0,0.0,-83.0,-82.0,0.0,0.0,0.0,0.0,0.0,0.0,0.0,0.0,0.0,0.0,-94.0,-93.0,-69.0,-68.0,-85.0,-85.0,-48.0,-48.0,-56.0,-56.0,-75.0,-75.0,-86.0,-85.0,0.0,0.0,0.0,0.0,0.0,0.0,0.0,0.0,0.0,0.0,0.0,0.0,0.0,0.0,-91.0,0.0,0.0,0.0,0.0,0.0,0.0,0.0,0.0,0.0,0.0,0.0,0.0,0.0,0.0,0.0,0.0,0.0,0.0,0.0,0.0,-81.0,0.0,0.0,0.0,0.0,0.0,0.0,0.0,Aula26
308,309,0.0,0.0,0.0,0.0,0.0,0.0,0.0,0.0,0.0,0.0,0.0,0.0,0.0,0.0,0.0,0.0,0.0,0.0,0.0,0.0,0.0,0.0,0.0,0.0,0.0,0.0,0.0,0.0,-82.0,-81.0,-87.0,-87.0,0.0,0.0,0.0,0.0,0.0,0.0,0.0,0.0,0.0,0.0,-96.0,0.0,0.0,0.0,0.0,0.0,0.0,0.0,0.0,0.0,-94.0,-94.0,0.0,-69.0,-85.0,-85.0,-48.0,-49.0,-56.0,-56.0,-74.0,0.0,-86.0,-86.0,0.0,0.0,0.0,0.0,0.0,0.0,-92.0,0.0,0.0,0.0,0.0,0.0,0.0,0.0,0.0,0.0,0.0,0.0,0.0,0.0,0.0,0.0,0.0,0.0,0.0,0.0,0.0,0.0,0.0,0.0,0.0,0.0,0.0,0.0,0.0,0.0,0.0,0.0,0.0,0.0,0.0,0.0,0.0,Aula26
309,310,0.0,0.0,0.0,0.0,0.0,0.0,0.0,0.0,0.0,0.0,0.0,0.0,-85.0,0.0,0.0,0.0,0.0,0.0,0.0,0.0,0.0,0.0,0.0,0.0,0.0,0.0,0.0,0.0,0.0,0.0,-85.0,-86.0,0.0,0.0,0.0,0.0,0.0,0.0,0.0,0.0,-80.0,-80.0,0.0,0.0,0.0,0.0,0.0,0.0,0.0,-83.0,0.0,0.0,0.0,0.0,0.0,0.0,-82.0,-82.0,0.0,0.0,-64.0,-64.0,0.0,0.0,-86.0,-86.0,0.0,0.0,0.0,0.0,0.0,0.0,0.0,0.0,0.0,0.0,0.0,0.0,0.0,0.0,0.0,0.0,0.0,0.0,0.0,0.0,0.0,0.0,0.0,0.0,0.0,0.0,0.0,0.0,0.0,0.0,0.0,0.0,0.0,0.0,0.0,0.0,0.0,0.0,0.0,0.0,0.0,0.0,0.0,Aula26
310,311,0.0,0.0,0.0,0.0,0.0,0.0,0.0,0.0,0.0,0.0,0.0,0.0,0.0,0.0,0.0,0.0,0.0,0.0,0.0,0.0,0.0,0.0,0.0,0.0,0.0,0.0,0.0,0.0,0.0,-81.0,-86.0,-86.0,0.0,0.0,0.0,0.0,0.0,0.0,0.0,0.0,0.0,0.0,0.0,0.0,0.0,0.0,0.0,0.0,0.0,0.0,0.0,0.0,0.0,0.0,-71.0,0.0,-82.0,-84.0,-49.0,-50.0,-66.0,-66.0,-77.0,-77.0,-85.0,-85.0,0.0,0.0,0.0,0.0,0.0,0.0,-88.0,0.0,0.0,0.0,0.0,0.0,0.0,0.0,0.0,0.0,0.0,0.0,0.0,0.0,0.0,0.0,0.0,0.0,0.0,0.0,0.0,0.0,0.0,0.0,0.0,0.0,0.0,0.0,0.0,0.0,0.0,0.0,0.0,0.0,0.0,0.0,0.0,Aula26
311,312,0.0,0.0,0.0,0.0,0.0,0.0,0.0,0.0,0.0,0.0,0.0,-85.0,-85.0,0.0,0.0,0.0,0.0,0.0,0.0,0.0,0.0,0.0,0.0,0.0,0.0,0.0,0.0,0.0,-81.0,0.0,-87.0,-87.0,0.0,0.0,0.0,0.0,0.0,0.0,0.0,0.0,-80.0,-81.0,0.0,0.0,0.0,0.0,0.0,0.0,0.0,0.0,-80.0,0.0,-94.0,-95.0,-69.0,-69.0,-84.0,-85.0,0.0,0.0,-64.0,-64.0,-78.0,-78.0,-85.0,-86.0,0.0,0.0,0.0,0.0,0.0,0.0,0.0,0.0,0.0,0.0,0.0,0.0,0.0,0.0,0.0,0.0,0.0,0.0,0.0,0.0,0.0,0.0,0.0,0.0,0.0,0.0,0.0,0.0,0.0,0.0,0.0,0.0,0.0,0.0,0.0,0.0,0.0,0.0,0.0,0.0,0.0,0.0,0.0,Aula26
312,313,-90.0,0.0,0.0,0.0,0.0,0.0,0.0,0.0,0.0,0.0,0.0,0.0,0.0,0.0,0.0,0.0,0.0,0.0,0.0,0.0,0.0,0.0,0.0,0.0,0.0,0.0,0.0,0.0,0.0,-81.0,-86.0,-86.0,0.0,0.0,0.0,0.0,0.0,0.0,0.0,0.0,-78.0,-78.0,0.0,0.0,0.0,0.0,0.0,0.0,0.0,0.0,-80.0,-81.0,-95.0,-95.0,-70.0,-70.0,-84.0,-84.0,-49.0,-49.0,-65.0,-64.0,0.0,-78.0,-84.0,-85.0,0.0,0.0,0.0,0.0,0.0,0.0,0.0,0.0,0.0,0.0,0.0,0.0,0.0,0.0,0.0,0.0,0.0,0.0,0.0,0.0,0.0,0.0,0.0,0.0,0.0,0.0,0.0,0.0,0.0,0.0,0.0,0.0,0.0,0.0,0.0,0.0,0.0,0.0,0.0,0.0,0.0,0.0,0.0,Aula26
313,314,-90.0,0.0,0.0,0.0,0.0,0.0,0.0,0.0,0.0,-87.0,0.0,0.0,0.0,0.0,0.0,0.0,0.0,0.0,0.0,0.0,0.0,0.0,0.0,0.0,0.0,-88.0,0.0,0.0,0.0,0.0,-87.0,-87.0,0.0,0.0,0.0,0.0,0.0,0.0,0.0,0.0,0.0,-80.0,0.0,0.0,0.0,0.0,0.0,0.0,-84.0,0.0,0.0,-80.0,-95.0,-96.0,-71.0,-71.0,-84.0,-85.0,0.0,0.0,-62.0,-62.0,-79.0,-77.0,-82.0,-82.0,0.0,0.0,0.0,0.0,0.0,0.0,0.0,0.0,0.0,0.0,0.0,0.0,0.0,0.0,0.0,0.0,0.0,0.0,0.0,0.0,0.0,0.0,0.0,0.0,0.0,0.0,0.0,0.0,0.0,0.0,0.0,0.0,0.0,0.0,0.0,0.0,0.0,0.0,0.0,0.0,0.0,0.0,0.0,Aula26
314,315,0.0,0.0,0.0,0.0,0.0,0.0,0.0,0.0,0.0,0.0,0.0,0.0,0.0,0.0,0.0,0.0,0.0,0.0,0.0,0.0,0.0,0.0,0.0,0.0,0.0,0.0,0.0,0.0,0.0,-82.0,-87.0,-86.0,0.0,0.0,0.0,0.0,0.0,0.0,0.0,0.0,-81.0,-80.0,0.0,0.0,0.0,0.0,0.0,0.0,0.0,0.0,0.0,0.0,-95.0,-95.0,-69.0,-71.0,-82.0,-82.0,0.0,0.0,-63.0,-63.0,0.0,0.0,-83.0,-83.0,0.0,0.0,0.0,0.0,0.0,0.0,0.0,0.0,0.0,0.0,0.0,0.0,0.0,0.0,0.0,0.0,0.0,0.0,0.0,0.0,0.0,0.0,0.0,0.0,0.0,0.0,0.0,0.0,0.0,0.0,0.0,0.0,0.0,0.0,0.0,0.0,0.0,0.0,0.0,0.0,0.0,0.0,0.0,Aula26
315,316,-91.0,0.0,0.0,0.0,0.0,0.0,0.0,0.0,0.0,-92.0,0.0,0.0,0.0,0.0,0.0,0.0,0.0,0.0,0.0,0.0,0.0,0.0,0.0,0.0,0.0,0.0,0.0,0.0,0.0,0.0,-86.0,-86.0,0.0,0.0,0.0,0.0,0.0,0.0,0.0,0.0,0.0,0.0,0.0,0.0,0.0,0.0,0.0,0.0,-84.0,-84.0,0.0,0.0,-95.0,-96.0,0.0,0.0,-82.0,-82.0,-50.0,-50.0,-62.0,-62.0,0.0,0.0,-85.0,-84.0,-93.0,0.0,0.0,0.0,0.0,0.0,0.0,0.0,0.0,0.0,0.0,0.0,0.0,0.0,0.0,0.0,0.0,0.0,0.0,0.0,0.0,0.0,0.0,0.0,0.0,0.0,0.0,0.0,0.0,0.0,0.0,0.0,0.0,0.0,0.0,0.0,0.0,0.0,0.0,0.0,0.0,0.0,0.0,Aula26
316,317,-91.0,0.0,0.0,0.0,0.0,0.0,0.0,0.0,0.0,0.0,0.0,0.0,0.0,0.0,0.0,0.0,0.0,0.0,0.0,0.0,0.0,0.0,0.0,0.0,0.0,0.0,0.0,0.0,0.0,0.0,-86.0,-86.0,0.0,0.0,0.0,0.0,0.0,0.0,0.0,0.0,0.0,0.0,0.0,0.0,0.0,0.0,0.0,0.0,0.0,0.0,-77.0,-78.0,0.0,0.0,-70.0,-70.0,-83.0,-82.0,-50.0,-50.0,-61.0,-61.0,-76.0,0.0,-82.0,-83.0,0.0,0.0,0.0,0.0,0.0,0.0,0.0,0.0,0.0,0.0,0.0,0.0,0.0,0.0,0.0,0.0,0.0,0.0,0.0,-88.0,0.0,0.0,0.0,0.0,0.0,0.0,0.0,0.0,0.0,0.0,0.0,0.0,0.0,0.0,0.0,0.0,0.0,0.0,0.0,0.0,0.0,0.0,0.0,Aula26
317,318,0.0,0.0,0.0,0.0,0.0,0.0,0.0,0.0,0.0,0.0,0.0,0.0,0.0,0.0,0.0,0.0,0.0,0.0,0.0,0.0,0.0,0.0,0.0,0.0,0.0,0.0,0.0,0.0,0.0,0.0,-86.0,-86.0,0.0,0.0,0.0,0.0,0.0,0.0,0.0,0.0,0.0,0.0,0.0,0.0,0.0,0.0,0.0,0.0,0.0,0.0,-78.0,-78.0,0.0,0.0,0.0,0.0,-82.0,-82.0,0.0,0.0,-60.0,-60.0,0.0,0.0,-82.0,-82.0,0.0,0.0,0.0,0.0,0.0,0.0,0.0,0.0,0.0,0.0,0.0,0.0,0.0,0.0,0.0,0.0,0.0,0.0,0.0,0.0,0.0,0.0,0.0,0.0,0.0,0.0,0.0,0.0,0.0,0.0,0.0,0.0,0.0,0.0,0.0,0.0,0.0,0.0,0.0,0.0,0.0,0.0,0.0,Aula26
318,319,0.0,0.0,0.0,0.0,0.0,0.0,0.0,0.0,0.0,0.0,0.0,-84.0,-84.0,0.0,0.0,0.0,0.0,0.0,0.0,0.0,0.0,0.0,0.0,0.0,0.0,0.0,0.0,0.0,0.0,0.0,-86.0,-86.0,0.0,0.0,0.0,0.0,0.0,0.0,0.0,0.0,-81.0,-81.0,0.0,0.0,0.0,0.0,0.0,0.0,-83.0,-83.0,0.0,0.0,0.0,0.0,-71.0,-70.0,-83.0,-82.0,0.0,0.0,-60.0,-60.0,-80.0,-78.0,-82.0,-83.0,0.0,0.0,0.0,0.0,0.0,0.0,0.0,0.0,0.0,0.0,0.0,0.0,0.0,0.0,0.0,0.0,0.0,0.0,0.0,0.0,0.0,0.0,0.0,0.0,0.0,0.0,0.0,0.0,0.0,0.0,0.0,0.0,0.0,0.0,0.0,0.0,0.0,0.0,0.0,0.0,0.0,0.0,0.0,Aula26
319,320,0.0,-84.0,0.0,0.0,0.0,0.0,0.0,0.0,0.0,0.0,0.0,-85.0,-85.0,0.0,0.0,0.0,0.0,0.0,0.0,0.0,0.0,0.0,0.0,0.0,0.0,0.0,0.0,0.0,0.0,0.0,-86.0,-86.0,0.0,0.0,0.0,0.0,0.0,0.0,0.0,0.0,-81.0,-81.0,0.0,0.0,0.0,0.0,0.0,0.0,-83.0,-83.0,-78.0,-78.0,0.0,0.0,-70.0,-70.0,-82.0,-82.0,-50.0,-50.0,-63.0,-63.0,0.0,0.0,-80.0,-80.0,0.0,0.0,0.0,0.0,0.0,0.0,0.0,0.0,0.0,0.0,0.0,0.0,0.0,0.0,0.0,0.0,0.0,0.0,0.0,0.0,0.0,0.0,0.0,0.0,0.0,0.0,0.0,0.0,0.0,0.0,0.0,0.0,0.0,0.0,0.0,-88.0,0.0,0.0,0.0,0.0,0.0,0.0,0.0,Aula26
320,321,-90.0,0.0,0.0,0.0,0.0,0.0,0.0,0.0,0.0,0.0,0.0,0.0,0.0,0.0,0.0,0.0,0.0,0.0,0.0,0.0,0.0,0.0,0.0,0.0,0.0,0.0,0.0,0.0,0.0,0.0,-85.0,-85.0,0.0,0.0,0.0,0.0,0.0,0.0,0.0,0.0,0.0,0.0,0.0,0.0,0.0,0.0,0.0,0.0,0.0,-83.0,0.0,0.0,0.0,0.0,-71.0,-70.0,-83.0,-83.0,-50.0,-50.0,-64.0,-64.0,-78.0,-78.0,-80.0,-81.0,0.0,0.0,0.0,0.0,0.0,0.0,0.0,0.0,0.0,0.0,0.0,0.0,0.0,0.0,0.0,0.0,0.0,0.0,0.0,0.0,0.0,0.0,0.0,0.0,0.0,0.0,0.0,0.0,0.0,0.0,0.0,0.0,0.0,0.0,0.0,0.0,0.0,0.0,0.0,0.0,0.0,0.0,0.0,Aula26
321,322,-91.0,0.0,0.0,0.0,0.0,0.0,0.0,0.0,0.0,0.0,0.0,0.0,0.0,0.0,0.0,0.0,0.0,0.0,0.0,0.0,0.0,0.0,0.0,0.0,0.0,0.0,0.0,0.0,-82.0,-82.0,-86.0,-85.0,0.0,0.0,0.0,0.0,0.0,0.0,0.0,0.0,0.0,0.0,0.0,0.0,0.0,0.0,0.0,0.0,0.0,0.0,0.0,0.0,0.0,-98.0,-70.0,0.0,-82.0,-82.0,-49.0,-50.0,-64.0,-64.0,-77.0,-78.0,-82.0,-82.0,0.0,0.0,0.0,0.0,0.0,0.0,0.0,0.0,0.0,0.0,0.0,0.0,0.0,0.0,0.0,0.0,0.0,0.0,0.0,0.0,0.0,0.0,0.0,0.0,0.0,0.0,0.0,0.0,0.0,0.0,0.0,0.0,0.0,0.0,0.0,0.0,0.0,0.0,0.0,0.0,0.0,0.0,0.0,Aula26
322,323,-89.0,0.0,0.0,0.0,0.0,0.0,0.0,0.0,0.0,0.0,0.0,0.0,0.0,0.0,0.0,0.0,0.0,0.0,0.0,0.0,0.0,0.0,0.0,0.0,0.0,0.0,0.0,0.0,-83.0,0.0,-85.0,-86.0,0.0,0.0,0.0,0.0,0.0,0.0,0.0,0.0,0.0,0.0,0.0,-97.0,0.0,0.0,0.0,0.0,0.0,0.0,-78.0,-78.0,0.0,0.0,-73.0,-71.0,-82.0,-82.0,-50.0,-49.0,-64.0,-64.0,-79.0,-78.0,-86.0,-87.0,0.0,0.0,0.0,0.0,0.0,0.0,0.0,0.0,0.0,0.0,0.0,0.0,0.0,0.0,0.0,0.0,0.0,0.0,0.0,0.0,0.0,0.0,0.0,0.0,0.0,0.0,0.0,0.0,0.0,0.0,0.0,0.0,0.0,0.0,0.0,0.0,0.0,0.0,0.0,0.0,0.0,0.0,0.0,Aula26
323,324,-90.0,0.0,0.0,0.0,0.0,0.0,0.0,0.0,0.0,0.0,0.0,0.0,0.0,0.0,0.0,0.0,0.0,0.0,0.0,0.0,0.0,0.0,0.0,0.0,-87.0,-87.0,0.0,0.0,-83.0,-83.0,-85.0,0.0,0.0,0.0,0.0,0.0,0.0,0.0,0.0,0.0,0.0,0.0,0.0,0.0,0.0,0.0,0.0,0.0,0.0,-84.0,0.0,0.0,-96.0,-97.0,-70.0,-73.0,-82.0,-82.0,-49.0,-50.0,-64.0,-63.0,0.0,0.0,-87.0,-87.0,0.0,0.0,0.0,0.0,0.0,0.0,0.0,0.0,0.0,0.0,0.0,0.0,0.0,0.0,0.0,0.0,0.0,0.0,0.0,0.0,0.0,0.0,0.0,0.0,0.0,0.0,0.0,0.0,0.0,0.0,0.0,0.0,0.0,0.0,0.0,0.0,0.0,0.0,0.0,0.0,0.0,0.0,0.0,Aula26
324,325,0.0,0.0,0.0,0.0,0.0,0.0,0.0,0.0,0.0,0.0,0.0,0.0,-82.0,0.0,0.0,0.0,0.0,0.0,0.0,0.0,0.0,0.0,0.0,0.0,0.0,0.0,0.0,0.0,0.0,0.0,0.0,-85.0,0.0,0.0,0.0,0.0,0.0,0.0,0.0,0.0,-79.0,-79.0,0.0,0.0,0.0,0.0,0.0,0.0,0.0,0.0,-77.0,0.0,-96.0,-95.0,-72.0,-71.0,-82.0,-82.0,-49.0,-50.0,-62.0,-62.0,-78.0,-78.0,-85.0,-85.0,0.0,0.0,0.0,0.0,0.0,0.0,0.0,0.0,0.0,0.0,0.0,0.0,0.0,0.0,0.0,0.0,0.0,0.0,0.0,0.0,0.0,0.0,0.0,0.0,0.0,0.0,0.0,0.0,0.0,0.0,0.0,0.0,0.0,0.0,0.0,0.0,0.0,0.0,0.0,0.0,0.0,0.0,0.0,Aula26
325,326,0.0,0.0,0.0,0.0,0.0,0.0,0.0,0.0,0.0,0.0,0.0,0.0,0.0,0.0,0.0,0.0,0.0,0.0,0.0,0.0,0.0,0.0,0.0,0.0,-87.0,0.0,0.0,0.0,0.0,0.0,-85.0,-85.0,0.0,0.0,0.0,0.0,0.0,0.0,0.0,0.0,0.0,0.0,0.0,0.0,0.0,0.0,0.0,0.0,-82.0,-84.0,0.0,-78.0,0.0,0.0,-72.0,-71.0,-82.0,-82.0,-49.0,-49.0,-61.0,-62.0,-80.0,-79.0,-86.0,-87.0,0.0,0.0,0.0,0.0,0.0,0.0,0.0,0.0,0.0,0.0,0.0,0.0,0.0,0.0,0.0,0.0,0.0,0.0,0.0,0.0,0.0,-89.0,0.0,0.0,0.0,0.0,0.0,0.0,0.0,0.0,0.0,0.0,0.0,0.0,0.0,0.0,0.0,0.0,0.0,0.0,0.0,0.0,0.0,Aula26
326,327,-89.0,0.0,0.0,0.0,0.0,0.0,0.0,0.0,0.0,0.0,0.0,0.0,0.0,0.0,0.0,0.0,0.0,0.0,0.0,0.0,0.0,0.0,0.0,0.0,0.0,0.0,0.0,0.0,0.0,0.0,-85.0,-86.0,0.0,0.0,0.0,0.0,0.0,0.0,0.0,0.0,0.0,0.0,0.0,0.0,0.0,0.0,0.0,0.0,0.0,0.0,0.0,0.0,-97.0,-96.0,-71.0,-72.0,-82.0,-82.0,-49.0,-49.0,-63.0,-63.0,-80.0,0.0,0.0,0.0,0.0,0.0,0.0,0.0,0.0,0.0,0.0,0.0,0.0,0.0,0.0,0.0,0.0,0.0,0.0,0.0,0.0,0.0,0.0,0.0,0.0,0.0,0.0,0.0,0.0,0.0,0.0,0.0,0.0,0.0,0.0,0.0,0.0,0.0,0.0,0.0,0.0,0.0,0.0,0.0,0.0,0.0,0.0,Aula26
327,328,-89.0,0.0,0.0,0.0,0.0,0.0,0.0,0.0,0.0,0.0,0.0,-84.0,-85.0,0.0,0.0,0.0,0.0,0.0,0.0,0.0,0.0,0.0,0.0,0.0,0.0,0.0,0.0,0.0,0.0,0.0,-85.0,-86.0,0.0,0.0,0.0,0.0,0.0,0.0,0.0,0.0,-79.0,-79.0,-98.0,0.0,0.0,0.0,0.0,0.0,0.0,0.0,0.0,-77.0,0.0,0.0,0.0,0.0,-82.0,-82.0,-48.0,-50.0,-64.0,-64.0,0.0,0.0,-85.0,-86.0,0.0,0.0,0.0,0.0,0.0,0.0,0.0,0.0,0.0,0.0,0.0,0.0,0.0,0.0,0.0,0.0,0.0,0.0,0.0,0.0,0.0,0.0,0.0,0.0,0.0,0.0,0.0,0.0,0.0,0.0,0.0,0.0,0.0,0.0,0.0,0.0,0.0,0.0,0.0,0.0,0.0,0.0,0.0,Aula26
328,329,0.0,-82.0,0.0,0.0,0.0,0.0,0.0,0.0,0.0,0.0,0.0,-85.0,0.0,0.0,0.0,0.0,0.0,0.0,0.0,0.0,0.0,0.0,0.0,0.0,0.0,0.0,0.0,0.0,-81.0,0.0,-85.0,-85.0,0.0,0.0,0.0,0.0,0.0,0.0,0.0,0.0,-79.0,-78.0,0.0,0.0,0.0,0.0,0.0,0.0,0.0,-85.0,0.0,-77.0,-96.0,-96.0,0.0,0.0,-83.0,-83.0,-50.0,-49.0,-63.0,-62.0,-81.0,-82.0,-86.0,-86.0,0.0,0.0,0.0,0.0,0.0,0.0,0.0,0.0,0.0,0.0,0.0,0.0,0.0,0.0,0.0,0.0,0.0,0.0,0.0,-86.0,0.0,-87.0,0.0,0.0,0.0,0.0,0.0,0.0,0.0,0.0,0.0,0.0,0.0,0.0,0.0,0.0,0.0,0.0,0.0,0.0,0.0,0.0,0.0,Aula26
329,330,0.0,0.0,0.0,0.0,0.0,0.0,0.0,0.0,0.0,0.0,0.0,0.0,0.0,0.0,0.0,0.0,0.0,0.0,0.0,0.0,0.0,0.0,0.0,0.0,0.0,0.0,0.0,0.0,0.0,0.0,-85.0,-85.0,0.0,0.0,0.0,0.0,0.0,0.0,0.0,0.0,0.0,-79.0,0.0,0.0,0.0,0.0,0.0,0.0,-85.0,0.0,0.0,0.0,0.0,0.0,-71.0,0.0,0.0,0.0,-50.0,-50.0,-65.0,-65.0,-80.0,-79.0,-86.0,-86.0,0.0,0.0,0.0,0.0,0.0,0.0,0.0,0.0,0.0,0.0,0.0,0.0,0.0,0.0,0.0,0.0,0.0,0.0,0.0,0.0,0.0,0.0,0.0,0.0,0.0,0.0,0.0,0.0,0.0,0.0,0.0,0.0,0.0,0.0,0.0,-90.0,0.0,0.0,0.0,0.0,0.0,0.0,0.0,Aula26
330,331,-91.0,-81.0,0.0,0.0,0.0,0.0,0.0,0.0,0.0,0.0,0.0,0.0,0.0,0.0,0.0,0.0,0.0,0.0,0.0,0.0,0.0,0.0,0.0,0.0,0.0,0.0,0.0,0.0,0.0,0.0,-86.0,-86.0,0.0,0.0,0.0,0.0,0.0,0.0,0.0,0.0,0.0,0.0,0.0,0.0,0.0,0.0,0.0,0.0,0.0,-85.0,0.0,0.0,0.0,0.0,-71.0,-71.0,-81.0,-81.0,-49.0,-49.0,-64.0,-64.0,-81.0,-78.0,-82.0,-82.0,0.0,0.0,0.0,0.0,0.0,0.0,0.0,0.0,0.0,0.0,0.0,0.0,0.0,0.0,0.0,0.0,0.0,0.0,0.0,0.0,0.0,0.0,0.0,0.0,0.0,-92.0,0.0,0.0,0.0,0.0,0.0,0.0,0.0,0.0,0.0,0.0,0.0,0.0,0.0,0.0,0.0,0.0,0.0,Aula26
331,332,-91.0,0.0,0.0,0.0,0.0,0.0,0.0,0.0,0.0,0.0,0.0,0.0,0.0,0.0,0.0,0.0,0.0,0.0,0.0,0.0,0.0,0.0,0.0,0.0,0.0,0.0,0.0,0.0,0.0,0.0,-85.0,-84.0,0.0,0.0,0.0,0.0,0.0,0.0,0.0,0.0,0.0,0.0,0.0,0.0,0.0,0.0,0.0,0.0,0.0,0.0,0.0,-78.0,0.0,0.0,-70.0,-71.0,-82.0,-82.0,-49.0,-50.0,-61.0,-61.0,-79.0,0.0,-78.0,-78.0,0.0,0.0,0.0,0.0,0.0,0.0,0.0,0.0,0.0,0.0,0.0,0.0,0.0,0.0,0.0,0.0,0.0,0.0,0.0,0.0,0.0,0.0,0.0,0.0,0.0,0.0,0.0,0.0,0.0,0.0,0.0,0.0,0.0,0.0,0.0,0.0,0.0,0.0,0.0,0.0,0.0,0.0,0.0,Aula26
332,333,0.0,-85.0,0.0,0.0,0.0,0.0,0.0,0.0,0.0,0.0,0.0,-84.0,0.0,0.0,0.0,0.0,0.0,0.0,0.0,0.0,0.0,0.0,0.0,0.0,0.0,-87.0,0.0,0.0,0.0,0.0,-86.0,-85.0,0.0,0.0,0.0,0.0,0.0,0.0,0.0,0.0,-79.0,-79.0,0.0,0.0,0.0,0.0,0.0,0.0,-84.0,-85.0,0.0,-78.0,-95.0,-95.0,-71.0,-71.0,-82.0,-82.0,-49.0,-49.0,-62.0,-62.0,-78.0,0.0,-78.0,-78.0,0.0,0.0,0.0,0.0,0.0,0.0,0.0,0.0,0.0,0.0,0.0,0.0,0.0,0.0,0.0,0.0,0.0,0.0,0.0,0.0,0.0,0.0,0.0,0.0,0.0,0.0,0.0,0.0,0.0,0.0,0.0,0.0,0.0,0.0,0.0,0.0,0.0,0.0,0.0,0.0,0.0,0.0,0.0,Aula26
333,334,0.0,0.0,0.0,0.0,0.0,0.0,0.0,0.0,0.0,0.0,0.0,-84.0,0.0,0.0,0.0,0.0,0.0,0.0,0.0,0.0,0.0,0.0,0.0,0.0,0.0,0.0,0.0,0.0,0.0,0.0,-84.0,-85.0,0.0,0.0,0.0,0.0,0.0,0.0,0.0,0.0,0.0,0.0,0.0,0.0,0.0,0.0,0.0,0.0,-84.0,-85.0,0.0,0.0,-95.0,-95.0,-72.0,-72.0,-81.0,-80.0,-50.0,-50.0,-62.0,-62.0,-80.0,-79.0,-79.0,-79.0,0.0,0.0,0.0,0.0,0.0,0.0,0.0,0.0,0.0,0.0,0.0,0.0,0.0,0.0,0.0,0.0,0.0,0.0,0.0,0.0,0.0,0.0,0.0,0.0,0.0,0.0,0.0,0.0,0.0,0.0,0.0,0.0,0.0,0.0,0.0,-87.0,0.0,0.0,0.0,0.0,0.0,0.0,0.0,Aula26
334,335,-91.0,-81.0,0.0,0.0,0.0,0.0,0.0,0.0,0.0,0.0,0.0,-85.0,-85.0,0.0,0.0,0.0,0.0,0.0,0.0,0.0,0.0,0.0,0.0,0.0,0.0,0.0,0.0,0.0,0.0,-82.0,-85.0,-85.0,0.0,0.0,0.0,0.0,0.0,0.0,0.0,0.0,-79.0,-79.0,0.0,0.0,0.0,0.0,0.0,0.0,-85.0,0.0,-80.0,-79.0,0.0,0.0,-70.0,-72.0,-82.0,-81.0,0.0,0.0,-63.0,-62.0,-79.0,0.0,-81.0,-81.0,0.0,0.0,0.0,0.0,0.0,0.0,0.0,0.0,0.0,0.0,0.0,0.0,0.0,0.0,0.0,0.0,0.0,0.0,0.0,0.0,0.0,0.0,0.0,0.0,0.0,0.0,0.0,0.0,0.0,0.0,0.0,0.0,0.0,0.0,0.0,-88.0,0.0,0.0,0.0,0.0,0.0,0.0,0.0,Aula26
335,336,0.0,0.0,0.0,0.0,0.0,0.0,0.0,0.0,0.0,0.0,0.0,0.0,0.0,0.0,0.0,0.0,0.0,0.0,0.0,0.0,0.0,0.0,0.0,0.0,0.0,0.0,0.0,0.0,0.0,0.0,-85.0,-85.0,0.0,0.0,0.0,0.0,0.0,0.0,0.0,0.0,0.0,0.0,0.0,0.0,0.0,0.0,0.0,0.0,0.0,0.0,0.0,0.0,-96.0,-96.0,-71.0,-71.0,-81.0,-81.0,-49.0,-49.0,-63.0,-63.0,-82.0,-79.0,-86.0,-85.0,0.0,0.0,0.0,0.0,0.0,0.0,0.0,0.0,0.0,0.0,0.0,0.0,0.0,0.0,0.0,0.0,0.0,0.0,0.0,0.0,0.0,0.0,0.0,0.0,0.0,0.0,0.0,0.0,0.0,0.0,0.0,0.0,0.0,0.0,0.0,0.0,0.0,0.0,0.0,0.0,0.0,0.0,0.0,Aula26
336,337,0.0,-81.0,0.0,0.0,0.0,0.0,0.0,0.0,0.0,0.0,0.0,0.0,0.0,0.0,0.0,0.0,0.0,0.0,0.0,0.0,0.0,0.0,0.0,0.0,0.0,0.0,0.0,0.0,0.0,0.0,-84.0,-84.0,0.0,0.0,0.0,0.0,0.0,0.0,0.0,0.0,0.0,0.0,0.0,0.0,0.0,0.0,0.0,0.0,-85.0,-85.0,0.0,0.0,0.0,0.0,-72.0,-72.0,-81.0,-81.0,-49.0,-49.0,-62.0,-62.0,0.0,0.0,-82.0,-82.0,0.0,0.0,0.0,0.0,0.0,0.0,0.0,0.0,0.0,0.0,0.0,0.0,0.0,0.0,0.0,0.0,0.0,0.0,0.0,0.0,0.0,0.0,0.0,0.0,-92.0,0.0,0.0,0.0,0.0,0.0,0.0,0.0,0.0,0.0,0.0,0.0,0.0,0.0,0.0,0.0,0.0,0.0,0.0,Aula26
337,338,0.0,0.0,0.0,0.0,0.0,0.0,0.0,0.0,0.0,0.0,0.0,-83.0,0.0,0.0,0.0,0.0,0.0,0.0,0.0,0.0,0.0,0.0,0.0,0.0,0.0,0.0,0.0,0.0,-84.0,-84.0,-84.0,-84.0,0.0,0.0,0.0,0.0,0.0,0.0,0.0,0.0,-79.0,-79.0,0.0,0.0,0.0,0.0,0.0,0.0,-84.0,-84.0,0.0,0.0,0.0,-96.0,-70.0,-71.0,-81.0,-81.0,-49.0,-49.0,-59.0,-59.0,-79.0,-80.0,-78.0,-78.0,0.0,0.0,0.0,0.0,0.0,0.0,0.0,0.0,0.0,0.0,0.0,0.0,0.0,0.0,0.0,0.0,0.0,0.0,0.0,0.0,0.0,0.0,0.0,0.0,0.0,0.0,0.0,0.0,0.0,0.0,0.0,0.0,0.0,0.0,0.0,-85.0,0.0,0.0,0.0,0.0,0.0,0.0,0.0,Aula26
338,339,0.0,0.0,0.0,0.0,0.0,0.0,0.0,0.0,0.0,-90.0,0.0,-83.0,0.0,0.0,0.0,0.0,0.0,0.0,0.0,0.0,0.0,0.0,0.0,0.0,-86.0,-86.0,0.0,0.0,-85.0,-84.0,-87.0,-88.0,0.0,0.0,0.0,0.0,0.0,0.0,0.0,0.0,-81.0,-80.0,0.0,0.0,0.0,0.0,0.0,0.0,-83.0,0.0,0.0,-76.0,0.0,0.0,0.0,-71.0,0.0,-89.0,0.0,0.0,-61.0,-60.0,-77.0,0.0,-79.0,-78.0,0.0,0.0,0.0,0.0,0.0,0.0,0.0,0.0,0.0,0.0,0.0,0.0,0.0,0.0,0.0,0.0,0.0,0.0,0.0,0.0,0.0,0.0,0.0,0.0,0.0,0.0,0.0,0.0,0.0,0.0,0.0,0.0,0.0,0.0,0.0,0.0,0.0,0.0,0.0,0.0,0.0,0.0,0.0,Aula26
339,340,-90.0,0.0,0.0,0.0,0.0,0.0,0.0,0.0,0.0,0.0,0.0,0.0,0.0,0.0,0.0,0.0,0.0,0.0,0.0,0.0,0.0,0.0,0.0,0.0,0.0,0.0,0.0,0.0,0.0,0.0,0.0,0.0,0.0,0.0,0.0,0.0,0.0,0.0,0.0,0.0,-80.0,-80.0,0.0,0.0,0.0,0.0,0.0,0.0,0.0,0.0,-80.0,-79.0,0.0,0.0,-69.0,-69.0,-85.0,-85.0,-61.0,-61.0,-58.0,-58.0,-72.0,-71.0,-78.0,-78.0,0.0,0.0,0.0,0.0,0.0,0.0,0.0,0.0,0.0,0.0,0.0,0.0,0.0,0.0,0.0,0.0,0.0,0.0,0.0,0.0,0.0,0.0,0.0,0.0,0.0,0.0,0.0,0.0,0.0,0.0,0.0,0.0,0.0,0.0,0.0,0.0,0.0,0.0,0.0,0.0,0.0,0.0,0.0,Aula26
340,341,0.0,-84.0,0.0,0.0,0.0,0.0,0.0,0.0,0.0,-95.0,0.0,0.0,0.0,0.0,0.0,0.0,0.0,0.0,0.0,0.0,0.0,0.0,0.0,0.0,0.0,0.0,0.0,0.0,-84.0,0.0,0.0,0.0,0.0,0.0,0.0,0.0,0.0,0.0,0.0,0.0,0.0,0.0,0.0,0.0,0.0,0.0,0.0,0.0,0.0,0.0,0.0,0.0,0.0,0.0,0.0,0.0,-80.0,-80.0,-48.0,-49.0,-58.0,-58.0,0.0,0.0,-76.0,-77.0,0.0,0.0,0.0,0.0,0.0,0.0,-86.0,0.0,0.0,0.0,0.0,0.0,0.0,0.0,-94.0,0.0,0.0,0.0,0.0,0.0,0.0,0.0,0.0,0.0,0.0,0.0,0.0,0.0,0.0,0.0,0.0,0.0,0.0,0.0,0.0,0.0,0.0,0.0,0.0,0.0,0.0,0.0,0.0,Aula26
341,342,0.0,0.0,0.0,0.0,0.0,0.0,0.0,0.0,0.0,0.0,0.0,0.0,0.0,0.0,0.0,0.0,0.0,0.0,0.0,0.0,0.0,0.0,0.0,0.0,0.0,0.0,0.0,0.0,0.0,0.0,0.0,0.0,0.0,0.0,0.0,0.0,0.0,0.0,0.0,0.0,0.0,0.0,0.0,0.0,0.0,0.0,0.0,0.0,0.0,0.0,0.0,0.0,-88.0,-88.0,-73.0,-70.0,-80.0,-80.0,-48.0,-48.0,-57.0,-57.0,-69.0,-69.0,-79.0,-79.0,0.0,0.0,0.0,0.0,0.0,0.0,0.0,0.0,0.0,0.0,0.0,0.0,0.0,0.0,0.0,0.0,0.0,0.0,0.0,0.0,0.0,0.0,0.0,0.0,0.0,0.0,0.0,0.0,0.0,0.0,0.0,0.0,0.0,0.0,0.0,0.0,0.0,0.0,0.0,0.0,0.0,0.0,0.0,Aula26
342,343,0.0,0.0,0.0,0.0,0.0,0.0,0.0,0.0,0.0,0.0,0.0,0.0,0.0,0.0,0.0,0.0,0.0,0.0,0.0,0.0,0.0,0.0,0.0,0.0,0.0,0.0,0.0,0.0,-81.0,-82.0,0.0,0.0,0.0,0.0,0.0,0.0,0.0,0.0,0.0,0.0,0.0,0.0,0.0,0.0,0.0,0.0,0.0,0.0,0.0,0.0,0.0,0.0,0.0,0.0,0.0,-70.0,-80.0,-80.0,-48.0,-49.0,-58.0,-58.0,-68.0,-68.0,-79.0,-79.0,0.0,0.0,0.0,0.0,0.0,0.0,-94.0,0.0,0.0,0.0,0.0,0.0,0.0,0.0,0.0,0.0,0.0,0.0,0.0,0.0,0.0,0.0,0.0,0.0,0.0,0.0,0.0,0.0,0.0,0.0,0.0,0.0,0.0,0.0,0.0,0.0,0.0,0.0,0.0,0.0,0.0,0.0,0.0,Aula26
343,344,0.0,0.0,0.0,0.0,0.0,0.0,0.0,0.0,0.0,0.0,0.0,0.0,0.0,0.0,0.0,0.0,0.0,0.0,0.0,0.0,0.0,0.0,0.0,0.0,0.0,0.0,0.0,0.0,-82.0,0.0,0.0,0.0,0.0,0.0,0.0,0.0,0.0,0.0,0.0,0.0,0.0,0.0,0.0,0.0,0.0,0.0,0.0,0.0,0.0,0.0,0.0,0.0,-89.0,-88.0,0.0,-71.0,-80.0,-80.0,-48.0,-49.0,-58.0,-58.0,-68.0,-68.0,-79.0,-79.0,0.0,0.0,0.0,0.0,0.0,0.0,-89.0,0.0,0.0,0.0,0.0,0.0,0.0,0.0,0.0,0.0,0.0,0.0,0.0,0.0,0.0,0.0,0.0,0.0,0.0,0.0,0.0,0.0,0.0,0.0,0.0,0.0,0.0,0.0,0.0,0.0,0.0,0.0,0.0,0.0,0.0,0.0,0.0,Aula26
344,345,0.0,0.0,0.0,0.0,0.0,0.0,0.0,0.0,0.0,0.0,0.0,0.0,0.0,0.0,0.0,0.0,0.0,0.0,0.0,0.0,0.0,0.0,0.0,0.0,0.0,0.0,0.0,0.0,0.0,0.0,0.0,0.0,0.0,0.0,0.0,0.0,0.0,0.0,0.0,0.0,0.0,0.0,0.0,0.0,0.0,0.0,0.0,0.0,0.0,0.0,-82.0,-82.0,-87.0,0.0,-73.0,-71.0,-80.0,-80.0,-49.0,-48.0,-58.0,-58.0,-69.0,-69.0,-78.0,-78.0,0.0,0.0,0.0,0.0,0.0,0.0,0.0,0.0,0.0,0.0,0.0,0.0,0.0,0.0,0.0,0.0,0.0,0.0,0.0,0.0,0.0,0.0,0.0,0.0,0.0,0.0,0.0,0.0,0.0,0.0,0.0,0.0,0.0,0.0,0.0,0.0,0.0,0.0,0.0,0.0,0.0,0.0,0.0,Aula26
345,346,0.0,0.0,0.0,0.0,0.0,0.0,0.0,0.0,0.0,0.0,0.0,0.0,0.0,0.0,0.0,0.0,0.0,0.0,0.0,0.0,0.0,0.0,0.0,0.0,0.0,0.0,0.0,0.0,0.0,0.0,-91.0,-91.0,0.0,0.0,0.0,0.0,0.0,0.0,0.0,0.0,0.0,0.0,0.0,0.0,0.0,0.0,0.0,0.0,0.0,0.0,0.0,0.0,0.0,-87.0,-71.0,-71.0,-81.0,-81.0,-49.0,-49.0,-57.0,-58.0,-68.0,-69.0,-79.0,-79.0,0.0,0.0,0.0,0.0,0.0,0.0,0.0,0.0,0.0,0.0,0.0,0.0,0.0,0.0,0.0,0.0,0.0,0.0,0.0,0.0,0.0,0.0,0.0,0.0,0.0,0.0,0.0,0.0,0.0,0.0,0.0,0.0,0.0,0.0,0.0,0.0,0.0,0.0,0.0,0.0,0.0,0.0,0.0,Aula26
346,347,0.0,-81.0,0.0,0.0,0.0,0.0,0.0,0.0,0.0,-92.0,0.0,0.0,0.0,0.0,0.0,0.0,0.0,0.0,0.0,0.0,0.0,0.0,0.0,0.0,-85.0,-86.0,0.0,0.0,0.0,0.0,-91.0,-92.0,0.0,0.0,0.0,0.0,0.0,0.0,0.0,0.0,0.0,0.0,0.0,0.0,0.0,0.0,0.0,0.0,0.0,0.0,-81.0,-79.0,0.0,0.0,0.0,0.0,-81.0,-81.0,-49.0,-50.0,-57.0,-57.0,0.0,0.0,-79.0,-78.0,0.0,0.0,0.0,0.0,0.0,0.0,0.0,0.0,0.0,0.0,0.0,0.0,0.0,0.0,0.0,0.0,0.0,0.0,0.0,0.0,0.0,0.0,0.0,0.0,0.0,0.0,0.0,0.0,0.0,0.0,0.0,0.0,0.0,0.0,0.0,0.0,0.0,0.0,0.0,0.0,0.0,0.0,0.0,Aula26
347,348,0.0,0.0,0.0,0.0,0.0,0.0,0.0,0.0,0.0,0.0,0.0,0.0,0.0,0.0,0.0,0.0,0.0,0.0,0.0,0.0,0.0,0.0,0.0,0.0,-86.0,-86.0,0.0,0.0,0.0,-83.0,0.0,0.0,0.0,0.0,0.0,0.0,0.0,0.0,0.0,0.0,0.0,0.0,0.0,0.0,0.0,0.0,0.0,0.0,0.0,0.0,0.0,-82.0,0.0,0.0,-71.0,-71.0,-81.0,-80.0,0.0,0.0,-58.0,-57.0,-70.0,-70.0,-78.0,-78.0,0.0,0.0,0.0,0.0,0.0,0.0,0.0,0.0,0.0,0.0,0.0,0.0,0.0,0.0,0.0,0.0,0.0,0.0,0.0,0.0,0.0,0.0,0.0,0.0,0.0,0.0,0.0,0.0,0.0,0.0,0.0,0.0,0.0,0.0,0.0,0.0,0.0,0.0,0.0,0.0,0.0,0.0,0.0,Aula26
348,349,0.0,0.0,0.0,0.0,0.0,0.0,0.0,0.0,0.0,0.0,0.0,0.0,0.0,0.0,0.0,0.0,0.0,0.0,0.0,0.0,0.0,0.0,0.0,0.0,-86.0,-85.0,0.0,0.0,0.0,-85.0,0.0,0.0,0.0,0.0,0.0,0.0,0.0,0.0,0.0,0.0,0.0,0.0,0.0,0.0,0.0,0.0,0.0,0.0,0.0,0.0,0.0,0.0,0.0,0.0,-73.0,-73.0,-81.0,-81.0,0.0,0.0,-58.0,-58.0,0.0,0.0,-78.0,-78.0,0.0,0.0,0.0,0.0,0.0,0.0,0.0,0.0,0.0,0.0,0.0,0.0,0.0,0.0,0.0,0.0,0.0,0.0,0.0,0.0,0.0,0.0,0.0,0.0,0.0,0.0,0.0,0.0,0.0,0.0,0.0,0.0,0.0,0.0,0.0,0.0,0.0,0.0,0.0,0.0,0.0,0.0,0.0,Aula26
349,350,0.0,0.0,0.0,0.0,0.0,0.0,0.0,0.0,0.0,0.0,0.0,0.0,0.0,0.0,0.0,0.0,0.0,0.0,0.0,0.0,0.0,0.0,0.0,0.0,-86.0,0.0,0.0,0.0,-82.0,-82.0,-92.0,-92.0,0.0,0.0,0.0,0.0,0.0,0.0,0.0,0.0,0.0,0.0,0.0,0.0,0.0,0.0,0.0,0.0,0.0,0.0,-82.0,-82.0,-90.0,-91.0,0.0,0.0,-81.0,-81.0,-51.0,-50.0,-58.0,-58.0,0.0,0.0,-78.0,-78.0,0.0,0.0,0.0,0.0,0.0,0.0,-94.0,0.0,0.0,0.0,0.0,0.0,0.0,0.0,0.0,0.0,0.0,0.0,0.0,0.0,0.0,0.0,0.0,0.0,0.0,0.0,0.0,0.0,0.0,0.0,0.0,0.0,0.0,0.0,0.0,0.0,0.0,0.0,0.0,0.0,0.0,0.0,0.0,Aula26
350,351,0.0,0.0,0.0,0.0,0.0,0.0,0.0,0.0,0.0,0.0,0.0,0.0,0.0,0.0,0.0,0.0,0.0,0.0,0.0,0.0,0.0,0.0,0.0,0.0,0.0,0.0,0.0,0.0,0.0,0.0,-94.0,-94.0,0.0,0.0,0.0,0.0,0.0,0.0,0.0,0.0,0.0,0.0,0.0,0.0,0.0,0.0,0.0,0.0,-88.0,-89.0,0.0,0.0,-90.0,-91.0,0.0,0.0,-80.0,-80.0,0.0,0.0,-58.0,-58.0,-70.0,-70.0,-78.0,-78.0,0.0,0.0,0.0,0.0,0.0,0.0,0.0,0.0,0.0,0.0,0.0,0.0,0.0,0.0,0.0,0.0,0.0,0.0,0.0,0.0,0.0,0.0,0.0,0.0,0.0,0.0,0.0,0.0,0.0,0.0,0.0,0.0,0.0,0.0,0.0,0.0,0.0,0.0,0.0,0.0,0.0,0.0,0.0,Aula26
351,352,0.0,0.0,0.0,0.0,0.0,0.0,0.0,0.0,0.0,0.0,0.0,0.0,0.0,0.0,0.0,0.0,0.0,0.0,0.0,0.0,0.0,0.0,0.0,0.0,0.0,0.0,0.0,0.0,0.0,0.0,0.0,0.0,0.0,0.0,0.0,0.0,0.0,0.0,0.0,0.0,0.0,0.0,0.0,0.0,0.0,0.0,0.0,0.0,-88.0,0.0,0.0,0.0,-90.0,0.0,-73.0,-70.0,-81.0,-81.0,-49.0,-49.0,-58.0,-58.0,-69.0,-68.0,-79.0,-79.0,0.0,0.0,0.0,0.0,0.0,0.0,0.0,0.0,0.0,0.0,0.0,0.0,0.0,0.0,0.0,0.0,0.0,0.0,0.0,0.0,0.0,0.0,0.0,0.0,0.0,0.0,0.0,0.0,0.0,0.0,0.0,0.0,0.0,0.0,0.0,0.0,0.0,0.0,0.0,0.0,0.0,0.0,0.0,Aula26
352,353,0.0,-79.0,0.0,0.0,0.0,0.0,0.0,0.0,0.0,0.0,0.0,0.0,0.0,0.0,0.0,0.0,0.0,0.0,0.0,0.0,0.0,0.0,0.0,0.0,0.0,0.0,0.0,0.0,0.0,0.0,-92.0,-91.0,0.0,0.0,0.0,0.0,0.0,0.0,0.0,0.0,0.0,0.0,0.0,0.0,0.0,0.0,0.0,0.0,0.0,0.0,0.0,0.0,0.0,0.0,-72.0,-72.0,-81.0,-81.0,0.0,0.0,-57.0,-58.0,-69.0,-70.0,-78.0,-77.0,0.0,0.0,0.0,0.0,0.0,0.0,0.0,0.0,0.0,0.0,0.0,0.0,0.0,0.0,0.0,0.0,0.0,0.0,0.0,0.0,0.0,0.0,0.0,0.0,0.0,0.0,0.0,0.0,0.0,0.0,0.0,0.0,0.0,0.0,0.0,0.0,0.0,0.0,0.0,0.0,0.0,0.0,0.0,Aula26
353,354,-93.0,-78.0,0.0,0.0,0.0,0.0,0.0,0.0,0.0,-94.0,0.0,0.0,0.0,0.0,0.0,0.0,0.0,0.0,0.0,0.0,0.0,0.0,0.0,0.0,0.0,0.0,0.0,0.0,-81.0,-81.0,0.0,0.0,0.0,0.0,0.0,0.0,0.0,0.0,0.0,0.0,0.0,0.0,0.0,0.0,0.0,0.0,0.0,0.0,0.0,0.0,-84.0,-83.0,0.0,0.0,0.0,-70.0,-81.0,-80.0,-49.0,-49.0,-57.0,-57.0,0.0,-70.0,-77.0,-76.0,0.0,0.0,0.0,0.0,0.0,0.0,0.0,0.0,0.0,0.0,0.0,0.0,0.0,0.0,0.0,0.0,0.0,0.0,0.0,0.0,0.0,0.0,0.0,0.0,0.0,0.0,0.0,0.0,0.0,0.0,0.0,0.0,0.0,0.0,0.0,0.0,0.0,0.0,0.0,0.0,0.0,0.0,0.0,Aula26
354,355,-94.0,-79.0,0.0,0.0,0.0,0.0,0.0,0.0,0.0,0.0,0.0,0.0,-87.0,0.0,0.0,0.0,0.0,0.0,0.0,0.0,0.0,0.0,0.0,0.0,0.0,0.0,0.0,0.0,0.0,0.0,-91.0,0.0,0.0,0.0,0.0,0.0,0.0,0.0,0.0,0.0,0.0,-83.0,0.0,0.0,0.0,0.0,0.0,0.0,0.0,0.0,0.0,0.0,0.0,0.0,-72.0,0.0,-81.0,-81.0,0.0,0.0,-57.0,-57.0,-69.0,-70.0,-77.0,-77.0,0.0,0.0,0.0,0.0,0.0,0.0,0.0,0.0,0.0,0.0,0.0,0.0,0.0,0.0,0.0,0.0,0.0,0.0,0.0,0.0,0.0,0.0,0.0,0.0,0.0,0.0,0.0,0.0,0.0,0.0,0.0,0.0,0.0,0.0,0.0,0.0,0.0,0.0,0.0,0.0,0.0,0.0,0.0,Aula26
355,356,0.0,-78.0,0.0,0.0,0.0,0.0,0.0,0.0,0.0,0.0,0.0,0.0,0.0,0.0,0.0,0.0,0.0,0.0,0.0,0.0,0.0,0.0,0.0,0.0,0.0,0.0,0.0,0.0,0.0,0.0,0.0,0.0,0.0,0.0,0.0,0.0,0.0,0.0,0.0,0.0,0.0,0.0,0.0,0.0,0.0,0.0,0.0,0.0,0.0,0.0,0.0,0.0,-94.0,-94.0,0.0,0.0,-82.0,-82.0,-49.0,-50.0,-58.0,-58.0,-70.0,-71.0,-76.0,-76.0,0.0,0.0,0.0,0.0,0.0,0.0,0.0,0.0,0.0,0.0,0.0,0.0,0.0,0.0,0.0,0.0,0.0,0.0,0.0,0.0,0.0,0.0,0.0,0.0,0.0,0.0,0.0,0.0,0.0,0.0,0.0,0.0,0.0,0.0,0.0,0.0,0.0,0.0,0.0,0.0,0.0,0.0,0.0,Aula26
356,357,0.0,0.0,0.0,0.0,0.0,0.0,0.0,0.0,0.0,0.0,0.0,0.0,0.0,0.0,0.0,0.0,0.0,0.0,0.0,0.0,0.0,0.0,0.0,0.0,0.0,-86.0,0.0,0.0,0.0,0.0,0.0,0.0,0.0,0.0,0.0,0.0,0.0,0.0,0.0,0.0,-82.0,-82.0,0.0,0.0,0.0,0.0,0.0,0.0,0.0,0.0,0.0,-84.0,0.0,0.0,-73.0,0.0,-82.0,-82.0,0.0,0.0,-57.0,-57.0,-69.0,-70.0,-77.0,-77.0,0.0,0.0,0.0,0.0,0.0,0.0,0.0,0.0,0.0,0.0,0.0,0.0,0.0,0.0,0.0,0.0,0.0,0.0,0.0,0.0,0.0,0.0,0.0,0.0,0.0,0.0,0.0,0.0,0.0,0.0,0.0,0.0,0.0,0.0,0.0,0.0,0.0,0.0,0.0,0.0,0.0,0.0,0.0,Aula26
357,358,0.0,0.0,0.0,0.0,0.0,0.0,0.0,0.0,0.0,0.0,0.0,0.0,0.0,0.0,0.0,0.0,0.0,0.0,0.0,0.0,0.0,0.0,0.0,0.0,0.0,-86.0,0.0,0.0,0.0,0.0,0.0,0.0,0.0,0.0,0.0,0.0,0.0,0.0,0.0,0.0,0.0,0.0,0.0,0.0,0.0,0.0,0.0,0.0,0.0,0.0,-84.0,-84.0,0.0,0.0,-72.0,0.0,-82.0,-82.0,0.0,0.0,-58.0,-57.0,-70.0,-70.0,-76.0,-76.0,0.0,0.0,0.0,0.0,0.0,0.0,0.0,0.0,0.0,0.0,0.0,0.0,0.0,0.0,-94.0,0.0,0.0,0.0,0.0,0.0,0.0,0.0,0.0,0.0,0.0,0.0,0.0,0.0,0.0,0.0,0.0,0.0,0.0,0.0,0.0,0.0,0.0,0.0,0.0,0.0,0.0,0.0,0.0,Aula26
358,359,0.0,-80.0,0.0,0.0,0.0,0.0,0.0,0.0,0.0,0.0,0.0,0.0,0.0,0.0,0.0,0.0,0.0,0.0,0.0,0.0,0.0,0.0,0.0,0.0,-86.0,-86.0,0.0,0.0,0.0,0.0,0.0,0.0,0.0,0.0,0.0,0.0,0.0,0.0,0.0,0.0,0.0,0.0,0.0,0.0,0.0,0.0,0.0,0.0,0.0,0.0,0.0,0.0,0.0,0.0,0.0,0.0,-82.0,-82.0,-50.0,-50.0,-57.0,-57.0,-70.0,-70.0,-77.0,-78.0,0.0,0.0,0.0,0.0,0.0,0.0,0.0,0.0,0.0,0.0,0.0,0.0,0.0,0.0,0.0,0.0,0.0,0.0,0.0,0.0,0.0,0.0,0.0,0.0,0.0,0.0,0.0,0.0,0.0,0.0,0.0,0.0,0.0,0.0,0.0,0.0,0.0,0.0,0.0,0.0,0.0,0.0,0.0,Aula26
359,360,0.0,0.0,0.0,0.0,0.0,0.0,0.0,0.0,0.0,0.0,0.0,0.0,0.0,0.0,0.0,0.0,0.0,0.0,0.0,0.0,0.0,0.0,0.0,0.0,0.0,0.0,0.0,0.0,0.0,0.0,-91.0,-92.0,0.0,0.0,0.0,0.0,0.0,0.0,0.0,0.0,-82.0,0.0,0.0,0.0,0.0,0.0,0.0,0.0,0.0,-90.0,0.0,0.0,-92.0,-92.0,-74.0,-72.0,-82.0,-82.0,-49.0,-49.0,-58.0,-57.0,-70.0,0.0,-77.0,-78.0,0.0,0.0,0.0,0.0,0.0,0.0,0.0,0.0,0.0,0.0,0.0,0.0,0.0,0.0,0.0,0.0,0.0,0.0,0.0,0.0,0.0,0.0,0.0,0.0,0.0,0.0,0.0,0.0,0.0,0.0,0.0,0.0,0.0,0.0,0.0,0.0,0.0,0.0,0.0,0.0,0.0,0.0,0.0,Aula26
360,361,-95.0,0.0,0.0,0.0,0.0,0.0,0.0,0.0,0.0,0.0,0.0,0.0,0.0,0.0,0.0,0.0,0.0,0.0,0.0,0.0,0.0,0.0,0.0,0.0,-86.0,-86.0,0.0,0.0,-84.0,-82.0,0.0,0.0,0.0,0.0,0.0,0.0,0.0,0.0,0.0,0.0,0.0,0.0,0.0,0.0,0.0,0.0,0.0,0.0,0.0,0.0,0.0,0.0,0.0,0.0,0.0,-72.0,-82.0,-82.0,-49.0,-50.0,-58.0,-57.0,0.0,-69.0,-77.0,-77.0,0.0,0.0,0.0,0.0,0.0,0.0,0.0,0.0,0.0,0.0,0.0,0.0,0.0,0.0,-94.0,0.0,0.0,0.0,0.0,0.0,0.0,0.0,0.0,0.0,0.0,0.0,0.0,0.0,0.0,0.0,0.0,0.0,0.0,0.0,0.0,0.0,0.0,0.0,0.0,0.0,0.0,0.0,0.0,Aula26
361,362,0.0,0.0,0.0,0.0,0.0,0.0,0.0,0.0,0.0,0.0,0.0,0.0,0.0,0.0,0.0,0.0,0.0,0.0,0.0,0.0,0.0,0.0,0.0,0.0,0.0,0.0,0.0,0.0,0.0,0.0,-92.0,-92.0,0.0,0.0,0.0,0.0,0.0,0.0,0.0,0.0,0.0,0.0,0.0,0.0,0.0,0.0,0.0,0.0,0.0,0.0,0.0,-83.0,-92.0,-92.0,0.0,0.0,-83.0,-83.0,-49.0,-50.0,-57.0,-58.0,0.0,-70.0,-77.0,-77.0,0.0,0.0,0.0,0.0,0.0,0.0,0.0,0.0,0.0,0.0,0.0,0.0,0.0,0.0,0.0,0.0,0.0,0.0,0.0,0.0,0.0,0.0,0.0,0.0,0.0,0.0,0.0,0.0,0.0,0.0,0.0,0.0,0.0,0.0,0.0,0.0,0.0,0.0,0.0,0.0,0.0,0.0,0.0,Aula26
362,363,-94.0,0.0,0.0,0.0,0.0,0.0,0.0,0.0,0.0,0.0,0.0,0.0,0.0,0.0,0.0,0.0,0.0,0.0,0.0,0.0,0.0,0.0,0.0,0.0,-86.0,-87.0,0.0,0.0,0.0,0.0,0.0,-88.0,0.0,0.0,0.0,0.0,0.0,0.0,0.0,0.0,0.0,0.0,0.0,0.0,0.0,0.0,0.0,0.0,0.0,0.0,-85.0,-85.0,0.0,0.0,0.0,-73.0,-83.0,-83.0,-49.0,-49.0,-58.0,-58.0,-69.0,0.0,-77.0,-77.0,0.0,0.0,0.0,0.0,0.0,0.0,0.0,0.0,0.0,0.0,0.0,0.0,0.0,0.0,0.0,0.0,0.0,0.0,0.0,0.0,0.0,0.0,0.0,0.0,0.0,0.0,0.0,0.0,0.0,0.0,0.0,0.0,0.0,0.0,0.0,0.0,0.0,0.0,0.0,0.0,0.0,0.0,0.0,Aula26
363,364,-94.0,0.0,0.0,0.0,0.0,0.0,0.0,0.0,0.0,0.0,0.0,0.0,0.0,0.0,0.0,0.0,0.0,0.0,0.0,0.0,0.0,0.0,0.0,0.0,0.0,0.0,0.0,0.0,-82.0,-81.0,-92.0,-91.0,0.0,0.0,0.0,0.0,0.0,0.0,0.0,0.0,0.0,0.0,0.0,0.0,0.0,0.0,0.0,0.0,0.0,0.0,0.0,0.0,-91.0,-92.0,-72.0,-72.0,-82.0,-82.0,-49.0,-49.0,-57.0,-57.0,-70.0,-70.0,-77.0,-77.0,0.0,0.0,0.0,0.0,0.0,0.0,0.0,0.0,0.0,0.0,0.0,0.0,0.0,0.0,0.0,0.0,0.0,0.0,0.0,0.0,0.0,0.0,0.0,0.0,0.0,0.0,0.0,0.0,0.0,0.0,0.0,0.0,0.0,0.0,0.0,-89.0,0.0,0.0,0.0,0.0,0.0,0.0,0.0,Aula26
364,365,-94.0,-80.0,0.0,0.0,0.0,0.0,0.0,0.0,0.0,0.0,0.0,0.0,0.0,0.0,0.0,0.0,0.0,0.0,0.0,0.0,0.0,0.0,0.0,0.0,0.0,0.0,0.0,0.0,0.0,0.0,0.0,0.0,0.0,0.0,0.0,0.0,0.0,0.0,0.0,0.0,0.0,0.0,0.0,0.0,0.0,0.0,0.0,0.0,0.0,0.0,0.0,0.0,0.0,0.0,-72.0,-74.0,-81.0,-81.0,-49.0,-49.0,-59.0,-59.0,-70.0,0.0,-78.0,-78.0,0.0,0.0,0.0,0.0,0.0,0.0,0.0,0.0,0.0,0.0,0.0,0.0,0.0,0.0,0.0,0.0,0.0,0.0,0.0,0.0,0.0,0.0,0.0,0.0,0.0,0.0,0.0,0.0,0.0,0.0,0.0,0.0,0.0,0.0,0.0,0.0,0.0,0.0,0.0,0.0,0.0,0.0,0.0,Aula26
365,366,0.0,-88.0,0.0,0.0,0.0,0.0,0.0,0.0,0.0,-92.0,0.0,0.0,0.0,0.0,0.0,0.0,0.0,0.0,0.0,0.0,0.0,0.0,0.0,0.0,0.0,0.0,0.0,0.0,-80.0,0.0,-93.0,-95.0,0.0,0.0,0.0,0.0,0.0,0.0,0.0,0.0,0.0,-85.0,0.0,0.0,0.0,0.0,0.0,0.0,0.0,-89.0,0.0,0.0,-88.0,-86.0,-71.0,-72.0,-85.0,-85.0,-51.0,-51.0,-59.0,-59.0,-72.0,0.0,-77.0,-77.0,0.0,0.0,0.0,0.0,0.0,0.0,0.0,0.0,0.0,0.0,0.0,0.0,0.0,0.0,0.0,0.0,0.0,0.0,0.0,0.0,0.0,0.0,0.0,0.0,0.0,0.0,0.0,0.0,0.0,0.0,0.0,0.0,0.0,0.0,0.0,-88.0,0.0,0.0,0.0,0.0,0.0,0.0,0.0,Aula26
366,367,0.0,0.0,0.0,0.0,0.0,0.0,0.0,0.0,0.0,0.0,0.0,0.0,0.0,0.0,0.0,0.0,0.0,0.0,0.0,0.0,0.0,0.0,0.0,0.0,-88.0,0.0,0.0,0.0,0.0,0.0,0.0,0.0,0.0,0.0,0.0,0.0,0.0,0.0,0.0,0.0,0.0,0.0,0.0,0.0,0.0,0.0,0.0,0.0,0.0,0.0,0.0,0.0,0.0,-88.0,0.0,-72.0,-86.0,-86.0,-53.0,-53.0,-59.0,-59.0,-72.0,-71.0,-77.0,-77.0,0.0,0.0,0.0,0.0,0.0,0.0,0.0,0.0,0.0,0.0,0.0,0.0,0.0,0.0,0.0,0.0,0.0,0.0,0.0,0.0,0.0,0.0,0.0,0.0,0.0,0.0,0.0,0.0,0.0,0.0,0.0,0.0,0.0,0.0,0.0,0.0,0.0,0.0,0.0,0.0,0.0,0.0,0.0,Aula26
367,368,-96.0,-87.0,0.0,0.0,0.0,0.0,0.0,0.0,0.0,-95.0,0.0,0.0,0.0,0.0,0.0,0.0,0.0,0.0,0.0,0.0,0.0,0.0,0.0,0.0,0.0,0.0,0.0,0.0,-82.0,-82.0,0.0,0.0,0.0,0.0,0.0,0.0,0.0,0.0,0.0,0.0,0.0,0.0,0.0,0.0,0.0,0.0,0.0,0.0,0.0,0.0,0.0,0.0,-89.0,-87.0,-72.0,0.0,-86.0,-86.0,-55.0,-55.0,-59.0,-60.0,-71.0,-72.0,-78.0,-78.0,0.0,0.0,0.0,0.0,0.0,0.0,0.0,0.0,0.0,0.0,0.0,0.0,0.0,0.0,0.0,0.0,0.0,0.0,0.0,0.0,0.0,0.0,0.0,0.0,0.0,0.0,0.0,0.0,0.0,0.0,0.0,0.0,0.0,0.0,0.0,-85.0,0.0,0.0,0.0,0.0,0.0,0.0,0.0,Aula26
368,369,0.0,0.0,0.0,0.0,0.0,0.0,0.0,0.0,0.0,0.0,0.0,0.0,0.0,0.0,0.0,0.0,0.0,0.0,0.0,0.0,0.0,0.0,0.0,0.0,0.0,-87.0,0.0,0.0,0.0,0.0,-91.0,-91.0,0.0,0.0,0.0,0.0,0.0,0.0,0.0,0.0,0.0,0.0,0.0,0.0,0.0,0.0,0.0,0.0,0.0,0.0,-84.0,-84.0,0.0,-91.0,0.0,-70.0,-86.0,-86.0,0.0,0.0,-58.0,-58.0,-74.0,-72.0,-78.0,-78.0,0.0,0.0,0.0,0.0,0.0,0.0,0.0,0.0,0.0,0.0,0.0,0.0,0.0,0.0,0.0,0.0,0.0,0.0,0.0,0.0,0.0,0.0,0.0,0.0,0.0,0.0,0.0,0.0,0.0,0.0,0.0,0.0,0.0,0.0,0.0,0.0,0.0,0.0,0.0,0.0,0.0,0.0,0.0,Aula26
369,370,0.0,0.0,0.0,0.0,0.0,0.0,0.0,0.0,0.0,0.0,0.0,0.0,0.0,0.0,0.0,0.0,0.0,0.0,0.0,0.0,0.0,0.0,0.0,0.0,0.0,-86.0,0.0,0.0,0.0,-82.0,0.0,0.0,0.0,0.0,0.0,0.0,0.0,0.0,0.0,0.0,0.0,0.0,0.0,0.0,0.0,0.0,0.0,0.0,0.0,0.0,-83.0,-84.0,0.0,0.0,0.0,-71.0,-87.0,-87.0,0.0,0.0,-59.0,-59.0,-72.0,-72.0,-79.0,-78.0,0.0,0.0,0.0,0.0,0.0,0.0,0.0,0.0,0.0,0.0,0.0,0.0,0.0,0.0,0.0,0.0,0.0,0.0,0.0,0.0,0.0,0.0,0.0,0.0,0.0,0.0,0.0,0.0,0.0,0.0,0.0,0.0,0.0,0.0,0.0,0.0,0.0,0.0,0.0,0.0,0.0,0.0,0.0,Aula26
370,371,0.0,-84.0,0.0,0.0,0.0,0.0,0.0,0.0,0.0,-94.0,0.0,0.0,0.0,0.0,0.0,0.0,0.0,0.0,0.0,0.0,0.0,0.0,0.0,0.0,0.0,-87.0,0.0,0.0,-82.0,-82.0,0.0,0.0,0.0,0.0,0.0,0.0,0.0,0.0,0.0,0.0,0.0,0.0,0.0,0.0,0.0,0.0,0.0,0.0,0.0,-91.0,0.0,0.0,0.0,0.0,-72.0,-72.0,-85.0,-85.0,0.0,0.0,-59.0,-59.0,0.0,-71.0,-78.0,-78.0,0.0,0.0,0.0,0.0,0.0,0.0,0.0,0.0,0.0,0.0,0.0,0.0,0.0,0.0,0.0,0.0,0.0,0.0,0.0,0.0,0.0,0.0,0.0,0.0,0.0,0.0,0.0,0.0,0.0,0.0,0.0,0.0,0.0,0.0,0.0,0.0,0.0,0.0,0.0,0.0,0.0,0.0,0.0,Aula26
371,372,0.0,0.0,0.0,0.0,0.0,0.0,0.0,0.0,0.0,0.0,0.0,0.0,0.0,0.0,0.0,0.0,0.0,0.0,0.0,0.0,0.0,0.0,0.0,0.0,0.0,0.0,0.0,0.0,-81.0,-81.0,0.0,0.0,0.0,0.0,0.0,0.0,0.0,0.0,0.0,0.0,0.0,0.0,0.0,0.0,0.0,0.0,0.0,0.0,0.0,0.0,-85.0,-84.0,0.0,0.0,0.0,-72.0,-85.0,-85.0,-55.0,-55.0,-59.0,-59.0,0.0,0.0,-77.0,-77.0,0.0,0.0,0.0,0.0,0.0,0.0,-93.0,0.0,0.0,0.0,0.0,0.0,0.0,0.0,0.0,0.0,0.0,0.0,0.0,0.0,0.0,0.0,0.0,0.0,0.0,0.0,0.0,0.0,0.0,0.0,0.0,0.0,0.0,0.0,0.0,-85.0,0.0,0.0,0.0,0.0,0.0,0.0,0.0,Aula26
372,373,0.0,-87.0,0.0,0.0,0.0,0.0,0.0,0.0,0.0,0.0,0.0,0.0,0.0,0.0,0.0,0.0,0.0,0.0,0.0,0.0,0.0,0.0,0.0,0.0,0.0,-87.0,0.0,0.0,0.0,0.0,-91.0,-92.0,0.0,0.0,0.0,0.0,-92.0,0.0,0.0,0.0,0.0,0.0,0.0,0.0,0.0,0.0,0.0,0.0,0.0,0.0,-77.0,-77.0,-91.0,-91.0,-77.0,-77.0,-85.0,-85.0,-56.0,-56.0,-57.0,-57.0,-68.0,-69.0,-82.0,-81.0,0.0,0.0,0.0,0.0,0.0,0.0,0.0,0.0,0.0,0.0,0.0,0.0,0.0,0.0,0.0,0.0,0.0,0.0,0.0,0.0,0.0,0.0,0.0,0.0,0.0,0.0,0.0,0.0,0.0,0.0,0.0,0.0,0.0,0.0,0.0,0.0,0.0,0.0,0.0,0.0,0.0,0.0,0.0,Aula26
373,374,0.0,0.0,0.0,0.0,0.0,0.0,0.0,0.0,0.0,-92.0,0.0,0.0,0.0,0.0,0.0,0.0,0.0,0.0,0.0,0.0,0.0,0.0,0.0,0.0,0.0,0.0,0.0,0.0,-85.0,-86.0,0.0,-88.0,0.0,0.0,0.0,0.0,0.0,0.0,0.0,0.0,-85.0,-85.0,0.0,0.0,0.0,0.0,0.0,0.0,0.0,0.0,-77.0,-78.0,0.0,0.0,-74.0,0.0,-85.0,-85.0,-54.0,-55.0,-56.0,-56.0,-71.0,0.0,-75.0,-75.0,0.0,0.0,0.0,0.0,0.0,0.0,0.0,0.0,0.0,0.0,0.0,0.0,0.0,0.0,0.0,0.0,0.0,0.0,0.0,0.0,0.0,-91.0,0.0,0.0,0.0,0.0,0.0,0.0,0.0,0.0,0.0,0.0,0.0,0.0,0.0,0.0,0.0,0.0,0.0,0.0,0.0,0.0,0.0,Aula26
374,375,0.0,0.0,0.0,0.0,0.0,0.0,0.0,0.0,0.0,0.0,0.0,0.0,0.0,0.0,0.0,0.0,0.0,0.0,0.0,0.0,0.0,0.0,0.0,0.0,0.0,0.0,0.0,0.0,0.0,0.0,-91.0,-90.0,0.0,0.0,0.0,0.0,0.0,0.0,0.0,0.0,0.0,0.0,0.0,0.0,0.0,0.0,0.0,0.0,0.0,0.0,-79.0,-79.0,-91.0,-92.0,0.0,-74.0,-85.0,-85.0,-54.0,-54.0,-56.0,-56.0,-71.0,-71.0,-79.0,-79.0,0.0,0.0,0.0,0.0,0.0,0.0,0.0,0.0,0.0,0.0,0.0,0.0,0.0,0.0,0.0,0.0,0.0,0.0,0.0,0.0,0.0,0.0,0.0,0.0,-93.0,0.0,0.0,0.0,0.0,0.0,0.0,0.0,0.0,0.0,0.0,0.0,0.0,0.0,0.0,0.0,0.0,0.0,0.0,Aula26
375,376,0.0,0.0,0.0,0.0,0.0,0.0,0.0,0.0,0.0,0.0,0.0,0.0,0.0,0.0,0.0,0.0,0.0,0.0,0.0,0.0,0.0,0.0,0.0,0.0,0.0,0.0,0.0,0.0,0.0,0.0,-91.0,-89.0,0.0,0.0,0.0,0.0,-90.0,0.0,0.0,0.0,0.0,0.0,0.0,0.0,0.0,0.0,0.0,0.0,0.0,0.0,0.0,-79.0,-91.0,-91.0,-74.0,-74.0,-86.0,-86.0,-54.0,-56.0,-56.0,-57.0,-71.0,-71.0,-78.0,-78.0,0.0,0.0,0.0,0.0,0.0,0.0,0.0,0.0,0.0,0.0,0.0,0.0,0.0,0.0,0.0,0.0,0.0,0.0,0.0,0.0,0.0,0.0,0.0,0.0,0.0,0.0,0.0,0.0,0.0,0.0,0.0,0.0,0.0,0.0,0.0,0.0,0.0,0.0,0.0,0.0,0.0,0.0,0.0,Aula26
376,377,0.0,0.0,0.0,0.0,0.0,0.0,0.0,0.0,0.0,-92.0,0.0,0.0,0.0,0.0,0.0,0.0,0.0,0.0,0.0,0.0,0.0,0.0,0.0,0.0,0.0,0.0,0.0,0.0,-82.0,0.0,0.0,0.0,0.0,0.0,0.0,0.0,0.0,0.0,0.0,0.0,0.0,0.0,0.0,0.0,0.0,0.0,0.0,0.0,0.0,0.0,-80.0,0.0,0.0,0.0,0.0,-73.0,-91.0,-91.0,-54.0,-55.0,-58.0,-58.0,0.0,-70.0,0.0,-78.0,0.0,0.0,0.0,0.0,0.0,0.0,-90.0,0.0,0.0,0.0,0.0,0.0,0.0,0.0,0.0,0.0,0.0,0.0,0.0,0.0,0.0,0.0,0.0,0.0,0.0,0.0,0.0,0.0,0.0,0.0,0.0,0.0,0.0,0.0,0.0,0.0,0.0,0.0,0.0,0.0,0.0,0.0,0.0,Aula26
377,378,0.0,0.0,0.0,0.0,0.0,0.0,0.0,0.0,0.0,-92.0,0.0,0.0,0.0,0.0,0.0,0.0,0.0,0.0,0.0,0.0,0.0,0.0,0.0,0.0,-89.0,0.0,0.0,0.0,-82.0,-85.0,0.0,0.0,0.0,0.0,0.0,0.0,0.0,0.0,0.0,0.0,0.0,0.0,0.0,0.0,0.0,0.0,0.0,0.0,0.0,0.0,0.0,0.0,0.0,-89.0,-74.0,0.0,-88.0,-89.0,-54.0,-54.0,-58.0,-58.0,-71.0,-71.0,-78.0,-78.0,0.0,0.0,0.0,0.0,0.0,0.0,0.0,0.0,0.0,0.0,0.0,0.0,0.0,0.0,0.0,0.0,0.0,0.0,0.0,0.0,0.0,0.0,0.0,0.0,0.0,0.0,0.0,0.0,0.0,0.0,0.0,0.0,0.0,0.0,0.0,0.0,0.0,0.0,0.0,0.0,0.0,0.0,0.0,Aula26
378,379,0.0,-86.0,0.0,0.0,0.0,0.0,0.0,0.0,0.0,0.0,0.0,0.0,0.0,0.0,0.0,0.0,0.0,0.0,0.0,0.0,0.0,0.0,0.0,0.0,-87.0,0.0,0.0,0.0,0.0,0.0,0.0,0.0,0.0,0.0,0.0,0.0,0.0,0.0,0.0,0.0,0.0,0.0,0.0,0.0,0.0,0.0,0.0,0.0,0.0,0.0,-80.0,0.0,-91.0,0.0,-74.0,0.0,-87.0,-87.0,-55.0,-54.0,-58.0,-58.0,-71.0,-71.0,-78.0,-79.0,0.0,0.0,0.0,0.0,0.0,0.0,0.0,0.0,0.0,0.0,0.0,0.0,0.0,0.0,0.0,0.0,0.0,0.0,0.0,0.0,0.0,0.0,0.0,0.0,0.0,0.0,0.0,0.0,0.0,0.0,0.0,0.0,0.0,0.0,0.0,0.0,0.0,0.0,0.0,0.0,0.0,0.0,0.0,Aula26
379,380,0.0,0.0,0.0,0.0,0.0,0.0,0.0,0.0,0.0,0.0,0.0,0.0,0.0,0.0,0.0,0.0,0.0,0.0,0.0,0.0,0.0,0.0,0.0,0.0,0.0,0.0,0.0,0.0,0.0,0.0,-90.0,0.0,0.0,0.0,0.0,0.0,0.0,0.0,0.0,0.0,0.0,0.0,0.0,0.0,0.0,0.0,0.0,0.0,0.0,0.0,0.0,0.0,0.0,-94.0,0.0,0.0,-87.0,-87.0,-54.0,-54.0,-57.0,-57.0,0.0,0.0,-78.0,-78.0,0.0,0.0,0.0,0.0,0.0,0.0,0.0,0.0,0.0,0.0,0.0,0.0,0.0,0.0,0.0,0.0,0.0,0.0,0.0,0.0,0.0,0.0,0.0,0.0,-91.0,0.0,0.0,0.0,0.0,0.0,0.0,0.0,0.0,0.0,0.0,0.0,0.0,0.0,0.0,0.0,0.0,0.0,0.0,Aula26
380,381,0.0,0.0,0.0,0.0,0.0,0.0,0.0,0.0,-68.0,-62.0,0.0,-72.0,0.0,-74.0,-73.0,0.0,-75.0,0.0,0.0,0.0,0.0,0.0,0.0,0.0,-64.0,-63.0,-79.0,-78.0,-71.0,0.0,-76.0,-75.0,0.0,-68.0,-80.0,-80.0,0.0,0.0,0.0,0.0,0.0,0.0,-88.0,-88.0,0.0,0.0,0.0,0.0,0.0,0.0,0.0,0.0,0.0,0.0,0.0,0.0,0.0,0.0,-86.0,-86.0,0.0,0.0,0.0,0.0,-94.0,-92.0,0.0,0.0,0.0,0.0,0.0,0.0,0.0,0.0,0.0,0.0,0.0,0.0,0.0,0.0,0.0,0.0,0.0,0.0,0.0,0.0,0.0,0.0,0.0,0.0,0.0,0.0,0.0,0.0,0.0,0.0,0.0,0.0,0.0,0.0,0.0,0.0,0.0,0.0,-87.0,0.0,0.0,0.0,0.0,Aula20
381,382,0.0,0.0,0.0,0.0,0.0,0.0,0.0,0.0,-67.0,-62.0,0.0,-71.0,0.0,-72.0,-72.0,-76.0,-76.0,0.0,0.0,0.0,0.0,0.0,0.0,0.0,-64.0,-64.0,-79.0,-79.0,-69.0,-68.0,-74.0,-74.0,-73.0,-73.0,-76.0,-77.0,0.0,0.0,0.0,0.0,-78.0,-79.0,-85.0,-86.0,-87.0,-88.0,0.0,0.0,0.0,0.0,0.0,0.0,0.0,0.0,0.0,0.0,0.0,0.0,0.0,-86.0,0.0,0.0,0.0,0.0,0.0,0.0,0.0,0.0,0.0,0.0,0.0,0.0,0.0,0.0,0.0,0.0,0.0,0.0,0.0,0.0,0.0,0.0,0.0,0.0,0.0,0.0,0.0,0.0,0.0,0.0,0.0,0.0,0.0,0.0,0.0,0.0,0.0,0.0,0.0,0.0,0.0,-81.0,0.0,0.0,0.0,0.0,0.0,0.0,0.0,Aula20
382,383,0.0,-73.0,0.0,0.0,0.0,0.0,0.0,0.0,-76.0,-63.0,0.0,0.0,-68.0,-73.0,-73.0,-84.0,-84.0,0.0,0.0,0.0,0.0,-85.0,0.0,0.0,-64.0,-63.0,-77.0,-78.0,-76.0,-76.0,-78.0,-79.0,-73.0,-72.0,-83.0,-83.0,0.0,0.0,0.0,0.0,-77.0,-77.0,-91.0,-91.0,0.0,0.0,0.0,0.0,0.0,0.0,0.0,0.0,0.0,0.0,0.0,0.0,0.0,0.0,0.0,-80.0,-94.0,-92.0,0.0,0.0,0.0,0.0,0.0,0.0,0.0,0.0,0.0,0.0,0.0,0.0,0.0,0.0,0.0,0.0,0.0,0.0,0.0,0.0,0.0,0.0,0.0,0.0,0.0,0.0,0.0,0.0,0.0,0.0,0.0,0.0,0.0,0.0,0.0,0.0,0.0,0.0,0.0,0.0,0.0,0.0,0.0,0.0,0.0,0.0,0.0,Aula20
383,384,0.0,0.0,0.0,0.0,0.0,0.0,0.0,0.0,-74.0,-64.0,0.0,0.0,0.0,-75.0,-75.0,-82.0,-81.0,0.0,0.0,0.0,-82.0,-82.0,0.0,0.0,-68.0,-70.0,-80.0,-80.0,0.0,-77.0,-68.0,-68.0,-69.0,-69.0,0.0,-81.0,0.0,0.0,-96.0,-96.0,0.0,0.0,-89.0,-89.0,0.0,-80.0,0.0,0.0,0.0,0.0,0.0,0.0,0.0,0.0,0.0,0.0,0.0,0.0,0.0,-80.0,0.0,-92.0,0.0,0.0,0.0,0.0,0.0,0.0,-82.0,0.0,0.0,0.0,0.0,-91.0,-92.0,0.0,0.0,0.0,0.0,0.0,0.0,0.0,0.0,0.0,0.0,0.0,0.0,0.0,0.0,0.0,0.0,0.0,0.0,0.0,0.0,0.0,0.0,0.0,0.0,0.0,0.0,0.0,-91.0,0.0,-86.0,0.0,0.0,0.0,0.0,Aula20
384,385,0.0,-81.0,0.0,0.0,0.0,0.0,0.0,0.0,-69.0,-56.0,0.0,0.0,0.0,-71.0,-71.0,0.0,0.0,0.0,0.0,0.0,0.0,-86.0,0.0,-95.0,-58.0,-58.0,-74.0,-74.0,-73.0,-73.0,-72.0,-72.0,-64.0,-65.0,-76.0,-77.0,0.0,0.0,0.0,-93.0,-79.0,-80.0,-89.0,-90.0,-79.0,0.0,0.0,0.0,0.0,0.0,0.0,0.0,0.0,0.0,0.0,0.0,0.0,0.0,0.0,-82.0,-91.0,-91.0,0.0,0.0,0.0,0.0,0.0,0.0,0.0,0.0,-86.0,0.0,0.0,0.0,0.0,0.0,0.0,0.0,0.0,0.0,0.0,0.0,0.0,-85.0,0.0,0.0,0.0,0.0,0.0,0.0,0.0,0.0,0.0,0.0,0.0,0.0,0.0,0.0,0.0,0.0,0.0,0.0,0.0,0.0,-85.0,0.0,0.0,0.0,0.0,Aula20
385,386,0.0,-80.0,0.0,0.0,0.0,0.0,0.0,0.0,-69.0,-56.0,0.0,0.0,0.0,-70.0,-70.0,0.0,0.0,0.0,0.0,0.0,-80.0,-80.0,0.0,0.0,-60.0,-60.0,-76.0,-76.0,0.0,0.0,-72.0,-72.0,0.0,0.0,-76.0,-76.0,0.0,0.0,-94.0,-91.0,0.0,0.0,0.0,-91.0,-77.0,-79.0,0.0,0.0,0.0,0.0,0.0,0.0,0.0,0.0,0.0,0.0,0.0,0.0,0.0,0.0,0.0,0.0,0.0,0.0,0.0,0.0,0.0,0.0,0.0,0.0,0.0,0.0,0.0,0.0,0.0,0.0,0.0,0.0,0.0,0.0,0.0,0.0,0.0,0.0,0.0,0.0,0.0,0.0,0.0,0.0,-87.0,0.0,0.0,0.0,0.0,0.0,0.0,0.0,0.0,0.0,0.0,0.0,0.0,0.0,-86.0,0.0,0.0,0.0,0.0,Aula20
386,387,0.0,0.0,0.0,0.0,0.0,0.0,0.0,0.0,-70.0,-55.0,0.0,0.0,0.0,-70.0,-70.0,-80.0,-80.0,0.0,0.0,0.0,0.0,-80.0,0.0,0.0,-62.0,-62.0,-75.0,-75.0,0.0,-77.0,-70.0,-70.0,-66.0,0.0,-75.0,-75.0,-86.0,0.0,-94.0,-94.0,0.0,0.0,-89.0,0.0,-78.0,0.0,0.0,0.0,0.0,0.0,0.0,0.0,0.0,0.0,0.0,0.0,0.0,0.0,0.0,0.0,-92.0,-91.0,0.0,0.0,0.0,0.0,-94.0,0.0,0.0,0.0,0.0,0.0,0.0,0.0,0.0,0.0,0.0,0.0,0.0,0.0,0.0,0.0,0.0,-84.0,0.0,0.0,0.0,0.0,0.0,0.0,0.0,0.0,0.0,0.0,0.0,0.0,0.0,0.0,0.0,0.0,0.0,0.0,0.0,0.0,-87.0,0.0,0.0,0.0,0.0,Aula20
387,388,0.0,0.0,0.0,0.0,0.0,0.0,0.0,0.0,-70.0,-55.0,0.0,-70.0,-69.0,-70.0,-70.0,0.0,0.0,0.0,0.0,0.0,-78.0,-81.0,0.0,0.0,-59.0,-59.0,-75.0,-75.0,0.0,-76.0,-70.0,-70.0,-64.0,-64.0,-74.0,-75.0,0.0,0.0,0.0,0.0,0.0,0.0,-86.0,-86.0,-79.0,-77.0,0.0,0.0,0.0,0.0,0.0,0.0,0.0,0.0,0.0,0.0,0.0,0.0,-84.0,0.0,0.0,0.0,0.0,0.0,0.0,0.0,0.0,0.0,0.0,0.0,-91.0,0.0,0.0,0.0,0.0,0.0,0.0,0.0,0.0,0.0,0.0,0.0,0.0,-84.0,0.0,0.0,0.0,0.0,0.0,0.0,-85.0,0.0,0.0,0.0,0.0,0.0,0.0,0.0,0.0,0.0,0.0,-87.0,0.0,0.0,0.0,0.0,0.0,0.0,0.0,Aula20
388,389,0.0,-77.0,0.0,0.0,0.0,0.0,0.0,0.0,-71.0,-56.0,0.0,-69.0,0.0,-69.0,-69.0,-81.0,-78.0,0.0,0.0,0.0,0.0,-82.0,0.0,0.0,-60.0,-61.0,-71.0,-72.0,-74.0,-74.0,-76.0,-75.0,-67.0,-66.0,-71.0,-71.0,-85.0,-85.0,0.0,0.0,0.0,0.0,-88.0,-87.0,-80.0,-80.0,0.0,0.0,0.0,0.0,0.0,0.0,0.0,0.0,0.0,0.0,0.0,0.0,-84.0,0.0,-91.0,-92.0,0.0,0.0,0.0,0.0,0.0,0.0,0.0,0.0,0.0,0.0,0.0,0.0,0.0,0.0,0.0,0.0,0.0,0.0,0.0,0.0,0.0,-84.0,0.0,0.0,0.0,0.0,0.0,0.0,0.0,0.0,0.0,0.0,0.0,0.0,0.0,0.0,0.0,0.0,0.0,0.0,0.0,0.0,0.0,0.0,0.0,0.0,0.0,Aula20
389,390,0.0,0.0,0.0,0.0,0.0,0.0,0.0,0.0,-70.0,-55.0,0.0,0.0,0.0,-73.0,-73.0,-76.0,-77.0,0.0,0.0,0.0,0.0,0.0,0.0,0.0,-61.0,-61.0,-72.0,-71.0,0.0,-72.0,-69.0,-70.0,-61.0,-61.0,-76.0,-77.0,0.0,0.0,0.0,0.0,0.0,0.0,-86.0,-86.0,0.0,-82.0,0.0,0.0,0.0,0.0,0.0,0.0,0.0,0.0,0.0,0.0,0.0,0.0,-80.0,-81.0,-91.0,-89.0,0.0,0.0,0.0,0.0,0.0,0.0,0.0,0.0,0.0,0.0,0.0,0.0,0.0,0.0,0.0,0.0,0.0,0.0,0.0,0.0,0.0,-85.0,0.0,0.0,0.0,-87.0,0.0,0.0,0.0,0.0,0.0,0.0,0.0,0.0,0.0,0.0,0.0,0.0,0.0,0.0,0.0,0.0,0.0,0.0,0.0,0.0,0.0,Aula20
390,391,0.0,0.0,0.0,0.0,0.0,0.0,0.0,0.0,-71.0,0.0,0.0,0.0,0.0,-72.0,0.0,0.0,0.0,0.0,0.0,0.0,-84.0,-84.0,0.0,0.0,-60.0,-60.0,-72.0,-72.0,0.0,-71.0,-72.0,-72.0,-62.0,-62.0,-75.0,-75.0,0.0,0.0,0.0,0.0,0.0,0.0,-85.0,-85.0,0.0,-80.0,0.0,0.0,0.0,0.0,0.0,0.0,0.0,0.0,0.0,0.0,0.0,0.0,0.0,0.0,0.0,-91.0,0.0,0.0,-94.0,-92.0,0.0,0.0,0.0,0.0,0.0,0.0,0.0,0.0,0.0,0.0,0.0,0.0,0.0,0.0,0.0,0.0,0.0,-85.0,0.0,0.0,0.0,0.0,0.0,0.0,0.0,0.0,0.0,0.0,0.0,0.0,0.0,0.0,0.0,0.0,0.0,0.0,0.0,0.0,0.0,0.0,0.0,0.0,0.0,Aula20
391,392,0.0,0.0,0.0,0.0,0.0,0.0,0.0,0.0,-71.0,-56.0,0.0,-66.0,0.0,-72.0,-72.0,-79.0,-78.0,0.0,0.0,0.0,0.0,-82.0,0.0,0.0,0.0,-60.0,-72.0,-72.0,0.0,0.0,-72.0,-72.0,-61.0,-62.0,-76.0,-76.0,0.0,0.0,0.0,0.0,-76.0,0.0,-86.0,-86.0,-81.0,-82.0,0.0,0.0,0.0,0.0,0.0,0.0,0.0,0.0,0.0,0.0,0.0,0.0,-81.0,-81.0,-94.0,-94.0,0.0,0.0,-92.0,-93.0,0.0,0.0,-88.0,0.0,0.0,0.0,0.0,0.0,0.0,0.0,0.0,0.0,0.0,0.0,0.0,0.0,0.0,-84.0,0.0,0.0,0.0,0.0,0.0,0.0,0.0,0.0,0.0,0.0,0.0,0.0,0.0,0.0,0.0,0.0,0.0,0.0,0.0,0.0,0.0,0.0,0.0,0.0,0.0,Aula20
392,393,0.0,0.0,0.0,0.0,0.0,0.0,0.0,0.0,-72.0,-56.0,0.0,-66.0,-65.0,-72.0,-72.0,0.0,0.0,0.0,0.0,0.0,0.0,0.0,0.0,0.0,0.0,-61.0,-71.0,-72.0,-73.0,-73.0,-72.0,-73.0,-63.0,-62.0,-78.0,-77.0,0.0,0.0,0.0,0.0,0.0,0.0,-87.0,-86.0,0.0,-82.0,0.0,0.0,0.0,0.0,0.0,0.0,0.0,0.0,0.0,0.0,0.0,0.0,0.0,0.0,-92.0,0.0,0.0,0.0,0.0,0.0,0.0,0.0,0.0,0.0,0.0,0.0,0.0,0.0,0.0,0.0,0.0,0.0,-77.0,0.0,0.0,0.0,0.0,-84.0,0.0,0.0,0.0,0.0,0.0,0.0,-86.0,0.0,0.0,0.0,0.0,0.0,0.0,0.0,0.0,0.0,0.0,0.0,0.0,0.0,-87.0,0.0,0.0,0.0,0.0,Aula20
393,394,0.0,-80.0,0.0,0.0,0.0,0.0,0.0,0.0,-72.0,-57.0,0.0,0.0,0.0,-73.0,-73.0,0.0,0.0,0.0,0.0,0.0,-80.0,-81.0,0.0,0.0,-60.0,-60.0,-73.0,-73.0,0.0,-72.0,-71.0,-72.0,-63.0,-63.0,-78.0,-78.0,0.0,0.0,-96.0,-96.0,0.0,0.0,-86.0,0.0,-81.0,-81.0,0.0,0.0,0.0,0.0,0.0,0.0,0.0,0.0,0.0,0.0,0.0,0.0,0.0,0.0,0.0,0.0,0.0,0.0,-92.0,-91.0,0.0,0.0,-86.0,0.0,0.0,0.0,0.0,0.0,0.0,0.0,0.0,0.0,0.0,0.0,0.0,0.0,0.0,-85.0,0.0,0.0,0.0,0.0,0.0,0.0,-86.0,0.0,0.0,0.0,0.0,0.0,0.0,0.0,0.0,0.0,0.0,0.0,0.0,0.0,-86.0,0.0,0.0,0.0,0.0,Aula20
394,395,0.0,-79.0,0.0,0.0,0.0,0.0,0.0,0.0,-72.0,-56.0,0.0,0.0,-67.0,-72.0,-72.0,-77.0,-77.0,0.0,0.0,0.0,0.0,-80.0,0.0,0.0,-59.0,-59.0,-73.0,-74.0,-72.0,-72.0,-72.0,-72.0,-62.0,-62.0,-77.0,-76.0,0.0,0.0,-96.0,-96.0,0.0,0.0,-89.0,0.0,0.0,-80.0,0.0,0.0,0.0,0.0,0.0,0.0,0.0,0.0,0.0,0.0,0.0,0.0,0.0,0.0,-94.0,0.0,0.0,0.0,-91.0,-92.0,0.0,0.0,-86.0,0.0,0.0,0.0,0.0,0.0,0.0,0.0,0.0,0.0,0.0,0.0,0.0,0.0,0.0,0.0,0.0,0.0,0.0,0.0,0.0,0.0,0.0,0.0,0.0,0.0,0.0,0.0,0.0,0.0,0.0,0.0,0.0,0.0,0.0,0.0,0.0,0.0,0.0,0.0,0.0,Aula20
395,396,0.0,-79.0,0.0,0.0,0.0,0.0,0.0,0.0,-71.0,-56.0,0.0,0.0,0.0,-74.0,-74.0,0.0,0.0,0.0,0.0,0.0,0.0,-79.0,0.0,0.0,-61.0,-61.0,-74.0,-73.0,0.0,-73.0,-72.0,-72.0,-63.0,-63.0,-77.0,-77.0,0.0,0.0,0.0,0.0,0.0,0.0,-88.0,-87.0,0.0,-82.0,0.0,0.0,0.0,0.0,0.0,0.0,0.0,0.0,0.0,0.0,0.0,0.0,0.0,0.0,0.0,0.0,0.0,0.0,0.0,0.0,0.0,0.0,0.0,0.0,0.0,0.0,0.0,0.0,0.0,0.0,0.0,0.0,-80.0,0.0,0.0,0.0,0.0,-85.0,0.0,0.0,0.0,0.0,0.0,0.0,-87.0,0.0,0.0,0.0,0.0,0.0,0.0,0.0,0.0,0.0,0.0,0.0,0.0,0.0,0.0,0.0,0.0,0.0,0.0,Aula20
396,397,0.0,0.0,0.0,0.0,0.0,0.0,0.0,0.0,-71.0,-56.0,0.0,0.0,0.0,-73.0,-73.0,-77.0,0.0,0.0,0.0,0.0,0.0,-78.0,-96.0,0.0,-60.0,-59.0,-74.0,-74.0,0.0,-74.0,-72.0,-71.0,-62.0,-62.0,-75.0,-75.0,0.0,0.0,-94.0,-94.0,0.0,0.0,-88.0,-87.0,-80.0,0.0,0.0,0.0,0.0,0.0,0.0,0.0,0.0,0.0,0.0,0.0,0.0,0.0,0.0,-82.0,0.0,0.0,0.0,0.0,0.0,-93.0,0.0,0.0,0.0,0.0,0.0,0.0,0.0,0.0,0.0,0.0,0.0,0.0,0.0,0.0,0.0,0.0,0.0,-85.0,0.0,0.0,0.0,0.0,0.0,0.0,-86.0,0.0,0.0,0.0,0.0,0.0,0.0,0.0,0.0,0.0,0.0,0.0,0.0,0.0,0.0,0.0,0.0,0.0,0.0,Aula20
397,398,0.0,-80.0,0.0,0.0,0.0,0.0,0.0,0.0,-70.0,-56.0,0.0,0.0,-67.0,-73.0,-73.0,-77.0,-77.0,0.0,0.0,0.0,-79.0,-79.0,0.0,0.0,-59.0,-60.0,-75.0,-74.0,0.0,0.0,-72.0,-71.0,-62.0,-62.0,0.0,0.0,-84.0,0.0,0.0,-96.0,0.0,0.0,-87.0,-86.0,-82.0,-82.0,0.0,0.0,0.0,0.0,0.0,0.0,0.0,0.0,0.0,0.0,0.0,0.0,-82.0,-81.0,0.0,0.0,0.0,0.0,-91.0,-92.0,0.0,0.0,0.0,0.0,0.0,0.0,0.0,0.0,0.0,0.0,0.0,0.0,0.0,0.0,0.0,0.0,0.0,-85.0,0.0,0.0,0.0,0.0,0.0,0.0,0.0,0.0,0.0,0.0,0.0,0.0,0.0,0.0,0.0,0.0,0.0,0.0,0.0,0.0,0.0,0.0,0.0,0.0,0.0,Aula20
398,399,0.0,0.0,0.0,0.0,0.0,0.0,0.0,0.0,-70.0,0.0,0.0,0.0,0.0,-74.0,-74.0,0.0,0.0,0.0,0.0,0.0,0.0,0.0,0.0,0.0,-60.0,-60.0,-76.0,-75.0,-74.0,-74.0,-71.0,-72.0,-62.0,-62.0,-75.0,-75.0,-87.0,0.0,0.0,0.0,0.0,0.0,-87.0,-87.0,0.0,0.0,0.0,0.0,0.0,0.0,0.0,0.0,0.0,0.0,0.0,0.0,0.0,0.0,0.0,-82.0,-94.0,-94.0,0.0,0.0,0.0,0.0,0.0,0.0,0.0,0.0,0.0,0.0,0.0,0.0,0.0,0.0,0.0,0.0,-75.0,0.0,0.0,0.0,0.0,-85.0,0.0,0.0,0.0,0.0,0.0,0.0,0.0,0.0,0.0,0.0,0.0,0.0,0.0,0.0,0.0,0.0,0.0,0.0,0.0,0.0,0.0,0.0,0.0,0.0,0.0,Aula20
399,400,0.0,0.0,0.0,0.0,0.0,0.0,0.0,0.0,-70.0,-56.0,0.0,-66.0,-66.0,-74.0,-73.0,-77.0,-77.0,0.0,0.0,0.0,-79.0,-79.0,0.0,0.0,-62.0,-62.0,-74.0,-74.0,-74.0,-74.0,-71.0,-72.0,-63.0,-63.0,-77.0,-77.0,0.0,0.0,0.0,-94.0,-75.0,-76.0,-88.0,-89.0,-82.0,-82.0,0.0,0.0,0.0,0.0,0.0,0.0,0.0,0.0,0.0,0.0,0.0,0.0,-82.0,-82.0,-95.0,0.0,0.0,0.0,0.0,0.0,0.0,0.0,-87.0,0.0,0.0,0.0,0.0,0.0,0.0,0.0,0.0,0.0,0.0,0.0,0.0,0.0,0.0,0.0,0.0,0.0,0.0,0.0,0.0,0.0,0.0,0.0,0.0,0.0,0.0,0.0,0.0,0.0,0.0,0.0,0.0,0.0,0.0,0.0,0.0,0.0,0.0,0.0,0.0,Aula20
400,401,0.0,-80.0,0.0,0.0,0.0,0.0,0.0,0.0,-70.0,-56.0,0.0,0.0,0.0,-74.0,-75.0,0.0,0.0,0.0,0.0,0.0,-80.0,-80.0,0.0,0.0,0.0,-60.0,-75.0,-76.0,-73.0,-73.0,-72.0,-72.0,-62.0,-62.0,-75.0,-75.0,0.0,0.0,0.0,0.0,-76.0,-76.0,-87.0,-87.0,0.0,0.0,0.0,0.0,0.0,0.0,0.0,0.0,0.0,0.0,0.0,0.0,0.0,0.0,0.0,0.0,0.0,0.0,0.0,0.0,0.0,0.0,0.0,0.0,0.0,0.0,0.0,0.0,0.0,0.0,0.0,0.0,0.0,0.0,0.0,0.0,0.0,0.0,0.0,-85.0,0.0,0.0,0.0,0.0,0.0,0.0,0.0,0.0,0.0,0.0,0.0,0.0,0.0,0.0,0.0,0.0,0.0,0.0,0.0,0.0,0.0,0.0,0.0,0.0,0.0,Aula20
401,402,0.0,0.0,0.0,0.0,0.0,0.0,0.0,0.0,-71.0,-56.0,0.0,0.0,0.0,-73.0,-73.0,-77.0,-77.0,0.0,0.0,0.0,-80.0,-80.0,0.0,0.0,-61.0,-61.0,-77.0,-78.0,-73.0,0.0,-71.0,-71.0,-62.0,-62.0,0.0,0.0,0.0,0.0,0.0,0.0,-76.0,-76.0,0.0,0.0,-83.0,-79.0,0.0,0.0,0.0,0.0,0.0,0.0,0.0,0.0,0.0,0.0,0.0,0.0,-81.0,-81.0,0.0,0.0,0.0,0.0,-91.0,-91.0,0.0,0.0,-89.0,0.0,-91.0,0.0,0.0,0.0,0.0,0.0,0.0,0.0,0.0,0.0,0.0,0.0,0.0,-85.0,0.0,0.0,0.0,0.0,0.0,0.0,0.0,0.0,0.0,0.0,0.0,0.0,0.0,0.0,0.0,0.0,0.0,-84.0,0.0,0.0,0.0,0.0,0.0,0.0,0.0,Aula20
402,403,0.0,-84.0,0.0,0.0,0.0,0.0,0.0,0.0,-71.0,-55.0,0.0,-66.0,-66.0,-70.0,-70.0,-76.0,-77.0,0.0,0.0,0.0,0.0,-80.0,0.0,0.0,-61.0,0.0,0.0,0.0,0.0,0.0,-72.0,-72.0,-62.0,-62.0,-72.0,-72.0,0.0,0.0,0.0,0.0,0.0,0.0,-88.0,-88.0,0.0,0.0,0.0,0.0,0.0,0.0,0.0,0.0,0.0,0.0,0.0,0.0,0.0,0.0,-80.0,-81.0,0.0,-94.0,0.0,0.0,-92.0,-92.0,0.0,0.0,0.0,0.0,-87.0,0.0,0.0,0.0,0.0,0.0,0.0,0.0,0.0,0.0,0.0,0.0,0.0,-85.0,0.0,0.0,0.0,0.0,0.0,0.0,0.0,0.0,0.0,0.0,0.0,0.0,0.0,0.0,0.0,0.0,0.0,-83.0,0.0,0.0,0.0,0.0,0.0,0.0,0.0,Aula20
403,404,0.0,0.0,0.0,0.0,0.0,0.0,0.0,0.0,-71.0,-55.0,0.0,0.0,0.0,-71.0,-71.0,0.0,0.0,0.0,0.0,0.0,-82.0,-81.0,0.0,0.0,-61.0,-62.0,-78.0,-78.0,0.0,-74.0,-72.0,-72.0,-62.0,0.0,-73.0,-73.0,0.0,0.0,0.0,0.0,0.0,0.0,-89.0,-89.0,0.0,0.0,0.0,0.0,0.0,0.0,0.0,0.0,0.0,0.0,0.0,0.0,0.0,0.0,0.0,0.0,0.0,0.0,0.0,0.0,0.0,0.0,0.0,0.0,0.0,0.0,-87.0,0.0,0.0,0.0,0.0,0.0,0.0,0.0,0.0,0.0,0.0,0.0,0.0,-85.0,0.0,0.0,0.0,0.0,0.0,0.0,0.0,0.0,0.0,0.0,0.0,0.0,0.0,0.0,0.0,0.0,0.0,0.0,0.0,0.0,0.0,0.0,0.0,0.0,0.0,Aula20
404,405,0.0,0.0,0.0,0.0,0.0,0.0,0.0,0.0,-72.0,-56.0,0.0,0.0,0.0,-71.0,-71.0,0.0,0.0,0.0,0.0,0.0,0.0,-81.0,0.0,0.0,-61.0,-61.0,-78.0,-78.0,0.0,-73.0,-72.0,-72.0,-62.0,-62.0,-73.0,-73.0,0.0,0.0,0.0,0.0,0.0,0.0,-87.0,-87.0,0.0,0.0,0.0,0.0,0.0,0.0,0.0,0.0,0.0,0.0,0.0,0.0,0.0,0.0,0.0,0.0,0.0,0.0,0.0,0.0,0.0,0.0,0.0,0.0,0.0,0.0,0.0,0.0,0.0,0.0,0.0,0.0,0.0,0.0,-77.0,0.0,0.0,0.0,0.0,-83.0,0.0,0.0,0.0,0.0,0.0,0.0,0.0,0.0,0.0,0.0,0.0,0.0,0.0,0.0,0.0,0.0,0.0,-82.0,0.0,0.0,0.0,0.0,0.0,0.0,0.0,Aula20
405,406,0.0,0.0,0.0,0.0,0.0,0.0,0.0,0.0,-71.0,-56.0,0.0,0.0,0.0,-72.0,-72.0,-77.0,0.0,0.0,0.0,0.0,0.0,-79.0,-96.0,0.0,0.0,-62.0,-76.0,-76.0,-75.0,-74.0,-71.0,-71.0,-63.0,-63.0,-74.0,-74.0,-87.0,-87.0,0.0,0.0,0.0,0.0,-88.0,-88.0,-82.0,-82.0,0.0,0.0,0.0,0.0,0.0,0.0,0.0,0.0,0.0,0.0,0.0,0.0,0.0,0.0,0.0,0.0,0.0,0.0,0.0,0.0,0.0,0.0,0.0,0.0,0.0,0.0,0.0,0.0,0.0,0.0,0.0,0.0,0.0,0.0,0.0,0.0,0.0,-86.0,0.0,0.0,0.0,0.0,0.0,0.0,0.0,0.0,0.0,0.0,0.0,0.0,0.0,0.0,0.0,0.0,0.0,0.0,0.0,0.0,0.0,0.0,0.0,0.0,0.0,Aula20
406,407,0.0,0.0,0.0,0.0,0.0,0.0,0.0,0.0,-70.0,-55.0,0.0,0.0,0.0,-71.0,-71.0,-77.0,-77.0,0.0,0.0,0.0,-80.0,0.0,0.0,0.0,-61.0,-61.0,-78.0,-78.0,0.0,0.0,-71.0,-71.0,-62.0,-62.0,-73.0,-73.0,0.0,0.0,0.0,0.0,-76.0,0.0,-87.0,-87.0,0.0,0.0,-96.0,0.0,0.0,0.0,0.0,0.0,0.0,0.0,0.0,0.0,0.0,0.0,0.0,-81.0,-94.0,-95.0,0.0,0.0,0.0,0.0,0.0,0.0,0.0,0.0,0.0,0.0,0.0,0.0,0.0,0.0,0.0,0.0,0.0,0.0,0.0,0.0,0.0,-86.0,0.0,0.0,0.0,0.0,0.0,0.0,0.0,0.0,0.0,0.0,0.0,0.0,0.0,0.0,0.0,0.0,0.0,0.0,0.0,0.0,0.0,0.0,0.0,0.0,0.0,Aula20
407,408,0.0,0.0,0.0,0.0,0.0,0.0,0.0,0.0,-71.0,-55.0,0.0,-66.0,-66.0,-70.0,-70.0,-78.0,-77.0,0.0,0.0,0.0,0.0,0.0,0.0,0.0,0.0,-61.0,-77.0,-78.0,-74.0,-74.0,-72.0,-72.0,-62.0,-62.0,-74.0,-74.0,0.0,0.0,0.0,0.0,-77.0,-77.0,-88.0,-88.0,0.0,0.0,0.0,0.0,0.0,0.0,0.0,0.0,0.0,0.0,0.0,0.0,0.0,0.0,0.0,0.0,0.0,0.0,0.0,0.0,-92.0,-92.0,0.0,0.0,0.0,0.0,0.0,0.0,0.0,0.0,0.0,0.0,0.0,0.0,0.0,0.0,0.0,0.0,0.0,-83.0,0.0,0.0,0.0,0.0,0.0,0.0,0.0,0.0,0.0,0.0,0.0,0.0,0.0,0.0,0.0,0.0,0.0,-82.0,0.0,0.0,0.0,0.0,0.0,0.0,0.0,Aula20
408,409,0.0,0.0,0.0,0.0,0.0,0.0,0.0,0.0,-71.0,-55.0,0.0,-66.0,-66.0,-72.0,-72.0,-77.0,-76.0,0.0,0.0,0.0,-79.0,-80.0,0.0,0.0,-62.0,-62.0,-77.0,-77.0,0.0,0.0,-71.0,-71.0,-62.0,-62.0,-73.0,-74.0,0.0,0.0,0.0,0.0,-77.0,-77.0,-87.0,-88.0,-82.0,-83.0,0.0,0.0,0.0,0.0,0.0,0.0,0.0,0.0,0.0,0.0,0.0,0.0,0.0,0.0,-95.0,-96.0,0.0,0.0,0.0,0.0,0.0,0.0,0.0,0.0,0.0,0.0,0.0,0.0,0.0,0.0,0.0,0.0,0.0,0.0,0.0,0.0,0.0,-85.0,0.0,0.0,0.0,0.0,0.0,0.0,0.0,0.0,0.0,0.0,0.0,0.0,0.0,0.0,0.0,0.0,0.0,-81.0,0.0,0.0,0.0,0.0,0.0,0.0,0.0,Aula20
409,410,0.0,-81.0,0.0,0.0,0.0,0.0,0.0,0.0,-71.0,-56.0,0.0,0.0,-66.0,-72.0,-71.0,-77.0,0.0,0.0,0.0,0.0,0.0,-79.0,0.0,0.0,0.0,-60.0,-77.0,-77.0,0.0,0.0,-71.0,-71.0,-62.0,-62.0,-74.0,-73.0,0.0,-85.0,0.0,0.0,0.0,0.0,-87.0,-88.0,0.0,-82.0,0.0,0.0,0.0,0.0,0.0,0.0,0.0,0.0,0.0,0.0,0.0,0.0,0.0,0.0,0.0,-95.0,0.0,0.0,0.0,0.0,0.0,0.0,-86.0,0.0,0.0,0.0,0.0,0.0,0.0,0.0,0.0,0.0,-74.0,0.0,0.0,0.0,0.0,-85.0,0.0,0.0,0.0,0.0,0.0,0.0,0.0,0.0,0.0,0.0,0.0,0.0,0.0,0.0,0.0,0.0,0.0,0.0,0.0,0.0,0.0,0.0,0.0,0.0,0.0,Aula20
410,411,0.0,-83.0,0.0,0.0,0.0,0.0,0.0,0.0,-71.0,-55.0,0.0,-66.0,-66.0,-71.0,-71.0,-77.0,-76.0,0.0,0.0,0.0,-80.0,-80.0,0.0,0.0,0.0,0.0,-79.0,-79.0,-74.0,-75.0,-72.0,-72.0,-61.0,-61.0,-73.0,-73.0,0.0,0.0,0.0,0.0,-77.0,-77.0,-88.0,-89.0,-84.0,0.0,0.0,0.0,0.0,0.0,0.0,0.0,0.0,0.0,0.0,0.0,0.0,0.0,-81.0,-81.0,0.0,0.0,0.0,0.0,0.0,0.0,0.0,0.0,-92.0,0.0,0.0,0.0,0.0,0.0,0.0,0.0,0.0,0.0,-70.0,0.0,0.0,0.0,0.0,-85.0,0.0,0.0,0.0,0.0,0.0,0.0,0.0,0.0,0.0,0.0,0.0,0.0,0.0,0.0,0.0,0.0,0.0,-82.0,0.0,0.0,0.0,0.0,0.0,0.0,0.0,Aula20
411,412,0.0,-82.0,0.0,0.0,0.0,0.0,0.0,0.0,-69.0,-56.0,0.0,0.0,0.0,-71.0,-71.0,-77.0,-77.0,0.0,0.0,0.0,-80.0,-80.0,0.0,0.0,-59.0,-60.0,-79.0,-78.0,0.0,-74.0,-72.0,-72.0,-62.0,-62.0,-73.0,-73.0,-85.0,0.0,-93.0,-93.0,-76.0,-77.0,-87.0,-88.0,-82.0,-82.0,0.0,0.0,0.0,0.0,0.0,0.0,0.0,0.0,0.0,0.0,0.0,0.0,0.0,-81.0,-93.0,-94.0,0.0,0.0,0.0,0.0,0.0,0.0,0.0,0.0,0.0,0.0,0.0,0.0,0.0,0.0,0.0,0.0,0.0,0.0,0.0,0.0,0.0,-86.0,0.0,0.0,0.0,0.0,0.0,0.0,0.0,0.0,0.0,0.0,0.0,0.0,0.0,0.0,0.0,0.0,0.0,0.0,0.0,0.0,0.0,0.0,0.0,0.0,0.0,Aula20
412,413,0.0,-83.0,0.0,0.0,0.0,0.0,0.0,0.0,-71.0,-55.0,0.0,-66.0,-66.0,-71.0,-72.0,-77.0,-77.0,0.0,0.0,0.0,-80.0,-81.0,0.0,0.0,-62.0,-62.0,-76.0,0.0,0.0,-76.0,-71.0,-71.0,-62.0,-62.0,-74.0,-74.0,-86.0,0.0,0.0,0.0,0.0,0.0,-86.0,-86.0,-83.0,-82.0,0.0,0.0,0.0,0.0,0.0,0.0,0.0,0.0,0.0,0.0,0.0,0.0,-81.0,-82.0,0.0,0.0,0.0,0.0,0.0,-91.0,0.0,0.0,0.0,0.0,0.0,0.0,0.0,0.0,0.0,0.0,0.0,0.0,0.0,0.0,0.0,0.0,0.0,-85.0,0.0,0.0,0.0,0.0,0.0,0.0,0.0,0.0,0.0,0.0,0.0,0.0,0.0,0.0,0.0,0.0,0.0,0.0,0.0,0.0,0.0,0.0,0.0,0.0,0.0,Aula20
413,414,0.0,0.0,0.0,0.0,0.0,0.0,0.0,0.0,-71.0,-55.0,0.0,0.0,0.0,-72.0,-72.0,0.0,0.0,0.0,0.0,0.0,-80.0,-80.0,0.0,0.0,-60.0,-60.0,-78.0,-77.0,-73.0,-73.0,-72.0,-72.0,-61.0,-62.0,-74.0,-74.0,-82.0,-82.0,0.0,0.0,0.0,0.0,-87.0,-88.0,-80.0,0.0,0.0,0.0,0.0,0.0,0.0,0.0,0.0,0.0,0.0,0.0,0.0,0.0,0.0,-81.0,0.0,0.0,0.0,0.0,0.0,0.0,0.0,0.0,-88.0,0.0,0.0,0.0,0.0,0.0,0.0,0.0,0.0,0.0,0.0,0.0,0.0,0.0,0.0,0.0,0.0,0.0,0.0,0.0,0.0,0.0,-85.0,0.0,0.0,0.0,0.0,0.0,0.0,0.0,0.0,0.0,0.0,0.0,0.0,0.0,-88.0,0.0,0.0,0.0,0.0,Aula20
414,415,0.0,0.0,0.0,0.0,0.0,0.0,0.0,0.0,-72.0,-55.0,0.0,0.0,0.0,-71.0,-70.0,0.0,0.0,0.0,0.0,0.0,-79.0,-79.0,0.0,0.0,-60.0,-61.0,-78.0,-78.0,-74.0,-74.0,-72.0,-72.0,0.0,-61.0,-72.0,-73.0,0.0,0.0,0.0,0.0,-77.0,0.0,-88.0,-87.0,-81.0,-81.0,0.0,0.0,0.0,0.0,0.0,0.0,0.0,0.0,0.0,0.0,0.0,0.0,0.0,-81.0,0.0,0.0,0.0,0.0,0.0,0.0,0.0,0.0,0.0,0.0,0.0,0.0,0.0,0.0,0.0,0.0,0.0,0.0,0.0,0.0,0.0,0.0,0.0,-85.0,0.0,0.0,0.0,0.0,0.0,0.0,0.0,0.0,0.0,0.0,0.0,0.0,0.0,0.0,0.0,0.0,0.0,0.0,0.0,0.0,0.0,0.0,0.0,0.0,0.0,Aula20
415,416,0.0,0.0,0.0,0.0,0.0,0.0,0.0,0.0,-74.0,-57.0,0.0,0.0,0.0,-71.0,-71.0,0.0,-77.0,0.0,0.0,0.0,-81.0,-81.0,0.0,0.0,-59.0,-59.0,-77.0,-77.0,0.0,-73.0,-73.0,-73.0,-62.0,-62.0,-74.0,-73.0,0.0,0.0,0.0,0.0,0.0,0.0,-88.0,-89.0,-82.0,-82.0,0.0,0.0,0.0,0.0,0.0,0.0,0.0,0.0,0.0,0.0,0.0,0.0,-80.0,-81.0,0.0,0.0,0.0,0.0,0.0,0.0,0.0,0.0,0.0,0.0,0.0,0.0,0.0,0.0,0.0,0.0,0.0,0.0,0.0,0.0,0.0,0.0,0.0,-82.0,0.0,0.0,0.0,0.0,0.0,0.0,-86.0,0.0,0.0,0.0,0.0,0.0,0.0,0.0,0.0,-93.0,0.0,-80.0,0.0,0.0,-89.0,0.0,0.0,0.0,0.0,Aula20
416,417,0.0,0.0,0.0,0.0,0.0,0.0,0.0,0.0,-70.0,-56.0,0.0,-66.0,-67.0,-71.0,-71.0,-75.0,-76.0,0.0,0.0,0.0,-80.0,-80.0,0.0,0.0,-60.0,-60.0,-78.0,-78.0,0.0,-74.0,-72.0,-72.0,-62.0,-62.0,-74.0,-74.0,0.0,0.0,0.0,0.0,-76.0,-76.0,-88.0,-87.0,-83.0,-82.0,0.0,0.0,0.0,0.0,0.0,0.0,0.0,0.0,0.0,0.0,0.0,0.0,-80.0,-81.0,0.0,0.0,0.0,0.0,0.0,0.0,0.0,0.0,-87.0,0.0,0.0,0.0,0.0,0.0,0.0,0.0,0.0,0.0,0.0,0.0,0.0,0.0,0.0,-85.0,0.0,0.0,0.0,0.0,0.0,0.0,0.0,0.0,0.0,0.0,0.0,0.0,0.0,0.0,0.0,0.0,0.0,-82.0,0.0,0.0,0.0,0.0,0.0,0.0,0.0,Aula20
417,418,0.0,0.0,0.0,0.0,0.0,0.0,0.0,0.0,-70.0,-56.0,0.0,0.0,0.0,-71.0,-71.0,0.0,-75.0,0.0,0.0,0.0,-80.0,-80.0,0.0,0.0,-61.0,-59.0,-78.0,-78.0,0.0,0.0,-72.0,-72.0,-62.0,-62.0,-74.0,-73.0,-84.0,-85.0,0.0,0.0,-76.0,0.0,-87.0,-88.0,0.0,0.0,0.0,0.0,0.0,0.0,0.0,0.0,0.0,0.0,0.0,0.0,0.0,0.0,0.0,0.0,0.0,0.0,0.0,0.0,0.0,0.0,0.0,0.0,0.0,0.0,0.0,0.0,0.0,0.0,0.0,0.0,0.0,0.0,0.0,0.0,0.0,0.0,0.0,-85.0,0.0,0.0,0.0,0.0,0.0,0.0,0.0,0.0,0.0,0.0,0.0,0.0,0.0,0.0,0.0,0.0,0.0,0.0,0.0,0.0,0.0,0.0,0.0,0.0,0.0,Aula20
418,419,0.0,0.0,0.0,0.0,0.0,0.0,0.0,0.0,-72.0,-55.0,0.0,-66.0,-67.0,-71.0,-71.0,-76.0,0.0,0.0,0.0,0.0,-81.0,-80.0,0.0,0.0,-58.0,-60.0,-78.0,-78.0,0.0,-74.0,-72.0,-73.0,-61.0,-62.0,-72.0,-73.0,0.0,0.0,0.0,0.0,-77.0,-76.0,-88.0,-89.0,-83.0,-82.0,0.0,0.0,0.0,0.0,0.0,0.0,0.0,0.0,0.0,0.0,0.0,0.0,-81.0,-79.0,0.0,0.0,0.0,0.0,0.0,0.0,0.0,0.0,0.0,0.0,0.0,0.0,0.0,0.0,0.0,0.0,0.0,0.0,0.0,0.0,0.0,0.0,0.0,-84.0,0.0,0.0,0.0,0.0,0.0,0.0,-87.0,0.0,0.0,0.0,0.0,0.0,0.0,0.0,0.0,0.0,0.0,-82.0,0.0,0.0,0.0,0.0,0.0,0.0,0.0,Aula20
419,420,0.0,-88.0,0.0,0.0,0.0,0.0,0.0,0.0,-70.0,-54.0,0.0,-65.0,-67.0,-70.0,-70.0,0.0,0.0,0.0,0.0,0.0,-80.0,-80.0,0.0,0.0,-60.0,-60.0,-79.0,-79.0,-74.0,-75.0,-72.0,-72.0,-62.0,-62.0,-73.0,-73.0,0.0,-86.0,0.0,0.0,0.0,0.0,-88.0,-89.0,-82.0,-82.0,0.0,0.0,0.0,0.0,0.0,0.0,0.0,0.0,0.0,0.0,0.0,0.0,-80.0,-80.0,0.0,-95.0,0.0,0.0,0.0,0.0,0.0,0.0,0.0,0.0,-86.0,0.0,0.0,0.0,0.0,0.0,0.0,0.0,-79.0,0.0,0.0,0.0,0.0,-86.0,0.0,0.0,0.0,0.0,0.0,0.0,0.0,0.0,0.0,0.0,0.0,0.0,0.0,0.0,0.0,0.0,0.0,0.0,0.0,0.0,0.0,0.0,0.0,0.0,0.0,Aula20
420,421,0.0,0.0,0.0,0.0,0.0,0.0,0.0,0.0,-70.0,-56.0,0.0,0.0,0.0,-70.0,-70.0,-76.0,0.0,0.0,0.0,0.0,-78.0,-79.0,-96.0,0.0,-59.0,-58.0,-79.0,-79.0,0.0,-75.0,-72.0,-72.0,0.0,0.0,-73.0,-74.0,0.0,-87.0,-96.0,-96.0,0.0,0.0,-87.0,0.0,-82.0,-82.0,-96.0,0.0,0.0,0.0,0.0,0.0,0.0,0.0,0.0,0.0,0.0,0.0,0.0,0.0,0.0,0.0,0.0,0.0,0.0,0.0,0.0,0.0,0.0,0.0,0.0,0.0,0.0,0.0,0.0,0.0,0.0,0.0,0.0,0.0,0.0,0.0,0.0,-85.0,0.0,0.0,0.0,0.0,0.0,0.0,0.0,0.0,0.0,0.0,0.0,0.0,0.0,0.0,0.0,0.0,0.0,0.0,0.0,0.0,0.0,0.0,0.0,0.0,0.0,Aula20
421,422,0.0,0.0,0.0,0.0,0.0,0.0,0.0,0.0,-70.0,-55.0,0.0,-67.0,-67.0,-70.0,-70.0,-77.0,-78.0,0.0,0.0,0.0,-80.0,-79.0,0.0,0.0,-58.0,-59.0,-79.0,-79.0,0.0,-74.0,-72.0,-72.0,-61.0,-61.0,-73.0,-73.0,0.0,0.0,-94.0,-96.0,-75.0,-76.0,-88.0,-88.0,-82.0,-82.0,0.0,0.0,0.0,0.0,0.0,0.0,0.0,0.0,0.0,0.0,0.0,0.0,-81.0,-80.0,0.0,0.0,0.0,0.0,0.0,0.0,0.0,0.0,-87.0,0.0,0.0,0.0,0.0,0.0,0.0,0.0,0.0,0.0,0.0,0.0,0.0,0.0,0.0,-82.0,0.0,0.0,0.0,0.0,0.0,0.0,-82.0,0.0,0.0,0.0,0.0,0.0,0.0,0.0,0.0,0.0,0.0,-80.0,0.0,0.0,0.0,0.0,0.0,0.0,0.0,Aula20
422,423,0.0,0.0,0.0,0.0,0.0,0.0,0.0,0.0,-70.0,-56.0,0.0,-67.0,-66.0,-71.0,-72.0,-76.0,-77.0,0.0,0.0,0.0,0.0,0.0,0.0,0.0,-60.0,0.0,-79.0,-79.0,0.0,0.0,-71.0,-72.0,-62.0,-62.0,-74.0,-75.0,0.0,0.0,0.0,0.0,-75.0,-75.0,-88.0,-88.0,-82.0,-82.0,0.0,0.0,0.0,0.0,0.0,0.0,0.0,0.0,0.0,0.0,0.0,0.0,-80.0,-80.0,0.0,0.0,0.0,0.0,0.0,0.0,0.0,0.0,-90.0,0.0,0.0,0.0,0.0,0.0,0.0,0.0,0.0,0.0,-77.0,0.0,0.0,0.0,0.0,0.0,0.0,0.0,0.0,0.0,0.0,0.0,0.0,0.0,0.0,0.0,0.0,0.0,0.0,0.0,0.0,0.0,0.0,-80.0,0.0,0.0,0.0,0.0,0.0,0.0,0.0,Aula20
423,424,0.0,-82.0,0.0,0.0,0.0,0.0,0.0,0.0,-71.0,0.0,0.0,-66.0,-66.0,-72.0,-72.0,-77.0,-77.0,0.0,0.0,0.0,0.0,0.0,0.0,-94.0,0.0,0.0,0.0,-80.0,-74.0,-74.0,-72.0,-72.0,-62.0,-62.0,-74.0,-74.0,-86.0,0.0,0.0,0.0,0.0,0.0,-87.0,-88.0,0.0,-82.0,0.0,0.0,0.0,0.0,0.0,0.0,0.0,0.0,0.0,0.0,0.0,0.0,0.0,0.0,-93.0,-95.0,0.0,0.0,0.0,0.0,0.0,0.0,-92.0,0.0,0.0,0.0,0.0,0.0,0.0,0.0,0.0,0.0,-75.0,0.0,0.0,0.0,0.0,-85.0,0.0,0.0,0.0,0.0,0.0,0.0,-82.0,0.0,0.0,0.0,0.0,0.0,0.0,0.0,0.0,0.0,0.0,0.0,0.0,0.0,0.0,0.0,0.0,0.0,0.0,Aula20
424,425,0.0,-84.0,0.0,0.0,0.0,0.0,0.0,0.0,-71.0,-56.0,0.0,-67.0,0.0,-71.0,-71.0,-73.0,-77.0,0.0,0.0,0.0,0.0,0.0,0.0,0.0,0.0,-60.0,-79.0,-78.0,-73.0,-73.0,-73.0,-72.0,-61.0,-62.0,-73.0,-73.0,-85.0,-84.0,0.0,0.0,0.0,0.0,-89.0,-89.0,0.0,0.0,0.0,0.0,0.0,0.0,0.0,0.0,0.0,0.0,0.0,0.0,0.0,0.0,0.0,0.0,0.0,0.0,0.0,0.0,0.0,0.0,0.0,0.0,0.0,0.0,0.0,0.0,0.0,0.0,0.0,0.0,0.0,0.0,-78.0,0.0,0.0,0.0,0.0,-82.0,0.0,0.0,0.0,0.0,0.0,0.0,-81.0,0.0,0.0,0.0,0.0,0.0,0.0,0.0,0.0,0.0,0.0,0.0,0.0,0.0,0.0,0.0,0.0,0.0,0.0,Aula20
425,426,0.0,-83.0,0.0,0.0,0.0,0.0,0.0,0.0,-70.0,-56.0,0.0,-67.0,-67.0,-72.0,-72.0,-77.0,-77.0,0.0,0.0,0.0,0.0,0.0,0.0,0.0,0.0,-60.0,-79.0,0.0,-75.0,-75.0,-72.0,-72.0,-61.0,-62.0,-73.0,-74.0,-86.0,-86.0,0.0,0.0,0.0,0.0,-87.0,-88.0,0.0,0.0,0.0,0.0,0.0,0.0,0.0,0.0,0.0,0.0,0.0,0.0,0.0,0.0,0.0,0.0,0.0,-95.0,0.0,0.0,0.0,0.0,0.0,0.0,0.0,0.0,0.0,0.0,0.0,0.0,0.0,0.0,0.0,0.0,0.0,0.0,0.0,0.0,0.0,-85.0,0.0,0.0,0.0,0.0,0.0,0.0,0.0,0.0,0.0,0.0,0.0,0.0,0.0,0.0,0.0,0.0,0.0,0.0,0.0,0.0,0.0,0.0,0.0,0.0,0.0,Aula20
426,427,0.0,0.0,0.0,0.0,0.0,0.0,0.0,0.0,-71.0,-56.0,0.0,0.0,0.0,-72.0,-72.0,0.0,0.0,0.0,0.0,0.0,-79.0,-78.0,0.0,-95.0,-60.0,-61.0,-78.0,-79.0,0.0,-74.0,-72.0,-72.0,-62.0,-62.0,-73.0,-73.0,0.0,0.0,0.0,0.0,-77.0,-76.0,-88.0,-89.0,0.0,-83.0,0.0,0.0,0.0,0.0,0.0,0.0,0.0,0.0,0.0,0.0,0.0,0.0,-80.0,-81.0,0.0,0.0,0.0,0.0,0.0,0.0,0.0,0.0,-89.0,0.0,0.0,0.0,0.0,0.0,0.0,0.0,0.0,0.0,0.0,0.0,0.0,0.0,0.0,-82.0,0.0,0.0,0.0,0.0,0.0,0.0,0.0,0.0,0.0,0.0,0.0,0.0,0.0,0.0,0.0,0.0,0.0,-82.0,0.0,0.0,0.0,0.0,0.0,0.0,0.0,Aula20
427,428,0.0,0.0,0.0,0.0,0.0,0.0,0.0,0.0,-71.0,-61.0,0.0,0.0,0.0,-71.0,-71.0,-76.0,-77.0,0.0,0.0,0.0,-79.0,-78.0,0.0,0.0,-60.0,0.0,-79.0,-80.0,-73.0,-74.0,-72.0,-72.0,-61.0,-61.0,-73.0,-73.0,0.0,0.0,0.0,0.0,-77.0,-77.0,-88.0,-88.0,-84.0,-83.0,0.0,0.0,0.0,0.0,0.0,0.0,0.0,0.0,0.0,0.0,0.0,0.0,-77.0,-80.0,0.0,0.0,0.0,0.0,0.0,0.0,0.0,0.0,-86.0,0.0,-88.0,0.0,0.0,0.0,0.0,0.0,0.0,0.0,-80.0,0.0,0.0,0.0,0.0,-85.0,0.0,0.0,0.0,0.0,0.0,0.0,-81.0,0.0,0.0,0.0,0.0,0.0,0.0,0.0,0.0,0.0,0.0,-81.0,0.0,0.0,0.0,0.0,0.0,0.0,0.0,Aula20
428,429,0.0,0.0,0.0,0.0,0.0,0.0,0.0,0.0,-72.0,-57.0,0.0,0.0,0.0,-71.0,-72.0,-77.0,0.0,0.0,0.0,0.0,-79.0,0.0,0.0,0.0,-59.0,-59.0,-79.0,-79.0,-73.0,-73.0,-72.0,-73.0,-61.0,-61.0,-72.0,-73.0,0.0,0.0,0.0,0.0,-75.0,-74.0,-89.0,-89.0,0.0,-84.0,0.0,0.0,0.0,0.0,0.0,0.0,0.0,0.0,0.0,0.0,0.0,0.0,0.0,0.0,0.0,0.0,0.0,0.0,0.0,0.0,0.0,0.0,0.0,0.0,0.0,0.0,0.0,0.0,0.0,0.0,0.0,0.0,-76.0,0.0,0.0,0.0,0.0,-85.0,0.0,0.0,0.0,0.0,0.0,0.0,0.0,0.0,0.0,0.0,0.0,0.0,0.0,0.0,0.0,0.0,0.0,0.0,0.0,0.0,0.0,0.0,0.0,0.0,0.0,Aula20
429,430,0.0,-81.0,0.0,0.0,0.0,0.0,0.0,0.0,-71.0,-56.0,0.0,0.0,0.0,-70.0,-70.0,-77.0,0.0,0.0,0.0,0.0,0.0,-80.0,0.0,0.0,-60.0,-59.0,-78.0,0.0,0.0,-74.0,-74.0,-74.0,-62.0,-62.0,-73.0,-72.0,-84.0,-85.0,0.0,0.0,0.0,0.0,-89.0,-89.0,0.0,0.0,0.0,0.0,0.0,0.0,0.0,0.0,0.0,0.0,0.0,0.0,0.0,0.0,0.0,0.0,-94.0,-95.0,0.0,0.0,0.0,0.0,0.0,0.0,0.0,0.0,0.0,0.0,0.0,0.0,0.0,0.0,0.0,0.0,0.0,0.0,0.0,0.0,0.0,-86.0,0.0,0.0,0.0,0.0,0.0,0.0,-82.0,0.0,0.0,0.0,0.0,0.0,0.0,0.0,0.0,0.0,0.0,0.0,0.0,0.0,0.0,0.0,0.0,0.0,0.0,Aula20
430,431,0.0,0.0,0.0,0.0,0.0,0.0,0.0,0.0,-71.0,-55.0,0.0,0.0,-67.0,-72.0,-72.0,0.0,-76.0,0.0,0.0,0.0,-80.0,0.0,0.0,0.0,-60.0,-60.0,-77.0,-78.0,0.0,-76.0,-72.0,-72.0,-62.0,-63.0,-74.0,-74.0,0.0,0.0,0.0,0.0,0.0,0.0,-89.0,-89.0,0.0,0.0,0.0,0.0,0.0,0.0,0.0,0.0,0.0,0.0,0.0,0.0,0.0,0.0,0.0,0.0,-94.0,-94.0,0.0,0.0,0.0,0.0,0.0,0.0,0.0,0.0,0.0,0.0,0.0,0.0,0.0,0.0,0.0,0.0,-78.0,0.0,0.0,0.0,0.0,-85.0,0.0,0.0,0.0,0.0,0.0,0.0,0.0,0.0,0.0,0.0,0.0,0.0,0.0,0.0,0.0,0.0,0.0,0.0,0.0,0.0,0.0,0.0,0.0,0.0,0.0,Aula20
431,432,0.0,0.0,0.0,0.0,0.0,0.0,0.0,0.0,-71.0,-56.0,0.0,0.0,-66.0,-72.0,-73.0,0.0,0.0,0.0,0.0,0.0,0.0,0.0,0.0,0.0,-61.0,-61.0,-79.0,-79.0,0.0,0.0,-72.0,-71.0,-62.0,-62.0,-73.0,-73.0,0.0,-86.0,0.0,0.0,-77.0,0.0,-88.0,-89.0,0.0,-82.0,0.0,0.0,0.0,0.0,0.0,0.0,0.0,0.0,0.0,0.0,0.0,0.0,0.0,0.0,0.0,0.0,0.0,0.0,0.0,0.0,0.0,0.0,-87.0,0.0,0.0,0.0,0.0,0.0,0.0,0.0,0.0,0.0,0.0,0.0,0.0,0.0,0.0,-82.0,0.0,0.0,0.0,0.0,0.0,0.0,0.0,0.0,0.0,0.0,0.0,0.0,0.0,0.0,0.0,0.0,0.0,0.0,0.0,0.0,-88.0,0.0,0.0,0.0,0.0,Aula20
432,433,0.0,0.0,0.0,0.0,0.0,0.0,0.0,0.0,-71.0,-55.0,0.0,-66.0,0.0,-72.0,-72.0,-77.0,0.0,0.0,0.0,0.0,-79.0,-79.0,0.0,0.0,-61.0,-61.0,-78.0,-78.0,0.0,-75.0,-72.0,-71.0,-62.0,-62.0,-73.0,-73.0,0.0,0.0,0.0,0.0,0.0,0.0,-87.0,-87.0,0.0,0.0,0.0,0.0,0.0,0.0,0.0,0.0,0.0,0.0,0.0,0.0,0.0,0.0,0.0,0.0,0.0,0.0,0.0,0.0,-92.0,-93.0,0.0,0.0,0.0,0.0,0.0,0.0,0.0,0.0,0.0,0.0,0.0,0.0,0.0,0.0,0.0,0.0,0.0,-87.0,0.0,0.0,0.0,0.0,0.0,0.0,0.0,0.0,0.0,0.0,0.0,0.0,0.0,0.0,0.0,0.0,0.0,-81.0,0.0,0.0,0.0,0.0,0.0,0.0,0.0,Aula20
433,434,0.0,0.0,0.0,0.0,0.0,0.0,0.0,0.0,-70.0,-55.0,0.0,0.0,0.0,-72.0,-72.0,0.0,0.0,0.0,0.0,0.0,0.0,0.0,0.0,0.0,-60.0,-60.0,-78.0,-79.0,0.0,-73.0,-72.0,-72.0,-63.0,-63.0,-73.0,-73.0,0.0,0.0,0.0,0.0,-79.0,-78.0,-90.0,-90.0,0.0,-82.0,0.0,0.0,0.0,0.0,0.0,0.0,0.0,0.0,0.0,0.0,0.0,0.0,0.0,0.0,0.0,0.0,0.0,0.0,0.0,0.0,0.0,0.0,-87.0,0.0,0.0,0.0,0.0,0.0,0.0,0.0,0.0,0.0,-78.0,0.0,0.0,0.0,0.0,-87.0,0.0,0.0,0.0,0.0,0.0,0.0,-82.0,0.0,0.0,0.0,0.0,0.0,0.0,0.0,0.0,0.0,0.0,-84.0,0.0,0.0,0.0,0.0,0.0,0.0,0.0,Aula20
434,435,0.0,-80.0,0.0,0.0,0.0,0.0,0.0,0.0,-71.0,-55.0,0.0,0.0,0.0,-71.0,-71.0,0.0,0.0,0.0,0.0,0.0,0.0,0.0,0.0,0.0,-60.0,-61.0,-78.0,-79.0,-75.0,-74.0,-72.0,-72.0,-62.0,-62.0,-73.0,-73.0,0.0,0.0,0.0,0.0,-77.0,-77.0,-90.0,-91.0,0.0,0.0,0.0,0.0,0.0,0.0,0.0,0.0,0.0,0.0,0.0,0.0,0.0,0.0,0.0,-79.0,-94.0,-94.0,0.0,0.0,0.0,0.0,0.0,0.0,0.0,0.0,-87.0,0.0,0.0,0.0,0.0,0.0,0.0,0.0,0.0,0.0,0.0,0.0,0.0,-84.0,0.0,0.0,0.0,0.0,0.0,0.0,0.0,0.0,0.0,0.0,0.0,0.0,0.0,0.0,0.0,0.0,0.0,0.0,0.0,0.0,0.0,0.0,0.0,0.0,0.0,Aula20
435,436,0.0,-81.0,0.0,0.0,0.0,0.0,0.0,0.0,-71.0,-56.0,0.0,0.0,0.0,-73.0,-73.0,0.0,0.0,0.0,0.0,0.0,0.0,-79.0,-94.0,-96.0,0.0,-60.0,-78.0,-78.0,0.0,0.0,-71.0,-72.0,-62.0,-62.0,-73.0,-73.0,0.0,0.0,0.0,0.0,0.0,0.0,-87.0,0.0,0.0,0.0,0.0,0.0,0.0,0.0,0.0,0.0,0.0,0.0,0.0,0.0,0.0,0.0,0.0,0.0,-95.0,-96.0,0.0,0.0,-94.0,-93.0,0.0,0.0,-80.0,0.0,0.0,0.0,0.0,0.0,0.0,0.0,0.0,0.0,0.0,0.0,0.0,0.0,0.0,-84.0,0.0,0.0,0.0,0.0,0.0,0.0,0.0,0.0,0.0,0.0,0.0,0.0,0.0,0.0,0.0,0.0,0.0,0.0,0.0,0.0,0.0,0.0,0.0,0.0,0.0,Aula20
436,437,0.0,0.0,0.0,0.0,0.0,0.0,0.0,0.0,-70.0,-56.0,0.0,0.0,0.0,-71.0,-71.0,-77.0,0.0,0.0,0.0,0.0,0.0,-79.0,0.0,0.0,-59.0,-59.0,-79.0,-79.0,-74.0,-74.0,-71.0,-71.0,-62.0,-61.0,-73.0,-73.0,-84.0,0.0,0.0,0.0,0.0,0.0,-86.0,-86.0,0.0,0.0,0.0,0.0,0.0,0.0,0.0,0.0,0.0,0.0,0.0,0.0,0.0,0.0,0.0,0.0,-96.0,-94.0,0.0,0.0,0.0,0.0,0.0,0.0,-86.0,0.0,0.0,0.0,0.0,0.0,0.0,0.0,0.0,0.0,0.0,0.0,0.0,0.0,0.0,-86.0,0.0,0.0,0.0,0.0,0.0,0.0,0.0,0.0,0.0,0.0,0.0,0.0,0.0,0.0,0.0,0.0,0.0,0.0,0.0,0.0,0.0,0.0,0.0,0.0,0.0,Aula20
437,438,0.0,-83.0,0.0,0.0,0.0,0.0,0.0,0.0,-71.0,-55.0,0.0,-66.0,0.0,-71.0,-71.0,-77.0,-77.0,0.0,0.0,0.0,-80.0,-80.0,0.0,0.0,-61.0,-60.0,-78.0,-78.0,0.0,-75.0,-72.0,-72.0,-61.0,-62.0,-72.0,-72.0,0.0,0.0,0.0,0.0,0.0,-77.0,-88.0,-89.0,-82.0,-82.0,0.0,0.0,0.0,0.0,0.0,0.0,0.0,0.0,0.0,0.0,0.0,0.0,-81.0,-81.0,-94.0,-95.0,0.0,0.0,0.0,0.0,0.0,0.0,0.0,0.0,-87.0,0.0,0.0,0.0,0.0,0.0,0.0,0.0,-79.0,0.0,0.0,0.0,0.0,-86.0,0.0,0.0,0.0,0.0,0.0,0.0,-82.0,0.0,0.0,0.0,0.0,0.0,0.0,0.0,0.0,0.0,0.0,0.0,0.0,0.0,0.0,0.0,0.0,0.0,0.0,Aula20
438,439,0.0,-83.0,0.0,0.0,0.0,0.0,0.0,0.0,-71.0,-56.0,0.0,0.0,0.0,-70.0,-70.0,-77.0,-76.0,0.0,0.0,0.0,-80.0,-81.0,0.0,0.0,-59.0,-58.0,-78.0,-78.0,0.0,0.0,-73.0,-72.0,-61.0,-62.0,-72.0,-72.0,0.0,0.0,0.0,0.0,0.0,0.0,-88.0,-88.0,-83.0,-83.0,0.0,0.0,0.0,0.0,0.0,0.0,0.0,0.0,0.0,0.0,0.0,0.0,-81.0,-81.0,0.0,0.0,0.0,0.0,0.0,0.0,0.0,0.0,0.0,0.0,-85.0,0.0,0.0,0.0,0.0,0.0,0.0,0.0,0.0,0.0,0.0,0.0,0.0,-85.0,0.0,0.0,0.0,0.0,0.0,0.0,0.0,0.0,0.0,0.0,0.0,0.0,0.0,0.0,0.0,0.0,0.0,0.0,0.0,0.0,0.0,0.0,0.0,0.0,0.0,Aula20
439,440,0.0,0.0,0.0,0.0,0.0,0.0,0.0,0.0,-71.0,-56.0,0.0,0.0,0.0,-70.0,-70.0,0.0,0.0,0.0,0.0,0.0,0.0,0.0,0.0,0.0,-59.0,0.0,-78.0,-77.0,-74.0,-75.0,-72.0,-73.0,-61.0,-61.0,-72.0,-73.0,0.0,0.0,0.0,0.0,-76.0,-77.0,-88.0,-89.0,0.0,-82.0,0.0,0.0,0.0,0.0,0.0,0.0,0.0,0.0,0.0,0.0,0.0,0.0,0.0,0.0,-93.0,-94.0,0.0,0.0,0.0,0.0,0.0,0.0,0.0,0.0,-86.0,0.0,0.0,0.0,0.0,0.0,0.0,0.0,0.0,0.0,0.0,0.0,0.0,0.0,0.0,0.0,0.0,0.0,0.0,0.0,0.0,0.0,0.0,0.0,0.0,0.0,0.0,0.0,0.0,0.0,0.0,-81.0,0.0,0.0,0.0,0.0,0.0,0.0,0.0,Aula20
440,441,0.0,0.0,0.0,0.0,0.0,0.0,0.0,0.0,-74.0,-56.0,0.0,0.0,0.0,-70.0,-71.0,0.0,0.0,0.0,0.0,0.0,0.0,0.0,0.0,0.0,-58.0,-57.0,-79.0,-79.0,0.0,-73.0,-72.0,-72.0,-62.0,-62.0,-72.0,-72.0,0.0,0.0,0.0,0.0,-76.0,-76.0,-89.0,-88.0,0.0,0.0,0.0,0.0,0.0,0.0,0.0,0.0,0.0,0.0,0.0,0.0,0.0,0.0,0.0,0.0,-94.0,-94.0,0.0,0.0,0.0,0.0,0.0,0.0,0.0,0.0,-87.0,0.0,0.0,0.0,0.0,0.0,0.0,0.0,0.0,0.0,0.0,0.0,0.0,-86.0,0.0,0.0,0.0,0.0,0.0,0.0,0.0,0.0,0.0,0.0,0.0,0.0,0.0,0.0,0.0,0.0,0.0,-81.0,0.0,0.0,0.0,0.0,0.0,0.0,0.0,Aula20
441,442,0.0,0.0,0.0,0.0,0.0,0.0,0.0,0.0,-71.0,-56.0,0.0,0.0,-67.0,-71.0,-71.0,0.0,0.0,0.0,0.0,0.0,-79.0,-80.0,-94.0,0.0,0.0,-61.0,-78.0,-78.0,-77.0,-78.0,-70.0,-70.0,-62.0,-62.0,-73.0,-73.0,0.0,0.0,0.0,0.0,-76.0,-76.0,-87.0,-87.0,0.0,0.0,0.0,0.0,0.0,0.0,0.0,0.0,0.0,0.0,0.0,0.0,0.0,0.0,0.0,0.0,0.0,0.0,0.0,0.0,0.0,0.0,0.0,0.0,0.0,0.0,0.0,0.0,0.0,0.0,0.0,0.0,0.0,0.0,0.0,0.0,0.0,0.0,0.0,0.0,0.0,0.0,0.0,0.0,0.0,0.0,0.0,0.0,0.0,0.0,0.0,0.0,0.0,0.0,0.0,0.0,0.0,-87.0,0.0,0.0,-85.0,0.0,0.0,0.0,0.0,Aula20
442,443,0.0,0.0,0.0,0.0,0.0,0.0,0.0,0.0,-71.0,-56.0,0.0,-67.0,-66.0,-71.0,-70.0,-77.0,-77.0,0.0,0.0,0.0,-79.0,-79.0,0.0,0.0,-59.0,-60.0,-77.0,-78.0,0.0,-75.0,-72.0,-72.0,-62.0,-62.0,-74.0,-74.0,-83.0,0.0,0.0,0.0,0.0,-78.0,-88.0,-89.0,-81.0,-82.0,0.0,0.0,0.0,0.0,0.0,0.0,0.0,0.0,0.0,0.0,0.0,0.0,0.0,0.0,-94.0,-94.0,0.0,0.0,0.0,0.0,0.0,0.0,0.0,0.0,0.0,0.0,0.0,0.0,0.0,0.0,0.0,0.0,-81.0,0.0,0.0,0.0,0.0,-86.0,0.0,0.0,0.0,0.0,0.0,0.0,0.0,0.0,0.0,0.0,0.0,0.0,0.0,0.0,0.0,0.0,0.0,0.0,0.0,0.0,0.0,0.0,0.0,0.0,0.0,Aula20
443,444,0.0,0.0,0.0,0.0,0.0,0.0,0.0,0.0,-72.0,-55.0,0.0,-67.0,-67.0,-70.0,-70.0,-76.0,-76.0,0.0,0.0,0.0,-77.0,-79.0,0.0,0.0,-59.0,-59.0,-78.0,-78.0,-74.0,-75.0,-72.0,-72.0,-62.0,-62.0,-72.0,-73.0,0.0,0.0,0.0,0.0,-77.0,-77.0,-90.0,0.0,-82.0,-82.0,0.0,0.0,0.0,0.0,0.0,0.0,0.0,0.0,0.0,0.0,0.0,0.0,-83.0,-81.0,0.0,0.0,0.0,0.0,0.0,0.0,0.0,0.0,0.0,0.0,-86.0,0.0,0.0,0.0,0.0,0.0,0.0,0.0,-81.0,0.0,0.0,0.0,0.0,-82.0,0.0,0.0,0.0,0.0,0.0,0.0,0.0,0.0,0.0,0.0,0.0,0.0,0.0,0.0,0.0,0.0,0.0,-83.0,0.0,0.0,0.0,0.0,0.0,0.0,0.0,Aula20
444,445,0.0,0.0,0.0,0.0,0.0,0.0,0.0,0.0,-71.0,-55.0,0.0,0.0,0.0,-71.0,-72.0,-77.0,-77.0,0.0,0.0,0.0,0.0,0.0,0.0,-96.0,-59.0,-60.0,-78.0,-78.0,-76.0,-76.0,-73.0,-73.0,-62.0,-63.0,-73.0,-73.0,0.0,0.0,0.0,0.0,0.0,0.0,0.0,-89.0,-82.0,-82.0,0.0,0.0,0.0,0.0,0.0,0.0,0.0,0.0,0.0,0.0,0.0,0.0,-82.0,-83.0,0.0,0.0,0.0,0.0,0.0,0.0,0.0,0.0,0.0,0.0,0.0,0.0,0.0,0.0,0.0,0.0,0.0,0.0,-80.0,0.0,0.0,0.0,0.0,-85.0,0.0,0.0,0.0,0.0,0.0,0.0,-84.0,0.0,0.0,0.0,0.0,0.0,0.0,0.0,0.0,0.0,0.0,0.0,0.0,0.0,0.0,0.0,0.0,0.0,0.0,Aula20
445,446,0.0,0.0,0.0,0.0,0.0,0.0,0.0,0.0,-71.0,-60.0,0.0,0.0,0.0,-71.0,-71.0,0.0,-79.0,0.0,0.0,0.0,0.0,0.0,0.0,0.0,-60.0,-59.0,-76.0,-76.0,-75.0,-76.0,-71.0,-71.0,-63.0,-63.0,-73.0,-74.0,0.0,0.0,0.0,0.0,0.0,0.0,0.0,-87.0,0.0,0.0,0.0,0.0,0.0,0.0,0.0,0.0,0.0,0.0,0.0,0.0,0.0,0.0,0.0,0.0,0.0,0.0,0.0,0.0,-93.0,-93.0,0.0,0.0,0.0,0.0,0.0,0.0,0.0,0.0,0.0,0.0,0.0,0.0,0.0,0.0,0.0,0.0,0.0,-85.0,0.0,0.0,0.0,0.0,0.0,0.0,0.0,0.0,0.0,0.0,0.0,0.0,0.0,0.0,0.0,0.0,0.0,0.0,0.0,0.0,-89.0,0.0,0.0,0.0,0.0,Aula20
446,447,0.0,0.0,0.0,0.0,0.0,0.0,0.0,0.0,-71.0,-55.0,0.0,0.0,0.0,-71.0,-71.0,0.0,0.0,0.0,0.0,0.0,0.0,-80.0,0.0,0.0,-59.0,-59.0,-76.0,-76.0,-74.0,-75.0,-72.0,-72.0,-62.0,-62.0,-72.0,-73.0,-85.0,0.0,0.0,0.0,-75.0,-75.0,-89.0,-88.0,0.0,-82.0,0.0,0.0,0.0,0.0,0.0,0.0,0.0,0.0,0.0,0.0,0.0,0.0,0.0,0.0,-94.0,-94.0,0.0,0.0,0.0,0.0,0.0,0.0,0.0,0.0,0.0,0.0,0.0,0.0,0.0,0.0,0.0,0.0,0.0,0.0,0.0,0.0,0.0,-85.0,0.0,0.0,0.0,0.0,0.0,0.0,0.0,0.0,0.0,0.0,0.0,0.0,0.0,0.0,0.0,0.0,0.0,0.0,0.0,0.0,0.0,0.0,0.0,0.0,0.0,Aula20
447,448,0.0,-80.0,0.0,0.0,0.0,0.0,0.0,0.0,-71.0,-55.0,0.0,-67.0,-67.0,-72.0,-72.0,-77.0,-77.0,0.0,0.0,0.0,0.0,-80.0,0.0,0.0,-60.0,0.0,-79.0,-79.0,-76.0,-75.0,-72.0,-72.0,-63.0,-63.0,-73.0,-73.0,0.0,0.0,0.0,0.0,0.0,0.0,-89.0,-89.0,-83.0,0.0,0.0,0.0,0.0,0.0,0.0,0.0,0.0,0.0,0.0,0.0,0.0,0.0,-79.0,-79.0,-94.0,-93.0,0.0,0.0,0.0,0.0,0.0,0.0,0.0,0.0,0.0,0.0,0.0,0.0,0.0,0.0,0.0,0.0,0.0,0.0,0.0,0.0,0.0,0.0,0.0,0.0,0.0,0.0,0.0,0.0,-83.0,0.0,0.0,0.0,0.0,0.0,0.0,0.0,0.0,0.0,0.0,0.0,0.0,0.0,0.0,0.0,0.0,0.0,0.0,Aula20
448,449,0.0,0.0,0.0,0.0,0.0,0.0,0.0,0.0,-72.0,-55.0,0.0,-66.0,0.0,-70.0,-70.0,-77.0,0.0,0.0,0.0,0.0,0.0,-79.0,0.0,0.0,-60.0,-59.0,-79.0,-79.0,-76.0,0.0,-72.0,-72.0,-62.0,-63.0,-73.0,-74.0,-83.0,0.0,0.0,0.0,-77.0,-77.0,0.0,-87.0,0.0,0.0,0.0,0.0,0.0,0.0,0.0,0.0,0.0,0.0,0.0,0.0,0.0,0.0,0.0,0.0,0.0,0.0,0.0,0.0,0.0,0.0,0.0,0.0,0.0,0.0,0.0,0.0,0.0,0.0,0.0,0.0,0.0,0.0,0.0,0.0,0.0,0.0,0.0,-82.0,0.0,0.0,0.0,0.0,0.0,0.0,0.0,0.0,0.0,0.0,0.0,0.0,0.0,0.0,0.0,-95.0,0.0,-82.0,0.0,0.0,0.0,0.0,0.0,0.0,0.0,Aula20
449,450,0.0,-77.0,0.0,0.0,0.0,0.0,0.0,0.0,-72.0,0.0,0.0,0.0,0.0,-70.0,-70.0,0.0,-76.0,0.0,0.0,0.0,-79.0,0.0,0.0,0.0,-59.0,-58.0,-78.0,-78.0,-77.0,-75.0,-73.0,-73.0,-63.0,-63.0,-74.0,-74.0,0.0,-83.0,0.0,0.0,0.0,-75.0,-87.0,-87.0,-81.0,0.0,0.0,0.0,0.0,0.0,0.0,0.0,0.0,0.0,0.0,0.0,0.0,0.0,0.0,0.0,-92.0,-94.0,0.0,0.0,0.0,0.0,0.0,0.0,0.0,0.0,0.0,0.0,0.0,0.0,0.0,0.0,0.0,0.0,-78.0,0.0,0.0,0.0,0.0,-85.0,0.0,0.0,0.0,0.0,0.0,0.0,0.0,0.0,0.0,0.0,0.0,0.0,0.0,0.0,0.0,0.0,0.0,0.0,0.0,0.0,0.0,0.0,0.0,0.0,0.0,Aula20
450,451,0.0,-78.0,0.0,0.0,0.0,0.0,0.0,0.0,-71.0,-55.0,0.0,-66.0,-67.0,-70.0,-70.0,-78.0,-76.0,0.0,0.0,0.0,-80.0,-79.0,0.0,0.0,-59.0,0.0,-77.0,-78.0,0.0,-75.0,-72.0,-72.0,-62.0,-63.0,-74.0,-74.0,0.0,0.0,0.0,0.0,0.0,0.0,0.0,-86.0,-81.0,-82.0,0.0,0.0,0.0,0.0,0.0,0.0,0.0,0.0,0.0,0.0,0.0,0.0,-81.0,-81.0,0.0,0.0,0.0,0.0,-92.0,-92.0,0.0,0.0,0.0,0.0,0.0,0.0,0.0,0.0,0.0,0.0,0.0,0.0,0.0,0.0,0.0,0.0,0.0,-86.0,0.0,0.0,0.0,0.0,0.0,0.0,0.0,0.0,0.0,0.0,0.0,0.0,0.0,0.0,0.0,0.0,0.0,-86.0,0.0,0.0,0.0,0.0,0.0,0.0,0.0,Aula20
451,452,0.0,0.0,0.0,0.0,0.0,0.0,0.0,0.0,-72.0,-55.0,0.0,-66.0,-66.0,-70.0,-70.0,0.0,0.0,0.0,0.0,0.0,-80.0,0.0,0.0,0.0,-59.0,-58.0,-79.0,-78.0,-75.0,-76.0,-72.0,-72.0,-62.0,-61.0,-73.0,-73.0,0.0,0.0,0.0,0.0,-76.0,-75.0,-88.0,-88.0,0.0,-81.0,0.0,0.0,0.0,0.0,0.0,0.0,0.0,0.0,0.0,0.0,0.0,0.0,0.0,0.0,-96.0,-94.0,0.0,0.0,0.0,0.0,0.0,0.0,0.0,0.0,0.0,0.0,0.0,0.0,0.0,0.0,0.0,0.0,0.0,0.0,0.0,0.0,0.0,0.0,0.0,0.0,0.0,0.0,0.0,0.0,0.0,0.0,0.0,0.0,0.0,0.0,0.0,0.0,0.0,0.0,0.0,0.0,0.0,0.0,-89.0,0.0,0.0,0.0,0.0,Aula20
452,453,0.0,0.0,0.0,0.0,0.0,0.0,0.0,0.0,-73.0,-55.0,0.0,0.0,-67.0,-70.0,-70.0,-76.0,0.0,0.0,0.0,0.0,0.0,0.0,0.0,0.0,-58.0,-58.0,-78.0,-78.0,-75.0,0.0,-72.0,-72.0,-62.0,-62.0,-74.0,-73.0,-83.0,-83.0,0.0,0.0,-75.0,-73.0,-88.0,-87.0,0.0,0.0,0.0,0.0,0.0,0.0,0.0,0.0,0.0,0.0,0.0,0.0,0.0,0.0,0.0,0.0,-94.0,-94.0,0.0,0.0,-93.0,-94.0,0.0,0.0,0.0,-89.0,0.0,0.0,0.0,0.0,0.0,0.0,0.0,0.0,-80.0,0.0,0.0,0.0,0.0,-85.0,0.0,0.0,0.0,0.0,0.0,0.0,0.0,0.0,0.0,0.0,0.0,0.0,0.0,0.0,0.0,0.0,0.0,0.0,0.0,0.0,-88.0,0.0,0.0,0.0,0.0,Aula20
453,454,0.0,-83.0,0.0,0.0,0.0,0.0,0.0,0.0,-74.0,-55.0,0.0,-67.0,-66.0,-70.0,-70.0,0.0,0.0,0.0,0.0,0.0,0.0,0.0,0.0,0.0,-59.0,-58.0,-78.0,0.0,-76.0,-75.0,-72.0,-72.0,-62.0,-62.0,-73.0,-74.0,0.0,0.0,0.0,0.0,-77.0,-77.0,0.0,-89.0,0.0,-82.0,0.0,0.0,0.0,0.0,0.0,0.0,0.0,0.0,0.0,0.0,0.0,0.0,0.0,0.0,0.0,0.0,0.0,0.0,0.0,0.0,0.0,0.0,0.0,0.0,0.0,0.0,0.0,0.0,0.0,0.0,0.0,-94.0,0.0,0.0,0.0,0.0,0.0,-81.0,0.0,0.0,0.0,0.0,0.0,0.0,0.0,0.0,0.0,0.0,0.0,0.0,0.0,0.0,0.0,-94.0,0.0,-84.0,0.0,0.0,-87.0,0.0,0.0,0.0,0.0,Aula20
454,455,0.0,-81.0,0.0,0.0,0.0,0.0,0.0,0.0,-73.0,-55.0,0.0,0.0,0.0,-69.0,-70.0,-76.0,-76.0,0.0,0.0,0.0,0.0,-78.0,0.0,0.0,-57.0,-57.0,-78.0,-78.0,0.0,-75.0,-72.0,-72.0,-62.0,-62.0,-74.0,-74.0,-84.0,-83.0,0.0,0.0,0.0,0.0,-90.0,-90.0,-82.0,-82.0,0.0,0.0,0.0,0.0,0.0,0.0,0.0,0.0,0.0,0.0,0.0,0.0,-82.0,-82.0,-94.0,-93.0,0.0,0.0,0.0,0.0,0.0,0.0,0.0,0.0,0.0,0.0,0.0,0.0,0.0,0.0,0.0,0.0,-74.0,0.0,0.0,0.0,0.0,-85.0,0.0,0.0,0.0,0.0,0.0,0.0,-83.0,0.0,0.0,0.0,0.0,0.0,0.0,0.0,0.0,0.0,0.0,0.0,0.0,0.0,0.0,0.0,0.0,0.0,0.0,Aula20
455,456,0.0,0.0,0.0,0.0,0.0,0.0,0.0,0.0,-73.0,-55.0,0.0,0.0,-67.0,-70.0,-70.0,0.0,0.0,0.0,0.0,0.0,0.0,0.0,0.0,0.0,0.0,0.0,-78.0,-78.0,-74.0,-74.0,-72.0,-73.0,-62.0,-62.0,-74.0,-74.0,0.0,0.0,0.0,0.0,-77.0,-76.0,-89.0,-90.0,0.0,0.0,0.0,0.0,0.0,0.0,0.0,0.0,0.0,0.0,0.0,0.0,0.0,0.0,0.0,0.0,0.0,0.0,0.0,0.0,0.0,0.0,0.0,0.0,0.0,0.0,-84.0,0.0,0.0,0.0,0.0,0.0,0.0,0.0,-80.0,0.0,0.0,0.0,0.0,-86.0,0.0,0.0,0.0,0.0,0.0,0.0,0.0,0.0,0.0,0.0,0.0,0.0,0.0,0.0,0.0,0.0,0.0,-82.0,0.0,0.0,-91.0,0.0,0.0,0.0,0.0,Aula20
456,457,0.0,0.0,0.0,0.0,0.0,0.0,0.0,0.0,-72.0,-54.0,0.0,0.0,0.0,-70.0,-70.0,0.0,0.0,0.0,0.0,0.0,0.0,0.0,0.0,0.0,-59.0,-58.0,-78.0,-78.0,0.0,-75.0,-72.0,-72.0,-61.0,-62.0,-73.0,-73.0,-84.0,0.0,0.0,0.0,-77.0,-77.0,0.0,-87.0,0.0,0.0,0.0,0.0,0.0,0.0,0.0,0.0,0.0,0.0,0.0,0.0,0.0,0.0,0.0,0.0,0.0,0.0,0.0,0.0,0.0,0.0,0.0,0.0,0.0,0.0,0.0,0.0,0.0,0.0,0.0,0.0,0.0,0.0,0.0,0.0,0.0,0.0,0.0,-84.0,0.0,0.0,0.0,0.0,0.0,0.0,0.0,0.0,0.0,0.0,0.0,0.0,0.0,0.0,0.0,-94.0,0.0,0.0,0.0,0.0,-90.0,0.0,0.0,0.0,0.0,Aula20
457,458,0.0,0.0,0.0,0.0,0.0,0.0,0.0,0.0,-73.0,-54.0,0.0,-66.0,-66.0,-70.0,-70.0,0.0,0.0,0.0,0.0,0.0,0.0,-82.0,0.0,0.0,-58.0,-58.0,-77.0,-77.0,0.0,-76.0,-72.0,-72.0,-61.0,-61.0,-73.0,-73.0,0.0,0.0,0.0,0.0,-75.0,-75.0,-89.0,0.0,-82.0,-84.0,0.0,0.0,0.0,0.0,0.0,0.0,0.0,0.0,0.0,0.0,0.0,0.0,-81.0,0.0,0.0,0.0,0.0,0.0,0.0,0.0,0.0,0.0,0.0,0.0,-85.0,0.0,0.0,0.0,0.0,0.0,0.0,-92.0,0.0,0.0,0.0,0.0,0.0,-83.0,0.0,0.0,0.0,0.0,0.0,0.0,-83.0,0.0,0.0,0.0,0.0,0.0,0.0,0.0,0.0,-92.0,0.0,-80.0,0.0,0.0,0.0,0.0,0.0,0.0,0.0,Aula20
458,459,0.0,-80.0,0.0,0.0,0.0,0.0,0.0,0.0,-73.0,-54.0,0.0,-67.0,0.0,-70.0,-70.0,0.0,0.0,0.0,0.0,0.0,0.0,0.0,0.0,0.0,-58.0,-58.0,-78.0,-77.0,-76.0,-76.0,-72.0,-72.0,-61.0,-61.0,-75.0,-74.0,0.0,0.0,0.0,0.0,-74.0,-76.0,-89.0,-89.0,0.0,-81.0,0.0,0.0,0.0,0.0,0.0,0.0,0.0,0.0,0.0,0.0,0.0,0.0,0.0,-81.0,0.0,0.0,0.0,0.0,-94.0,-93.0,0.0,0.0,0.0,0.0,0.0,0.0,0.0,0.0,0.0,0.0,0.0,0.0,-80.0,0.0,0.0,0.0,0.0,-85.0,0.0,0.0,0.0,0.0,0.0,0.0,0.0,0.0,0.0,0.0,0.0,0.0,0.0,0.0,0.0,0.0,0.0,0.0,0.0,0.0,0.0,0.0,0.0,0.0,0.0,Aula20
459,460,0.0,0.0,0.0,0.0,0.0,0.0,0.0,0.0,-72.0,-55.0,0.0,-68.0,-68.0,-69.0,-69.0,-77.0,-77.0,0.0,0.0,0.0,-82.0,-81.0,0.0,0.0,-58.0,-57.0,-78.0,-80.0,-75.0,-75.0,-72.0,-71.0,-61.0,-61.0,-75.0,-75.0,0.0,0.0,0.0,0.0,0.0,0.0,-89.0,-89.0,-83.0,-83.0,0.0,0.0,0.0,0.0,0.0,0.0,0.0,0.0,0.0,0.0,0.0,0.0,-81.0,-80.0,0.0,-94.0,0.0,0.0,0.0,0.0,0.0,0.0,0.0,0.0,0.0,0.0,0.0,0.0,0.0,0.0,0.0,0.0,0.0,0.0,0.0,0.0,0.0,-81.0,0.0,0.0,0.0,0.0,0.0,0.0,-82.0,0.0,0.0,0.0,0.0,0.0,0.0,0.0,0.0,-95.0,0.0,-84.0,0.0,0.0,0.0,0.0,0.0,0.0,0.0,Aula20
460,461,0.0,0.0,0.0,0.0,0.0,0.0,0.0,0.0,-74.0,-54.0,0.0,0.0,0.0,-70.0,-70.0,-77.0,-76.0,0.0,0.0,0.0,0.0,0.0,0.0,0.0,-58.0,-58.0,-77.0,-77.0,-76.0,-76.0,-72.0,-72.0,-61.0,-61.0,-74.0,-74.0,-85.0,-84.0,0.0,0.0,-74.0,-76.0,0.0,-88.0,0.0,-82.0,0.0,0.0,0.0,0.0,0.0,0.0,0.0,0.0,0.0,0.0,0.0,0.0,0.0,0.0,-92.0,-94.0,0.0,0.0,0.0,0.0,0.0,0.0,0.0,0.0,0.0,0.0,0.0,0.0,0.0,0.0,0.0,0.0,0.0,0.0,0.0,0.0,0.0,-85.0,0.0,0.0,0.0,0.0,0.0,0.0,0.0,0.0,0.0,0.0,0.0,0.0,0.0,0.0,0.0,0.0,0.0,0.0,0.0,0.0,0.0,0.0,0.0,0.0,0.0,Aula20
461,462,0.0,-81.0,0.0,0.0,0.0,0.0,0.0,0.0,-72.0,-56.0,0.0,0.0,-67.0,-70.0,-70.0,0.0,0.0,0.0,0.0,0.0,-81.0,-81.0,0.0,0.0,-59.0,-58.0,-78.0,-79.0,-75.0,-77.0,-74.0,-74.0,-61.0,-62.0,-73.0,-73.0,0.0,0.0,0.0,0.0,-74.0,-75.0,-89.0,-88.0,0.0,0.0,0.0,0.0,0.0,0.0,0.0,0.0,0.0,0.0,0.0,0.0,0.0,0.0,0.0,0.0,-92.0,-94.0,0.0,0.0,0.0,0.0,0.0,0.0,0.0,0.0,0.0,0.0,0.0,0.0,0.0,0.0,0.0,0.0,-78.0,0.0,0.0,0.0,0.0,-82.0,0.0,0.0,0.0,0.0,0.0,0.0,0.0,0.0,0.0,0.0,0.0,0.0,0.0,0.0,0.0,0.0,0.0,0.0,0.0,0.0,0.0,0.0,0.0,0.0,0.0,Aula20
462,463,0.0,0.0,0.0,0.0,0.0,0.0,0.0,0.0,-73.0,-59.0,0.0,0.0,0.0,-70.0,-70.0,-77.0,-77.0,0.0,0.0,0.0,-80.0,-80.0,0.0,0.0,-58.0,-59.0,-78.0,-79.0,-75.0,-75.0,-73.0,-73.0,-61.0,-61.0,-72.0,-72.0,-83.0,-82.0,0.0,0.0,0.0,0.0,-89.0,-88.0,-82.0,-82.0,0.0,0.0,0.0,0.0,0.0,0.0,0.0,0.0,0.0,0.0,0.0,0.0,-79.0,-81.0,-94.0,0.0,0.0,0.0,-94.0,-94.0,0.0,0.0,0.0,0.0,0.0,0.0,0.0,0.0,0.0,0.0,0.0,0.0,0.0,0.0,0.0,0.0,0.0,-86.0,0.0,0.0,0.0,0.0,0.0,0.0,0.0,0.0,0.0,0.0,0.0,0.0,0.0,0.0,0.0,0.0,0.0,-82.0,0.0,0.0,0.0,0.0,0.0,0.0,0.0,Aula20
463,464,0.0,0.0,0.0,0.0,0.0,0.0,0.0,0.0,-73.0,-54.0,0.0,-66.0,0.0,-71.0,-70.0,-76.0,0.0,0.0,0.0,0.0,-81.0,-81.0,0.0,0.0,-59.0,-59.0,-79.0,-78.0,-75.0,-75.0,-73.0,-73.0,-61.0,-61.0,0.0,0.0,0.0,0.0,0.0,0.0,-77.0,-76.0,-89.0,-89.0,0.0,-81.0,0.0,0.0,0.0,0.0,0.0,0.0,0.0,0.0,0.0,0.0,0.0,0.0,0.0,0.0,0.0,0.0,0.0,0.0,0.0,0.0,0.0,0.0,0.0,0.0,0.0,0.0,0.0,0.0,0.0,0.0,0.0,0.0,0.0,0.0,0.0,0.0,0.0,-85.0,0.0,0.0,0.0,0.0,0.0,0.0,0.0,0.0,0.0,0.0,0.0,0.0,0.0,0.0,0.0,0.0,0.0,-81.0,0.0,0.0,0.0,0.0,0.0,0.0,0.0,Aula20
464,465,0.0,0.0,0.0,0.0,0.0,0.0,0.0,0.0,-73.0,-55.0,0.0,0.0,-65.0,-70.0,-70.0,0.0,-77.0,0.0,0.0,0.0,-80.0,0.0,0.0,0.0,-58.0,-58.0,-77.0,-77.0,-75.0,-75.0,-73.0,-73.0,-62.0,-61.0,-73.0,-73.0,-82.0,0.0,-95.0,-96.0,0.0,0.0,-88.0,-88.0,0.0,0.0,0.0,0.0,0.0,0.0,0.0,0.0,0.0,0.0,0.0,0.0,0.0,0.0,0.0,0.0,0.0,0.0,0.0,0.0,0.0,0.0,0.0,0.0,0.0,0.0,0.0,0.0,0.0,0.0,-96.0,0.0,0.0,-94.0,0.0,0.0,0.0,0.0,0.0,-84.0,0.0,0.0,0.0,0.0,0.0,0.0,0.0,0.0,0.0,0.0,0.0,0.0,0.0,0.0,0.0,-92.0,0.0,0.0,-95.0,0.0,0.0,0.0,0.0,0.0,0.0,Aula20
465,466,0.0,0.0,0.0,0.0,0.0,0.0,0.0,0.0,-73.0,0.0,0.0,-67.0,-67.0,-70.0,-70.0,-76.0,-77.0,0.0,0.0,0.0,-80.0,-81.0,0.0,0.0,-58.0,-58.0,-78.0,-77.0,-75.0,-75.0,-73.0,-73.0,-63.0,-63.0,-73.0,-73.0,0.0,-84.0,0.0,0.0,0.0,0.0,-88.0,-88.0,-82.0,-82.0,0.0,0.0,0.0,0.0,0.0,0.0,0.0,0.0,0.0,0.0,0.0,0.0,-81.0,-81.0,-94.0,-92.0,0.0,0.0,0.0,0.0,0.0,0.0,0.0,0.0,0.0,0.0,0.0,0.0,0.0,0.0,0.0,0.0,0.0,0.0,0.0,0.0,0.0,-85.0,0.0,0.0,0.0,0.0,0.0,0.0,0.0,0.0,0.0,0.0,0.0,0.0,0.0,0.0,0.0,0.0,0.0,-82.0,0.0,0.0,0.0,0.0,0.0,0.0,0.0,Aula20
466,467,0.0,-81.0,0.0,0.0,0.0,0.0,0.0,0.0,-73.0,-61.0,0.0,-68.0,-67.0,-70.0,-70.0,-77.0,-76.0,0.0,0.0,0.0,0.0,0.0,0.0,0.0,-58.0,-58.0,-78.0,-78.0,-74.0,-75.0,-73.0,-73.0,-62.0,-61.0,-73.0,-72.0,0.0,0.0,0.0,0.0,0.0,0.0,-89.0,-89.0,0.0,0.0,0.0,0.0,0.0,0.0,0.0,0.0,0.0,0.0,0.0,0.0,0.0,0.0,0.0,-81.0,-93.0,-92.0,0.0,0.0,0.0,0.0,0.0,0.0,0.0,0.0,0.0,0.0,0.0,-94.0,0.0,0.0,0.0,0.0,-74.0,0.0,0.0,0.0,0.0,-85.0,0.0,0.0,0.0,0.0,0.0,0.0,-83.0,0.0,0.0,0.0,0.0,0.0,0.0,0.0,0.0,0.0,0.0,0.0,-96.0,0.0,0.0,0.0,0.0,0.0,0.0,Aula20
467,468,0.0,0.0,0.0,0.0,0.0,-95.0,0.0,0.0,-73.0,-55.0,0.0,0.0,0.0,-70.0,-70.0,-76.0,-77.0,0.0,0.0,0.0,-79.0,-80.0,0.0,0.0,-58.0,-58.0,-78.0,-78.0,0.0,-76.0,-72.0,-72.0,-62.0,-62.0,-73.0,-73.0,0.0,0.0,-95.0,0.0,0.0,-77.0,-89.0,-89.0,-82.0,-81.0,0.0,0.0,0.0,0.0,0.0,0.0,0.0,0.0,0.0,0.0,0.0,0.0,-81.0,0.0,-93.0,0.0,0.0,0.0,0.0,0.0,0.0,0.0,0.0,0.0,0.0,0.0,0.0,0.0,0.0,0.0,0.0,0.0,-78.0,0.0,0.0,0.0,0.0,-85.0,0.0,0.0,0.0,0.0,0.0,0.0,0.0,0.0,0.0,0.0,0.0,0.0,0.0,0.0,0.0,0.0,0.0,0.0,0.0,0.0,0.0,0.0,0.0,0.0,0.0,Aula20
468,469,0.0,0.0,0.0,0.0,0.0,0.0,0.0,0.0,-73.0,-55.0,0.0,-67.0,0.0,-70.0,-70.0,0.0,0.0,0.0,0.0,0.0,-80.0,-80.0,0.0,0.0,-58.0,-58.0,-78.0,-78.0,-75.0,0.0,-72.0,-72.0,-62.0,-62.0,-75.0,-74.0,0.0,-84.0,0.0,0.0,-77.0,-76.0,-87.0,-88.0,0.0,-82.0,0.0,0.0,0.0,0.0,0.0,0.0,0.0,0.0,0.0,0.0,0.0,0.0,0.0,0.0,0.0,0.0,0.0,0.0,-94.0,-92.0,0.0,0.0,0.0,0.0,-89.0,0.0,0.0,0.0,0.0,0.0,0.0,0.0,0.0,0.0,0.0,0.0,0.0,-84.0,0.0,0.0,0.0,0.0,0.0,0.0,0.0,0.0,0.0,0.0,0.0,0.0,0.0,0.0,0.0,0.0,0.0,0.0,0.0,0.0,0.0,0.0,0.0,0.0,0.0,Aula20
469,470,0.0,0.0,0.0,0.0,0.0,0.0,0.0,0.0,-74.0,-54.0,0.0,-67.0,-67.0,-70.0,-70.0,0.0,0.0,0.0,0.0,0.0,0.0,0.0,0.0,0.0,0.0,-59.0,-78.0,-78.0,0.0,0.0,-73.0,-73.0,-61.0,-62.0,-74.0,-73.0,0.0,0.0,0.0,0.0,-75.0,-76.0,-89.0,-88.0,0.0,0.0,0.0,0.0,0.0,0.0,0.0,0.0,0.0,0.0,0.0,0.0,0.0,0.0,0.0,0.0,0.0,-93.0,0.0,0.0,0.0,0.0,0.0,0.0,0.0,0.0,-86.0,0.0,0.0,0.0,0.0,0.0,0.0,0.0,0.0,0.0,0.0,0.0,0.0,-85.0,0.0,0.0,0.0,0.0,0.0,0.0,0.0,0.0,0.0,-96.0,0.0,0.0,0.0,0.0,0.0,0.0,0.0,-84.0,0.0,0.0,-87.0,0.0,0.0,0.0,0.0,Aula20
470,471,0.0,-81.0,0.0,0.0,0.0,0.0,0.0,0.0,-73.0,-55.0,0.0,-68.0,-64.0,-69.0,-69.0,-76.0,-76.0,0.0,0.0,0.0,-80.0,-80.0,0.0,0.0,-58.0,-59.0,-79.0,-79.0,-73.0,-75.0,-73.0,-73.0,-61.0,-61.0,-72.0,-73.0,0.0,0.0,0.0,0.0,0.0,0.0,-88.0,-89.0,-81.0,-82.0,0.0,0.0,0.0,0.0,0.0,0.0,0.0,0.0,0.0,0.0,0.0,0.0,-81.0,-81.0,0.0,0.0,0.0,0.0,0.0,0.0,0.0,0.0,0.0,0.0,-87.0,0.0,0.0,0.0,0.0,0.0,0.0,0.0,0.0,0.0,0.0,0.0,0.0,-85.0,0.0,0.0,0.0,0.0,0.0,0.0,0.0,0.0,0.0,0.0,0.0,0.0,0.0,0.0,0.0,0.0,0.0,-82.0,0.0,0.0,0.0,0.0,0.0,0.0,0.0,Aula20
471,472,0.0,-81.0,0.0,0.0,0.0,0.0,0.0,0.0,-72.0,-55.0,0.0,-66.0,0.0,-70.0,-69.0,0.0,0.0,0.0,0.0,0.0,-79.0,0.0,0.0,0.0,-58.0,-58.0,-79.0,-79.0,0.0,-76.0,-73.0,-73.0,-62.0,-61.0,-72.0,-72.0,-85.0,-84.0,0.0,0.0,0.0,0.0,-88.0,-88.0,0.0,0.0,0.0,0.0,0.0,0.0,0.0,0.0,0.0,0.0,0.0,0.0,0.0,0.0,0.0,0.0,-94.0,-94.0,0.0,0.0,0.0,0.0,0.0,0.0,0.0,0.0,0.0,0.0,0.0,-97.0,0.0,0.0,0.0,0.0,-79.0,0.0,0.0,0.0,0.0,-82.0,0.0,0.0,0.0,0.0,0.0,0.0,0.0,0.0,0.0,0.0,0.0,0.0,0.0,0.0,0.0,0.0,0.0,0.0,0.0,0.0,0.0,0.0,0.0,0.0,0.0,Aula20
472,473,0.0,0.0,0.0,0.0,0.0,0.0,0.0,0.0,-73.0,-54.0,0.0,0.0,0.0,-70.0,-70.0,-75.0,-76.0,0.0,0.0,0.0,0.0,0.0,0.0,0.0,-60.0,-59.0,-78.0,-78.0,-75.0,0.0,-74.0,-74.0,-63.0,-61.0,-72.0,-73.0,-83.0,-84.0,0.0,0.0,0.0,0.0,-88.0,-89.0,-83.0,-83.0,0.0,0.0,0.0,0.0,0.0,0.0,0.0,0.0,0.0,0.0,0.0,0.0,-81.0,-81.0,-94.0,-92.0,0.0,0.0,-92.0,-92.0,0.0,0.0,0.0,0.0,0.0,0.0,0.0,0.0,0.0,0.0,0.0,0.0,-79.0,0.0,0.0,0.0,0.0,0.0,0.0,0.0,0.0,0.0,0.0,0.0,0.0,0.0,0.0,0.0,0.0,0.0,0.0,0.0,0.0,0.0,0.0,0.0,0.0,0.0,0.0,0.0,0.0,0.0,0.0,Aula20
473,474,0.0,-81.0,0.0,0.0,0.0,0.0,0.0,0.0,-73.0,-61.0,0.0,0.0,0.0,-71.0,-71.0,-76.0,-77.0,0.0,0.0,0.0,-80.0,-80.0,0.0,0.0,-58.0,-58.0,-78.0,-78.0,-75.0,-76.0,-72.0,-72.0,-61.0,-62.0,-75.0,-75.0,-83.0,-84.0,0.0,0.0,0.0,0.0,-90.0,-89.0,-82.0,-82.0,0.0,0.0,0.0,0.0,0.0,0.0,0.0,0.0,0.0,0.0,0.0,0.0,-81.0,-80.0,-93.0,-94.0,0.0,0.0,-94.0,-94.0,0.0,0.0,0.0,0.0,0.0,0.0,0.0,0.0,0.0,0.0,0.0,0.0,0.0,0.0,0.0,0.0,0.0,-82.0,0.0,0.0,0.0,0.0,0.0,0.0,-82.0,0.0,0.0,0.0,0.0,0.0,0.0,0.0,0.0,-94.0,0.0,0.0,0.0,0.0,0.0,0.0,0.0,0.0,0.0,Aula20
474,475,0.0,-82.0,0.0,0.0,0.0,0.0,0.0,0.0,-73.0,-54.0,0.0,0.0,0.0,-71.0,-71.0,0.0,0.0,0.0,0.0,0.0,0.0,0.0,0.0,0.0,-60.0,-60.0,-78.0,-78.0,-76.0,-77.0,-72.0,-72.0,-61.0,-62.0,-73.0,-73.0,-84.0,-84.0,0.0,0.0,0.0,-75.0,-89.0,-88.0,0.0,0.0,0.0,0.0,0.0,0.0,0.0,0.0,0.0,0.0,0.0,0.0,0.0,0.0,0.0,0.0,-91.0,-92.0,0.0,0.0,0.0,0.0,0.0,0.0,0.0,0.0,0.0,0.0,0.0,0.0,0.0,0.0,0.0,0.0,-80.0,0.0,0.0,0.0,0.0,-85.0,0.0,0.0,0.0,0.0,0.0,0.0,0.0,0.0,0.0,0.0,0.0,0.0,0.0,0.0,0.0,0.0,0.0,0.0,0.0,0.0,0.0,0.0,0.0,0.0,0.0,Aula20
475,476,0.0,-81.0,0.0,0.0,0.0,0.0,0.0,0.0,-73.0,-54.0,0.0,0.0,-67.0,-71.0,-70.0,-75.0,-76.0,0.0,0.0,0.0,-81.0,-81.0,0.0,0.0,-58.0,-59.0,-77.0,-77.0,-77.0,0.0,-72.0,-72.0,-61.0,-61.0,-73.0,-73.0,-82.0,-83.0,0.0,0.0,0.0,-75.0,-89.0,-89.0,0.0,-82.0,0.0,0.0,0.0,0.0,0.0,0.0,0.0,0.0,0.0,0.0,0.0,0.0,-81.0,-82.0,-92.0,-91.0,0.0,0.0,0.0,0.0,0.0,0.0,0.0,0.0,0.0,0.0,0.0,0.0,0.0,0.0,0.0,0.0,-79.0,0.0,0.0,0.0,0.0,-85.0,0.0,0.0,0.0,0.0,0.0,0.0,-82.0,0.0,0.0,0.0,0.0,0.0,0.0,0.0,0.0,0.0,0.0,0.0,0.0,0.0,0.0,0.0,0.0,0.0,0.0,Aula20
476,477,0.0,0.0,0.0,0.0,0.0,0.0,0.0,0.0,-73.0,-55.0,0.0,-66.0,-67.0,-70.0,-70.0,-76.0,-77.0,0.0,0.0,0.0,-81.0,-79.0,0.0,0.0,-61.0,-60.0,-79.0,-79.0,-77.0,-77.0,-72.0,-72.0,-62.0,-62.0,-73.0,-72.0,0.0,0.0,0.0,0.0,0.0,0.0,-89.0,-89.0,-82.0,-81.0,0.0,0.0,0.0,0.0,0.0,0.0,0.0,0.0,0.0,0.0,0.0,0.0,-81.0,-82.0,-94.0,-94.0,0.0,0.0,0.0,0.0,0.0,0.0,0.0,0.0,-86.0,0.0,0.0,0.0,0.0,0.0,0.0,0.0,0.0,0.0,0.0,0.0,0.0,-85.0,0.0,0.0,0.0,0.0,0.0,0.0,0.0,0.0,0.0,0.0,0.0,0.0,0.0,0.0,0.0,0.0,0.0,-82.0,0.0,0.0,0.0,0.0,0.0,0.0,0.0,Aula20
477,478,0.0,0.0,0.0,0.0,0.0,0.0,0.0,0.0,-74.0,0.0,0.0,0.0,-67.0,-71.0,-71.0,-76.0,-77.0,0.0,0.0,0.0,-80.0,-80.0,0.0,0.0,-57.0,-58.0,-77.0,-77.0,-76.0,-76.0,-73.0,-73.0,-62.0,-63.0,-74.0,-73.0,0.0,0.0,0.0,0.0,0.0,0.0,-88.0,-89.0,-82.0,-82.0,0.0,0.0,0.0,0.0,0.0,0.0,0.0,0.0,0.0,0.0,0.0,0.0,-82.0,-82.0,-94.0,-94.0,0.0,0.0,0.0,0.0,-89.0,0.0,0.0,-92.0,0.0,0.0,0.0,0.0,0.0,0.0,0.0,0.0,0.0,0.0,0.0,0.0,0.0,0.0,0.0,0.0,0.0,0.0,0.0,0.0,-82.0,0.0,0.0,0.0,0.0,0.0,0.0,0.0,0.0,0.0,0.0,0.0,0.0,0.0,0.0,0.0,0.0,0.0,0.0,Aula20
478,479,0.0,-82.0,0.0,0.0,0.0,0.0,0.0,0.0,-73.0,-54.0,0.0,0.0,-67.0,-70.0,-70.0,-76.0,-76.0,0.0,0.0,0.0,0.0,0.0,0.0,0.0,-58.0,-58.0,-79.0,-79.0,0.0,-76.0,-72.0,-72.0,-61.0,-62.0,-73.0,-73.0,0.0,0.0,0.0,0.0,0.0,-76.0,-88.0,0.0,-82.0,-82.0,0.0,0.0,0.0,0.0,0.0,0.0,0.0,0.0,0.0,0.0,0.0,0.0,-81.0,-81.0,0.0,0.0,0.0,0.0,0.0,-93.0,0.0,0.0,0.0,0.0,0.0,0.0,0.0,0.0,0.0,0.0,0.0,-95.0,0.0,0.0,0.0,0.0,0.0,-87.0,0.0,0.0,0.0,0.0,0.0,0.0,0.0,0.0,0.0,0.0,0.0,0.0,0.0,0.0,0.0,0.0,0.0,0.0,0.0,0.0,0.0,0.0,0.0,0.0,0.0,Aula20
479,480,0.0,-85.0,0.0,0.0,0.0,0.0,0.0,0.0,-72.0,-55.0,0.0,0.0,0.0,-70.0,-70.0,-77.0,-77.0,0.0,0.0,0.0,-82.0,-82.0,0.0,0.0,-59.0,-59.0,-78.0,-78.0,-76.0,-76.0,-73.0,-73.0,-61.0,-62.0,-73.0,-73.0,0.0,-85.0,0.0,0.0,0.0,0.0,-88.0,-87.0,-82.0,-81.0,0.0,0.0,0.0,0.0,0.0,0.0,0.0,0.0,0.0,0.0,0.0,0.0,0.0,-81.0,-92.0,-94.0,0.0,0.0,-91.0,-92.0,0.0,0.0,0.0,0.0,0.0,0.0,0.0,0.0,0.0,0.0,0.0,0.0,-77.0,0.0,0.0,0.0,0.0,-84.0,0.0,0.0,0.0,0.0,0.0,0.0,-82.0,0.0,0.0,0.0,0.0,0.0,0.0,0.0,0.0,0.0,0.0,0.0,0.0,0.0,0.0,0.0,0.0,0.0,0.0,Aula20
480,481,0.0,-83.0,0.0,0.0,0.0,0.0,0.0,0.0,-73.0,0.0,0.0,0.0,-67.0,-70.0,-70.0,0.0,0.0,0.0,0.0,0.0,0.0,0.0,0.0,0.0,-59.0,-58.0,-79.0,-79.0,-77.0,-77.0,-72.0,-72.0,-62.0,-62.0,-73.0,-73.0,-85.0,-85.0,0.0,0.0,-76.0,-77.0,-89.0,-88.0,0.0,-81.0,0.0,0.0,0.0,0.0,0.0,0.0,0.0,0.0,0.0,0.0,0.0,0.0,0.0,0.0,-94.0,0.0,0.0,0.0,-93.0,-92.0,0.0,0.0,0.0,0.0,0.0,0.0,0.0,0.0,0.0,0.0,0.0,0.0,0.0,0.0,0.0,0.0,0.0,-85.0,0.0,0.0,0.0,0.0,0.0,0.0,-84.0,0.0,0.0,0.0,0.0,0.0,0.0,0.0,0.0,0.0,0.0,-81.0,0.0,0.0,0.0,0.0,0.0,0.0,0.0,Aula20
481,482,0.0,-85.0,0.0,0.0,0.0,0.0,0.0,0.0,-73.0,0.0,0.0,-67.0,-67.0,-70.0,-70.0,-76.0,0.0,0.0,0.0,0.0,0.0,0.0,0.0,0.0,-58.0,-58.0,-77.0,-78.0,0.0,-77.0,-73.0,-73.0,-62.0,-62.0,-73.0,-73.0,0.0,0.0,0.0,0.0,-76.0,-77.0,-87.0,0.0,0.0,0.0,0.0,0.0,0.0,0.0,0.0,0.0,0.0,0.0,0.0,0.0,0.0,0.0,0.0,0.0,0.0,0.0,0.0,0.0,0.0,0.0,0.0,0.0,0.0,0.0,0.0,0.0,0.0,0.0,0.0,0.0,0.0,0.0,-79.0,0.0,0.0,0.0,0.0,-85.0,0.0,0.0,0.0,0.0,0.0,0.0,-84.0,0.0,0.0,0.0,0.0,0.0,0.0,0.0,0.0,0.0,0.0,-82.0,0.0,0.0,0.0,0.0,0.0,0.0,0.0,Aula20
482,483,0.0,0.0,0.0,0.0,0.0,0.0,0.0,0.0,-73.0,-54.0,0.0,-68.0,-67.0,-71.0,-71.0,-76.0,-77.0,0.0,0.0,0.0,-80.0,-81.0,0.0,-94.0,0.0,0.0,-79.0,-79.0,-77.0,-76.0,-73.0,-73.0,-61.0,-62.0,-73.0,-73.0,0.0,0.0,0.0,0.0,0.0,0.0,-88.0,-88.0,-84.0,-82.0,0.0,0.0,0.0,0.0,0.0,0.0,0.0,0.0,0.0,0.0,0.0,0.0,-81.0,-81.0,-92.0,-94.0,0.0,0.0,0.0,0.0,0.0,0.0,0.0,0.0,-82.0,0.0,0.0,0.0,0.0,0.0,0.0,0.0,-81.0,0.0,0.0,0.0,0.0,-84.0,0.0,0.0,0.0,0.0,0.0,0.0,0.0,0.0,0.0,0.0,0.0,0.0,0.0,0.0,0.0,0.0,0.0,-82.0,0.0,0.0,0.0,0.0,0.0,0.0,0.0,Aula20
483,484,0.0,-84.0,0.0,0.0,0.0,0.0,0.0,0.0,-74.0,-61.0,0.0,-66.0,-67.0,-70.0,-71.0,-75.0,-76.0,0.0,0.0,0.0,0.0,0.0,0.0,0.0,-59.0,-58.0,-79.0,-79.0,-77.0,-75.0,-71.0,-71.0,-62.0,-61.0,-72.0,-72.0,0.0,0.0,0.0,0.0,-76.0,-77.0,-88.0,-87.0,-82.0,-82.0,0.0,0.0,0.0,0.0,0.0,0.0,0.0,0.0,0.0,0.0,0.0,0.0,-80.0,-80.0,-96.0,-94.0,0.0,0.0,0.0,0.0,0.0,0.0,0.0,0.0,0.0,0.0,0.0,0.0,0.0,0.0,0.0,0.0,0.0,0.0,0.0,0.0,0.0,0.0,0.0,0.0,0.0,0.0,0.0,0.0,-84.0,0.0,0.0,0.0,0.0,0.0,0.0,0.0,0.0,0.0,0.0,-81.0,0.0,0.0,0.0,0.0,0.0,0.0,0.0,Aula20
484,485,0.0,0.0,0.0,0.0,0.0,0.0,0.0,0.0,-72.0,-55.0,0.0,-66.0,-66.0,-73.0,-72.0,-77.0,-79.0,0.0,0.0,0.0,0.0,0.0,0.0,0.0,-61.0,0.0,-75.0,-75.0,-74.0,-76.0,-74.0,-74.0,-60.0,-60.0,-74.0,-74.0,0.0,0.0,0.0,0.0,-76.0,-76.0,-89.0,-89.0,0.0,0.0,0.0,0.0,0.0,0.0,0.0,0.0,0.0,0.0,0.0,0.0,0.0,0.0,-79.0,-79.0,-94.0,0.0,0.0,0.0,0.0,0.0,0.0,0.0,0.0,0.0,-85.0,0.0,0.0,0.0,0.0,0.0,0.0,0.0,0.0,0.0,0.0,0.0,0.0,-86.0,0.0,0.0,0.0,0.0,0.0,0.0,0.0,0.0,0.0,0.0,0.0,0.0,0.0,0.0,0.0,0.0,0.0,-81.0,0.0,0.0,0.0,0.0,0.0,0.0,0.0,Aula20
485,486,0.0,0.0,0.0,0.0,0.0,0.0,0.0,0.0,-71.0,-55.0,0.0,0.0,0.0,-73.0,-73.0,-77.0,-77.0,0.0,0.0,0.0,-81.0,-81.0,0.0,0.0,-60.0,-60.0,-76.0,0.0,0.0,-75.0,-73.0,-73.0,-60.0,-60.0,-74.0,-73.0,-83.0,0.0,0.0,0.0,0.0,0.0,-88.0,-88.0,-83.0,0.0,0.0,0.0,0.0,0.0,0.0,0.0,0.0,0.0,0.0,0.0,0.0,0.0,-81.0,-81.0,-94.0,-94.0,0.0,0.0,0.0,0.0,0.0,0.0,0.0,0.0,0.0,0.0,0.0,0.0,0.0,0.0,0.0,0.0,0.0,0.0,0.0,0.0,0.0,0.0,0.0,0.0,0.0,0.0,0.0,0.0,0.0,0.0,0.0,0.0,0.0,0.0,0.0,0.0,0.0,0.0,0.0,0.0,0.0,0.0,0.0,0.0,0.0,0.0,0.0,Aula20
486,487,0.0,-81.0,0.0,0.0,0.0,0.0,0.0,0.0,-70.0,-56.0,0.0,0.0,-66.0,-72.0,-72.0,-76.0,-76.0,0.0,0.0,0.0,-80.0,-79.0,0.0,0.0,-60.0,0.0,-75.0,0.0,0.0,0.0,-73.0,-73.0,-59.0,-59.0,-74.0,-75.0,-82.0,-82.0,0.0,0.0,-75.0,0.0,-89.0,-88.0,0.0,-82.0,0.0,0.0,0.0,0.0,0.0,0.0,0.0,0.0,0.0,0.0,0.0,0.0,-80.0,-80.0,-94.0,-96.0,0.0,0.0,0.0,0.0,0.0,0.0,0.0,0.0,0.0,0.0,0.0,0.0,0.0,0.0,0.0,0.0,0.0,0.0,0.0,0.0,0.0,-85.0,0.0,0.0,0.0,0.0,0.0,0.0,-82.0,0.0,0.0,0.0,0.0,0.0,0.0,0.0,0.0,0.0,0.0,0.0,0.0,0.0,0.0,0.0,0.0,0.0,0.0,Aula20
487,488,0.0,0.0,0.0,0.0,0.0,0.0,0.0,0.0,-74.0,-56.0,0.0,-66.0,0.0,-71.0,-71.0,0.0,0.0,0.0,0.0,0.0,-81.0,-83.0,0.0,0.0,-55.0,-56.0,-73.0,-73.0,-76.0,-76.0,0.0,0.0,-60.0,-60.0,-75.0,-75.0,0.0,-83.0,-96.0,0.0,0.0,0.0,-88.0,0.0,-86.0,-85.0,0.0,0.0,0.0,0.0,0.0,0.0,0.0,0.0,0.0,0.0,0.0,0.0,-77.0,-77.0,0.0,-94.0,0.0,0.0,0.0,0.0,0.0,0.0,0.0,0.0,-83.0,0.0,0.0,0.0,0.0,0.0,0.0,-92.0,0.0,0.0,0.0,0.0,0.0,0.0,0.0,0.0,0.0,0.0,0.0,0.0,0.0,0.0,0.0,0.0,0.0,0.0,0.0,0.0,0.0,-91.0,0.0,0.0,0.0,0.0,0.0,0.0,0.0,0.0,0.0,Aula20
488,489,0.0,0.0,0.0,0.0,0.0,0.0,0.0,0.0,-74.0,-56.0,0.0,-66.0,0.0,-71.0,-71.0,0.0,0.0,0.0,0.0,0.0,-81.0,-83.0,0.0,0.0,-55.0,-56.0,-73.0,-73.0,-76.0,-76.0,0.0,0.0,-60.0,-60.0,-75.0,-75.0,0.0,-83.0,-96.0,0.0,0.0,0.0,-88.0,0.0,-86.0,-85.0,0.0,0.0,0.0,0.0,0.0,0.0,0.0,0.0,0.0,0.0,0.0,0.0,-77.0,-77.0,0.0,-94.0,0.0,0.0,0.0,0.0,0.0,0.0,0.0,0.0,-83.0,0.0,0.0,0.0,0.0,0.0,0.0,-92.0,0.0,0.0,0.0,0.0,0.0,0.0,0.0,0.0,0.0,0.0,0.0,0.0,0.0,0.0,0.0,0.0,0.0,0.0,0.0,0.0,0.0,-91.0,0.0,0.0,0.0,0.0,0.0,0.0,0.0,0.0,0.0,Aula20
489,490,0.0,-86.0,0.0,0.0,0.0,0.0,0.0,0.0,-73.0,-55.0,0.0,0.0,0.0,-71.0,-71.0,-77.0,-77.0,0.0,0.0,0.0,-81.0,-80.0,-97.0,-96.0,-62.0,-62.0,-77.0,-77.0,-77.0,-76.0,-74.0,-73.0,-59.0,-59.0,-74.0,-74.0,-84.0,0.0,0.0,0.0,0.0,0.0,-88.0,-89.0,-84.0,-84.0,0.0,0.0,0.0,0.0,0.0,0.0,0.0,0.0,0.0,0.0,0.0,0.0,-81.0,-81.0,-94.0,0.0,0.0,0.0,-94.0,0.0,0.0,0.0,0.0,0.0,0.0,0.0,0.0,0.0,0.0,0.0,0.0,0.0,-80.0,0.0,0.0,0.0,0.0,-85.0,0.0,0.0,0.0,0.0,0.0,0.0,-83.0,0.0,0.0,0.0,0.0,0.0,0.0,0.0,0.0,0.0,0.0,-81.0,0.0,0.0,0.0,0.0,0.0,0.0,0.0,Aula20
490,491,0.0,-86.0,0.0,0.0,0.0,0.0,0.0,0.0,-73.0,-55.0,0.0,0.0,0.0,-71.0,-71.0,-77.0,-77.0,0.0,0.0,0.0,-81.0,-80.0,-97.0,-96.0,-62.0,-62.0,-77.0,-77.0,-77.0,-76.0,-74.0,-73.0,-59.0,-59.0,-74.0,-74.0,-84.0,0.0,0.0,0.0,0.0,0.0,-88.0,-89.0,-84.0,-84.0,0.0,0.0,0.0,0.0,0.0,0.0,0.0,0.0,0.0,0.0,0.0,0.0,-81.0,-81.0,-94.0,0.0,0.0,0.0,-94.0,0.0,0.0,0.0,0.0,0.0,0.0,0.0,0.0,0.0,0.0,0.0,0.0,0.0,-80.0,0.0,0.0,0.0,0.0,-85.0,0.0,0.0,0.0,0.0,0.0,0.0,-83.0,0.0,0.0,0.0,0.0,0.0,0.0,0.0,0.0,0.0,0.0,-81.0,0.0,0.0,0.0,0.0,0.0,0.0,0.0,Aula20
491,492,0.0,0.0,0.0,0.0,0.0,0.0,0.0,0.0,-73.0,-55.0,0.0,0.0,0.0,-69.0,-68.0,-76.0,-77.0,0.0,0.0,0.0,0.0,-87.0,0.0,-94.0,-62.0,-62.0,-74.0,-74.0,-72.0,-71.0,-72.0,-72.0,-60.0,-59.0,-73.0,-73.0,0.0,-85.0,0.0,0.0,0.0,0.0,-86.0,-86.0,-81.0,-81.0,0.0,0.0,0.0,0.0,0.0,0.0,0.0,0.0,0.0,0.0,0.0,0.0,-80.0,-79.0,-94.0,-94.0,0.0,0.0,0.0,0.0,0.0,0.0,0.0,0.0,0.0,0.0,0.0,0.0,0.0,0.0,0.0,0.0,0.0,0.0,0.0,0.0,0.0,-81.0,0.0,0.0,0.0,0.0,0.0,0.0,0.0,0.0,0.0,0.0,0.0,0.0,0.0,0.0,0.0,0.0,0.0,0.0,0.0,0.0,0.0,0.0,0.0,0.0,0.0,Aula20
492,493,0.0,0.0,0.0,0.0,0.0,0.0,0.0,0.0,-67.0,-67.0,0.0,0.0,0.0,0.0,0.0,-69.0,-70.0,-79.0,-79.0,0.0,0.0,0.0,0.0,0.0,-69.0,-70.0,-76.0,-75.0,0.0,0.0,0.0,0.0,-76.0,0.0,0.0,0.0,0.0,-86.0,0.0,0.0,0.0,0.0,0.0,0.0,0.0,0.0,0.0,0.0,0.0,0.0,0.0,0.0,0.0,0.0,0.0,0.0,0.0,0.0,0.0,0.0,0.0,0.0,0.0,0.0,0.0,0.0,0.0,0.0,0.0,0.0,-61.0,-79.0,0.0,0.0,0.0,-78.0,0.0,0.0,0.0,0.0,0.0,0.0,0.0,0.0,0.0,0.0,0.0,0.0,0.0,0.0,0.0,0.0,0.0,0.0,0.0,0.0,0.0,0.0,0.0,0.0,0.0,0.0,0.0,0.0,0.0,0.0,0.0,0.0,0.0,Sala profes
493,494,0.0,0.0,0.0,0.0,0.0,0.0,0.0,0.0,-69.0,-57.0,0.0,0.0,0.0,0.0,0.0,-74.0,-75.0,-81.0,-82.0,0.0,0.0,0.0,0.0,0.0,-66.0,-65.0,-76.0,-76.0,0.0,0.0,0.0,0.0,0.0,-74.0,0.0,0.0,0.0,0.0,-91.0,-91.0,0.0,0.0,0.0,0.0,0.0,0.0,0.0,0.0,0.0,0.0,0.0,0.0,0.0,0.0,0.0,0.0,0.0,0.0,0.0,0.0,0.0,0.0,0.0,0.0,0.0,0.0,0.0,0.0,0.0,0.0,-67.0,0.0,0.0,0.0,0.0,0.0,0.0,0.0,0.0,0.0,0.0,0.0,0.0,0.0,0.0,0.0,0.0,0.0,0.0,0.0,0.0,0.0,0.0,0.0,0.0,0.0,0.0,0.0,0.0,0.0,0.0,0.0,0.0,0.0,0.0,0.0,0.0,0.0,0.0,Sala profes
494,495,0.0,0.0,0.0,0.0,0.0,0.0,0.0,0.0,-68.0,-58.0,0.0,0.0,0.0,0.0,0.0,-73.0,-73.0,-81.0,-82.0,0.0,0.0,0.0,0.0,0.0,0.0,0.0,-75.0,-75.0,0.0,0.0,0.0,0.0,-75.0,-75.0,0.0,0.0,0.0,0.0,-91.0,-91.0,0.0,0.0,0.0,0.0,0.0,0.0,0.0,0.0,0.0,0.0,0.0,0.0,0.0,0.0,0.0,0.0,0.0,0.0,0.0,0.0,0.0,0.0,0.0,0.0,0.0,0.0,0.0,0.0,0.0,0.0,-66.0,-77.0,0.0,0.0,0.0,-77.0,0.0,0.0,0.0,0.0,0.0,0.0,0.0,0.0,0.0,0.0,0.0,0.0,0.0,0.0,0.0,0.0,0.0,0.0,0.0,0.0,0.0,0.0,0.0,0.0,0.0,0.0,0.0,0.0,0.0,0.0,0.0,0.0,0.0,Sala profes
495,496,0.0,0.0,0.0,0.0,0.0,0.0,0.0,0.0,-67.0,-52.0,0.0,0.0,0.0,0.0,0.0,-70.0,-71.0,-82.0,-81.0,0.0,0.0,0.0,0.0,0.0,-63.0,-64.0,0.0,-85.0,0.0,0.0,0.0,0.0,0.0,-80.0,-95.0,-95.0,-80.0,0.0,-94.0,-92.0,0.0,0.0,0.0,0.0,0.0,0.0,0.0,0.0,0.0,0.0,0.0,0.0,0.0,0.0,0.0,0.0,0.0,0.0,0.0,0.0,0.0,0.0,0.0,0.0,0.0,0.0,0.0,0.0,0.0,0.0,-67.0,0.0,0.0,0.0,0.0,-76.0,0.0,0.0,0.0,0.0,0.0,0.0,0.0,0.0,0.0,0.0,0.0,0.0,0.0,0.0,0.0,0.0,0.0,0.0,0.0,0.0,0.0,0.0,0.0,0.0,0.0,0.0,0.0,0.0,0.0,0.0,0.0,0.0,0.0,Sala profes
496,497,0.0,0.0,0.0,0.0,0.0,0.0,0.0,0.0,-66.0,-56.0,0.0,0.0,0.0,0.0,0.0,-73.0,0.0,-82.0,-81.0,0.0,0.0,-89.0,0.0,0.0,-65.0,0.0,-84.0,0.0,0.0,0.0,0.0,0.0,0.0,-74.0,-92.0,-91.0,0.0,0.0,-89.0,-90.0,0.0,0.0,0.0,0.0,0.0,0.0,0.0,0.0,0.0,0.0,0.0,0.0,0.0,0.0,0.0,0.0,0.0,0.0,0.0,0.0,0.0,0.0,0.0,0.0,0.0,0.0,0.0,0.0,0.0,0.0,-67.0,0.0,0.0,0.0,0.0,-78.0,0.0,0.0,0.0,0.0,0.0,0.0,0.0,0.0,0.0,0.0,0.0,0.0,0.0,0.0,0.0,0.0,0.0,0.0,0.0,0.0,0.0,0.0,0.0,0.0,0.0,-85.0,0.0,0.0,0.0,0.0,0.0,0.0,0.0,Sala profes
497,498,0.0,0.0,0.0,0.0,0.0,0.0,-97.0,-98.0,-66.0,-53.0,0.0,0.0,0.0,0.0,0.0,-72.0,-72.0,-80.0,-80.0,0.0,0.0,0.0,0.0,0.0,-66.0,-66.0,0.0,0.0,0.0,0.0,0.0,0.0,-74.0,-74.0,-91.0,-92.0,0.0,0.0,-89.0,-89.0,0.0,0.0,0.0,0.0,0.0,0.0,0.0,0.0,0.0,0.0,0.0,0.0,0.0,0.0,0.0,0.0,0.0,0.0,0.0,0.0,0.0,0.0,0.0,0.0,0.0,0.0,0.0,0.0,0.0,0.0,-68.0,-78.0,0.0,0.0,0.0,-78.0,0.0,0.0,0.0,0.0,0.0,0.0,0.0,0.0,0.0,0.0,0.0,0.0,0.0,0.0,0.0,0.0,0.0,0.0,0.0,0.0,0.0,0.0,0.0,0.0,0.0,0.0,0.0,0.0,0.0,0.0,0.0,0.0,0.0,Sala profes
498,499,0.0,0.0,0.0,0.0,0.0,0.0,-94.0,0.0,-67.0,-53.0,-88.0,0.0,0.0,0.0,0.0,-73.0,-73.0,-80.0,-80.0,0.0,0.0,0.0,0.0,0.0,-66.0,0.0,0.0,0.0,0.0,0.0,0.0,0.0,-73.0,-74.0,-92.0,-92.0,0.0,0.0,-89.0,-89.0,0.0,0.0,0.0,0.0,0.0,0.0,0.0,0.0,0.0,0.0,0.0,0.0,0.0,0.0,0.0,0.0,0.0,0.0,0.0,0.0,0.0,0.0,0.0,0.0,0.0,0.0,0.0,0.0,0.0,0.0,-69.0,0.0,0.0,0.0,0.0,-80.0,0.0,0.0,0.0,0.0,0.0,0.0,0.0,0.0,0.0,0.0,0.0,0.0,0.0,0.0,0.0,0.0,0.0,0.0,0.0,-91.0,0.0,0.0,0.0,0.0,0.0,-84.0,0.0,0.0,0.0,0.0,0.0,0.0,0.0,Sala profes
499,500,0.0,0.0,0.0,0.0,0.0,0.0,0.0,0.0,-67.0,-54.0,0.0,0.0,0.0,0.0,0.0,-74.0,-74.0,-80.0,-80.0,0.0,0.0,0.0,0.0,0.0,-67.0,-67.0,-85.0,-85.0,0.0,0.0,0.0,0.0,-75.0,-74.0,-93.0,-94.0,0.0,-85.0,0.0,-89.0,0.0,0.0,0.0,0.0,0.0,0.0,0.0,0.0,0.0,0.0,0.0,0.0,0.0,0.0,0.0,0.0,0.0,0.0,0.0,0.0,0.0,0.0,0.0,0.0,0.0,0.0,0.0,0.0,0.0,0.0,-70.0,0.0,0.0,0.0,0.0,-79.0,0.0,0.0,0.0,0.0,0.0,0.0,0.0,0.0,0.0,0.0,0.0,0.0,0.0,0.0,0.0,0.0,0.0,0.0,0.0,0.0,0.0,0.0,0.0,0.0,0.0,0.0,0.0,0.0,0.0,0.0,0.0,0.0,0.0,Sala profes
500,501,0.0,0.0,0.0,0.0,0.0,-83.0,-96.0,-96.0,-67.0,-56.0,0.0,0.0,0.0,0.0,0.0,-73.0,0.0,-81.0,-81.0,0.0,0.0,0.0,0.0,0.0,-67.0,0.0,-84.0,0.0,0.0,0.0,0.0,0.0,-75.0,0.0,-94.0,0.0,0.0,0.0,0.0,-89.0,0.0,0.0,0.0,0.0,0.0,0.0,0.0,0.0,0.0,0.0,0.0,0.0,0.0,0.0,0.0,0.0,0.0,0.0,0.0,0.0,0.0,0.0,0.0,0.0,0.0,0.0,0.0,0.0,0.0,0.0,0.0,-79.0,0.0,0.0,0.0,-78.0,0.0,0.0,0.0,0.0,0.0,0.0,0.0,0.0,0.0,0.0,0.0,0.0,0.0,0.0,0.0,0.0,0.0,0.0,0.0,0.0,0.0,0.0,0.0,0.0,0.0,0.0,0.0,0.0,0.0,0.0,0.0,0.0,0.0,Sala profes
501,502,0.0,0.0,0.0,0.0,0.0,0.0,0.0,0.0,-68.0,-51.0,0.0,0.0,0.0,0.0,0.0,-73.0,-74.0,-79.0,-79.0,0.0,0.0,0.0,0.0,0.0,-65.0,0.0,0.0,-82.0,0.0,0.0,0.0,0.0,-72.0,-72.0,0.0,0.0,0.0,0.0,-89.0,-89.0,0.0,0.0,0.0,0.0,0.0,0.0,0.0,0.0,0.0,0.0,0.0,0.0,0.0,0.0,0.0,0.0,0.0,0.0,0.0,0.0,0.0,0.0,0.0,0.0,0.0,0.0,0.0,0.0,0.0,0.0,-71.0,-82.0,0.0,0.0,0.0,-82.0,0.0,0.0,0.0,0.0,0.0,0.0,0.0,0.0,0.0,0.0,0.0,0.0,0.0,0.0,0.0,0.0,0.0,0.0,0.0,0.0,0.0,0.0,0.0,0.0,-86.0,0.0,0.0,0.0,0.0,0.0,0.0,0.0,0.0,Sala profes
502,503,0.0,0.0,0.0,0.0,0.0,0.0,-96.0,0.0,-67.0,-53.0,0.0,0.0,0.0,0.0,0.0,-74.0,-74.0,-81.0,-80.0,0.0,0.0,0.0,0.0,0.0,-66.0,-66.0,-82.0,-83.0,0.0,0.0,0.0,0.0,-73.0,-73.0,-93.0,-92.0,0.0,0.0,0.0,-89.0,0.0,0.0,0.0,0.0,0.0,0.0,0.0,0.0,0.0,0.0,0.0,0.0,0.0,0.0,0.0,0.0,0.0,0.0,0.0,0.0,0.0,0.0,0.0,0.0,0.0,0.0,0.0,0.0,0.0,0.0,0.0,0.0,0.0,0.0,0.0,-82.0,0.0,0.0,0.0,0.0,0.0,0.0,0.0,0.0,0.0,0.0,0.0,0.0,0.0,0.0,0.0,0.0,0.0,0.0,0.0,0.0,0.0,0.0,0.0,0.0,0.0,-87.0,0.0,0.0,0.0,0.0,0.0,0.0,0.0,Sala profes
503,504,0.0,0.0,0.0,0.0,0.0,-82.0,0.0,0.0,-68.0,-53.0,0.0,0.0,0.0,0.0,0.0,-71.0,-72.0,-80.0,-80.0,0.0,0.0,0.0,0.0,0.0,0.0,-65.0,-82.0,-82.0,0.0,0.0,0.0,0.0,-72.0,-72.0,0.0,0.0,-83.0,0.0,0.0,-90.0,0.0,0.0,0.0,0.0,0.0,0.0,0.0,0.0,0.0,0.0,0.0,0.0,0.0,0.0,0.0,0.0,0.0,0.0,0.0,0.0,0.0,0.0,0.0,0.0,0.0,0.0,0.0,0.0,0.0,0.0,-71.0,0.0,0.0,0.0,0.0,-82.0,0.0,0.0,0.0,0.0,0.0,0.0,0.0,0.0,0.0,0.0,0.0,0.0,0.0,0.0,-81.0,0.0,0.0,0.0,0.0,0.0,0.0,0.0,0.0,0.0,0.0,0.0,0.0,0.0,0.0,0.0,0.0,0.0,0.0,Sala profes
504,505,0.0,0.0,0.0,0.0,0.0,0.0,-97.0,0.0,-67.0,-57.0,0.0,0.0,0.0,0.0,0.0,-73.0,-73.0,-80.0,-80.0,0.0,0.0,0.0,0.0,0.0,-66.0,-66.0,-83.0,0.0,-89.0,0.0,0.0,0.0,-74.0,-72.0,-93.0,0.0,0.0,0.0,-88.0,-89.0,0.0,0.0,0.0,0.0,0.0,0.0,0.0,0.0,0.0,0.0,0.0,0.0,0.0,0.0,0.0,0.0,0.0,0.0,0.0,0.0,0.0,0.0,0.0,0.0,0.0,0.0,0.0,0.0,0.0,0.0,-70.0,-82.0,0.0,0.0,0.0,-82.0,0.0,0.0,0.0,0.0,0.0,0.0,0.0,0.0,0.0,0.0,0.0,0.0,0.0,0.0,0.0,0.0,0.0,0.0,0.0,0.0,0.0,0.0,0.0,0.0,0.0,0.0,0.0,0.0,0.0,0.0,0.0,0.0,0.0,Sala profes
505,506,0.0,0.0,0.0,0.0,0.0,-79.0,0.0,0.0,-65.0,-52.0,0.0,0.0,0.0,0.0,0.0,-75.0,0.0,-81.0,-80.0,0.0,0.0,0.0,0.0,0.0,-67.0,-66.0,-82.0,-82.0,0.0,0.0,0.0,0.0,-73.0,-74.0,-94.0,-92.0,-84.0,-84.0,-92.0,0.0,0.0,0.0,0.0,0.0,0.0,0.0,0.0,0.0,0.0,0.0,0.0,0.0,0.0,0.0,0.0,0.0,0.0,0.0,0.0,0.0,0.0,0.0,0.0,0.0,0.0,0.0,0.0,0.0,0.0,0.0,0.0,0.0,0.0,0.0,0.0,-78.0,0.0,0.0,0.0,0.0,0.0,0.0,0.0,0.0,0.0,0.0,0.0,0.0,0.0,0.0,0.0,0.0,0.0,0.0,0.0,0.0,0.0,0.0,0.0,0.0,0.0,0.0,0.0,0.0,0.0,0.0,0.0,0.0,0.0,Sala profes
506,507,0.0,0.0,0.0,0.0,0.0,0.0,0.0,0.0,-65.0,-52.0,-89.0,0.0,0.0,0.0,0.0,-74.0,-75.0,-80.0,-81.0,0.0,-92.0,0.0,0.0,0.0,-67.0,-66.0,-81.0,-81.0,0.0,0.0,0.0,0.0,-74.0,-73.0,-93.0,-92.0,0.0,0.0,-91.0,-91.0,0.0,0.0,0.0,0.0,0.0,0.0,0.0,0.0,0.0,0.0,0.0,0.0,0.0,0.0,0.0,0.0,0.0,0.0,0.0,0.0,0.0,0.0,0.0,0.0,0.0,0.0,0.0,0.0,0.0,0.0,0.0,-77.0,0.0,0.0,0.0,-77.0,0.0,0.0,0.0,0.0,0.0,0.0,0.0,0.0,0.0,0.0,0.0,0.0,0.0,0.0,0.0,0.0,0.0,0.0,0.0,0.0,0.0,0.0,0.0,0.0,0.0,0.0,0.0,0.0,0.0,0.0,0.0,0.0,0.0,Sala profes
507,508,0.0,0.0,0.0,0.0,0.0,0.0,0.0,0.0,-64.0,-53.0,-88.0,0.0,0.0,0.0,0.0,-76.0,-76.0,-81.0,-81.0,0.0,0.0,0.0,0.0,0.0,-66.0,-66.0,-81.0,-81.0,0.0,0.0,0.0,0.0,-74.0,-74.0,-94.0,-94.0,0.0,0.0,0.0,0.0,0.0,0.0,0.0,0.0,0.0,0.0,0.0,0.0,0.0,0.0,0.0,0.0,0.0,0.0,0.0,0.0,0.0,0.0,0.0,0.0,0.0,0.0,0.0,0.0,0.0,0.0,0.0,0.0,0.0,0.0,0.0,0.0,0.0,0.0,0.0,-78.0,0.0,0.0,0.0,0.0,0.0,0.0,0.0,0.0,0.0,0.0,0.0,0.0,0.0,0.0,-79.0,0.0,0.0,0.0,0.0,0.0,0.0,0.0,0.0,0.0,-85.0,0.0,0.0,0.0,0.0,0.0,0.0,0.0,0.0,Sala profes
508,509,0.0,0.0,0.0,0.0,0.0,-84.0,0.0,0.0,-65.0,-55.0,-86.0,0.0,0.0,0.0,0.0,-75.0,-75.0,-81.0,-81.0,0.0,0.0,0.0,0.0,0.0,-69.0,-67.0,-82.0,-81.0,0.0,0.0,0.0,0.0,0.0,0.0,0.0,0.0,0.0,0.0,-91.0,-90.0,0.0,0.0,0.0,0.0,0.0,0.0,0.0,0.0,0.0,0.0,0.0,0.0,0.0,0.0,0.0,0.0,0.0,0.0,0.0,0.0,0.0,0.0,0.0,0.0,0.0,0.0,0.0,0.0,0.0,0.0,0.0,-78.0,0.0,0.0,0.0,-77.0,0.0,0.0,0.0,0.0,0.0,0.0,0.0,0.0,0.0,0.0,0.0,0.0,0.0,0.0,0.0,0.0,0.0,0.0,0.0,0.0,0.0,0.0,0.0,0.0,0.0,0.0,0.0,0.0,0.0,0.0,0.0,0.0,0.0,Sala profes
509,510,0.0,0.0,0.0,0.0,0.0,0.0,0.0,0.0,-64.0,-51.0,0.0,0.0,0.0,0.0,0.0,-73.0,-74.0,-81.0,-81.0,0.0,0.0,0.0,0.0,0.0,-66.0,0.0,-81.0,-81.0,0.0,0.0,0.0,0.0,-72.0,0.0,-94.0,-96.0,-84.0,0.0,-91.0,-91.0,0.0,0.0,0.0,0.0,0.0,0.0,0.0,0.0,0.0,0.0,0.0,0.0,0.0,0.0,0.0,0.0,0.0,0.0,0.0,0.0,0.0,0.0,0.0,0.0,0.0,0.0,0.0,0.0,0.0,0.0,-69.0,-77.0,0.0,0.0,0.0,-77.0,0.0,0.0,0.0,0.0,0.0,0.0,0.0,0.0,0.0,0.0,0.0,0.0,0.0,0.0,0.0,0.0,0.0,0.0,0.0,0.0,0.0,0.0,0.0,0.0,-84.0,0.0,0.0,0.0,0.0,0.0,0.0,0.0,0.0,Sala profes
510,511,0.0,0.0,0.0,0.0,0.0,0.0,0.0,0.0,-64.0,-52.0,0.0,0.0,0.0,0.0,0.0,-74.0,-74.0,-80.0,-80.0,0.0,0.0,0.0,0.0,0.0,-65.0,-66.0,0.0,-82.0,0.0,0.0,0.0,0.0,-73.0,-73.0,-94.0,-95.0,0.0,0.0,-90.0,-90.0,0.0,0.0,0.0,0.0,0.0,0.0,0.0,0.0,0.0,0.0,0.0,0.0,0.0,0.0,0.0,0.0,0.0,0.0,0.0,0.0,0.0,0.0,0.0,0.0,0.0,0.0,0.0,0.0,0.0,0.0,-71.0,-79.0,0.0,0.0,0.0,-79.0,0.0,0.0,0.0,0.0,0.0,0.0,0.0,0.0,0.0,0.0,0.0,0.0,0.0,0.0,0.0,0.0,0.0,0.0,0.0,0.0,0.0,0.0,0.0,0.0,0.0,0.0,0.0,0.0,0.0,0.0,0.0,0.0,0.0,Sala profes
511,512,0.0,0.0,0.0,0.0,0.0,0.0,0.0,0.0,-64.0,-51.0,0.0,0.0,0.0,0.0,0.0,-73.0,-72.0,-80.0,-80.0,0.0,0.0,0.0,0.0,0.0,0.0,0.0,-81.0,-81.0,0.0,0.0,0.0,0.0,0.0,-74.0,0.0,0.0,-82.0,-83.0,0.0,0.0,0.0,0.0,0.0,0.0,0.0,0.0,0.0,0.0,0.0,0.0,0.0,0.0,0.0,0.0,0.0,0.0,0.0,0.0,0.0,0.0,0.0,0.0,0.0,0.0,0.0,0.0,0.0,0.0,0.0,0.0,-73.0,0.0,0.0,0.0,0.0,-78.0,0.0,0.0,0.0,0.0,0.0,0.0,0.0,0.0,0.0,0.0,0.0,0.0,0.0,0.0,0.0,0.0,0.0,0.0,0.0,0.0,0.0,0.0,0.0,0.0,0.0,0.0,0.0,0.0,0.0,0.0,0.0,0.0,0.0,Sala profes
512,513,0.0,0.0,0.0,0.0,0.0,0.0,0.0,0.0,-64.0,-51.0,0.0,0.0,0.0,0.0,0.0,0.0,0.0,-81.0,-81.0,0.0,0.0,0.0,0.0,0.0,-68.0,-67.0,-81.0,-81.0,0.0,0.0,0.0,0.0,-73.0,-72.0,0.0,-94.0,-83.0,0.0,0.0,0.0,0.0,0.0,0.0,0.0,0.0,0.0,0.0,0.0,0.0,0.0,0.0,0.0,0.0,0.0,0.0,0.0,0.0,0.0,0.0,0.0,0.0,0.0,0.0,0.0,0.0,0.0,0.0,0.0,0.0,0.0,-74.0,0.0,0.0,0.0,0.0,-79.0,0.0,0.0,0.0,0.0,0.0,0.0,0.0,0.0,0.0,0.0,0.0,0.0,0.0,0.0,0.0,0.0,0.0,0.0,0.0,0.0,0.0,0.0,0.0,0.0,0.0,0.0,0.0,0.0,0.0,0.0,0.0,0.0,0.0,Sala profes
513,514,0.0,0.0,0.0,0.0,0.0,0.0,0.0,0.0,-64.0,-53.0,0.0,0.0,0.0,0.0,0.0,-73.0,-74.0,-80.0,-80.0,0.0,0.0,0.0,0.0,0.0,-68.0,-68.0,-80.0,-80.0,0.0,0.0,0.0,0.0,-72.0,-72.0,-94.0,-94.0,0.0,0.0,-90.0,-90.0,0.0,0.0,0.0,0.0,0.0,0.0,0.0,0.0,0.0,0.0,0.0,0.0,0.0,0.0,0.0,0.0,0.0,0.0,0.0,0.0,0.0,0.0,0.0,0.0,0.0,0.0,0.0,0.0,0.0,0.0,-73.0,0.0,0.0,0.0,0.0,0.0,0.0,0.0,0.0,0.0,0.0,0.0,0.0,0.0,0.0,0.0,0.0,0.0,0.0,0.0,0.0,0.0,0.0,0.0,0.0,0.0,0.0,0.0,0.0,0.0,0.0,0.0,0.0,0.0,0.0,0.0,0.0,0.0,0.0,Sala profes
514,515,0.0,0.0,0.0,0.0,0.0,-78.0,0.0,0.0,-64.0,-55.0,0.0,0.0,0.0,0.0,0.0,-74.0,-73.0,-81.0,-81.0,0.0,0.0,0.0,0.0,0.0,-66.0,-66.0,-82.0,-82.0,0.0,-87.0,0.0,0.0,-75.0,-75.0,-91.0,-91.0,0.0,0.0,0.0,0.0,0.0,0.0,0.0,0.0,0.0,0.0,0.0,0.0,0.0,0.0,0.0,0.0,0.0,0.0,0.0,0.0,0.0,0.0,0.0,0.0,0.0,0.0,0.0,0.0,0.0,0.0,0.0,0.0,0.0,0.0,0.0,0.0,0.0,0.0,0.0,-75.0,0.0,0.0,0.0,0.0,0.0,0.0,0.0,0.0,0.0,0.0,0.0,0.0,0.0,0.0,0.0,0.0,0.0,0.0,0.0,0.0,0.0,0.0,0.0,0.0,0.0,0.0,0.0,0.0,0.0,0.0,0.0,0.0,0.0,Sala profes
515,516,0.0,0.0,0.0,0.0,0.0,0.0,0.0,0.0,-64.0,-57.0,0.0,0.0,0.0,0.0,0.0,-75.0,-74.0,-80.0,-81.0,0.0,0.0,0.0,0.0,0.0,-67.0,-66.0,0.0,-82.0,0.0,0.0,0.0,0.0,-74.0,-74.0,-91.0,-91.0,-82.0,0.0,0.0,0.0,0.0,0.0,0.0,0.0,0.0,0.0,0.0,0.0,0.0,0.0,0.0,0.0,0.0,0.0,0.0,0.0,0.0,0.0,0.0,0.0,0.0,0.0,0.0,0.0,0.0,0.0,0.0,0.0,0.0,0.0,-71.0,-76.0,0.0,0.0,0.0,-76.0,0.0,0.0,0.0,0.0,0.0,0.0,0.0,0.0,0.0,0.0,0.0,0.0,0.0,0.0,0.0,0.0,0.0,0.0,0.0,0.0,0.0,0.0,0.0,0.0,0.0,-83.0,0.0,0.0,0.0,0.0,0.0,0.0,0.0,Sala profes
516,517,0.0,0.0,0.0,0.0,0.0,0.0,0.0,0.0,-64.0,-52.0,0.0,0.0,0.0,0.0,0.0,-73.0,-73.0,-81.0,-82.0,0.0,0.0,0.0,0.0,0.0,-67.0,-67.0,-83.0,0.0,0.0,0.0,0.0,0.0,-74.0,-75.0,-92.0,-91.0,0.0,0.0,-94.0,-94.0,0.0,0.0,0.0,0.0,0.0,0.0,0.0,0.0,0.0,0.0,0.0,0.0,0.0,0.0,0.0,0.0,0.0,0.0,0.0,0.0,0.0,0.0,0.0,0.0,0.0,0.0,0.0,0.0,0.0,0.0,-77.0,0.0,0.0,0.0,0.0,-75.0,0.0,0.0,0.0,0.0,0.0,0.0,0.0,0.0,0.0,0.0,0.0,0.0,0.0,0.0,-74.0,0.0,0.0,0.0,0.0,0.0,0.0,0.0,0.0,0.0,0.0,0.0,0.0,0.0,0.0,0.0,0.0,0.0,0.0,Sala profes
517,518,0.0,0.0,0.0,0.0,0.0,0.0,0.0,0.0,-63.0,-58.0,0.0,0.0,0.0,0.0,0.0,-74.0,-74.0,-81.0,-81.0,0.0,0.0,0.0,0.0,0.0,-65.0,-66.0,-84.0,-85.0,0.0,0.0,0.0,0.0,0.0,0.0,-91.0,-91.0,0.0,0.0,0.0,0.0,0.0,0.0,0.0,0.0,0.0,0.0,0.0,0.0,0.0,0.0,0.0,0.0,0.0,0.0,0.0,0.0,0.0,0.0,0.0,0.0,0.0,0.0,0.0,0.0,0.0,0.0,0.0,0.0,0.0,0.0,-69.0,0.0,0.0,0.0,0.0,-75.0,0.0,0.0,0.0,0.0,0.0,0.0,0.0,0.0,0.0,0.0,0.0,0.0,0.0,0.0,0.0,0.0,0.0,0.0,0.0,0.0,0.0,0.0,0.0,0.0,0.0,-79.0,0.0,0.0,0.0,0.0,0.0,0.0,0.0,Sala profes
518,519,0.0,0.0,0.0,0.0,0.0,0.0,0.0,0.0,-63.0,-60.0,0.0,0.0,0.0,0.0,0.0,-73.0,-74.0,-81.0,-80.0,0.0,0.0,0.0,0.0,0.0,-65.0,-65.0,-82.0,-83.0,0.0,0.0,0.0,0.0,-74.0,-74.0,-92.0,-91.0,-83.0,-83.0,0.0,0.0,0.0,0.0,0.0,0.0,0.0,0.0,0.0,0.0,0.0,0.0,0.0,0.0,0.0,0.0,0.0,0.0,0.0,0.0,0.0,0.0,0.0,0.0,0.0,0.0,0.0,0.0,0.0,0.0,0.0,0.0,-72.0,0.0,0.0,0.0,0.0,-75.0,0.0,0.0,0.0,0.0,0.0,0.0,0.0,0.0,0.0,0.0,0.0,0.0,0.0,0.0,0.0,0.0,0.0,0.0,0.0,0.0,0.0,0.0,0.0,0.0,0.0,0.0,0.0,0.0,0.0,0.0,0.0,0.0,0.0,Sala profes
519,520,0.0,0.0,0.0,0.0,0.0,0.0,0.0,0.0,-64.0,-54.0,0.0,0.0,0.0,0.0,0.0,-73.0,-73.0,-81.0,-81.0,0.0,0.0,0.0,0.0,0.0,-68.0,-68.0,-83.0,-83.0,0.0,0.0,0.0,0.0,-77.0,-76.0,-91.0,-92.0,-85.0,0.0,0.0,0.0,0.0,0.0,0.0,0.0,0.0,0.0,0.0,0.0,0.0,0.0,0.0,0.0,0.0,0.0,0.0,0.0,0.0,0.0,0.0,0.0,0.0,0.0,0.0,0.0,0.0,0.0,0.0,0.0,0.0,0.0,0.0,0.0,0.0,0.0,0.0,-76.0,0.0,0.0,0.0,0.0,0.0,0.0,0.0,0.0,0.0,0.0,0.0,0.0,0.0,0.0,-75.0,0.0,0.0,0.0,0.0,0.0,0.0,0.0,0.0,0.0,0.0,0.0,0.0,0.0,0.0,0.0,0.0,0.0,0.0,Sala profes
520,521,0.0,0.0,0.0,0.0,0.0,0.0,0.0,0.0,-64.0,-56.0,0.0,0.0,0.0,0.0,0.0,-74.0,-73.0,-82.0,-82.0,0.0,0.0,-89.0,0.0,0.0,-67.0,-67.0,-82.0,-82.0,0.0,0.0,0.0,0.0,-75.0,-75.0,-91.0,-91.0,0.0,0.0,0.0,-92.0,0.0,0.0,0.0,0.0,0.0,0.0,0.0,0.0,0.0,0.0,0.0,0.0,0.0,0.0,0.0,0.0,0.0,0.0,0.0,0.0,0.0,0.0,0.0,0.0,0.0,0.0,0.0,0.0,0.0,0.0,0.0,0.0,0.0,0.0,0.0,-75.0,0.0,0.0,0.0,0.0,0.0,0.0,0.0,0.0,0.0,0.0,0.0,0.0,0.0,0.0,0.0,0.0,0.0,0.0,0.0,0.0,0.0,0.0,0.0,0.0,0.0,0.0,0.0,0.0,0.0,0.0,0.0,0.0,0.0,Sala profes
521,522,0.0,0.0,0.0,0.0,0.0,-85.0,0.0,0.0,-64.0,-57.0,0.0,0.0,0.0,0.0,0.0,-75.0,-75.0,-82.0,-81.0,0.0,0.0,0.0,0.0,0.0,0.0,0.0,-82.0,-83.0,0.0,0.0,0.0,0.0,-74.0,-74.0,-92.0,-91.0,-83.0,0.0,0.0,-94.0,0.0,0.0,0.0,0.0,0.0,0.0,0.0,0.0,0.0,0.0,0.0,0.0,0.0,0.0,0.0,0.0,0.0,0.0,0.0,0.0,0.0,0.0,0.0,0.0,0.0,0.0,0.0,0.0,0.0,0.0,0.0,0.0,0.0,0.0,0.0,-75.0,0.0,0.0,0.0,0.0,0.0,0.0,0.0,0.0,0.0,0.0,0.0,0.0,0.0,0.0,0.0,0.0,0.0,0.0,0.0,0.0,0.0,0.0,0.0,0.0,0.0,0.0,0.0,0.0,0.0,0.0,0.0,0.0,0.0,Sala profes
522,523,0.0,0.0,0.0,0.0,0.0,0.0,0.0,0.0,-64.0,-50.0,0.0,0.0,0.0,0.0,0.0,-73.0,-73.0,-82.0,-82.0,0.0,0.0,0.0,0.0,0.0,-68.0,-68.0,-82.0,-83.0,0.0,0.0,0.0,0.0,0.0,0.0,0.0,0.0,0.0,-82.0,-94.0,-94.0,0.0,0.0,0.0,0.0,0.0,0.0,0.0,0.0,0.0,0.0,0.0,0.0,0.0,0.0,0.0,0.0,0.0,0.0,0.0,0.0,0.0,0.0,0.0,0.0,0.0,0.0,-86.0,0.0,0.0,0.0,0.0,-75.0,0.0,0.0,0.0,-75.0,0.0,0.0,0.0,0.0,0.0,0.0,0.0,0.0,0.0,0.0,0.0,0.0,0.0,0.0,0.0,0.0,0.0,0.0,0.0,0.0,0.0,0.0,0.0,0.0,0.0,0.0,0.0,0.0,0.0,0.0,0.0,0.0,0.0,Sala profes
523,524,0.0,0.0,0.0,0.0,0.0,-84.0,0.0,0.0,-64.0,-58.0,0.0,0.0,0.0,0.0,0.0,0.0,0.0,-83.0,-84.0,0.0,0.0,0.0,0.0,0.0,-66.0,0.0,-84.0,-83.0,0.0,-88.0,0.0,0.0,-75.0,-75.0,-92.0,0.0,0.0,-84.0,-95.0,-93.0,0.0,0.0,0.0,0.0,0.0,0.0,0.0,0.0,0.0,0.0,0.0,0.0,0.0,0.0,0.0,0.0,0.0,0.0,0.0,0.0,0.0,0.0,0.0,0.0,0.0,0.0,-85.0,-90.0,0.0,0.0,0.0,0.0,0.0,0.0,0.0,0.0,0.0,0.0,0.0,0.0,0.0,0.0,0.0,0.0,0.0,0.0,0.0,0.0,0.0,0.0,-72.0,0.0,0.0,0.0,0.0,0.0,0.0,0.0,0.0,0.0,0.0,0.0,0.0,0.0,0.0,0.0,0.0,0.0,0.0,Sala profes
524,525,0.0,0.0,0.0,0.0,0.0,-83.0,0.0,0.0,-64.0,-54.0,0.0,0.0,0.0,0.0,0.0,-73.0,-74.0,-82.0,-82.0,0.0,-88.0,0.0,0.0,0.0,0.0,0.0,-82.0,-82.0,0.0,0.0,0.0,0.0,0.0,-75.0,-91.0,-92.0,-84.0,0.0,0.0,0.0,0.0,0.0,0.0,0.0,0.0,0.0,0.0,0.0,0.0,0.0,0.0,0.0,0.0,0.0,0.0,0.0,0.0,0.0,0.0,0.0,0.0,0.0,0.0,0.0,0.0,0.0,0.0,0.0,0.0,0.0,0.0,0.0,0.0,0.0,0.0,-76.0,0.0,0.0,0.0,0.0,0.0,0.0,0.0,0.0,0.0,0.0,0.0,0.0,0.0,0.0,-73.0,0.0,0.0,0.0,0.0,0.0,0.0,0.0,0.0,0.0,0.0,0.0,0.0,0.0,0.0,0.0,0.0,0.0,0.0,Sala profes
525,526,0.0,0.0,0.0,0.0,0.0,0.0,0.0,0.0,-64.0,-52.0,0.0,0.0,0.0,0.0,0.0,-75.0,-75.0,-82.0,-82.0,0.0,0.0,0.0,0.0,0.0,-69.0,-69.0,-82.0,-82.0,0.0,0.0,0.0,0.0,-72.0,-73.0,-91.0,-91.0,0.0,-82.0,0.0,0.0,0.0,0.0,0.0,0.0,0.0,0.0,0.0,0.0,0.0,0.0,0.0,0.0,0.0,0.0,0.0,0.0,0.0,0.0,0.0,0.0,0.0,0.0,0.0,0.0,0.0,0.0,0.0,0.0,0.0,0.0,0.0,-76.0,0.0,0.0,0.0,-76.0,0.0,0.0,0.0,0.0,0.0,0.0,0.0,0.0,0.0,0.0,0.0,0.0,0.0,0.0,0.0,0.0,0.0,0.0,0.0,0.0,0.0,0.0,0.0,0.0,0.0,0.0,0.0,0.0,0.0,0.0,0.0,0.0,0.0,Sala profes
526,527,0.0,0.0,0.0,0.0,0.0,-84.0,0.0,0.0,-64.0,-54.0,0.0,0.0,0.0,0.0,0.0,-74.0,-74.0,-82.0,-82.0,0.0,0.0,0.0,0.0,0.0,0.0,0.0,-83.0,-83.0,-87.0,-86.0,0.0,0.0,-76.0,-75.0,-92.0,-92.0,0.0,0.0,0.0,0.0,0.0,0.0,0.0,0.0,0.0,0.0,0.0,0.0,0.0,0.0,0.0,0.0,0.0,0.0,0.0,0.0,0.0,0.0,0.0,0.0,0.0,0.0,0.0,0.0,0.0,0.0,0.0,0.0,0.0,0.0,0.0,0.0,0.0,0.0,0.0,-75.0,0.0,0.0,0.0,0.0,0.0,0.0,0.0,0.0,0.0,-91.0,0.0,0.0,0.0,0.0,-75.0,0.0,0.0,0.0,0.0,0.0,0.0,0.0,0.0,0.0,0.0,0.0,0.0,0.0,0.0,0.0,0.0,0.0,0.0,Sala profes
527,528,0.0,0.0,0.0,0.0,0.0,0.0,0.0,0.0,-64.0,-53.0,0.0,0.0,0.0,0.0,0.0,-74.0,-74.0,-82.0,-82.0,0.0,0.0,0.0,0.0,0.0,0.0,0.0,-82.0,-82.0,0.0,0.0,0.0,0.0,0.0,0.0,-91.0,-91.0,0.0,0.0,0.0,-91.0,0.0,0.0,0.0,0.0,0.0,0.0,0.0,0.0,0.0,0.0,0.0,0.0,0.0,0.0,0.0,0.0,0.0,0.0,0.0,0.0,0.0,0.0,0.0,0.0,0.0,0.0,0.0,0.0,0.0,0.0,0.0,0.0,0.0,0.0,0.0,-75.0,0.0,0.0,0.0,0.0,0.0,0.0,0.0,0.0,0.0,0.0,0.0,0.0,0.0,0.0,0.0,0.0,0.0,0.0,0.0,0.0,0.0,0.0,0.0,0.0,0.0,-81.0,0.0,0.0,0.0,0.0,0.0,0.0,0.0,Sala profes
528,529,0.0,0.0,0.0,0.0,0.0,0.0,0.0,0.0,-65.0,-52.0,0.0,0.0,0.0,0.0,0.0,0.0,-73.0,-82.0,-82.0,0.0,0.0,-89.0,0.0,0.0,-68.0,-68.0,0.0,-82.0,0.0,0.0,0.0,0.0,-74.0,-74.0,-91.0,-91.0,-84.0,-85.0,-91.0,-91.0,0.0,0.0,0.0,0.0,0.0,0.0,0.0,0.0,0.0,0.0,0.0,0.0,0.0,0.0,0.0,0.0,0.0,0.0,0.0,0.0,0.0,0.0,0.0,0.0,0.0,0.0,0.0,0.0,0.0,0.0,0.0,-74.0,0.0,0.0,0.0,-75.0,0.0,0.0,0.0,0.0,0.0,0.0,0.0,0.0,0.0,0.0,0.0,0.0,0.0,0.0,0.0,0.0,0.0,0.0,0.0,0.0,0.0,0.0,0.0,0.0,0.0,0.0,0.0,0.0,0.0,0.0,0.0,0.0,0.0,Sala profes
529,530,0.0,0.0,0.0,0.0,0.0,-82.0,0.0,0.0,-64.0,-53.0,-88.0,0.0,0.0,0.0,0.0,-74.0,-74.0,-82.0,-82.0,0.0,0.0,0.0,0.0,0.0,0.0,-68.0,-82.0,-81.0,0.0,0.0,0.0,0.0,0.0,0.0,-91.0,-89.0,0.0,0.0,0.0,0.0,0.0,0.0,0.0,0.0,0.0,0.0,0.0,0.0,0.0,0.0,0.0,0.0,0.0,0.0,0.0,0.0,0.0,0.0,0.0,0.0,0.0,0.0,0.0,0.0,0.0,0.0,-79.0,0.0,0.0,0.0,0.0,-76.0,0.0,0.0,0.0,-75.0,0.0,0.0,0.0,0.0,0.0,0.0,0.0,0.0,0.0,0.0,0.0,0.0,0.0,0.0,0.0,0.0,0.0,0.0,0.0,0.0,0.0,0.0,0.0,0.0,0.0,0.0,0.0,0.0,0.0,0.0,0.0,0.0,0.0,Sala profes
530,531,0.0,0.0,0.0,0.0,0.0,0.0,0.0,0.0,-64.0,-54.0,0.0,0.0,0.0,0.0,0.0,-72.0,-74.0,-83.0,-82.0,0.0,0.0,0.0,0.0,0.0,-68.0,-67.0,-82.0,-82.0,0.0,0.0,0.0,0.0,-76.0,-75.0,-91.0,-91.0,0.0,-84.0,0.0,0.0,0.0,0.0,0.0,0.0,0.0,0.0,0.0,0.0,0.0,0.0,0.0,0.0,0.0,0.0,0.0,0.0,0.0,0.0,0.0,0.0,0.0,0.0,0.0,0.0,0.0,0.0,0.0,0.0,0.0,0.0,-73.0,0.0,0.0,0.0,0.0,-76.0,0.0,0.0,0.0,0.0,0.0,0.0,0.0,0.0,0.0,0.0,0.0,0.0,0.0,0.0,-71.0,0.0,0.0,0.0,0.0,0.0,0.0,0.0,0.0,0.0,0.0,-84.0,0.0,0.0,0.0,0.0,0.0,0.0,0.0,Sala profes
531,532,0.0,0.0,0.0,0.0,0.0,0.0,0.0,0.0,-63.0,-53.0,0.0,0.0,0.0,0.0,0.0,0.0,-73.0,-82.0,0.0,0.0,0.0,0.0,0.0,0.0,-68.0,-66.0,0.0,0.0,0.0,0.0,0.0,0.0,-75.0,-75.0,-91.0,-90.0,0.0,-83.0,0.0,0.0,0.0,0.0,0.0,0.0,0.0,0.0,0.0,0.0,0.0,0.0,0.0,0.0,0.0,0.0,0.0,0.0,0.0,0.0,0.0,0.0,0.0,0.0,0.0,0.0,0.0,0.0,-79.0,0.0,0.0,0.0,-73.0,0.0,0.0,0.0,0.0,-74.0,0.0,0.0,0.0,0.0,0.0,0.0,0.0,0.0,0.0,0.0,0.0,0.0,0.0,0.0,0.0,0.0,0.0,0.0,0.0,0.0,0.0,0.0,0.0,0.0,0.0,0.0,0.0,0.0,0.0,0.0,0.0,0.0,0.0,Sala profes
532,533,0.0,0.0,0.0,0.0,0.0,0.0,0.0,0.0,-64.0,-53.0,0.0,0.0,0.0,0.0,0.0,-74.0,-73.0,0.0,0.0,0.0,0.0,0.0,0.0,0.0,-69.0,-65.0,-82.0,-83.0,-86.0,-86.0,0.0,0.0,-76.0,-76.0,-90.0,-91.0,0.0,0.0,0.0,0.0,0.0,0.0,0.0,0.0,0.0,0.0,0.0,0.0,0.0,0.0,0.0,0.0,0.0,0.0,0.0,0.0,0.0,0.0,0.0,0.0,0.0,0.0,0.0,0.0,0.0,0.0,0.0,0.0,0.0,0.0,-73.0,0.0,0.0,0.0,0.0,-75.0,0.0,0.0,0.0,0.0,0.0,0.0,0.0,0.0,0.0,0.0,0.0,0.0,0.0,0.0,0.0,0.0,0.0,0.0,0.0,0.0,0.0,0.0,0.0,0.0,0.0,0.0,0.0,0.0,0.0,0.0,0.0,0.0,0.0,Sala profes
533,534,0.0,0.0,0.0,0.0,0.0,-83.0,0.0,0.0,-64.0,-54.0,0.0,0.0,0.0,0.0,0.0,0.0,-73.0,-81.0,-81.0,0.0,0.0,0.0,-96.0,0.0,-69.0,-68.0,-82.0,0.0,0.0,-86.0,0.0,0.0,-75.0,-75.0,-91.0,0.0,-84.0,0.0,-92.0,-91.0,0.0,0.0,0.0,0.0,0.0,0.0,0.0,0.0,0.0,0.0,0.0,0.0,0.0,0.0,0.0,0.0,0.0,0.0,0.0,0.0,0.0,0.0,0.0,0.0,0.0,0.0,-79.0,0.0,0.0,0.0,-72.0,-75.0,0.0,0.0,0.0,-75.0,0.0,0.0,0.0,0.0,0.0,0.0,0.0,0.0,0.0,0.0,0.0,0.0,0.0,0.0,0.0,0.0,0.0,0.0,0.0,0.0,0.0,0.0,0.0,0.0,0.0,0.0,0.0,0.0,0.0,0.0,0.0,0.0,0.0,Sala profes
534,535,0.0,0.0,0.0,0.0,0.0,0.0,0.0,0.0,-64.0,-53.0,0.0,0.0,0.0,0.0,0.0,-74.0,-73.0,-82.0,-82.0,0.0,0.0,0.0,0.0,0.0,-68.0,-68.0,0.0,0.0,0.0,0.0,0.0,0.0,-76.0,-76.0,-91.0,-91.0,0.0,0.0,-91.0,-91.0,0.0,0.0,0.0,0.0,0.0,0.0,0.0,0.0,0.0,0.0,0.0,0.0,0.0,0.0,0.0,0.0,0.0,0.0,0.0,0.0,0.0,0.0,0.0,0.0,0.0,0.0,0.0,0.0,0.0,0.0,0.0,-76.0,0.0,0.0,0.0,-76.0,0.0,0.0,0.0,0.0,0.0,0.0,0.0,0.0,0.0,0.0,0.0,0.0,0.0,0.0,0.0,0.0,0.0,0.0,0.0,0.0,0.0,0.0,0.0,0.0,0.0,0.0,0.0,0.0,0.0,0.0,0.0,0.0,0.0,Sala profes
535,536,0.0,0.0,0.0,0.0,0.0,0.0,0.0,0.0,-64.0,-51.0,0.0,0.0,0.0,0.0,0.0,-75.0,-74.0,-83.0,-82.0,0.0,0.0,0.0,0.0,0.0,-67.0,-68.0,-83.0,0.0,0.0,0.0,0.0,0.0,0.0,0.0,-90.0,-91.0,0.0,0.0,-91.0,-90.0,0.0,0.0,0.0,0.0,0.0,0.0,0.0,0.0,0.0,0.0,0.0,0.0,0.0,0.0,0.0,0.0,0.0,0.0,0.0,0.0,0.0,0.0,0.0,0.0,0.0,0.0,-81.0,0.0,0.0,0.0,0.0,0.0,0.0,0.0,0.0,-76.0,0.0,0.0,0.0,0.0,0.0,0.0,0.0,0.0,0.0,0.0,0.0,0.0,0.0,0.0,0.0,0.0,0.0,0.0,0.0,0.0,0.0,0.0,0.0,0.0,0.0,0.0,0.0,0.0,0.0,0.0,0.0,0.0,0.0,Sala profes
536,537,0.0,0.0,0.0,0.0,0.0,-83.0,0.0,0.0,-64.0,-53.0,0.0,0.0,0.0,0.0,0.0,-73.0,-73.0,-82.0,-82.0,0.0,0.0,0.0,0.0,0.0,-69.0,-69.0,-82.0,-82.0,0.0,0.0,0.0,0.0,-76.0,-76.0,-91.0,-91.0,0.0,0.0,0.0,0.0,0.0,0.0,0.0,0.0,0.0,0.0,0.0,0.0,0.0,0.0,0.0,0.0,0.0,0.0,0.0,0.0,0.0,0.0,0.0,0.0,0.0,0.0,0.0,0.0,0.0,0.0,0.0,-92.0,0.0,0.0,0.0,0.0,0.0,0.0,0.0,-75.0,0.0,0.0,0.0,0.0,0.0,0.0,0.0,0.0,0.0,0.0,0.0,0.0,0.0,0.0,0.0,0.0,0.0,0.0,0.0,0.0,0.0,0.0,0.0,0.0,0.0,0.0,0.0,0.0,0.0,0.0,0.0,0.0,0.0,Sala profes
537,538,0.0,0.0,0.0,0.0,0.0,0.0,0.0,0.0,-64.0,-52.0,0.0,0.0,0.0,0.0,0.0,-75.0,-75.0,-82.0,-82.0,0.0,0.0,0.0,0.0,0.0,0.0,0.0,-84.0,-82.0,0.0,0.0,0.0,0.0,0.0,0.0,-91.0,-91.0,0.0,0.0,0.0,-94.0,0.0,0.0,0.0,0.0,0.0,0.0,0.0,0.0,0.0,0.0,0.0,0.0,0.0,0.0,0.0,0.0,0.0,0.0,0.0,0.0,0.0,0.0,0.0,0.0,0.0,0.0,0.0,0.0,0.0,0.0,-74.0,0.0,0.0,0.0,0.0,-75.0,0.0,0.0,0.0,0.0,0.0,0.0,0.0,0.0,0.0,0.0,0.0,0.0,0.0,0.0,-71.0,0.0,0.0,0.0,0.0,0.0,0.0,0.0,0.0,0.0,0.0,0.0,0.0,0.0,0.0,0.0,0.0,0.0,0.0,Sala profes
538,539,0.0,0.0,0.0,0.0,0.0,-80.0,0.0,0.0,-65.0,-51.0,0.0,0.0,0.0,0.0,0.0,0.0,0.0,-82.0,-82.0,0.0,0.0,0.0,0.0,0.0,-68.0,-69.0,-83.0,-82.0,0.0,0.0,0.0,0.0,-76.0,-76.0,-91.0,-91.0,0.0,0.0,0.0,0.0,0.0,0.0,0.0,0.0,0.0,0.0,0.0,0.0,0.0,0.0,0.0,0.0,0.0,0.0,0.0,0.0,0.0,0.0,0.0,0.0,0.0,0.0,0.0,0.0,0.0,0.0,0.0,0.0,0.0,0.0,-77.0,0.0,0.0,0.0,0.0,-77.0,0.0,0.0,0.0,0.0,0.0,0.0,0.0,0.0,0.0,0.0,0.0,0.0,0.0,0.0,0.0,0.0,0.0,0.0,0.0,0.0,0.0,0.0,0.0,0.0,0.0,0.0,0.0,0.0,0.0,0.0,0.0,0.0,0.0,Sala profes
539,540,0.0,0.0,0.0,0.0,0.0,0.0,0.0,0.0,-65.0,-52.0,0.0,0.0,0.0,0.0,0.0,-75.0,0.0,-82.0,-82.0,0.0,0.0,0.0,0.0,0.0,-68.0,-68.0,-83.0,-83.0,0.0,0.0,0.0,0.0,0.0,0.0,-91.0,-91.0,0.0,0.0,0.0,0.0,0.0,0.0,0.0,0.0,0.0,0.0,0.0,0.0,0.0,0.0,0.0,0.0,0.0,0.0,0.0,0.0,0.0,0.0,0.0,0.0,0.0,0.0,0.0,0.0,0.0,0.0,0.0,0.0,0.0,0.0,-74.0,0.0,0.0,0.0,0.0,-76.0,0.0,0.0,0.0,0.0,0.0,0.0,0.0,0.0,0.0,0.0,0.0,0.0,0.0,0.0,-71.0,0.0,0.0,0.0,0.0,0.0,0.0,0.0,0.0,0.0,0.0,-76.0,0.0,0.0,0.0,0.0,0.0,0.0,0.0,Sala profes
540,541,0.0,0.0,0.0,0.0,0.0,-84.0,0.0,0.0,-65.0,-52.0,0.0,0.0,0.0,0.0,0.0,-74.0,-74.0,-82.0,-82.0,0.0,0.0,0.0,0.0,0.0,-68.0,-68.0,-82.0,-82.0,0.0,0.0,0.0,0.0,-75.0,-75.0,-90.0,-91.0,0.0,0.0,0.0,0.0,0.0,0.0,0.0,0.0,0.0,0.0,0.0,0.0,0.0,0.0,0.0,0.0,0.0,0.0,0.0,0.0,0.0,0.0,0.0,0.0,0.0,0.0,0.0,0.0,0.0,0.0,0.0,0.0,0.0,0.0,-73.0,0.0,0.0,0.0,0.0,0.0,0.0,0.0,0.0,0.0,0.0,0.0,0.0,0.0,0.0,0.0,0.0,0.0,0.0,0.0,0.0,0.0,0.0,0.0,0.0,0.0,0.0,0.0,0.0,0.0,0.0,0.0,0.0,0.0,0.0,0.0,0.0,0.0,0.0,Sala profes
541,542,0.0,0.0,0.0,0.0,0.0,0.0,0.0,0.0,-64.0,-52.0,-85.0,0.0,0.0,0.0,0.0,0.0,0.0,-82.0,-82.0,0.0,-89.0,0.0,0.0,0.0,0.0,0.0,-82.0,-84.0,0.0,0.0,0.0,0.0,-76.0,-76.0,-91.0,0.0,0.0,0.0,0.0,-93.0,0.0,0.0,0.0,0.0,0.0,0.0,0.0,0.0,0.0,0.0,0.0,0.0,0.0,0.0,0.0,0.0,0.0,0.0,0.0,0.0,0.0,0.0,0.0,0.0,0.0,0.0,-85.0,0.0,0.0,0.0,-75.0,0.0,0.0,0.0,0.0,-76.0,0.0,0.0,0.0,0.0,0.0,0.0,0.0,0.0,0.0,0.0,0.0,0.0,0.0,0.0,0.0,0.0,0.0,0.0,0.0,0.0,0.0,0.0,0.0,0.0,0.0,0.0,0.0,0.0,0.0,0.0,0.0,0.0,0.0,Sala profes
542,543,0.0,0.0,0.0,0.0,0.0,0.0,0.0,0.0,-65.0,-50.0,0.0,0.0,0.0,0.0,0.0,-75.0,-75.0,-82.0,-82.0,0.0,0.0,0.0,0.0,0.0,0.0,0.0,-81.0,-81.0,0.0,0.0,0.0,0.0,-76.0,-76.0,-91.0,-90.0,0.0,0.0,0.0,-94.0,0.0,0.0,0.0,0.0,0.0,0.0,0.0,0.0,0.0,0.0,0.0,0.0,0.0,0.0,0.0,0.0,0.0,0.0,0.0,0.0,0.0,0.0,0.0,0.0,0.0,0.0,0.0,0.0,0.0,0.0,-71.0,0.0,0.0,0.0,0.0,-77.0,0.0,0.0,0.0,0.0,0.0,0.0,0.0,0.0,0.0,0.0,0.0,0.0,0.0,0.0,-72.0,0.0,0.0,0.0,0.0,0.0,0.0,0.0,0.0,0.0,0.0,0.0,0.0,0.0,0.0,0.0,0.0,0.0,0.0,Sala profes
543,544,0.0,0.0,0.0,0.0,0.0,0.0,0.0,0.0,-65.0,-52.0,0.0,0.0,0.0,0.0,0.0,-73.0,-74.0,-82.0,-82.0,0.0,0.0,0.0,0.0,0.0,0.0,0.0,-81.0,-82.0,0.0,0.0,0.0,0.0,-75.0,-75.0,-91.0,-91.0,0.0,0.0,-94.0,-94.0,0.0,0.0,0.0,0.0,0.0,0.0,0.0,0.0,0.0,0.0,0.0,0.0,0.0,0.0,0.0,0.0,0.0,0.0,0.0,0.0,0.0,0.0,0.0,0.0,0.0,0.0,0.0,0.0,0.0,0.0,-74.0,-76.0,0.0,0.0,0.0,-76.0,0.0,0.0,0.0,0.0,0.0,0.0,0.0,0.0,0.0,0.0,0.0,0.0,0.0,0.0,0.0,0.0,0.0,0.0,0.0,0.0,0.0,0.0,0.0,0.0,0.0,-85.0,0.0,0.0,0.0,0.0,0.0,0.0,0.0,Sala profes
544,545,0.0,0.0,0.0,0.0,0.0,-79.0,0.0,0.0,-65.0,-52.0,0.0,0.0,0.0,0.0,0.0,-76.0,-75.0,-82.0,-82.0,0.0,0.0,0.0,0.0,0.0,0.0,0.0,-81.0,-81.0,0.0,0.0,0.0,0.0,-75.0,-75.0,-89.0,-91.0,0.0,0.0,0.0,0.0,0.0,0.0,0.0,0.0,0.0,0.0,0.0,0.0,0.0,0.0,0.0,0.0,0.0,0.0,0.0,0.0,0.0,0.0,0.0,0.0,0.0,0.0,0.0,0.0,0.0,0.0,0.0,0.0,0.0,0.0,0.0,0.0,0.0,0.0,0.0,-76.0,0.0,0.0,0.0,0.0,0.0,0.0,0.0,0.0,0.0,0.0,0.0,0.0,0.0,0.0,0.0,0.0,0.0,0.0,0.0,0.0,0.0,0.0,0.0,0.0,0.0,0.0,0.0,0.0,0.0,0.0,0.0,0.0,0.0,Sala profes
545,546,0.0,0.0,0.0,0.0,0.0,0.0,0.0,0.0,-65.0,-52.0,-87.0,0.0,0.0,0.0,0.0,-74.0,0.0,-82.0,-82.0,0.0,0.0,0.0,0.0,0.0,-68.0,0.0,-81.0,-81.0,0.0,0.0,0.0,0.0,0.0,0.0,-90.0,-91.0,0.0,0.0,0.0,0.0,0.0,0.0,0.0,0.0,0.0,0.0,0.0,0.0,0.0,0.0,0.0,0.0,0.0,0.0,0.0,0.0,0.0,0.0,0.0,0.0,0.0,0.0,0.0,0.0,0.0,0.0,0.0,0.0,0.0,0.0,-75.0,0.0,0.0,0.0,0.0,0.0,0.0,0.0,0.0,0.0,0.0,0.0,0.0,0.0,0.0,0.0,0.0,0.0,0.0,0.0,-73.0,0.0,0.0,0.0,0.0,0.0,0.0,0.0,0.0,0.0,0.0,-84.0,0.0,0.0,0.0,0.0,0.0,0.0,0.0,Sala profes
546,547,0.0,0.0,0.0,0.0,0.0,0.0,0.0,0.0,-65.0,-52.0,0.0,0.0,0.0,0.0,0.0,0.0,-73.0,-82.0,-82.0,0.0,0.0,0.0,0.0,0.0,0.0,0.0,-82.0,-81.0,0.0,0.0,0.0,0.0,-75.0,-75.0,-91.0,-91.0,0.0,0.0,0.0,-93.0,0.0,0.0,0.0,0.0,0.0,0.0,0.0,0.0,0.0,0.0,0.0,0.0,0.0,0.0,0.0,0.0,0.0,0.0,0.0,0.0,0.0,0.0,0.0,0.0,0.0,0.0,-82.0,0.0,0.0,0.0,0.0,0.0,0.0,0.0,0.0,-76.0,0.0,0.0,0.0,0.0,0.0,0.0,0.0,0.0,0.0,0.0,0.0,0.0,0.0,0.0,-71.0,0.0,0.0,0.0,0.0,0.0,0.0,0.0,0.0,0.0,0.0,0.0,0.0,0.0,0.0,0.0,0.0,0.0,0.0,Sala profes
547,548,0.0,0.0,0.0,0.0,0.0,0.0,-97.0,-98.0,-65.0,-50.0,0.0,0.0,0.0,0.0,0.0,-75.0,-74.0,-82.0,-82.0,0.0,0.0,0.0,0.0,0.0,-68.0,-68.0,-81.0,-81.0,0.0,0.0,0.0,0.0,-76.0,-76.0,-91.0,-91.0,0.0,0.0,0.0,0.0,0.0,0.0,0.0,0.0,0.0,0.0,0.0,0.0,0.0,0.0,0.0,0.0,0.0,0.0,0.0,0.0,0.0,0.0,0.0,0.0,0.0,0.0,0.0,0.0,0.0,0.0,0.0,0.0,0.0,0.0,-78.0,0.0,0.0,0.0,0.0,0.0,0.0,0.0,0.0,0.0,0.0,0.0,0.0,0.0,0.0,0.0,0.0,0.0,0.0,0.0,0.0,0.0,0.0,0.0,0.0,0.0,0.0,0.0,0.0,0.0,-90.0,0.0,0.0,0.0,0.0,0.0,0.0,0.0,0.0,Sala profes
548,549,0.0,0.0,0.0,0.0,0.0,0.0,0.0,0.0,-65.0,-52.0,0.0,0.0,0.0,0.0,0.0,-73.0,-73.0,-82.0,-82.0,0.0,0.0,0.0,0.0,0.0,0.0,0.0,-82.0,-81.0,0.0,0.0,0.0,0.0,-76.0,-76.0,-91.0,-90.0,0.0,-86.0,0.0,0.0,0.0,0.0,0.0,0.0,0.0,0.0,0.0,0.0,0.0,0.0,0.0,0.0,0.0,0.0,0.0,0.0,0.0,0.0,0.0,0.0,0.0,0.0,0.0,0.0,0.0,0.0,-81.0,0.0,0.0,0.0,0.0,0.0,0.0,0.0,0.0,-77.0,0.0,0.0,0.0,0.0,0.0,0.0,0.0,0.0,0.0,0.0,0.0,0.0,0.0,0.0,-72.0,0.0,0.0,0.0,0.0,0.0,0.0,0.0,0.0,0.0,0.0,0.0,0.0,0.0,0.0,0.0,0.0,0.0,0.0,Sala profes
549,550,0.0,0.0,0.0,0.0,0.0,0.0,0.0,0.0,-66.0,-53.0,0.0,0.0,0.0,0.0,0.0,-75.0,-74.0,-82.0,-82.0,0.0,0.0,0.0,0.0,0.0,0.0,-70.0,-82.0,-82.0,0.0,0.0,0.0,0.0,-76.0,-76.0,-89.0,-91.0,-85.0,0.0,0.0,0.0,0.0,0.0,0.0,0.0,0.0,0.0,0.0,0.0,0.0,0.0,0.0,0.0,0.0,0.0,0.0,0.0,0.0,0.0,0.0,0.0,0.0,0.0,0.0,0.0,0.0,0.0,0.0,0.0,0.0,0.0,0.0,0.0,0.0,0.0,0.0,-78.0,0.0,0.0,0.0,0.0,0.0,0.0,0.0,0.0,0.0,0.0,0.0,0.0,0.0,0.0,-71.0,0.0,0.0,0.0,0.0,0.0,0.0,0.0,0.0,0.0,0.0,-84.0,0.0,0.0,0.0,0.0,0.0,0.0,0.0,Sala profes
550,551,0.0,0.0,0.0,0.0,0.0,0.0,0.0,0.0,-66.0,-53.0,0.0,0.0,0.0,0.0,0.0,-75.0,-75.0,-82.0,-82.0,0.0,0.0,0.0,0.0,0.0,0.0,0.0,-82.0,-81.0,0.0,0.0,0.0,0.0,0.0,0.0,-89.0,-90.0,0.0,0.0,0.0,0.0,0.0,0.0,0.0,0.0,0.0,0.0,0.0,0.0,0.0,0.0,0.0,0.0,0.0,0.0,0.0,0.0,0.0,0.0,0.0,0.0,0.0,0.0,0.0,0.0,0.0,0.0,-84.0,0.0,0.0,0.0,-77.0,-76.0,0.0,0.0,0.0,-76.0,0.0,0.0,0.0,0.0,0.0,0.0,0.0,0.0,0.0,0.0,0.0,0.0,0.0,0.0,-71.0,0.0,0.0,0.0,0.0,0.0,0.0,0.0,0.0,0.0,0.0,0.0,0.0,0.0,0.0,0.0,0.0,0.0,0.0,Sala profes
551,552,0.0,0.0,0.0,0.0,0.0,-82.0,0.0,0.0,-66.0,-53.0,0.0,0.0,0.0,0.0,0.0,0.0,0.0,-82.0,-81.0,0.0,0.0,0.0,0.0,0.0,-69.0,0.0,-82.0,0.0,0.0,0.0,0.0,0.0,0.0,-75.0,-89.0,-90.0,0.0,0.0,-93.0,-92.0,0.0,0.0,0.0,0.0,0.0,0.0,0.0,0.0,0.0,0.0,0.0,0.0,0.0,0.0,0.0,0.0,0.0,0.0,0.0,0.0,0.0,0.0,0.0,0.0,0.0,0.0,0.0,0.0,0.0,0.0,-74.0,0.0,0.0,0.0,0.0,-77.0,0.0,0.0,0.0,0.0,0.0,0.0,0.0,0.0,0.0,0.0,0.0,0.0,0.0,0.0,-71.0,0.0,0.0,0.0,0.0,0.0,0.0,0.0,0.0,0.0,0.0,-85.0,0.0,0.0,0.0,0.0,0.0,0.0,0.0,Sala profes
552,553,0.0,0.0,0.0,0.0,0.0,-82.0,0.0,0.0,-66.0,-52.0,0.0,0.0,0.0,0.0,0.0,-75.0,-75.0,-81.0,-82.0,0.0,0.0,0.0,0.0,0.0,0.0,0.0,-82.0,-81.0,0.0,0.0,0.0,0.0,-76.0,-76.0,-91.0,-90.0,0.0,-86.0,0.0,0.0,0.0,0.0,0.0,0.0,0.0,0.0,0.0,0.0,0.0,0.0,0.0,0.0,0.0,0.0,0.0,0.0,0.0,0.0,0.0,0.0,0.0,0.0,0.0,0.0,0.0,0.0,0.0,0.0,0.0,0.0,-75.0,-76.0,0.0,0.0,0.0,-76.0,0.0,0.0,0.0,0.0,0.0,0.0,0.0,0.0,0.0,0.0,0.0,0.0,0.0,0.0,-73.0,0.0,0.0,0.0,0.0,0.0,0.0,0.0,0.0,0.0,0.0,0.0,0.0,0.0,0.0,0.0,0.0,0.0,0.0,Sala profes
553,554,0.0,0.0,0.0,0.0,0.0,0.0,-97.0,-98.0,-66.0,-53.0,0.0,0.0,0.0,0.0,0.0,-75.0,-75.0,-81.0,-81.0,0.0,0.0,0.0,0.0,0.0,-69.0,-69.0,-81.0,-81.0,0.0,0.0,0.0,0.0,-76.0,-75.0,-89.0,-90.0,0.0,0.0,0.0,0.0,0.0,0.0,0.0,0.0,0.0,0.0,0.0,0.0,0.0,0.0,0.0,0.0,0.0,0.0,0.0,0.0,0.0,0.0,0.0,0.0,0.0,0.0,0.0,0.0,0.0,0.0,0.0,0.0,0.0,0.0,-76.0,-77.0,0.0,0.0,0.0,-77.0,0.0,0.0,0.0,0.0,0.0,0.0,0.0,0.0,0.0,0.0,0.0,0.0,0.0,0.0,0.0,0.0,0.0,0.0,0.0,0.0,0.0,0.0,0.0,0.0,0.0,0.0,0.0,0.0,0.0,0.0,0.0,0.0,0.0,Sala profes
554,555,0.0,0.0,0.0,0.0,0.0,0.0,0.0,0.0,-66.0,-53.0,0.0,0.0,0.0,0.0,0.0,-75.0,-75.0,-81.0,-81.0,0.0,0.0,0.0,0.0,0.0,-71.0,-69.0,-81.0,0.0,-88.0,0.0,0.0,0.0,-73.0,-76.0,-90.0,-90.0,0.0,0.0,-93.0,-94.0,0.0,0.0,0.0,0.0,0.0,0.0,0.0,0.0,0.0,0.0,0.0,0.0,0.0,0.0,0.0,0.0,0.0,0.0,0.0,0.0,0.0,0.0,0.0,0.0,0.0,0.0,0.0,0.0,0.0,0.0,0.0,0.0,0.0,0.0,0.0,0.0,0.0,0.0,0.0,0.0,0.0,0.0,0.0,0.0,0.0,0.0,0.0,0.0,0.0,0.0,0.0,0.0,0.0,0.0,0.0,0.0,0.0,0.0,0.0,0.0,0.0,0.0,0.0,0.0,0.0,0.0,0.0,0.0,0.0,Sala profes
555,556,0.0,0.0,0.0,0.0,0.0,0.0,0.0,0.0,-66.0,-53.0,0.0,0.0,0.0,0.0,0.0,-73.0,-74.0,-81.0,-81.0,0.0,0.0,0.0,0.0,0.0,0.0,0.0,-82.0,-82.0,0.0,0.0,0.0,0.0,-75.0,-76.0,-90.0,-91.0,0.0,-86.0,0.0,0.0,0.0,0.0,0.0,0.0,0.0,0.0,0.0,0.0,0.0,0.0,0.0,0.0,0.0,0.0,0.0,0.0,0.0,0.0,0.0,0.0,0.0,0.0,0.0,0.0,0.0,0.0,0.0,0.0,0.0,0.0,-75.0,0.0,0.0,0.0,0.0,-75.0,0.0,0.0,0.0,0.0,0.0,0.0,0.0,0.0,0.0,0.0,0.0,0.0,0.0,0.0,0.0,0.0,0.0,0.0,0.0,0.0,0.0,0.0,0.0,0.0,0.0,-85.0,0.0,0.0,0.0,0.0,0.0,0.0,0.0,Sala profes
556,557,0.0,0.0,0.0,0.0,0.0,-81.0,0.0,0.0,-66.0,-53.0,0.0,0.0,0.0,0.0,0.0,-75.0,-75.0,-81.0,-81.0,0.0,0.0,0.0,0.0,0.0,0.0,-68.0,-82.0,0.0,0.0,0.0,0.0,0.0,0.0,0.0,-91.0,-91.0,0.0,-85.0,0.0,-92.0,0.0,0.0,0.0,0.0,0.0,0.0,0.0,0.0,0.0,0.0,0.0,0.0,0.0,0.0,0.0,0.0,0.0,0.0,0.0,0.0,0.0,0.0,0.0,0.0,0.0,0.0,0.0,0.0,0.0,0.0,0.0,-75.0,0.0,0.0,0.0,-75.0,0.0,0.0,0.0,0.0,0.0,0.0,0.0,0.0,0.0,0.0,0.0,0.0,0.0,0.0,0.0,0.0,0.0,0.0,0.0,0.0,0.0,0.0,0.0,0.0,0.0,0.0,0.0,0.0,0.0,0.0,0.0,0.0,0.0,Sala profes
557,558,0.0,0.0,0.0,0.0,0.0,0.0,0.0,0.0,-65.0,-53.0,0.0,0.0,0.0,0.0,0.0,-75.0,-75.0,-80.0,-80.0,0.0,0.0,0.0,0.0,0.0,0.0,0.0,-82.0,-82.0,0.0,0.0,0.0,0.0,-76.0,-75.0,-91.0,-90.0,0.0,0.0,0.0,-95.0,0.0,0.0,0.0,0.0,0.0,0.0,0.0,0.0,0.0,0.0,0.0,0.0,0.0,0.0,0.0,0.0,0.0,0.0,0.0,0.0,0.0,0.0,0.0,0.0,0.0,0.0,-85.0,0.0,0.0,0.0,0.0,0.0,0.0,0.0,0.0,-76.0,0.0,0.0,0.0,0.0,0.0,0.0,0.0,0.0,0.0,0.0,0.0,0.0,0.0,0.0,-70.0,0.0,0.0,0.0,0.0,0.0,0.0,0.0,0.0,0.0,0.0,0.0,0.0,0.0,0.0,0.0,0.0,0.0,0.0,Sala profes
558,559,0.0,0.0,0.0,0.0,0.0,0.0,0.0,0.0,-66.0,-52.0,0.0,0.0,0.0,0.0,0.0,0.0,-74.0,-82.0,-82.0,0.0,0.0,0.0,0.0,0.0,-70.0,-68.0,-84.0,-84.0,0.0,0.0,0.0,0.0,-77.0,-77.0,-91.0,-91.0,-83.0,0.0,0.0,0.0,0.0,0.0,0.0,0.0,0.0,0.0,0.0,0.0,0.0,0.0,0.0,0.0,0.0,0.0,0.0,0.0,0.0,0.0,0.0,0.0,0.0,0.0,0.0,0.0,0.0,0.0,0.0,0.0,0.0,0.0,-74.0,0.0,0.0,0.0,0.0,-77.0,0.0,0.0,0.0,0.0,0.0,0.0,0.0,0.0,0.0,0.0,0.0,0.0,0.0,0.0,0.0,0.0,0.0,0.0,0.0,0.0,0.0,0.0,0.0,0.0,-89.0,-84.0,0.0,0.0,0.0,0.0,0.0,0.0,0.0,Sala profes
559,560,0.0,0.0,0.0,0.0,0.0,0.0,-98.0,-95.0,-66.0,-54.0,0.0,0.0,0.0,0.0,0.0,-76.0,0.0,-82.0,-82.0,0.0,0.0,0.0,0.0,0.0,0.0,0.0,-82.0,-82.0,0.0,0.0,0.0,0.0,-75.0,-75.0,-91.0,-91.0,0.0,0.0,-92.0,-92.0,0.0,0.0,0.0,0.0,0.0,0.0,0.0,0.0,0.0,0.0,0.0,0.0,0.0,0.0,0.0,0.0,0.0,0.0,0.0,0.0,0.0,0.0,0.0,0.0,0.0,0.0,-85.0,0.0,0.0,0.0,-75.0,-76.0,0.0,0.0,0.0,-76.0,0.0,0.0,0.0,0.0,0.0,0.0,0.0,0.0,0.0,0.0,0.0,0.0,0.0,0.0,-72.0,0.0,0.0,0.0,0.0,0.0,0.0,0.0,0.0,0.0,0.0,0.0,0.0,0.0,0.0,0.0,0.0,0.0,0.0,Sala profes
560,561,0.0,0.0,0.0,0.0,0.0,0.0,-96.0,0.0,-66.0,-53.0,0.0,0.0,0.0,0.0,0.0,-74.0,-73.0,-82.0,-82.0,0.0,0.0,0.0,0.0,0.0,0.0,0.0,-83.0,-82.0,0.0,0.0,0.0,0.0,-76.0,-76.0,-91.0,0.0,0.0,0.0,-92.0,-92.0,0.0,0.0,0.0,0.0,0.0,0.0,0.0,0.0,0.0,0.0,0.0,0.0,0.0,0.0,0.0,0.0,0.0,0.0,0.0,0.0,0.0,0.0,0.0,0.0,0.0,0.0,0.0,0.0,0.0,0.0,-75.0,0.0,0.0,0.0,0.0,-76.0,0.0,0.0,0.0,0.0,0.0,0.0,0.0,0.0,0.0,0.0,0.0,0.0,0.0,0.0,-71.0,0.0,0.0,0.0,0.0,0.0,0.0,0.0,0.0,0.0,0.0,-84.0,0.0,0.0,0.0,0.0,0.0,0.0,0.0,Sala profes
561,562,0.0,0.0,0.0,0.0,0.0,0.0,0.0,0.0,-66.0,-52.0,0.0,0.0,0.0,0.0,0.0,-74.0,-76.0,-82.0,-82.0,0.0,0.0,0.0,0.0,0.0,-68.0,0.0,-83.0,-82.0,0.0,0.0,0.0,0.0,-75.0,-74.0,-91.0,-91.0,0.0,0.0,0.0,-94.0,0.0,0.0,0.0,0.0,0.0,0.0,0.0,0.0,0.0,0.0,0.0,0.0,0.0,0.0,0.0,0.0,0.0,0.0,0.0,0.0,0.0,0.0,0.0,0.0,0.0,0.0,-85.0,0.0,0.0,0.0,0.0,0.0,0.0,0.0,0.0,-76.0,0.0,0.0,0.0,0.0,0.0,0.0,0.0,0.0,0.0,0.0,0.0,0.0,0.0,0.0,0.0,0.0,0.0,0.0,0.0,0.0,0.0,0.0,0.0,0.0,0.0,0.0,0.0,0.0,0.0,0.0,0.0,0.0,0.0,Sala profes
562,563,0.0,0.0,0.0,0.0,0.0,0.0,0.0,-96.0,-66.0,-53.0,0.0,0.0,0.0,0.0,0.0,-73.0,-73.0,-81.0,-82.0,0.0,0.0,0.0,0.0,0.0,0.0,0.0,-84.0,0.0,0.0,0.0,0.0,0.0,0.0,0.0,-91.0,-90.0,0.0,0.0,0.0,-94.0,0.0,0.0,0.0,0.0,0.0,0.0,0.0,0.0,0.0,0.0,0.0,0.0,0.0,0.0,0.0,0.0,0.0,0.0,0.0,0.0,0.0,0.0,0.0,0.0,0.0,0.0,0.0,0.0,0.0,0.0,0.0,-76.0,0.0,0.0,0.0,-76.0,0.0,0.0,0.0,0.0,0.0,0.0,0.0,0.0,0.0,0.0,0.0,0.0,0.0,0.0,-70.0,0.0,0.0,0.0,0.0,0.0,0.0,0.0,0.0,0.0,0.0,0.0,0.0,0.0,0.0,0.0,0.0,0.0,0.0,Sala profes
563,564,0.0,0.0,0.0,0.0,0.0,0.0,0.0,0.0,-65.0,-53.0,0.0,0.0,0.0,0.0,0.0,-76.0,-75.0,-82.0,-82.0,0.0,0.0,0.0,0.0,0.0,0.0,-70.0,-82.0,-82.0,0.0,0.0,0.0,0.0,-75.0,-75.0,-91.0,-90.0,-85.0,0.0,0.0,-92.0,0.0,0.0,0.0,0.0,0.0,0.0,0.0,0.0,0.0,0.0,0.0,0.0,0.0,0.0,0.0,0.0,0.0,0.0,0.0,0.0,0.0,0.0,0.0,0.0,0.0,0.0,0.0,0.0,0.0,0.0,-75.0,0.0,0.0,0.0,0.0,-76.0,0.0,0.0,0.0,0.0,0.0,0.0,0.0,0.0,0.0,0.0,0.0,0.0,0.0,0.0,-70.0,0.0,0.0,0.0,0.0,0.0,0.0,0.0,0.0,0.0,0.0,0.0,0.0,0.0,0.0,0.0,0.0,0.0,0.0,Sala profes
564,565,0.0,0.0,0.0,0.0,0.0,0.0,0.0,0.0,-66.0,-54.0,0.0,0.0,0.0,0.0,0.0,-73.0,-74.0,-82.0,-82.0,0.0,0.0,0.0,0.0,0.0,-69.0,-71.0,-82.0,0.0,0.0,0.0,0.0,0.0,-74.0,-75.0,-91.0,-89.0,0.0,0.0,0.0,-92.0,0.0,0.0,0.0,0.0,0.0,0.0,0.0,0.0,0.0,0.0,0.0,0.0,0.0,0.0,0.0,0.0,0.0,0.0,0.0,0.0,0.0,0.0,0.0,0.0,0.0,0.0,0.0,0.0,0.0,0.0,0.0,-75.0,0.0,0.0,0.0,-76.0,0.0,0.0,0.0,0.0,0.0,0.0,0.0,0.0,0.0,0.0,0.0,0.0,0.0,0.0,-67.0,0.0,0.0,0.0,0.0,0.0,0.0,0.0,0.0,0.0,0.0,0.0,0.0,0.0,0.0,0.0,0.0,0.0,0.0,Sala profes
565,566,0.0,0.0,0.0,0.0,0.0,0.0,-96.0,-97.0,-66.0,-52.0,0.0,0.0,0.0,0.0,0.0,0.0,-74.0,-82.0,-81.0,0.0,0.0,0.0,0.0,0.0,0.0,0.0,-82.0,-82.0,0.0,0.0,0.0,0.0,0.0,0.0,-91.0,-90.0,0.0,0.0,-92.0,-91.0,0.0,0.0,0.0,0.0,0.0,0.0,0.0,0.0,0.0,0.0,0.0,0.0,0.0,0.0,0.0,0.0,0.0,0.0,0.0,0.0,0.0,0.0,0.0,0.0,0.0,0.0,0.0,0.0,0.0,0.0,0.0,-75.0,0.0,0.0,0.0,-75.0,0.0,0.0,0.0,0.0,0.0,0.0,0.0,0.0,0.0,0.0,0.0,0.0,0.0,0.0,-71.0,0.0,0.0,0.0,0.0,0.0,0.0,0.0,0.0,0.0,0.0,0.0,0.0,0.0,0.0,0.0,0.0,0.0,0.0,Sala profes
566,567,0.0,0.0,0.0,0.0,0.0,0.0,-96.0,-96.0,-65.0,-53.0,0.0,0.0,0.0,0.0,0.0,-74.0,-74.0,-82.0,-82.0,0.0,0.0,0.0,0.0,0.0,-68.0,-69.0,-82.0,-82.0,0.0,0.0,0.0,0.0,-75.0,-75.0,-91.0,-91.0,0.0,-85.0,0.0,-93.0,0.0,0.0,0.0,0.0,0.0,0.0,0.0,0.0,0.0,0.0,0.0,0.0,0.0,0.0,0.0,0.0,0.0,0.0,0.0,0.0,0.0,0.0,0.0,0.0,0.0,0.0,0.0,0.0,0.0,0.0,0.0,-76.0,0.0,0.0,0.0,-76.0,0.0,0.0,0.0,0.0,0.0,0.0,0.0,0.0,0.0,0.0,0.0,0.0,0.0,0.0,-69.0,0.0,0.0,0.0,0.0,0.0,0.0,0.0,0.0,0.0,0.0,0.0,0.0,0.0,0.0,0.0,0.0,0.0,0.0,Sala profes
567,568,0.0,0.0,0.0,0.0,0.0,-84.0,0.0,0.0,-65.0,-52.0,0.0,0.0,0.0,0.0,0.0,0.0,0.0,-82.0,-82.0,0.0,-87.0,0.0,0.0,0.0,0.0,0.0,-82.0,-82.0,0.0,0.0,0.0,0.0,0.0,0.0,-91.0,0.0,0.0,0.0,-96.0,-95.0,0.0,0.0,0.0,0.0,0.0,0.0,0.0,0.0,0.0,0.0,0.0,0.0,0.0,0.0,0.0,0.0,0.0,0.0,0.0,0.0,0.0,0.0,0.0,0.0,0.0,0.0,0.0,0.0,0.0,0.0,-76.0,-77.0,0.0,0.0,0.0,-77.0,0.0,0.0,0.0,0.0,0.0,0.0,0.0,0.0,0.0,0.0,0.0,0.0,0.0,0.0,-71.0,0.0,0.0,0.0,0.0,0.0,0.0,0.0,0.0,0.0,0.0,0.0,0.0,0.0,0.0,0.0,0.0,0.0,0.0,Sala profes
568,569,0.0,0.0,0.0,0.0,0.0,0.0,-96.0,0.0,-66.0,-52.0,0.0,0.0,0.0,0.0,0.0,-72.0,-71.0,-82.0,-82.0,0.0,0.0,0.0,0.0,0.0,0.0,0.0,-82.0,-82.0,0.0,0.0,0.0,0.0,0.0,0.0,-91.0,-91.0,0.0,0.0,-93.0,-92.0,0.0,0.0,0.0,0.0,0.0,0.0,0.0,0.0,0.0,0.0,0.0,0.0,0.0,0.0,0.0,0.0,0.0,0.0,0.0,0.0,0.0,0.0,0.0,0.0,0.0,0.0,0.0,0.0,0.0,0.0,0.0,0.0,0.0,0.0,0.0,-77.0,0.0,0.0,0.0,0.0,0.0,0.0,0.0,0.0,0.0,0.0,0.0,0.0,0.0,0.0,-71.0,0.0,0.0,0.0,0.0,0.0,0.0,0.0,0.0,0.0,0.0,0.0,0.0,0.0,0.0,0.0,0.0,0.0,0.0,Sala profes
569,570,0.0,0.0,0.0,0.0,0.0,0.0,0.0,0.0,-66.0,-52.0,0.0,0.0,0.0,0.0,0.0,-70.0,-70.0,-81.0,-81.0,0.0,0.0,0.0,0.0,0.0,-70.0,-67.0,-82.0,-83.0,0.0,0.0,0.0,0.0,-75.0,-76.0,-92.0,-91.0,-85.0,0.0,-92.0,-94.0,0.0,0.0,0.0,0.0,0.0,0.0,0.0,0.0,0.0,0.0,0.0,0.0,0.0,0.0,0.0,0.0,0.0,0.0,0.0,0.0,0.0,0.0,0.0,0.0,0.0,0.0,-83.0,0.0,0.0,0.0,-74.0,0.0,0.0,0.0,0.0,-77.0,0.0,0.0,0.0,0.0,0.0,0.0,0.0,0.0,0.0,0.0,0.0,0.0,0.0,0.0,-69.0,0.0,0.0,0.0,0.0,0.0,0.0,0.0,0.0,0.0,0.0,0.0,0.0,0.0,0.0,0.0,0.0,0.0,0.0,Sala profes
570,571,0.0,0.0,0.0,0.0,0.0,0.0,0.0,0.0,-66.0,-51.0,0.0,0.0,0.0,0.0,0.0,0.0,0.0,-80.0,-80.0,0.0,0.0,0.0,0.0,0.0,0.0,0.0,-82.0,-82.0,0.0,0.0,0.0,0.0,0.0,0.0,-91.0,-91.0,0.0,0.0,-91.0,-91.0,0.0,0.0,0.0,0.0,0.0,0.0,0.0,0.0,0.0,0.0,0.0,0.0,0.0,0.0,0.0,0.0,0.0,0.0,0.0,0.0,0.0,0.0,0.0,0.0,0.0,0.0,-83.0,0.0,0.0,0.0,0.0,0.0,0.0,0.0,0.0,-76.0,0.0,0.0,0.0,0.0,0.0,0.0,0.0,0.0,0.0,0.0,0.0,0.0,0.0,0.0,-74.0,0.0,0.0,0.0,0.0,0.0,0.0,0.0,0.0,0.0,0.0,0.0,0.0,0.0,0.0,0.0,0.0,0.0,0.0,Sala profes
571,572,0.0,0.0,0.0,0.0,0.0,0.0,0.0,0.0,-67.0,-57.0,0.0,0.0,0.0,0.0,0.0,-72.0,-70.0,-82.0,-82.0,0.0,0.0,0.0,0.0,0.0,0.0,-66.0,-82.0,-82.0,0.0,0.0,0.0,0.0,-76.0,-74.0,-92.0,-91.0,0.0,0.0,0.0,-92.0,0.0,0.0,0.0,0.0,0.0,0.0,0.0,0.0,0.0,0.0,0.0,0.0,0.0,0.0,0.0,0.0,0.0,0.0,0.0,0.0,0.0,0.0,0.0,0.0,0.0,0.0,-84.0,0.0,0.0,0.0,0.0,0.0,0.0,0.0,0.0,-77.0,0.0,0.0,0.0,0.0,0.0,0.0,0.0,0.0,0.0,0.0,0.0,0.0,0.0,0.0,-71.0,0.0,0.0,0.0,0.0,0.0,0.0,0.0,0.0,0.0,0.0,0.0,0.0,0.0,0.0,0.0,0.0,0.0,0.0,Sala profes
572,573,0.0,0.0,0.0,0.0,0.0,-85.0,-94.0,-94.0,-68.0,-54.0,0.0,0.0,0.0,0.0,0.0,-72.0,-71.0,-81.0,-82.0,0.0,0.0,0.0,0.0,0.0,0.0,-69.0,-83.0,-84.0,0.0,0.0,0.0,0.0,-76.0,-74.0,-92.0,-92.0,0.0,0.0,0.0,0.0,0.0,0.0,0.0,0.0,0.0,0.0,0.0,0.0,0.0,0.0,0.0,0.0,0.0,0.0,0.0,0.0,0.0,0.0,0.0,0.0,0.0,0.0,0.0,0.0,0.0,0.0,-81.0,0.0,0.0,0.0,0.0,-76.0,0.0,0.0,0.0,-76.0,0.0,0.0,0.0,0.0,0.0,0.0,0.0,0.0,0.0,0.0,0.0,0.0,0.0,0.0,-80.0,0.0,0.0,0.0,0.0,0.0,0.0,0.0,0.0,0.0,0.0,0.0,0.0,0.0,0.0,0.0,0.0,0.0,0.0,Sala profes
573,574,0.0,0.0,0.0,0.0,0.0,0.0,0.0,0.0,-66.0,-57.0,0.0,0.0,0.0,0.0,0.0,-72.0,-73.0,-82.0,-81.0,0.0,0.0,0.0,0.0,0.0,-67.0,-70.0,-83.0,-82.0,0.0,0.0,0.0,0.0,0.0,0.0,-91.0,-92.0,0.0,0.0,-91.0,-91.0,0.0,0.0,0.0,0.0,0.0,0.0,0.0,0.0,0.0,0.0,0.0,0.0,0.0,0.0,0.0,0.0,0.0,0.0,0.0,0.0,0.0,0.0,0.0,0.0,0.0,0.0,0.0,0.0,0.0,0.0,-72.0,-77.0,0.0,0.0,0.0,-76.0,0.0,0.0,0.0,0.0,0.0,0.0,0.0,0.0,0.0,0.0,0.0,0.0,0.0,0.0,0.0,0.0,0.0,0.0,0.0,0.0,0.0,0.0,0.0,0.0,0.0,-82.0,0.0,0.0,0.0,0.0,0.0,0.0,0.0,Sala profes
574,575,0.0,0.0,0.0,0.0,0.0,0.0,0.0,0.0,-66.0,-52.0,-81.0,0.0,0.0,0.0,0.0,-71.0,-70.0,-81.0,-81.0,0.0,0.0,0.0,0.0,0.0,0.0,-69.0,-81.0,-82.0,0.0,0.0,0.0,0.0,-75.0,-76.0,-91.0,-92.0,-85.0,0.0,-91.0,-91.0,0.0,0.0,0.0,0.0,0.0,0.0,0.0,0.0,0.0,0.0,0.0,0.0,0.0,0.0,0.0,0.0,0.0,0.0,0.0,0.0,0.0,0.0,0.0,0.0,0.0,0.0,-84.0,0.0,0.0,0.0,-72.0,0.0,0.0,0.0,0.0,-77.0,0.0,0.0,0.0,0.0,0.0,0.0,0.0,0.0,0.0,0.0,0.0,0.0,0.0,0.0,-70.0,0.0,0.0,0.0,0.0,0.0,0.0,0.0,0.0,0.0,0.0,0.0,0.0,0.0,0.0,0.0,0.0,0.0,0.0,Sala profes
575,576,0.0,0.0,0.0,0.0,0.0,0.0,-96.0,-96.0,-66.0,-51.0,0.0,0.0,0.0,0.0,0.0,-71.0,-72.0,-81.0,-81.0,0.0,0.0,0.0,0.0,0.0,0.0,0.0,-83.0,-83.0,0.0,0.0,0.0,0.0,-74.0,-76.0,-91.0,-92.0,0.0,0.0,0.0,-91.0,0.0,0.0,0.0,0.0,0.0,0.0,0.0,0.0,0.0,0.0,0.0,0.0,0.0,0.0,0.0,0.0,0.0,0.0,0.0,0.0,0.0,0.0,0.0,0.0,0.0,0.0,0.0,0.0,0.0,0.0,0.0,-77.0,0.0,0.0,0.0,-77.0,0.0,0.0,0.0,0.0,0.0,0.0,0.0,0.0,0.0,0.0,0.0,0.0,0.0,0.0,-71.0,0.0,0.0,0.0,0.0,0.0,0.0,0.0,0.0,0.0,0.0,0.0,0.0,0.0,0.0,0.0,0.0,0.0,0.0,Sala profes
576,577,0.0,0.0,0.0,0.0,0.0,0.0,0.0,0.0,-66.0,-53.0,0.0,0.0,0.0,0.0,0.0,-70.0,-70.0,-81.0,-81.0,0.0,0.0,0.0,0.0,0.0,0.0,0.0,0.0,-83.0,0.0,0.0,0.0,0.0,0.0,0.0,-92.0,-91.0,0.0,0.0,-92.0,-93.0,0.0,0.0,0.0,0.0,0.0,0.0,0.0,0.0,0.0,0.0,0.0,0.0,0.0,0.0,0.0,0.0,0.0,0.0,0.0,0.0,0.0,0.0,0.0,0.0,0.0,0.0,-81.0,0.0,0.0,0.0,-72.0,-78.0,0.0,0.0,0.0,-78.0,0.0,0.0,0.0,0.0,0.0,0.0,0.0,0.0,0.0,0.0,0.0,0.0,0.0,0.0,-71.0,0.0,0.0,0.0,0.0,0.0,0.0,0.0,0.0,0.0,0.0,0.0,0.0,0.0,0.0,0.0,0.0,0.0,0.0,Sala profes
577,578,0.0,0.0,0.0,0.0,0.0,0.0,0.0,0.0,-66.0,-52.0,0.0,0.0,0.0,0.0,0.0,0.0,0.0,-81.0,-82.0,0.0,0.0,0.0,0.0,0.0,0.0,0.0,-82.0,-82.0,0.0,0.0,0.0,0.0,-76.0,-76.0,-92.0,-91.0,-84.0,-85.0,0.0,0.0,0.0,0.0,0.0,0.0,0.0,0.0,0.0,0.0,0.0,0.0,0.0,0.0,0.0,0.0,0.0,0.0,0.0,0.0,0.0,0.0,0.0,0.0,0.0,0.0,0.0,0.0,0.0,0.0,0.0,0.0,-71.0,-77.0,0.0,0.0,0.0,-77.0,0.0,0.0,0.0,0.0,0.0,0.0,0.0,0.0,0.0,0.0,0.0,0.0,0.0,0.0,-70.0,0.0,0.0,0.0,0.0,0.0,0.0,0.0,0.0,0.0,0.0,-82.0,0.0,0.0,0.0,0.0,0.0,0.0,0.0,Sala profes
578,579,0.0,0.0,0.0,0.0,0.0,0.0,0.0,0.0,-66.0,-56.0,0.0,0.0,0.0,0.0,0.0,-70.0,-70.0,-81.0,-81.0,0.0,0.0,0.0,0.0,0.0,-70.0,-70.0,-83.0,-83.0,0.0,0.0,0.0,0.0,0.0,-75.0,-91.0,-91.0,0.0,0.0,0.0,-92.0,0.0,0.0,0.0,0.0,0.0,0.0,0.0,0.0,0.0,0.0,0.0,0.0,0.0,0.0,0.0,0.0,0.0,0.0,0.0,0.0,0.0,0.0,0.0,0.0,0.0,0.0,-82.0,0.0,0.0,0.0,-72.0,0.0,0.0,0.0,0.0,-77.0,0.0,0.0,0.0,0.0,0.0,0.0,0.0,0.0,0.0,0.0,0.0,0.0,0.0,0.0,-71.0,0.0,0.0,0.0,0.0,0.0,0.0,0.0,0.0,0.0,0.0,0.0,0.0,0.0,0.0,0.0,0.0,0.0,0.0,Sala profes
579,580,0.0,0.0,0.0,0.0,0.0,-82.0,-96.0,0.0,-66.0,-50.0,0.0,0.0,0.0,0.0,0.0,-70.0,-70.0,-81.0,-81.0,0.0,0.0,0.0,0.0,0.0,-69.0,-70.0,-83.0,-83.0,0.0,0.0,0.0,0.0,0.0,0.0,-92.0,-92.0,0.0,-86.0,0.0,0.0,0.0,0.0,0.0,0.0,0.0,0.0,0.0,0.0,0.0,0.0,0.0,0.0,0.0,0.0,0.0,0.0,0.0,0.0,0.0,0.0,0.0,0.0,0.0,0.0,0.0,0.0,0.0,0.0,0.0,0.0,-72.0,0.0,0.0,0.0,0.0,-78.0,0.0,0.0,0.0,0.0,0.0,0.0,0.0,0.0,0.0,0.0,0.0,0.0,0.0,0.0,0.0,0.0,0.0,0.0,0.0,0.0,0.0,0.0,0.0,0.0,0.0,0.0,0.0,0.0,0.0,0.0,0.0,0.0,0.0,Sala profes
580,581,0.0,0.0,0.0,0.0,0.0,-82.0,-96.0,0.0,-66.0,-50.0,0.0,0.0,0.0,0.0,0.0,-70.0,-70.0,-81.0,-81.0,0.0,0.0,0.0,0.0,0.0,-69.0,-70.0,-83.0,-83.0,0.0,0.0,0.0,0.0,0.0,0.0,-92.0,-92.0,0.0,-86.0,0.0,0.0,0.0,0.0,0.0,0.0,0.0,0.0,0.0,0.0,0.0,0.0,0.0,0.0,0.0,0.0,0.0,0.0,0.0,0.0,0.0,0.0,0.0,0.0,0.0,0.0,0.0,0.0,0.0,0.0,0.0,0.0,-72.0,0.0,0.0,0.0,0.0,-78.0,0.0,0.0,0.0,0.0,0.0,0.0,0.0,0.0,0.0,0.0,0.0,0.0,0.0,0.0,0.0,0.0,0.0,0.0,0.0,0.0,0.0,0.0,0.0,0.0,0.0,0.0,0.0,0.0,0.0,0.0,0.0,0.0,0.0,Sala profes
581,582,0.0,0.0,0.0,0.0,0.0,0.0,-97.0,0.0,-66.0,-51.0,0.0,0.0,0.0,0.0,0.0,-70.0,-71.0,-81.0,-81.0,0.0,0.0,0.0,0.0,0.0,-70.0,-69.0,-82.0,-82.0,-88.0,-88.0,0.0,0.0,-75.0,-76.0,-92.0,-92.0,-85.0,0.0,0.0,0.0,0.0,0.0,0.0,0.0,0.0,0.0,0.0,0.0,0.0,0.0,0.0,0.0,0.0,0.0,0.0,0.0,0.0,0.0,0.0,0.0,0.0,0.0,0.0,0.0,0.0,0.0,-86.0,0.0,0.0,0.0,-74.0,0.0,0.0,0.0,0.0,-77.0,0.0,0.0,0.0,0.0,0.0,0.0,0.0,0.0,0.0,0.0,0.0,0.0,0.0,0.0,-72.0,0.0,0.0,0.0,0.0,0.0,0.0,0.0,0.0,0.0,0.0,0.0,0.0,0.0,0.0,0.0,0.0,0.0,0.0,Sala profes
582,583,0.0,0.0,0.0,0.0,0.0,0.0,-97.0,0.0,-66.0,-51.0,0.0,0.0,0.0,0.0,0.0,-70.0,-71.0,-81.0,-81.0,0.0,0.0,0.0,0.0,0.0,-70.0,-69.0,-82.0,-82.0,-88.0,-88.0,0.0,0.0,-75.0,-76.0,-92.0,-92.0,-85.0,0.0,0.0,0.0,0.0,0.0,0.0,0.0,0.0,0.0,0.0,0.0,0.0,0.0,0.0,0.0,0.0,0.0,0.0,0.0,0.0,0.0,0.0,0.0,0.0,0.0,0.0,0.0,0.0,0.0,-86.0,0.0,0.0,0.0,-74.0,0.0,0.0,0.0,0.0,-77.0,0.0,0.0,0.0,0.0,0.0,0.0,0.0,0.0,0.0,0.0,0.0,0.0,0.0,0.0,-72.0,0.0,0.0,0.0,0.0,0.0,0.0,0.0,0.0,0.0,0.0,0.0,0.0,0.0,0.0,0.0,0.0,0.0,0.0,Sala profes
583,584,0.0,0.0,0.0,0.0,0.0,0.0,0.0,0.0,-66.0,-51.0,0.0,0.0,0.0,0.0,0.0,-70.0,-70.0,-81.0,-81.0,0.0,0.0,0.0,0.0,0.0,-69.0,-70.0,-82.0,-81.0,-86.0,-87.0,0.0,0.0,-75.0,-76.0,-91.0,-92.0,-86.0,-86.0,-91.0,-92.0,0.0,0.0,0.0,0.0,0.0,0.0,0.0,0.0,0.0,0.0,0.0,0.0,0.0,0.0,0.0,0.0,0.0,0.0,0.0,0.0,0.0,0.0,0.0,0.0,0.0,0.0,0.0,0.0,0.0,0.0,-74.0,0.0,0.0,0.0,0.0,-77.0,0.0,0.0,0.0,0.0,0.0,0.0,0.0,0.0,0.0,0.0,0.0,0.0,0.0,0.0,-71.0,0.0,0.0,0.0,0.0,0.0,0.0,0.0,0.0,0.0,0.0,-82.0,0.0,0.0,0.0,0.0,0.0,0.0,0.0,Sala profes
584,585,0.0,0.0,0.0,0.0,0.0,0.0,0.0,0.0,-66.0,-51.0,0.0,0.0,0.0,0.0,0.0,-70.0,-70.0,-81.0,-81.0,0.0,0.0,0.0,0.0,0.0,-69.0,-70.0,-82.0,-81.0,-86.0,-87.0,0.0,0.0,-75.0,-76.0,-91.0,-92.0,-86.0,-86.0,-91.0,-92.0,0.0,0.0,0.0,0.0,0.0,0.0,0.0,0.0,0.0,0.0,0.0,0.0,0.0,0.0,0.0,0.0,0.0,0.0,0.0,0.0,0.0,0.0,0.0,0.0,0.0,0.0,0.0,0.0,0.0,0.0,-74.0,0.0,0.0,0.0,0.0,-77.0,0.0,0.0,0.0,0.0,0.0,0.0,0.0,0.0,0.0,0.0,0.0,0.0,0.0,0.0,-71.0,0.0,0.0,0.0,0.0,0.0,0.0,0.0,0.0,0.0,0.0,-82.0,0.0,0.0,0.0,0.0,0.0,0.0,0.0,Sala profes
585,586,0.0,0.0,0.0,0.0,0.0,-82.0,-97.0,-98.0,-66.0,-52.0,0.0,0.0,0.0,0.0,0.0,-70.0,-70.0,-81.0,-81.0,0.0,0.0,0.0,0.0,0.0,-69.0,-69.0,0.0,-83.0,-87.0,-87.0,0.0,0.0,-76.0,-76.0,-91.0,-92.0,-85.0,-86.0,0.0,0.0,0.0,0.0,0.0,0.0,0.0,0.0,0.0,0.0,0.0,0.0,0.0,0.0,0.0,0.0,0.0,0.0,0.0,0.0,0.0,0.0,0.0,0.0,0.0,0.0,0.0,0.0,0.0,0.0,0.0,0.0,-71.0,0.0,0.0,0.0,0.0,-76.0,0.0,0.0,0.0,0.0,0.0,0.0,0.0,0.0,0.0,0.0,0.0,0.0,0.0,0.0,-69.0,0.0,0.0,0.0,0.0,0.0,0.0,0.0,0.0,0.0,0.0,-83.0,0.0,0.0,0.0,0.0,0.0,0.0,0.0,Sala profes
586,587,0.0,0.0,0.0,0.0,0.0,0.0,0.0,0.0,-66.0,-51.0,0.0,0.0,0.0,0.0,0.0,-69.0,-72.0,-81.0,-81.0,0.0,0.0,0.0,0.0,0.0,-67.0,-70.0,-82.0,-82.0,0.0,0.0,0.0,0.0,-77.0,-76.0,-91.0,-91.0,0.0,0.0,-91.0,-91.0,0.0,0.0,0.0,0.0,0.0,0.0,0.0,0.0,0.0,0.0,0.0,0.0,0.0,0.0,0.0,0.0,0.0,0.0,0.0,0.0,0.0,0.0,0.0,0.0,0.0,0.0,0.0,0.0,0.0,0.0,0.0,-76.0,0.0,0.0,0.0,-77.0,0.0,0.0,0.0,0.0,0.0,0.0,0.0,0.0,0.0,0.0,0.0,0.0,0.0,0.0,-71.0,0.0,0.0,0.0,0.0,0.0,0.0,0.0,0.0,0.0,0.0,0.0,0.0,0.0,0.0,0.0,0.0,0.0,0.0,Sala profes
587,588,0.0,0.0,0.0,0.0,0.0,-86.0,0.0,0.0,-66.0,-51.0,0.0,0.0,0.0,0.0,0.0,-70.0,-70.0,-81.0,-81.0,0.0,0.0,0.0,0.0,0.0,-70.0,0.0,-82.0,-82.0,0.0,0.0,0.0,0.0,-76.0,-77.0,-92.0,-91.0,0.0,0.0,0.0,-93.0,0.0,0.0,0.0,0.0,0.0,0.0,0.0,0.0,0.0,0.0,0.0,0.0,0.0,0.0,0.0,0.0,0.0,0.0,0.0,0.0,0.0,0.0,0.0,0.0,0.0,0.0,-82.0,0.0,0.0,0.0,-72.0,0.0,0.0,0.0,0.0,-78.0,0.0,0.0,0.0,0.0,0.0,0.0,0.0,0.0,0.0,0.0,0.0,0.0,0.0,0.0,0.0,0.0,0.0,0.0,0.0,0.0,0.0,0.0,0.0,0.0,-91.0,0.0,0.0,0.0,0.0,0.0,0.0,0.0,0.0,Sala profes
588,589,0.0,0.0,0.0,0.0,0.0,0.0,0.0,-97.0,-66.0,-51.0,-85.0,0.0,0.0,0.0,0.0,-70.0,-70.0,-81.0,-82.0,0.0,0.0,0.0,0.0,0.0,0.0,-71.0,-82.0,-82.0,0.0,0.0,0.0,0.0,0.0,0.0,-92.0,-91.0,0.0,0.0,0.0,0.0,0.0,0.0,0.0,0.0,0.0,0.0,0.0,0.0,0.0,0.0,0.0,0.0,0.0,0.0,0.0,0.0,0.0,0.0,0.0,0.0,0.0,0.0,0.0,0.0,0.0,0.0,0.0,0.0,0.0,0.0,0.0,-77.0,0.0,0.0,0.0,-77.0,0.0,0.0,0.0,0.0,0.0,0.0,0.0,0.0,0.0,0.0,0.0,0.0,0.0,0.0,0.0,0.0,0.0,0.0,0.0,0.0,0.0,0.0,0.0,0.0,0.0,0.0,0.0,0.0,0.0,0.0,0.0,0.0,0.0,Sala profes
589,590,0.0,0.0,0.0,0.0,0.0,0.0,0.0,0.0,-66.0,-52.0,0.0,0.0,0.0,0.0,0.0,-70.0,-70.0,-81.0,-81.0,0.0,0.0,0.0,0.0,0.0,-70.0,0.0,-82.0,0.0,0.0,0.0,0.0,0.0,0.0,-75.0,-92.0,-92.0,0.0,0.0,-92.0,-92.0,0.0,0.0,0.0,0.0,0.0,0.0,0.0,0.0,0.0,0.0,0.0,0.0,0.0,0.0,0.0,0.0,0.0,0.0,0.0,0.0,0.0,0.0,0.0,0.0,0.0,0.0,0.0,0.0,0.0,0.0,0.0,-77.0,0.0,0.0,0.0,-77.0,0.0,0.0,0.0,0.0,0.0,0.0,0.0,0.0,0.0,0.0,0.0,0.0,0.0,0.0,-71.0,0.0,0.0,0.0,0.0,0.0,0.0,0.0,0.0,0.0,0.0,0.0,0.0,0.0,0.0,0.0,0.0,0.0,0.0,Sala profes
590,591,0.0,0.0,0.0,0.0,0.0,0.0,0.0,0.0,-66.0,-52.0,0.0,0.0,0.0,0.0,0.0,-70.0,-70.0,-81.0,-81.0,0.0,0.0,0.0,0.0,0.0,0.0,-69.0,-82.0,-82.0,0.0,0.0,0.0,0.0,-76.0,-74.0,-91.0,-91.0,0.0,0.0,-92.0,-92.0,0.0,0.0,0.0,0.0,0.0,0.0,0.0,0.0,0.0,0.0,0.0,0.0,0.0,0.0,0.0,0.0,0.0,0.0,0.0,0.0,0.0,0.0,0.0,0.0,0.0,0.0,0.0,0.0,0.0,0.0,0.0,0.0,0.0,0.0,0.0,-77.0,0.0,0.0,0.0,0.0,0.0,0.0,0.0,0.0,0.0,0.0,0.0,0.0,0.0,0.0,-70.0,0.0,0.0,0.0,0.0,-89.0,0.0,0.0,0.0,0.0,0.0,0.0,0.0,0.0,0.0,0.0,0.0,0.0,0.0,Sala profes
591,592,0.0,0.0,0.0,0.0,0.0,0.0,0.0,0.0,-66.0,-53.0,0.0,0.0,0.0,0.0,0.0,-70.0,-70.0,-81.0,-81.0,0.0,0.0,0.0,0.0,0.0,0.0,0.0,-81.0,-82.0,0.0,0.0,0.0,0.0,-76.0,-76.0,-92.0,-91.0,0.0,0.0,0.0,0.0,0.0,0.0,0.0,0.0,0.0,0.0,0.0,0.0,0.0,0.0,0.0,0.0,0.0,0.0,0.0,0.0,0.0,0.0,0.0,0.0,0.0,0.0,0.0,0.0,0.0,0.0,0.0,0.0,0.0,0.0,0.0,0.0,0.0,0.0,0.0,-77.0,0.0,0.0,0.0,0.0,0.0,0.0,0.0,0.0,0.0,0.0,0.0,0.0,0.0,0.0,-75.0,0.0,0.0,0.0,0.0,0.0,0.0,0.0,0.0,0.0,0.0,0.0,0.0,0.0,0.0,0.0,0.0,0.0,0.0,Sala profes
592,593,0.0,0.0,0.0,0.0,0.0,-82.0,0.0,0.0,-66.0,-53.0,0.0,0.0,0.0,0.0,0.0,-70.0,-70.0,-80.0,-81.0,0.0,0.0,0.0,0.0,0.0,-70.0,-70.0,-82.0,0.0,-87.0,-87.0,0.0,0.0,-75.0,-77.0,-91.0,-91.0,0.0,0.0,-91.0,-93.0,0.0,0.0,0.0,0.0,0.0,0.0,0.0,0.0,0.0,0.0,0.0,0.0,0.0,0.0,0.0,0.0,0.0,0.0,0.0,0.0,0.0,0.0,0.0,0.0,0.0,0.0,-86.0,0.0,0.0,0.0,-72.0,-77.0,0.0,0.0,0.0,-77.0,0.0,0.0,0.0,0.0,0.0,0.0,0.0,0.0,0.0,0.0,0.0,0.0,0.0,0.0,-69.0,0.0,0.0,0.0,0.0,0.0,0.0,0.0,0.0,0.0,0.0,0.0,0.0,0.0,0.0,0.0,0.0,0.0,0.0,Sala profes
593,594,0.0,0.0,0.0,0.0,0.0,0.0,0.0,0.0,-67.0,-53.0,0.0,0.0,0.0,0.0,0.0,0.0,0.0,-82.0,-81.0,0.0,0.0,0.0,0.0,0.0,0.0,0.0,-82.0,-82.0,0.0,0.0,0.0,0.0,-75.0,-76.0,0.0,-91.0,0.0,0.0,0.0,0.0,0.0,0.0,0.0,0.0,0.0,0.0,0.0,0.0,0.0,0.0,0.0,0.0,0.0,0.0,0.0,0.0,0.0,0.0,0.0,0.0,0.0,0.0,0.0,0.0,0.0,0.0,-86.0,0.0,0.0,0.0,0.0,0.0,0.0,0.0,0.0,-77.0,0.0,0.0,0.0,0.0,0.0,0.0,0.0,0.0,0.0,0.0,0.0,0.0,0.0,0.0,0.0,0.0,0.0,0.0,0.0,0.0,0.0,0.0,0.0,0.0,0.0,0.0,0.0,0.0,0.0,0.0,0.0,0.0,0.0,Sala profes
594,595,0.0,0.0,0.0,0.0,0.0,-81.0,0.0,0.0,-67.0,-53.0,0.0,0.0,0.0,0.0,0.0,-71.0,-71.0,-81.0,-80.0,0.0,0.0,0.0,0.0,0.0,-70.0,-70.0,-83.0,-82.0,0.0,0.0,0.0,0.0,-76.0,-76.0,-91.0,-93.0,0.0,0.0,0.0,0.0,0.0,0.0,0.0,0.0,0.0,0.0,0.0,0.0,0.0,0.0,0.0,0.0,0.0,0.0,0.0,0.0,0.0,0.0,0.0,0.0,0.0,0.0,0.0,0.0,0.0,0.0,0.0,0.0,0.0,0.0,-70.0,0.0,0.0,0.0,0.0,-78.0,0.0,0.0,0.0,0.0,0.0,0.0,0.0,0.0,0.0,0.0,0.0,0.0,0.0,0.0,0.0,0.0,0.0,0.0,0.0,0.0,0.0,0.0,0.0,0.0,-89.0,0.0,0.0,0.0,0.0,0.0,0.0,0.0,0.0,Sala profes
595,596,0.0,0.0,0.0,0.0,0.0,0.0,0.0,0.0,-67.0,-53.0,0.0,0.0,0.0,0.0,0.0,-70.0,-70.0,-82.0,-82.0,0.0,0.0,0.0,0.0,0.0,0.0,-68.0,-82.0,-82.0,0.0,0.0,0.0,0.0,0.0,0.0,-92.0,-91.0,0.0,-86.0,0.0,0.0,0.0,0.0,0.0,0.0,0.0,0.0,0.0,0.0,0.0,0.0,0.0,0.0,0.0,0.0,0.0,0.0,0.0,0.0,0.0,0.0,0.0,0.0,0.0,0.0,0.0,0.0,0.0,0.0,0.0,0.0,0.0,0.0,0.0,0.0,0.0,-77.0,0.0,0.0,0.0,0.0,0.0,0.0,0.0,0.0,0.0,0.0,0.0,0.0,0.0,0.0,-71.0,0.0,0.0,0.0,0.0,0.0,0.0,0.0,0.0,0.0,-87.0,0.0,0.0,0.0,0.0,0.0,0.0,0.0,0.0,Sala profes
596,597,0.0,0.0,0.0,0.0,0.0,0.0,0.0,0.0,-66.0,-52.0,0.0,0.0,0.0,0.0,0.0,-71.0,-70.0,-81.0,-81.0,0.0,0.0,0.0,0.0,0.0,-68.0,-68.0,-82.0,-82.0,0.0,0.0,0.0,0.0,0.0,0.0,-91.0,-91.0,-85.0,-86.0,0.0,0.0,0.0,0.0,0.0,0.0,0.0,0.0,0.0,0.0,0.0,0.0,0.0,0.0,0.0,0.0,0.0,0.0,0.0,0.0,0.0,0.0,0.0,0.0,0.0,0.0,0.0,0.0,-83.0,0.0,0.0,0.0,-72.0,0.0,0.0,0.0,0.0,-76.0,0.0,0.0,0.0,0.0,0.0,0.0,0.0,0.0,0.0,0.0,0.0,0.0,0.0,0.0,-69.0,0.0,0.0,0.0,0.0,0.0,0.0,0.0,0.0,0.0,0.0,0.0,0.0,0.0,0.0,0.0,0.0,0.0,0.0,Sala profes
597,598,0.0,0.0,0.0,0.0,0.0,0.0,0.0,0.0,-66.0,-50.0,0.0,0.0,0.0,0.0,0.0,-71.0,-71.0,-81.0,-81.0,0.0,0.0,0.0,0.0,0.0,0.0,-69.0,-82.0,0.0,0.0,-86.0,0.0,0.0,0.0,-74.0,-92.0,-93.0,0.0,-85.0,-92.0,-91.0,0.0,0.0,0.0,0.0,0.0,0.0,0.0,0.0,0.0,0.0,0.0,0.0,0.0,0.0,0.0,0.0,0.0,0.0,0.0,0.0,0.0,0.0,0.0,0.0,0.0,0.0,-83.0,0.0,0.0,0.0,0.0,-78.0,0.0,0.0,0.0,-78.0,0.0,0.0,0.0,0.0,0.0,0.0,0.0,0.0,0.0,0.0,0.0,0.0,0.0,0.0,-70.0,0.0,0.0,0.0,0.0,0.0,0.0,0.0,0.0,0.0,0.0,0.0,0.0,0.0,0.0,0.0,0.0,0.0,0.0,Sala profes
598,599,0.0,0.0,0.0,0.0,0.0,0.0,0.0,0.0,-66.0,-52.0,-86.0,0.0,0.0,0.0,0.0,-69.0,-71.0,-81.0,-81.0,0.0,0.0,0.0,0.0,0.0,-69.0,-66.0,-82.0,-82.0,0.0,0.0,0.0,0.0,-77.0,-76.0,-91.0,-91.0,0.0,0.0,0.0,0.0,0.0,0.0,0.0,0.0,0.0,0.0,0.0,0.0,0.0,0.0,0.0,0.0,0.0,0.0,0.0,0.0,0.0,0.0,0.0,0.0,0.0,0.0,0.0,0.0,0.0,0.0,-85.0,0.0,0.0,0.0,-68.0,0.0,0.0,0.0,0.0,-76.0,0.0,0.0,0.0,0.0,0.0,0.0,0.0,0.0,0.0,0.0,0.0,0.0,0.0,0.0,0.0,0.0,0.0,0.0,0.0,0.0,0.0,0.0,0.0,0.0,0.0,0.0,0.0,0.0,0.0,0.0,0.0,0.0,0.0,Sala profes
599,600,0.0,0.0,0.0,0.0,0.0,0.0,0.0,0.0,-67.0,-49.0,0.0,0.0,0.0,0.0,0.0,-70.0,-70.0,-80.0,-79.0,0.0,0.0,0.0,0.0,0.0,-68.0,0.0,-81.0,-82.0,0.0,0.0,0.0,0.0,-76.0,-76.0,-92.0,-91.0,-85.0,0.0,-94.0,-94.0,0.0,0.0,0.0,0.0,0.0,0.0,0.0,0.0,0.0,0.0,0.0,0.0,0.0,0.0,0.0,0.0,0.0,0.0,0.0,0.0,0.0,0.0,0.0,0.0,0.0,0.0,0.0,0.0,0.0,0.0,-72.0,-76.0,0.0,0.0,0.0,-76.0,0.0,0.0,0.0,0.0,0.0,0.0,0.0,0.0,0.0,0.0,0.0,0.0,0.0,0.0,0.0,0.0,0.0,0.0,0.0,0.0,0.0,0.0,0.0,0.0,0.0,0.0,0.0,0.0,0.0,0.0,0.0,0.0,0.0,Sala profes
600,601,0.0,0.0,0.0,0.0,0.0,0.0,0.0,0.0,-67.0,-49.0,0.0,0.0,0.0,0.0,0.0,-70.0,-70.0,-80.0,-79.0,0.0,0.0,0.0,0.0,0.0,-68.0,0.0,-81.0,-82.0,0.0,0.0,0.0,0.0,-76.0,-76.0,-92.0,-91.0,-85.0,0.0,-94.0,-94.0,0.0,0.0,0.0,0.0,0.0,0.0,0.0,0.0,0.0,0.0,0.0,0.0,0.0,0.0,0.0,0.0,0.0,0.0,0.0,0.0,0.0,0.0,0.0,0.0,0.0,0.0,0.0,0.0,0.0,0.0,-72.0,-76.0,0.0,0.0,0.0,-76.0,0.0,0.0,0.0,0.0,0.0,0.0,0.0,0.0,0.0,0.0,0.0,0.0,0.0,0.0,0.0,0.0,0.0,0.0,0.0,0.0,0.0,0.0,0.0,0.0,0.0,0.0,0.0,0.0,0.0,0.0,0.0,0.0,0.0,Sala profes
601,602,0.0,0.0,0.0,0.0,0.0,0.0,-96.0,-97.0,-66.0,-53.0,0.0,0.0,0.0,0.0,0.0,-71.0,-70.0,-81.0,-81.0,0.0,0.0,0.0,0.0,0.0,-69.0,-69.0,-82.0,-81.0,0.0,0.0,0.0,0.0,-76.0,0.0,-91.0,-91.0,0.0,0.0,0.0,0.0,0.0,0.0,0.0,0.0,0.0,0.0,0.0,0.0,0.0,0.0,0.0,0.0,0.0,0.0,0.0,0.0,0.0,0.0,0.0,0.0,0.0,0.0,0.0,0.0,0.0,0.0,0.0,0.0,0.0,0.0,0.0,-76.0,0.0,0.0,0.0,-76.0,0.0,0.0,0.0,0.0,0.0,0.0,0.0,0.0,0.0,0.0,0.0,0.0,0.0,0.0,-71.0,0.0,0.0,0.0,0.0,0.0,0.0,0.0,0.0,0.0,0.0,0.0,0.0,0.0,0.0,0.0,0.0,0.0,0.0,Sala profes
602,603,0.0,0.0,0.0,0.0,0.0,0.0,-96.0,-97.0,-66.0,-53.0,0.0,0.0,0.0,0.0,0.0,-71.0,-70.0,-81.0,-81.0,0.0,0.0,0.0,0.0,0.0,-69.0,-69.0,-82.0,-81.0,0.0,0.0,0.0,0.0,-76.0,0.0,-91.0,-91.0,0.0,0.0,0.0,0.0,0.0,0.0,0.0,0.0,0.0,0.0,0.0,0.0,0.0,0.0,0.0,0.0,0.0,0.0,0.0,0.0,0.0,0.0,0.0,0.0,0.0,0.0,0.0,0.0,0.0,0.0,0.0,0.0,0.0,0.0,0.0,-76.0,0.0,0.0,0.0,-76.0,0.0,0.0,0.0,0.0,0.0,0.0,0.0,0.0,0.0,0.0,0.0,0.0,0.0,0.0,-71.0,0.0,0.0,0.0,0.0,0.0,0.0,0.0,0.0,0.0,0.0,0.0,0.0,0.0,0.0,0.0,0.0,0.0,0.0,Sala profes
603,604,0.0,0.0,0.0,0.0,0.0,-82.0,0.0,0.0,-66.0,-51.0,0.0,0.0,0.0,0.0,0.0,-72.0,-72.0,-83.0,-83.0,0.0,0.0,0.0,0.0,0.0,-68.0,-66.0,-82.0,-82.0,0.0,0.0,0.0,0.0,-74.0,-75.0,-91.0,-91.0,-84.0,0.0,-94.0,-94.0,0.0,0.0,0.0,0.0,0.0,0.0,0.0,0.0,0.0,0.0,0.0,0.0,0.0,0.0,0.0,0.0,0.0,0.0,0.0,0.0,0.0,0.0,0.0,0.0,0.0,0.0,0.0,0.0,0.0,0.0,0.0,0.0,0.0,0.0,0.0,-76.0,0.0,0.0,0.0,0.0,0.0,0.0,0.0,0.0,0.0,0.0,0.0,0.0,0.0,0.0,-71.0,0.0,0.0,0.0,0.0,0.0,0.0,0.0,0.0,0.0,0.0,0.0,0.0,0.0,0.0,0.0,0.0,0.0,0.0,Sala profes
604,605,0.0,0.0,0.0,0.0,0.0,-82.0,0.0,0.0,-66.0,-51.0,0.0,0.0,0.0,0.0,0.0,-72.0,-72.0,-83.0,-83.0,0.0,0.0,0.0,0.0,0.0,-68.0,-66.0,-82.0,-82.0,0.0,0.0,0.0,0.0,-74.0,-75.0,-91.0,-91.0,-84.0,0.0,-94.0,-94.0,0.0,0.0,0.0,0.0,0.0,0.0,0.0,0.0,0.0,0.0,0.0,0.0,0.0,0.0,0.0,0.0,0.0,0.0,0.0,0.0,0.0,0.0,0.0,0.0,0.0,0.0,0.0,0.0,0.0,0.0,0.0,0.0,0.0,0.0,0.0,-76.0,0.0,0.0,0.0,0.0,0.0,0.0,0.0,0.0,0.0,0.0,0.0,0.0,0.0,0.0,-71.0,0.0,0.0,0.0,0.0,0.0,0.0,0.0,0.0,0.0,0.0,0.0,0.0,0.0,0.0,0.0,0.0,0.0,0.0,Sala profes
605,606,0.0,0.0,0.0,0.0,0.0,0.0,0.0,0.0,-83.0,-69.0,0.0,0.0,0.0,-97.0,0.0,-77.0,-77.0,0.0,0.0,0.0,-71.0,-72.0,-80.0,-80.0,0.0,0.0,0.0,0.0,0.0,0.0,0.0,0.0,0.0,0.0,0.0,0.0,0.0,0.0,0.0,0.0,0.0,0.0,0.0,0.0,0.0,-79.0,-89.0,-89.0,0.0,0.0,0.0,0.0,0.0,0.0,0.0,0.0,0.0,0.0,0.0,0.0,0.0,0.0,0.0,0.0,0.0,0.0,0.0,0.0,0.0,0.0,0.0,0.0,0.0,0.0,0.0,0.0,-80.0,0.0,0.0,0.0,0.0,0.0,0.0,0.0,0.0,-88.0,-79.0,-88.0,-79.0,0.0,0.0,-69.0,0.0,0.0,0.0,0.0,0.0,0.0,0.0,0.0,0.0,0.0,0.0,0.0,0.0,-89.0,0.0,0.0,0.0,SalaVisitas
606,607,0.0,0.0,0.0,0.0,0.0,0.0,0.0,0.0,-84.0,-72.0,0.0,0.0,0.0,0.0,0.0,-75.0,-75.0,0.0,0.0,0.0,-70.0,-70.0,-80.0,-80.0,0.0,0.0,0.0,0.0,0.0,0.0,0.0,0.0,0.0,0.0,0.0,0.0,0.0,-80.0,0.0,0.0,0.0,0.0,0.0,0.0,-79.0,-79.0,-88.0,0.0,0.0,0.0,0.0,0.0,0.0,0.0,0.0,0.0,0.0,0.0,0.0,0.0,0.0,0.0,0.0,0.0,0.0,0.0,0.0,0.0,0.0,0.0,0.0,0.0,0.0,0.0,0.0,0.0,0.0,0.0,-74.0,0.0,0.0,0.0,0.0,0.0,-79.0,-80.0,-80.0,-80.0,-80.0,-80.0,0.0,-61.0,0.0,0.0,0.0,0.0,0.0,0.0,0.0,0.0,0.0,0.0,0.0,0.0,0.0,-89.0,0.0,0.0,0.0,SalaVisitas
607,608,0.0,0.0,0.0,0.0,0.0,0.0,0.0,0.0,-84.0,-69.0,0.0,0.0,0.0,0.0,0.0,-74.0,-75.0,0.0,0.0,0.0,-72.0,0.0,-81.0,-80.0,0.0,0.0,0.0,0.0,0.0,0.0,0.0,0.0,0.0,0.0,0.0,0.0,0.0,0.0,0.0,0.0,0.0,0.0,0.0,0.0,-79.0,0.0,-90.0,-89.0,0.0,0.0,0.0,0.0,0.0,0.0,0.0,0.0,0.0,0.0,0.0,0.0,0.0,0.0,0.0,0.0,0.0,0.0,0.0,0.0,0.0,-89.0,0.0,0.0,0.0,0.0,0.0,0.0,-80.0,0.0,-75.0,0.0,0.0,0.0,0.0,0.0,0.0,0.0,-79.0,0.0,-79.0,0.0,0.0,-59.0,0.0,0.0,0.0,0.0,0.0,0.0,0.0,0.0,0.0,-71.0,0.0,0.0,0.0,-91.0,0.0,0.0,0.0,SalaVisitas
608,609,0.0,0.0,0.0,0.0,0.0,0.0,0.0,0.0,-84.0,-68.0,0.0,0.0,0.0,0.0,0.0,0.0,-75.0,0.0,0.0,0.0,-72.0,-71.0,-78.0,-78.0,0.0,0.0,0.0,0.0,0.0,0.0,0.0,0.0,0.0,0.0,0.0,0.0,-80.0,-79.0,0.0,0.0,0.0,0.0,0.0,0.0,0.0,0.0,-89.0,-89.0,0.0,0.0,0.0,0.0,0.0,0.0,0.0,0.0,0.0,0.0,0.0,0.0,0.0,0.0,0.0,0.0,0.0,0.0,0.0,0.0,0.0,0.0,0.0,0.0,0.0,0.0,0.0,0.0,-80.0,0.0,-77.0,0.0,0.0,0.0,0.0,0.0,0.0,0.0,-80.0,0.0,-79.0,0.0,0.0,-59.0,0.0,0.0,0.0,0.0,0.0,0.0,0.0,0.0,0.0,0.0,0.0,0.0,0.0,-87.0,0.0,0.0,0.0,SalaVisitas
609,610,0.0,0.0,0.0,0.0,0.0,0.0,0.0,0.0,-84.0,-71.0,0.0,0.0,0.0,0.0,0.0,-75.0,-75.0,0.0,0.0,0.0,-71.0,0.0,-78.0,-78.0,0.0,0.0,0.0,0.0,0.0,0.0,0.0,0.0,0.0,0.0,0.0,0.0,-79.0,-79.0,0.0,0.0,0.0,0.0,0.0,0.0,0.0,0.0,-89.0,-90.0,0.0,0.0,0.0,0.0,0.0,0.0,0.0,0.0,0.0,0.0,0.0,0.0,0.0,0.0,0.0,0.0,0.0,0.0,0.0,0.0,0.0,0.0,0.0,0.0,0.0,0.0,0.0,0.0,0.0,0.0,0.0,0.0,0.0,0.0,0.0,0.0,-79.0,0.0,-79.0,0.0,-79.0,-79.0,0.0,-59.0,0.0,0.0,0.0,0.0,0.0,0.0,0.0,0.0,0.0,-70.0,0.0,0.0,0.0,-86.0,0.0,0.0,0.0,SalaVisitas
610,611,0.0,0.0,0.0,0.0,0.0,0.0,0.0,0.0,-85.0,-71.0,0.0,0.0,0.0,0.0,0.0,0.0,0.0,0.0,0.0,0.0,-71.0,-71.0,-79.0,-80.0,0.0,0.0,0.0,0.0,0.0,0.0,0.0,0.0,0.0,0.0,0.0,0.0,-79.0,-80.0,0.0,0.0,0.0,0.0,0.0,0.0,0.0,-78.0,-89.0,-91.0,0.0,0.0,0.0,0.0,0.0,0.0,0.0,0.0,0.0,0.0,0.0,0.0,0.0,0.0,0.0,0.0,0.0,0.0,0.0,0.0,0.0,0.0,0.0,0.0,0.0,0.0,0.0,0.0,0.0,0.0,0.0,0.0,0.0,0.0,0.0,0.0,0.0,0.0,-79.0,0.0,-79.0,0.0,0.0,-60.0,0.0,0.0,0.0,0.0,0.0,0.0,0.0,0.0,0.0,0.0,0.0,0.0,0.0,-87.0,0.0,0.0,0.0,SalaVisitas
611,612,0.0,0.0,0.0,0.0,0.0,0.0,0.0,0.0,-84.0,-68.0,0.0,0.0,0.0,0.0,0.0,-73.0,-73.0,0.0,0.0,0.0,0.0,-72.0,-80.0,-80.0,0.0,0.0,0.0,0.0,0.0,0.0,0.0,0.0,0.0,0.0,0.0,0.0,-80.0,0.0,0.0,-94.0,0.0,0.0,0.0,0.0,0.0,-78.0,-87.0,-89.0,0.0,0.0,0.0,0.0,0.0,0.0,0.0,0.0,0.0,0.0,0.0,0.0,0.0,0.0,0.0,0.0,0.0,0.0,0.0,0.0,0.0,0.0,0.0,0.0,0.0,0.0,0.0,0.0,-80.0,0.0,0.0,0.0,0.0,0.0,0.0,0.0,0.0,0.0,-80.0,0.0,-80.0,0.0,0.0,-59.0,0.0,0.0,0.0,0.0,0.0,0.0,0.0,0.0,0.0,-70.0,0.0,0.0,0.0,-88.0,0.0,0.0,0.0,SalaVisitas
612,613,0.0,0.0,0.0,0.0,0.0,0.0,0.0,0.0,-84.0,-70.0,0.0,0.0,0.0,0.0,0.0,-75.0,-74.0,0.0,0.0,0.0,-70.0,-71.0,-81.0,-81.0,0.0,0.0,0.0,0.0,0.0,0.0,0.0,0.0,0.0,0.0,0.0,0.0,-79.0,-80.0,-94.0,0.0,0.0,0.0,0.0,0.0,-78.0,-78.0,-89.0,-90.0,0.0,0.0,0.0,0.0,0.0,0.0,0.0,0.0,0.0,0.0,0.0,0.0,0.0,0.0,0.0,0.0,0.0,0.0,0.0,0.0,0.0,0.0,-83.0,0.0,0.0,-87.0,-87.0,0.0,0.0,0.0,0.0,0.0,0.0,0.0,0.0,0.0,0.0,0.0,-80.0,0.0,-80.0,0.0,0.0,-62.0,0.0,0.0,0.0,0.0,0.0,0.0,0.0,0.0,0.0,-70.0,0.0,0.0,0.0,-91.0,0.0,0.0,0.0,SalaVisitas
613,614,0.0,0.0,0.0,0.0,0.0,0.0,0.0,0.0,-84.0,-69.0,0.0,0.0,0.0,0.0,0.0,-74.0,-73.0,0.0,0.0,0.0,-70.0,-70.0,-79.0,-79.0,0.0,0.0,0.0,0.0,0.0,0.0,0.0,0.0,0.0,0.0,0.0,0.0,-80.0,-80.0,0.0,0.0,0.0,0.0,0.0,0.0,-76.0,-76.0,-88.0,-88.0,0.0,0.0,0.0,0.0,0.0,0.0,0.0,0.0,0.0,0.0,0.0,0.0,0.0,0.0,0.0,0.0,0.0,0.0,0.0,0.0,0.0,0.0,0.0,0.0,0.0,-85.0,0.0,0.0,0.0,0.0,0.0,0.0,0.0,0.0,0.0,0.0,0.0,-80.0,0.0,-81.0,0.0,0.0,0.0,-63.0,0.0,0.0,0.0,0.0,0.0,0.0,0.0,0.0,0.0,0.0,-85.0,0.0,0.0,-89.0,0.0,0.0,0.0,SalaVisitas
614,615,0.0,0.0,0.0,0.0,0.0,0.0,0.0,0.0,-84.0,-69.0,0.0,0.0,0.0,0.0,0.0,-74.0,-74.0,0.0,0.0,0.0,-68.0,-69.0,-80.0,-80.0,0.0,0.0,0.0,0.0,0.0,0.0,0.0,0.0,0.0,0.0,0.0,0.0,0.0,0.0,-92.0,-92.0,0.0,0.0,0.0,0.0,-77.0,-77.0,-89.0,-89.0,0.0,0.0,0.0,0.0,0.0,0.0,0.0,0.0,0.0,0.0,0.0,0.0,0.0,0.0,0.0,0.0,0.0,0.0,0.0,0.0,0.0,0.0,0.0,0.0,0.0,0.0,0.0,0.0,-80.0,0.0,-75.0,0.0,0.0,0.0,0.0,0.0,-80.0,-81.0,-80.0,-80.0,-80.0,-80.0,0.0,-65.0,0.0,0.0,0.0,0.0,0.0,0.0,0.0,0.0,0.0,0.0,0.0,0.0,0.0,-87.0,0.0,0.0,0.0,SalaVisitas
615,616,0.0,0.0,0.0,0.0,0.0,0.0,0.0,0.0,-83.0,-69.0,0.0,0.0,0.0,0.0,0.0,-73.0,-74.0,0.0,0.0,0.0,-69.0,0.0,-80.0,-81.0,0.0,0.0,0.0,0.0,0.0,0.0,0.0,0.0,0.0,0.0,0.0,0.0,-80.0,-79.0,-91.0,-92.0,0.0,0.0,0.0,0.0,-77.0,0.0,-91.0,-91.0,0.0,0.0,0.0,0.0,0.0,0.0,0.0,0.0,0.0,0.0,0.0,0.0,0.0,0.0,0.0,0.0,0.0,0.0,0.0,0.0,0.0,0.0,-86.0,0.0,0.0,-89.0,-89.0,0.0,0.0,0.0,0.0,0.0,0.0,0.0,0.0,0.0,0.0,0.0,-79.0,0.0,-80.0,0.0,0.0,-68.0,0.0,0.0,0.0,0.0,0.0,0.0,0.0,0.0,0.0,-71.0,-89.0,0.0,0.0,-90.0,0.0,0.0,0.0,SalaVisitas
616,617,0.0,0.0,0.0,0.0,0.0,0.0,0.0,0.0,-85.0,-69.0,0.0,0.0,0.0,0.0,0.0,-73.0,-74.0,0.0,0.0,0.0,0.0,-69.0,-80.0,-80.0,0.0,0.0,0.0,0.0,0.0,0.0,0.0,0.0,0.0,0.0,0.0,0.0,0.0,0.0,-92.0,-93.0,0.0,0.0,0.0,0.0,0.0,0.0,-91.0,-91.0,0.0,0.0,0.0,0.0,0.0,0.0,0.0,0.0,0.0,0.0,0.0,0.0,0.0,0.0,0.0,0.0,0.0,0.0,0.0,0.0,0.0,0.0,-85.0,0.0,0.0,-86.0,-85.0,0.0,-80.0,0.0,0.0,0.0,0.0,0.0,0.0,0.0,0.0,0.0,-79.0,0.0,-79.0,0.0,0.0,-68.0,0.0,0.0,0.0,0.0,0.0,0.0,0.0,0.0,0.0,0.0,-86.0,0.0,0.0,-89.0,0.0,0.0,0.0,SalaVisitas
617,618,0.0,0.0,0.0,0.0,0.0,0.0,0.0,0.0,-85.0,-69.0,0.0,0.0,0.0,0.0,0.0,-73.0,-73.0,0.0,0.0,0.0,-71.0,-71.0,-79.0,-79.0,0.0,0.0,0.0,0.0,0.0,0.0,0.0,0.0,0.0,0.0,0.0,0.0,0.0,0.0,-92.0,-91.0,0.0,0.0,0.0,0.0,-74.0,-73.0,-91.0,-89.0,0.0,0.0,0.0,0.0,0.0,0.0,0.0,0.0,0.0,0.0,0.0,0.0,0.0,0.0,0.0,0.0,0.0,0.0,0.0,0.0,0.0,-91.0,0.0,0.0,0.0,-89.0,-89.0,0.0,-78.0,0.0,-74.0,0.0,0.0,0.0,0.0,0.0,0.0,0.0,-79.0,0.0,-79.0,0.0,0.0,-66.0,0.0,0.0,0.0,0.0,0.0,0.0,0.0,0.0,0.0,0.0,-89.0,0.0,0.0,-91.0,0.0,0.0,0.0,SalaVisitas
618,619,0.0,0.0,0.0,0.0,0.0,0.0,0.0,0.0,-82.0,-69.0,0.0,0.0,0.0,0.0,0.0,-74.0,-75.0,0.0,0.0,0.0,-70.0,-71.0,-80.0,-80.0,0.0,0.0,0.0,0.0,0.0,0.0,0.0,0.0,0.0,0.0,0.0,0.0,-79.0,0.0,-91.0,-91.0,0.0,0.0,0.0,0.0,-74.0,-75.0,-89.0,-89.0,0.0,0.0,0.0,0.0,0.0,0.0,0.0,0.0,0.0,0.0,0.0,0.0,0.0,0.0,0.0,0.0,0.0,0.0,0.0,0.0,0.0,0.0,0.0,0.0,0.0,0.0,0.0,0.0,-92.0,0.0,-75.0,0.0,0.0,0.0,0.0,0.0,0.0,0.0,-81.0,0.0,-81.0,-81.0,0.0,-65.0,0.0,0.0,0.0,0.0,0.0,0.0,0.0,0.0,0.0,0.0,0.0,0.0,0.0,-91.0,0.0,0.0,0.0,SalaVisitas
619,620,0.0,0.0,0.0,0.0,0.0,0.0,0.0,0.0,-85.0,-69.0,0.0,0.0,0.0,0.0,0.0,-74.0,-74.0,0.0,0.0,0.0,-68.0,-68.0,-79.0,-80.0,0.0,0.0,0.0,0.0,0.0,0.0,0.0,0.0,0.0,0.0,0.0,0.0,0.0,-79.0,-91.0,-91.0,0.0,0.0,0.0,0.0,-73.0,-73.0,-89.0,-89.0,0.0,0.0,0.0,0.0,0.0,0.0,0.0,0.0,0.0,0.0,0.0,0.0,0.0,0.0,0.0,0.0,0.0,0.0,0.0,0.0,0.0,0.0,-84.0,0.0,0.0,0.0,0.0,0.0,0.0,0.0,0.0,0.0,0.0,0.0,0.0,0.0,-81.0,0.0,-81.0,0.0,-81.0,-81.0,0.0,-66.0,0.0,0.0,0.0,0.0,0.0,0.0,0.0,0.0,0.0,0.0,0.0,0.0,0.0,-92.0,0.0,0.0,0.0,SalaVisitas
620,621,0.0,0.0,0.0,0.0,0.0,0.0,0.0,0.0,-85.0,-70.0,0.0,0.0,0.0,0.0,-94.0,0.0,-74.0,0.0,0.0,0.0,-68.0,-68.0,-79.0,-79.0,0.0,0.0,0.0,0.0,0.0,0.0,0.0,0.0,0.0,0.0,0.0,0.0,-80.0,-80.0,-94.0,-92.0,0.0,0.0,0.0,0.0,-74.0,-73.0,-91.0,-90.0,0.0,0.0,0.0,0.0,0.0,0.0,0.0,0.0,0.0,0.0,0.0,0.0,0.0,0.0,0.0,0.0,0.0,0.0,0.0,0.0,0.0,-88.0,0.0,0.0,0.0,0.0,0.0,0.0,0.0,0.0,-76.0,0.0,0.0,0.0,0.0,0.0,-81.0,0.0,-81.0,0.0,-81.0,-81.0,0.0,-64.0,0.0,0.0,0.0,0.0,0.0,0.0,0.0,0.0,0.0,0.0,0.0,0.0,0.0,-92.0,0.0,0.0,0.0,SalaVisitas
621,622,0.0,0.0,0.0,0.0,0.0,0.0,0.0,0.0,-84.0,-69.0,0.0,0.0,0.0,0.0,0.0,0.0,-73.0,0.0,0.0,0.0,0.0,0.0,-79.0,-79.0,0.0,0.0,0.0,0.0,0.0,0.0,0.0,0.0,0.0,0.0,0.0,0.0,-80.0,-80.0,-91.0,-92.0,0.0,0.0,0.0,0.0,0.0,-73.0,-89.0,-89.0,0.0,0.0,0.0,0.0,0.0,0.0,0.0,0.0,0.0,0.0,0.0,0.0,0.0,0.0,0.0,0.0,0.0,0.0,0.0,0.0,0.0,0.0,0.0,0.0,0.0,0.0,-90.0,0.0,-81.0,-91.0,0.0,0.0,0.0,0.0,0.0,0.0,0.0,0.0,-81.0,0.0,-81.0,0.0,0.0,-68.0,0.0,0.0,0.0,0.0,0.0,0.0,0.0,0.0,0.0,-69.0,0.0,0.0,0.0,-88.0,0.0,0.0,0.0,SalaVisitas
622,623,0.0,0.0,0.0,0.0,0.0,0.0,0.0,0.0,-82.0,-69.0,0.0,0.0,0.0,-94.0,0.0,-74.0,-75.0,0.0,0.0,0.0,0.0,-69.0,-80.0,-79.0,0.0,0.0,0.0,0.0,0.0,0.0,0.0,0.0,0.0,0.0,0.0,0.0,0.0,0.0,-91.0,-91.0,0.0,0.0,0.0,0.0,-74.0,0.0,-91.0,-90.0,0.0,0.0,0.0,0.0,0.0,0.0,0.0,0.0,0.0,0.0,0.0,0.0,0.0,0.0,0.0,0.0,0.0,0.0,0.0,0.0,0.0,0.0,-82.0,0.0,0.0,-84.0,-84.0,0.0,0.0,0.0,-76.0,0.0,0.0,0.0,0.0,0.0,0.0,0.0,0.0,0.0,0.0,0.0,0.0,-69.0,0.0,0.0,0.0,0.0,0.0,0.0,0.0,0.0,0.0,-70.0,-84.0,0.0,0.0,-89.0,0.0,0.0,0.0,SalaVisitas
623,624,0.0,0.0,0.0,0.0,0.0,0.0,0.0,0.0,-83.0,0.0,0.0,0.0,0.0,0.0,0.0,0.0,0.0,0.0,0.0,0.0,-68.0,-69.0,-79.0,-79.0,0.0,0.0,0.0,0.0,0.0,0.0,0.0,0.0,0.0,0.0,0.0,0.0,-79.0,0.0,-89.0,-89.0,0.0,0.0,0.0,0.0,-73.0,-73.0,-89.0,-89.0,0.0,0.0,0.0,0.0,0.0,0.0,0.0,0.0,0.0,0.0,0.0,0.0,0.0,0.0,0.0,0.0,0.0,0.0,0.0,0.0,0.0,0.0,0.0,0.0,0.0,0.0,0.0,0.0,-79.0,0.0,0.0,0.0,0.0,0.0,0.0,0.0,0.0,0.0,0.0,0.0,0.0,0.0,0.0,-67.0,0.0,0.0,0.0,0.0,0.0,0.0,0.0,0.0,0.0,0.0,0.0,0.0,0.0,-91.0,0.0,0.0,0.0,SalaVisitas
624,625,0.0,0.0,0.0,0.0,0.0,0.0,0.0,0.0,-84.0,-68.0,0.0,0.0,0.0,0.0,-91.0,-74.0,-75.0,0.0,0.0,0.0,-69.0,-70.0,-79.0,-79.0,0.0,0.0,0.0,0.0,0.0,0.0,0.0,0.0,0.0,0.0,0.0,0.0,0.0,0.0,0.0,0.0,0.0,0.0,0.0,0.0,-73.0,-73.0,-89.0,-89.0,0.0,0.0,0.0,0.0,0.0,0.0,0.0,0.0,0.0,0.0,0.0,0.0,0.0,0.0,0.0,0.0,0.0,0.0,0.0,0.0,0.0,-89.0,0.0,0.0,0.0,0.0,0.0,0.0,0.0,0.0,0.0,0.0,0.0,0.0,0.0,0.0,-81.0,0.0,-81.0,0.0,-81.0,-81.0,0.0,-67.0,0.0,0.0,0.0,0.0,0.0,0.0,0.0,0.0,0.0,0.0,0.0,0.0,0.0,-94.0,0.0,0.0,0.0,SalaVisitas
625,626,0.0,0.0,0.0,0.0,0.0,0.0,0.0,0.0,-84.0,-68.0,0.0,0.0,0.0,0.0,0.0,0.0,-75.0,0.0,0.0,0.0,-71.0,-70.0,-79.0,-79.0,0.0,0.0,0.0,0.0,0.0,0.0,0.0,0.0,0.0,0.0,0.0,0.0,0.0,0.0,-92.0,0.0,0.0,0.0,0.0,0.0,-73.0,-73.0,-90.0,-89.0,0.0,0.0,0.0,0.0,0.0,0.0,0.0,0.0,0.0,0.0,0.0,0.0,0.0,0.0,0.0,0.0,0.0,0.0,0.0,0.0,0.0,0.0,0.0,0.0,0.0,0.0,0.0,0.0,-80.0,-92.0,-75.0,0.0,0.0,0.0,0.0,0.0,-80.0,0.0,-80.0,0.0,-79.0,-80.0,0.0,-64.0,0.0,0.0,0.0,0.0,0.0,0.0,0.0,0.0,0.0,0.0,0.0,0.0,0.0,0.0,0.0,0.0,0.0,SalaVisitas
626,627,0.0,0.0,0.0,0.0,0.0,0.0,0.0,0.0,-83.0,-68.0,0.0,0.0,0.0,0.0,0.0,0.0,0.0,0.0,0.0,0.0,-71.0,-70.0,-80.0,-80.0,0.0,0.0,0.0,0.0,0.0,0.0,0.0,0.0,0.0,0.0,0.0,0.0,0.0,0.0,0.0,0.0,0.0,0.0,0.0,0.0,-75.0,-75.0,-88.0,-89.0,0.0,0.0,0.0,0.0,0.0,0.0,0.0,0.0,0.0,0.0,0.0,0.0,0.0,0.0,0.0,0.0,0.0,0.0,0.0,0.0,0.0,0.0,0.0,0.0,0.0,0.0,0.0,0.0,-80.0,0.0,0.0,0.0,0.0,0.0,0.0,0.0,-81.0,-82.0,-81.0,-83.0,-81.0,-81.0,0.0,-68.0,0.0,0.0,0.0,0.0,0.0,0.0,0.0,0.0,0.0,0.0,0.0,0.0,0.0,-91.0,0.0,0.0,0.0,SalaVisitas
627,628,0.0,0.0,0.0,0.0,0.0,0.0,0.0,0.0,-82.0,-65.0,0.0,0.0,0.0,0.0,0.0,-74.0,0.0,-94.0,-96.0,0.0,-67.0,-67.0,-79.0,-79.0,0.0,0.0,0.0,0.0,0.0,0.0,0.0,0.0,0.0,0.0,0.0,0.0,0.0,0.0,-88.0,-88.0,0.0,0.0,0.0,0.0,0.0,-73.0,-91.0,-91.0,0.0,0.0,0.0,0.0,0.0,0.0,0.0,0.0,0.0,0.0,0.0,0.0,0.0,0.0,0.0,0.0,0.0,0.0,0.0,0.0,0.0,-88.0,0.0,0.0,0.0,0.0,0.0,0.0,-82.0,-89.0,0.0,0.0,0.0,0.0,0.0,0.0,0.0,0.0,-80.0,0.0,-80.0,0.0,0.0,-68.0,0.0,0.0,0.0,0.0,0.0,0.0,0.0,-90.0,0.0,-70.0,0.0,0.0,0.0,-94.0,0.0,0.0,0.0,SalaVisitas
628,629,0.0,0.0,0.0,0.0,0.0,0.0,0.0,0.0,-83.0,-69.0,0.0,0.0,0.0,-97.0,0.0,-77.0,-77.0,0.0,0.0,0.0,-71.0,-72.0,-80.0,-80.0,0.0,0.0,0.0,0.0,0.0,0.0,0.0,0.0,0.0,0.0,0.0,0.0,0.0,0.0,0.0,0.0,0.0,0.0,0.0,0.0,0.0,-79.0,-89.0,-89.0,0.0,0.0,0.0,0.0,0.0,0.0,0.0,0.0,0.0,0.0,0.0,0.0,0.0,0.0,0.0,0.0,0.0,0.0,0.0,0.0,0.0,0.0,0.0,0.0,0.0,0.0,0.0,0.0,-80.0,0.0,0.0,0.0,0.0,0.0,0.0,0.0,0.0,-88.0,-79.0,-88.0,-79.0,0.0,0.0,-69.0,0.0,0.0,0.0,0.0,0.0,0.0,0.0,0.0,0.0,0.0,0.0,0.0,0.0,-89.0,0.0,0.0,0.0,SalaVisitas
629,630,0.0,0.0,0.0,0.0,0.0,0.0,0.0,0.0,-84.0,-72.0,0.0,0.0,0.0,0.0,0.0,-75.0,-75.0,0.0,0.0,0.0,-70.0,-70.0,-80.0,-80.0,0.0,0.0,0.0,0.0,0.0,0.0,0.0,0.0,0.0,0.0,0.0,0.0,0.0,-80.0,0.0,0.0,0.0,0.0,0.0,0.0,-79.0,-79.0,-88.0,0.0,0.0,0.0,0.0,0.0,0.0,0.0,0.0,0.0,0.0,0.0,0.0,0.0,0.0,0.0,0.0,0.0,0.0,0.0,0.0,0.0,0.0,0.0,0.0,0.0,0.0,0.0,0.0,0.0,0.0,0.0,-74.0,0.0,0.0,0.0,0.0,0.0,-79.0,-80.0,-80.0,-80.0,-80.0,-80.0,0.0,-61.0,0.0,0.0,0.0,0.0,0.0,0.0,0.0,0.0,0.0,0.0,0.0,0.0,0.0,-89.0,0.0,0.0,0.0,SalaVisitas
630,631,0.0,0.0,0.0,0.0,0.0,0.0,0.0,0.0,-84.0,-69.0,0.0,0.0,0.0,0.0,0.0,-74.0,-75.0,0.0,0.0,0.0,-72.0,0.0,-81.0,-80.0,0.0,0.0,0.0,0.0,0.0,0.0,0.0,0.0,0.0,0.0,0.0,0.0,0.0,0.0,0.0,0.0,0.0,0.0,0.0,0.0,-79.0,0.0,-90.0,-89.0,0.0,0.0,0.0,0.0,0.0,0.0,0.0,0.0,0.0,0.0,0.0,0.0,0.0,0.0,0.0,0.0,0.0,0.0,0.0,0.0,0.0,-89.0,0.0,0.0,0.0,0.0,0.0,0.0,-80.0,0.0,-75.0,0.0,0.0,0.0,0.0,0.0,0.0,0.0,-79.0,0.0,-79.0,0.0,0.0,-59.0,0.0,0.0,0.0,0.0,0.0,0.0,0.0,0.0,0.0,-71.0,0.0,0.0,0.0,-91.0,0.0,0.0,0.0,SalaVisitas
631,632,0.0,0.0,0.0,0.0,0.0,0.0,0.0,0.0,-84.0,-68.0,0.0,0.0,0.0,0.0,0.0,0.0,-75.0,0.0,0.0,0.0,-72.0,-71.0,-78.0,-78.0,0.0,0.0,0.0,0.0,0.0,0.0,0.0,0.0,0.0,0.0,0.0,0.0,-80.0,-79.0,0.0,0.0,0.0,0.0,0.0,0.0,0.0,0.0,-89.0,-89.0,0.0,0.0,0.0,0.0,0.0,0.0,0.0,0.0,0.0,0.0,0.0,0.0,0.0,0.0,0.0,0.0,0.0,0.0,0.0,0.0,0.0,0.0,0.0,0.0,0.0,0.0,0.0,0.0,-80.0,0.0,-77.0,0.0,0.0,0.0,0.0,0.0,0.0,0.0,-80.0,0.0,-79.0,0.0,0.0,-59.0,0.0,0.0,0.0,0.0,0.0,0.0,0.0,0.0,0.0,0.0,0.0,0.0,0.0,-87.0,0.0,0.0,0.0,SalaVisitas
632,633,0.0,0.0,0.0,0.0,0.0,0.0,0.0,0.0,-84.0,-71.0,0.0,0.0,0.0,0.0,0.0,-75.0,-75.0,0.0,0.0,0.0,-71.0,0.0,-78.0,-78.0,0.0,0.0,0.0,0.0,0.0,0.0,0.0,0.0,0.0,0.0,0.0,0.0,-79.0,-79.0,0.0,0.0,0.0,0.0,0.0,0.0,0.0,0.0,-89.0,-90.0,0.0,0.0,0.0,0.0,0.0,0.0,0.0,0.0,0.0,0.0,0.0,0.0,0.0,0.0,0.0,0.0,0.0,0.0,0.0,0.0,0.0,0.0,0.0,0.0,0.0,0.0,0.0,0.0,0.0,0.0,0.0,0.0,0.0,0.0,0.0,0.0,-79.0,0.0,-79.0,0.0,-79.0,-79.0,0.0,-59.0,0.0,0.0,0.0,0.0,0.0,0.0,0.0,0.0,0.0,-70.0,0.0,0.0,0.0,-86.0,0.0,0.0,0.0,SalaVisitas
633,634,0.0,0.0,0.0,0.0,0.0,0.0,0.0,0.0,-85.0,-71.0,0.0,0.0,0.0,0.0,0.0,0.0,0.0,0.0,0.0,0.0,-71.0,-71.0,-79.0,-80.0,0.0,0.0,0.0,0.0,0.0,0.0,0.0,0.0,0.0,0.0,0.0,0.0,-79.0,-80.0,0.0,0.0,0.0,0.0,0.0,0.0,0.0,-78.0,-89.0,-91.0,0.0,0.0,0.0,0.0,0.0,0.0,0.0,0.0,0.0,0.0,0.0,0.0,0.0,0.0,0.0,0.0,0.0,0.0,0.0,0.0,0.0,0.0,0.0,0.0,0.0,0.0,0.0,0.0,0.0,0.0,0.0,0.0,0.0,0.0,0.0,0.0,0.0,0.0,-79.0,0.0,-79.0,0.0,0.0,-60.0,0.0,0.0,0.0,0.0,0.0,0.0,0.0,0.0,0.0,0.0,0.0,0.0,0.0,-87.0,0.0,0.0,0.0,SalaVisitas
634,635,0.0,0.0,0.0,0.0,0.0,0.0,0.0,0.0,-84.0,-68.0,0.0,0.0,0.0,0.0,0.0,-73.0,-73.0,0.0,0.0,0.0,0.0,-72.0,-80.0,-80.0,0.0,0.0,0.0,0.0,0.0,0.0,0.0,0.0,0.0,0.0,0.0,0.0,-80.0,0.0,0.0,-94.0,0.0,0.0,0.0,0.0,0.0,-78.0,-87.0,-89.0,0.0,0.0,0.0,0.0,0.0,0.0,0.0,0.0,0.0,0.0,0.0,0.0,0.0,0.0,0.0,0.0,0.0,0.0,0.0,0.0,0.0,0.0,0.0,0.0,0.0,0.0,0.0,0.0,-80.0,0.0,0.0,0.0,0.0,0.0,0.0,0.0,0.0,0.0,-80.0,0.0,-80.0,0.0,0.0,-59.0,0.0,0.0,0.0,0.0,0.0,0.0,0.0,0.0,0.0,-70.0,0.0,0.0,0.0,-88.0,0.0,0.0,0.0,SalaVisitas
635,636,0.0,0.0,0.0,0.0,0.0,0.0,0.0,0.0,-84.0,-70.0,0.0,0.0,0.0,0.0,0.0,-75.0,-74.0,0.0,0.0,0.0,-70.0,-71.0,-81.0,-81.0,0.0,0.0,0.0,0.0,0.0,0.0,0.0,0.0,0.0,0.0,0.0,0.0,-79.0,-80.0,-94.0,0.0,0.0,0.0,0.0,0.0,-78.0,-78.0,-89.0,-90.0,0.0,0.0,0.0,0.0,0.0,0.0,0.0,0.0,0.0,0.0,0.0,0.0,0.0,0.0,0.0,0.0,0.0,0.0,0.0,0.0,0.0,0.0,-83.0,0.0,0.0,-87.0,-87.0,0.0,0.0,0.0,0.0,0.0,0.0,0.0,0.0,0.0,0.0,0.0,-80.0,0.0,-80.0,0.0,0.0,-62.0,0.0,0.0,0.0,0.0,0.0,0.0,0.0,0.0,0.0,-70.0,0.0,0.0,0.0,-91.0,0.0,0.0,0.0,SalaVisitas
636,637,0.0,0.0,0.0,0.0,0.0,0.0,0.0,0.0,-84.0,-69.0,0.0,0.0,0.0,0.0,0.0,-74.0,-73.0,0.0,0.0,0.0,-70.0,-70.0,-79.0,-79.0,0.0,0.0,0.0,0.0,0.0,0.0,0.0,0.0,0.0,0.0,0.0,0.0,-80.0,-80.0,0.0,0.0,0.0,0.0,0.0,0.0,-76.0,-76.0,-88.0,-88.0,0.0,0.0,0.0,0.0,0.0,0.0,0.0,0.0,0.0,0.0,0.0,0.0,0.0,0.0,0.0,0.0,0.0,0.0,0.0,0.0,0.0,0.0,0.0,0.0,0.0,-85.0,0.0,0.0,0.0,0.0,0.0,0.0,0.0,0.0,0.0,0.0,0.0,-80.0,0.0,-81.0,0.0,0.0,0.0,-63.0,0.0,0.0,0.0,0.0,0.0,0.0,0.0,0.0,0.0,0.0,-85.0,0.0,0.0,-89.0,0.0,0.0,0.0,SalaVisitas
637,638,0.0,0.0,0.0,0.0,0.0,0.0,0.0,0.0,-84.0,-69.0,0.0,0.0,0.0,0.0,0.0,-74.0,-74.0,0.0,0.0,0.0,-68.0,-69.0,-80.0,-80.0,0.0,0.0,0.0,0.0,0.0,0.0,0.0,0.0,0.0,0.0,0.0,0.0,0.0,0.0,-92.0,-92.0,0.0,0.0,0.0,0.0,-77.0,-77.0,-89.0,-89.0,0.0,0.0,0.0,0.0,0.0,0.0,0.0,0.0,0.0,0.0,0.0,0.0,0.0,0.0,0.0,0.0,0.0,0.0,0.0,0.0,0.0,0.0,0.0,0.0,0.0,0.0,0.0,0.0,-80.0,0.0,-75.0,0.0,0.0,0.0,0.0,0.0,-80.0,-81.0,-80.0,-80.0,-80.0,-80.0,0.0,-65.0,0.0,0.0,0.0,0.0,0.0,0.0,0.0,0.0,0.0,0.0,0.0,0.0,0.0,-87.0,0.0,0.0,0.0,SalaVisitas
638,639,0.0,0.0,0.0,0.0,0.0,0.0,0.0,0.0,-83.0,-69.0,0.0,0.0,0.0,0.0,0.0,-73.0,-74.0,0.0,0.0,0.0,-69.0,0.0,-80.0,-81.0,0.0,0.0,0.0,0.0,0.0,0.0,0.0,0.0,0.0,0.0,0.0,0.0,-80.0,-79.0,-91.0,-92.0,0.0,0.0,0.0,0.0,-77.0,0.0,-91.0,-91.0,0.0,0.0,0.0,0.0,0.0,0.0,0.0,0.0,0.0,0.0,0.0,0.0,0.0,0.0,0.0,0.0,0.0,0.0,0.0,0.0,0.0,0.0,-86.0,0.0,0.0,-89.0,-89.0,0.0,0.0,0.0,0.0,0.0,0.0,0.0,0.0,0.0,0.0,0.0,-79.0,0.0,-80.0,0.0,0.0,-68.0,0.0,0.0,0.0,0.0,0.0,0.0,0.0,0.0,0.0,-71.0,-89.0,0.0,0.0,-90.0,0.0,0.0,0.0,SalaVisitas
639,640,0.0,0.0,0.0,0.0,0.0,0.0,0.0,0.0,-85.0,-69.0,0.0,0.0,0.0,0.0,0.0,-73.0,-74.0,0.0,0.0,0.0,0.0,-69.0,-80.0,-80.0,0.0,0.0,0.0,0.0,0.0,0.0,0.0,0.0,0.0,0.0,0.0,0.0,0.0,0.0,-92.0,-93.0,0.0,0.0,0.0,0.0,0.0,0.0,-91.0,-91.0,0.0,0.0,0.0,0.0,0.0,0.0,0.0,0.0,0.0,0.0,0.0,0.0,0.0,0.0,0.0,0.0,0.0,0.0,0.0,0.0,0.0,0.0,-85.0,0.0,0.0,-86.0,-85.0,0.0,-80.0,0.0,0.0,0.0,0.0,0.0,0.0,0.0,0.0,0.0,-79.0,0.0,-79.0,0.0,0.0,-68.0,0.0,0.0,0.0,0.0,0.0,0.0,0.0,0.0,0.0,0.0,-86.0,0.0,0.0,-89.0,0.0,0.0,0.0,SalaVisitas
640,641,0.0,0.0,0.0,0.0,0.0,0.0,0.0,0.0,-85.0,-69.0,0.0,0.0,0.0,0.0,0.0,-73.0,-73.0,0.0,0.0,0.0,-71.0,-71.0,-79.0,-79.0,0.0,0.0,0.0,0.0,0.0,0.0,0.0,0.0,0.0,0.0,0.0,0.0,0.0,0.0,-92.0,-91.0,0.0,0.0,0.0,0.0,-74.0,-73.0,-91.0,-89.0,0.0,0.0,0.0,0.0,0.0,0.0,0.0,0.0,0.0,0.0,0.0,0.0,0.0,0.0,0.0,0.0,0.0,0.0,0.0,0.0,0.0,-91.0,0.0,0.0,0.0,-89.0,-89.0,0.0,-78.0,0.0,-74.0,0.0,0.0,0.0,0.0,0.0,0.0,0.0,-79.0,0.0,-79.0,0.0,0.0,-66.0,0.0,0.0,0.0,0.0,0.0,0.0,0.0,0.0,0.0,0.0,-89.0,0.0,0.0,-91.0,0.0,0.0,0.0,SalaVisitas
641,642,0.0,0.0,0.0,0.0,0.0,0.0,0.0,0.0,-82.0,-69.0,0.0,0.0,0.0,0.0,0.0,-74.0,-75.0,0.0,0.0,0.0,-70.0,-71.0,-80.0,-80.0,0.0,0.0,0.0,0.0,0.0,0.0,0.0,0.0,0.0,0.0,0.0,0.0,-79.0,0.0,-91.0,-91.0,0.0,0.0,0.0,0.0,-74.0,-75.0,-89.0,-89.0,0.0,0.0,0.0,0.0,0.0,0.0,0.0,0.0,0.0,0.0,0.0,0.0,0.0,0.0,0.0,0.0,0.0,0.0,0.0,0.0,0.0,0.0,0.0,0.0,0.0,0.0,0.0,0.0,-92.0,0.0,-75.0,0.0,0.0,0.0,0.0,0.0,0.0,0.0,-81.0,0.0,-81.0,-81.0,0.0,-65.0,0.0,0.0,0.0,0.0,0.0,0.0,0.0,0.0,0.0,0.0,0.0,0.0,0.0,-91.0,0.0,0.0,0.0,SalaVisitas
642,643,0.0,0.0,0.0,0.0,0.0,0.0,0.0,0.0,-85.0,-69.0,0.0,0.0,0.0,0.0,0.0,-74.0,-74.0,0.0,0.0,0.0,-68.0,-68.0,-79.0,-80.0,0.0,0.0,0.0,0.0,0.0,0.0,0.0,0.0,0.0,0.0,0.0,0.0,0.0,-79.0,-91.0,-91.0,0.0,0.0,0.0,0.0,-73.0,-73.0,-89.0,-89.0,0.0,0.0,0.0,0.0,0.0,0.0,0.0,0.0,0.0,0.0,0.0,0.0,0.0,0.0,0.0,0.0,0.0,0.0,0.0,0.0,0.0,0.0,-84.0,0.0,0.0,0.0,0.0,0.0,0.0,0.0,0.0,0.0,0.0,0.0,0.0,0.0,-81.0,0.0,-81.0,0.0,-81.0,-81.0,0.0,-66.0,0.0,0.0,0.0,0.0,0.0,0.0,0.0,0.0,0.0,0.0,0.0,0.0,0.0,-92.0,0.0,0.0,0.0,SalaVisitas
643,644,0.0,0.0,0.0,0.0,0.0,0.0,0.0,0.0,-85.0,-70.0,0.0,0.0,0.0,0.0,-94.0,0.0,-74.0,0.0,0.0,0.0,-68.0,-68.0,-79.0,-79.0,0.0,0.0,0.0,0.0,0.0,0.0,0.0,0.0,0.0,0.0,0.0,0.0,-80.0,-80.0,-94.0,-92.0,0.0,0.0,0.0,0.0,-74.0,-73.0,-91.0,-90.0,0.0,0.0,0.0,0.0,0.0,0.0,0.0,0.0,0.0,0.0,0.0,0.0,0.0,0.0,0.0,0.0,0.0,0.0,0.0,0.0,0.0,-88.0,0.0,0.0,0.0,0.0,0.0,0.0,0.0,0.0,-76.0,0.0,0.0,0.0,0.0,0.0,-81.0,0.0,-81.0,0.0,-81.0,-81.0,0.0,-64.0,0.0,0.0,0.0,0.0,0.0,0.0,0.0,0.0,0.0,0.0,0.0,0.0,0.0,-92.0,0.0,0.0,0.0,SalaVisitas
644,645,0.0,0.0,0.0,0.0,0.0,0.0,0.0,0.0,-84.0,-69.0,0.0,0.0,0.0,0.0,0.0,0.0,-73.0,0.0,0.0,0.0,0.0,0.0,-79.0,-79.0,0.0,0.0,0.0,0.0,0.0,0.0,0.0,0.0,0.0,0.0,0.0,0.0,-80.0,-80.0,-91.0,-92.0,0.0,0.0,0.0,0.0,0.0,-73.0,-89.0,-89.0,0.0,0.0,0.0,0.0,0.0,0.0,0.0,0.0,0.0,0.0,0.0,0.0,0.0,0.0,0.0,0.0,0.0,0.0,0.0,0.0,0.0,0.0,0.0,0.0,0.0,0.0,-90.0,0.0,-81.0,-91.0,0.0,0.0,0.0,0.0,0.0,0.0,0.0,0.0,-81.0,0.0,-81.0,0.0,0.0,-68.0,0.0,0.0,0.0,0.0,0.0,0.0,0.0,0.0,0.0,-69.0,0.0,0.0,0.0,-88.0,0.0,0.0,0.0,SalaVisitas
645,646,0.0,0.0,0.0,0.0,0.0,0.0,0.0,0.0,-82.0,-69.0,0.0,0.0,0.0,-94.0,0.0,-74.0,-75.0,0.0,0.0,0.0,0.0,-69.0,-80.0,-79.0,0.0,0.0,0.0,0.0,0.0,0.0,0.0,0.0,0.0,0.0,0.0,0.0,0.0,0.0,-91.0,-91.0,0.0,0.0,0.0,0.0,-74.0,0.0,-91.0,-90.0,0.0,0.0,0.0,0.0,0.0,0.0,0.0,0.0,0.0,0.0,0.0,0.0,0.0,0.0,0.0,0.0,0.0,0.0,0.0,0.0,0.0,0.0,-82.0,0.0,0.0,-84.0,-84.0,0.0,0.0,0.0,-76.0,0.0,0.0,0.0,0.0,0.0,0.0,0.0,0.0,0.0,0.0,0.0,0.0,-69.0,0.0,0.0,0.0,0.0,0.0,0.0,0.0,0.0,0.0,-70.0,-84.0,0.0,0.0,-89.0,0.0,0.0,0.0,SalaVisitas
646,647,0.0,0.0,0.0,0.0,0.0,0.0,0.0,0.0,-83.0,0.0,0.0,0.0,0.0,0.0,0.0,0.0,0.0,0.0,0.0,0.0,-68.0,-69.0,-79.0,-79.0,0.0,0.0,0.0,0.0,0.0,0.0,0.0,0.0,0.0,0.0,0.0,0.0,-79.0,0.0,-89.0,-89.0,0.0,0.0,0.0,0.0,-73.0,-73.0,-89.0,-89.0,0.0,0.0,0.0,0.0,0.0,0.0,0.0,0.0,0.0,0.0,0.0,0.0,0.0,0.0,0.0,0.0,0.0,0.0,0.0,0.0,0.0,0.0,0.0,0.0,0.0,0.0,0.0,0.0,-79.0,0.0,0.0,0.0,0.0,0.0,0.0,0.0,0.0,0.0,0.0,0.0,0.0,0.0,0.0,-67.0,0.0,0.0,0.0,0.0,0.0,0.0,0.0,0.0,0.0,0.0,0.0,0.0,0.0,-91.0,0.0,0.0,0.0,SalaVisitas
647,648,0.0,0.0,0.0,0.0,0.0,0.0,0.0,0.0,-84.0,-68.0,0.0,0.0,0.0,0.0,-91.0,-74.0,-75.0,0.0,0.0,0.0,-69.0,-70.0,-79.0,-79.0,0.0,0.0,0.0,0.0,0.0,0.0,0.0,0.0,0.0,0.0,0.0,0.0,0.0,0.0,0.0,0.0,0.0,0.0,0.0,0.0,-73.0,-73.0,-89.0,-89.0,0.0,0.0,0.0,0.0,0.0,0.0,0.0,0.0,0.0,0.0,0.0,0.0,0.0,0.0,0.0,0.0,0.0,0.0,0.0,0.0,0.0,-89.0,0.0,0.0,0.0,0.0,0.0,0.0,0.0,0.0,0.0,0.0,0.0,0.0,0.0,0.0,-81.0,0.0,-81.0,0.0,-81.0,-81.0,0.0,-67.0,0.0,0.0,0.0,0.0,0.0,0.0,0.0,0.0,0.0,0.0,0.0,0.0,0.0,-94.0,0.0,0.0,0.0,SalaVisitas
648,649,0.0,0.0,0.0,0.0,0.0,0.0,0.0,0.0,-84.0,-68.0,0.0,0.0,0.0,0.0,0.0,0.0,-75.0,0.0,0.0,0.0,-71.0,-70.0,-79.0,-79.0,0.0,0.0,0.0,0.0,0.0,0.0,0.0,0.0,0.0,0.0,0.0,0.0,0.0,0.0,-92.0,0.0,0.0,0.0,0.0,0.0,-73.0,-73.0,-90.0,-89.0,0.0,0.0,0.0,0.0,0.0,0.0,0.0,0.0,0.0,0.0,0.0,0.0,0.0,0.0,0.0,0.0,0.0,0.0,0.0,0.0,0.0,0.0,0.0,0.0,0.0,0.0,0.0,0.0,-80.0,-92.0,-75.0,0.0,0.0,0.0,0.0,0.0,-80.0,0.0,-80.0,0.0,-79.0,-80.0,0.0,-64.0,0.0,0.0,0.0,0.0,0.0,0.0,0.0,0.0,0.0,0.0,0.0,0.0,0.0,0.0,0.0,0.0,0.0,SalaVisitas
649,650,0.0,0.0,0.0,0.0,0.0,0.0,0.0,0.0,-83.0,-68.0,0.0,0.0,0.0,0.0,0.0,0.0,0.0,0.0,0.0,0.0,-71.0,-70.0,-80.0,-80.0,0.0,0.0,0.0,0.0,0.0,0.0,0.0,0.0,0.0,0.0,0.0,0.0,0.0,0.0,0.0,0.0,0.0,0.0,0.0,0.0,-75.0,-75.0,-88.0,-89.0,0.0,0.0,0.0,0.0,0.0,0.0,0.0,0.0,0.0,0.0,0.0,0.0,0.0,0.0,0.0,0.0,0.0,0.0,0.0,0.0,0.0,0.0,0.0,0.0,0.0,0.0,0.0,0.0,-80.0,0.0,0.0,0.0,0.0,0.0,0.0,0.0,-81.0,-82.0,-81.0,-83.0,-81.0,-81.0,0.0,-68.0,0.0,0.0,0.0,0.0,0.0,0.0,0.0,0.0,0.0,0.0,0.0,0.0,0.0,-91.0,0.0,0.0,0.0,SalaVisitas
650,651,0.0,0.0,0.0,0.0,0.0,0.0,0.0,0.0,-82.0,-65.0,0.0,0.0,0.0,0.0,0.0,-74.0,0.0,-94.0,-96.0,0.0,-67.0,-67.0,-79.0,-79.0,0.0,0.0,0.0,0.0,0.0,0.0,0.0,0.0,0.0,0.0,0.0,0.0,0.0,0.0,-88.0,-88.0,0.0,0.0,0.0,0.0,0.0,-73.0,-91.0,-91.0,0.0,0.0,0.0,0.0,0.0,0.0,0.0,0.0,0.0,0.0,0.0,0.0,0.0,0.0,0.0,0.0,0.0,0.0,0.0,0.0,0.0,-88.0,0.0,0.0,0.0,0.0,0.0,0.0,-82.0,-89.0,0.0,0.0,0.0,0.0,0.0,0.0,0.0,0.0,-80.0,0.0,-80.0,0.0,0.0,-68.0,0.0,0.0,0.0,0.0,0.0,0.0,0.0,-90.0,0.0,-70.0,0.0,0.0,0.0,-94.0,0.0,0.0,0.0,SalaVisitas
