Lect,00:01:33:88:20:54,00:0f:66:e9:ab:ec,04:f0:21:63:18:b2,26:39:4e:c8:ed:3c,26:60:b6:4d:5c:fc,28:77:77:dc:3d:68,28:77:77:dc:3d:a9,2a:77:77:cc:3d:a9,30:b5:c2:7f:37:94,30:b5:c2:7f:37:95,3c:a7:ae:98:07:98,44:12:44:87:51:c0,44:12:44:87:51:c1,44:12:44:87:51:d0,44:12:44:87:51:d1,44:12:44:87:5d:c0,44:12:44:87:5d:c1,44:12:44:87:5d:d0,44:12:44:87:5d:d1,44:12:44:87:89:61,44:12:44:87:98:c0,44:12:44:87:98:c1,44:12:44:87:98:d0,44:12:44:87:98:d1,44:12:44:88:30:40,44:12:44:88:30:41,44:12:44:88:30:50,44:12:44:88:30:51,44:12:44:88:66:c0,44:12:44:88:66:c1,44:12:44:88:66:d0,44:12:44:88:66:d1,44:12:44:88:7e:a0,44:12:44:88:7e:a1,44:12:44:88:7e:b0,44:12:44:88:7e:b1,44:12:44:88:81:20,44:12:44:88:81:21,44:12:44:88:81:30,44:12:44:88:81:31,44:12:44:88:c8:e0,44:12:44:88:c8:e1,44:12:44:88:c8:f0,44:12:44:88:c8:f1,44:12:44:88:c9:a0,44:12:44:88:c9:a1,44:12:44:88:c9:b0,44:12:44:88:c9:b1,44:12:44:88:e0:20,44:12:44:88:e0:21,44:12:44:89:01:e0,44:12:44:89:01:e1,44:12:44:89:01:f0,44:12:44:89:01:f1,44:12:44:89:1b:c0,44:12:44:89:1b:c1,44:12:44:89:1b:d0,44:12:44:89:1b:d1,44:12:44:89:30:00,44:12:44:89:30:01,44:12:44:89:30:10,44:12:44:89:30:11,44:12:44:89:81:20,44:12:44:89:81:21,44:12:44:89:81:30,44:12:44:89:81:31,44:59:43:7a:ea:0c,56:59:19:bb:95:96,5a:c5:36:34:5e:f5,60:3d:26:8b:7d:ff,60:8d:26:31:76:0c,60:8d:26:31:76:0d,60:d2:48:79:18:8c,62:3e:d7:a9:6a:c1,62:3e:d7:a9:6a:c3,6a:8d:26:31:76:0e,6e:b4:88:a8:c1:a3,72:86:60:e9:94:6d,74:0a:e1:48:50:93,74:93:da:f3:45:5f,78:81:02:90:cc:61,78:81:02:d2:2d:29,78:81:02:d2:2d:2d,86:93:b2:00:fb:a2,88:0f:a2:00:d7:a4,94:bf:c4:27:4d:ec,94:bf:c4:67:4d:e8,94:bf:c4:67:4d:ec,94:bf:c4:a7:4d:e8,94:bf:c4:a7:4d:ec,94:bf:c4:e7:4d:ec,98:9d:5d:2b:72:3d,9a:c5:c0:5e:db:a9,a0:18:42:05:9a:40,b0:39:56:8b:d0:32,b0:be:76:d0:5b:a3,c0:51:5c:99:ca:64,c0:51:5c:99:ca:65,c2:51:5c:49:ca:65,d4:60:e3:94:cd:59,d4:86:60:e9:94:6b,e2:41:36:c9:85:d0,e4:3e:d7:a9:6a:bf,e4:3e:d7:a9:6a:c0,e8:48:b8:21:3f:b6,e8:48:b8:21:3f:b7,ea:63:7b:a4:2f:6e,ea:81:75:c6:b3:7b,ee:68:68:81:71:29,fc:12:63:c2:13:1f,Ubicacion
1,0.0,0.0,0.0,0.0,0.0,0.0,0.0,0.0,-85.0,-67.0,-81.0,0.0,0.0,0.0,0.0,-82.0,-80.0,-91.0,-91.0,0.0,0.0,0.0,0.0,0.0,0.0,0.0,0.0,0.0,0.0,0.0,0.0,0.0,-82.0,-81.0,0.0,0.0,0.0,0.0,0.0,0.0,0.0,0.0,0.0,0.0,-87.0,-88.0,0.0,0.0,0.0,0.0,0.0,0.0,0.0,0.0,0.0,0.0,0.0,0.0,0.0,0.0,0.0,0.0,0.0,0.0,0.0,0.0,0.0,-85.0,0.0,0.0,-51.0,-51.0,0.0,0.0,0.0,-51.0,0.0,0.0,0.0,0.0,0.0,0.0,0.0,0.0,0.0,0.0,0.0,0.0,0.0,0.0,0.0,0.0,0.0,0.0,-94.0,0.0,-94.0,0.0,0.0,-94.0,0.0,-86.0,0.0,0.0,0.0,0.0,0.0,-94.0,-73.0,0.0,Administracion
2,0.0,0.0,0.0,0.0,0.0,0.0,0.0,0.0,-85.0,-67.0,-81.0,0.0,0.0,0.0,0.0,-82.0,-80.0,-91.0,-91.0,0.0,0.0,0.0,0.0,0.0,0.0,0.0,0.0,0.0,0.0,0.0,0.0,0.0,-82.0,-81.0,0.0,0.0,0.0,0.0,0.0,0.0,0.0,0.0,0.0,0.0,-87.0,-88.0,0.0,0.0,0.0,0.0,0.0,0.0,0.0,0.0,0.0,0.0,0.0,0.0,0.0,0.0,0.0,0.0,0.0,0.0,0.0,0.0,0.0,-85.0,0.0,0.0,-51.0,-51.0,0.0,0.0,0.0,-51.0,0.0,0.0,0.0,0.0,0.0,0.0,0.0,0.0,0.0,0.0,0.0,0.0,0.0,0.0,0.0,0.0,0.0,0.0,-94.0,0.0,-94.0,0.0,0.0,-94.0,0.0,-86.0,0.0,0.0,0.0,0.0,0.0,-94.0,-73.0,0.0,Administracion
3,0.0,0.0,0.0,-91.0,0.0,0.0,0.0,0.0,-92.0,-67.0,0.0,0.0,0.0,0.0,0.0,0.0,0.0,-92.0,0.0,-86.0,0.0,0.0,0.0,0.0,0.0,0.0,0.0,0.0,0.0,0.0,0.0,0.0,0.0,0.0,0.0,0.0,0.0,0.0,0.0,0.0,0.0,0.0,0.0,0.0,0.0,0.0,0.0,0.0,0.0,0.0,0.0,0.0,0.0,0.0,0.0,0.0,0.0,0.0,0.0,0.0,0.0,0.0,0.0,0.0,0.0,0.0,0.0,-94.0,0.0,0.0,-57.0,-53.0,0.0,0.0,0.0,-52.0,0.0,0.0,0.0,0.0,0.0,0.0,0.0,0.0,0.0,0.0,0.0,0.0,0.0,0.0,0.0,0.0,0.0,0.0,0.0,0.0,0.0,0.0,0.0,0.0,0.0,0.0,0.0,0.0,0.0,-82.0,0.0,0.0,-81.0,0.0,Administracion
4,0.0,0.0,0.0,-91.0,0.0,0.0,0.0,0.0,-92.0,-67.0,0.0,0.0,0.0,0.0,0.0,0.0,0.0,-92.0,0.0,-86.0,0.0,0.0,0.0,0.0,0.0,0.0,0.0,0.0,0.0,0.0,0.0,0.0,0.0,0.0,0.0,0.0,0.0,0.0,0.0,0.0,0.0,0.0,0.0,0.0,0.0,0.0,0.0,0.0,0.0,0.0,0.0,0.0,0.0,0.0,0.0,0.0,0.0,0.0,0.0,0.0,0.0,0.0,0.0,0.0,0.0,0.0,0.0,-94.0,0.0,0.0,-57.0,-53.0,0.0,0.0,0.0,-52.0,0.0,0.0,0.0,0.0,0.0,0.0,0.0,0.0,0.0,0.0,0.0,0.0,0.0,0.0,0.0,0.0,0.0,0.0,0.0,0.0,0.0,0.0,0.0,0.0,0.0,0.0,0.0,0.0,0.0,-82.0,0.0,0.0,-81.0,0.0,Administracion
5,0.0,0.0,0.0,-91.0,0.0,0.0,0.0,0.0,-92.0,-67.0,0.0,0.0,0.0,0.0,0.0,0.0,0.0,-92.0,0.0,-86.0,0.0,0.0,0.0,0.0,0.0,0.0,0.0,0.0,0.0,0.0,0.0,0.0,0.0,0.0,0.0,0.0,0.0,0.0,0.0,0.0,0.0,0.0,0.0,0.0,0.0,0.0,0.0,0.0,0.0,0.0,0.0,0.0,0.0,0.0,0.0,0.0,0.0,0.0,0.0,0.0,0.0,0.0,0.0,0.0,0.0,0.0,0.0,-94.0,0.0,0.0,-57.0,-53.0,0.0,0.0,0.0,-52.0,0.0,0.0,0.0,0.0,0.0,0.0,0.0,0.0,0.0,0.0,0.0,0.0,0.0,0.0,0.0,0.0,0.0,0.0,0.0,0.0,0.0,0.0,0.0,0.0,0.0,0.0,0.0,0.0,0.0,-82.0,0.0,0.0,-81.0,0.0,Administracion
6,0.0,0.0,0.0,-91.0,0.0,0.0,0.0,0.0,-92.0,-67.0,0.0,0.0,0.0,0.0,0.0,0.0,0.0,-92.0,0.0,-86.0,0.0,0.0,0.0,0.0,0.0,0.0,0.0,0.0,0.0,0.0,0.0,0.0,0.0,0.0,0.0,0.0,0.0,0.0,0.0,0.0,0.0,0.0,0.0,0.0,0.0,0.0,0.0,0.0,0.0,0.0,0.0,0.0,0.0,0.0,0.0,0.0,0.0,0.0,0.0,0.0,0.0,0.0,0.0,0.0,0.0,0.0,0.0,-94.0,0.0,0.0,-57.0,-53.0,0.0,0.0,0.0,-52.0,0.0,0.0,0.0,0.0,0.0,0.0,0.0,0.0,0.0,0.0,0.0,0.0,0.0,0.0,0.0,0.0,0.0,0.0,0.0,0.0,0.0,0.0,0.0,0.0,0.0,0.0,0.0,0.0,0.0,-82.0,0.0,0.0,-81.0,0.0,Administracion
7,0.0,0.0,0.0,0.0,0.0,0.0,0.0,0.0,0.0,0.0,0.0,0.0,0.0,0.0,0.0,0.0,0.0,0.0,0.0,0.0,0.0,0.0,0.0,0.0,0.0,0.0,0.0,0.0,0.0,0.0,0.0,0.0,0.0,0.0,0.0,0.0,0.0,0.0,0.0,0.0,0.0,0.0,0.0,0.0,0.0,-88.0,0.0,0.0,0.0,0.0,0.0,0.0,0.0,0.0,0.0,0.0,0.0,0.0,0.0,0.0,0.0,0.0,0.0,0.0,0.0,0.0,0.0,0.0,0.0,0.0,0.0,0.0,0.0,0.0,0.0,0.0,0.0,0.0,0.0,0.0,0.0,0.0,0.0,0.0,0.0,0.0,0.0,0.0,0.0,0.0,0.0,0.0,0.0,0.0,0.0,0.0,0.0,0.0,0.0,0.0,0.0,0.0,0.0,0.0,0.0,0.0,0.0,0.0,0.0,0.0,Administracion
8,0.0,0.0,0.0,0.0,0.0,0.0,0.0,0.0,0.0,0.0,0.0,0.0,0.0,0.0,0.0,0.0,0.0,0.0,0.0,0.0,0.0,0.0,0.0,0.0,0.0,0.0,0.0,0.0,0.0,0.0,0.0,0.0,0.0,0.0,0.0,0.0,0.0,0.0,0.0,0.0,0.0,0.0,0.0,0.0,0.0,-88.0,0.0,0.0,0.0,0.0,0.0,0.0,0.0,0.0,0.0,0.0,0.0,0.0,0.0,0.0,0.0,0.0,0.0,0.0,0.0,0.0,0.0,0.0,0.0,0.0,0.0,0.0,0.0,0.0,0.0,0.0,0.0,0.0,0.0,0.0,0.0,0.0,0.0,0.0,0.0,0.0,0.0,0.0,0.0,0.0,0.0,0.0,0.0,0.0,0.0,0.0,0.0,0.0,0.0,0.0,0.0,0.0,0.0,0.0,0.0,0.0,0.0,0.0,0.0,0.0,Administracion
9,0.0,0.0,0.0,0.0,0.0,0.0,0.0,0.0,0.0,0.0,0.0,0.0,0.0,0.0,0.0,0.0,0.0,0.0,0.0,0.0,0.0,0.0,0.0,0.0,0.0,0.0,0.0,0.0,0.0,0.0,0.0,0.0,0.0,0.0,0.0,0.0,0.0,0.0,0.0,0.0,0.0,0.0,0.0,0.0,0.0,-88.0,0.0,0.0,0.0,0.0,0.0,0.0,0.0,0.0,0.0,0.0,0.0,0.0,0.0,0.0,0.0,0.0,0.0,0.0,0.0,0.0,0.0,0.0,0.0,0.0,0.0,0.0,0.0,0.0,0.0,0.0,0.0,0.0,0.0,0.0,0.0,0.0,0.0,0.0,0.0,0.0,0.0,0.0,0.0,0.0,0.0,0.0,0.0,0.0,0.0,0.0,0.0,0.0,0.0,0.0,0.0,0.0,0.0,0.0,0.0,0.0,0.0,0.0,0.0,0.0,Administracion
10,0.0,0.0,0.0,0.0,0.0,0.0,0.0,0.0,0.0,0.0,0.0,0.0,0.0,0.0,0.0,0.0,0.0,0.0,0.0,0.0,0.0,0.0,0.0,0.0,0.0,0.0,0.0,0.0,0.0,0.0,0.0,0.0,0.0,0.0,0.0,0.0,0.0,0.0,0.0,0.0,0.0,0.0,0.0,0.0,0.0,-88.0,0.0,0.0,0.0,0.0,0.0,0.0,0.0,0.0,0.0,0.0,0.0,0.0,0.0,0.0,0.0,0.0,0.0,0.0,0.0,0.0,0.0,0.0,0.0,0.0,0.0,0.0,0.0,0.0,0.0,0.0,0.0,0.0,0.0,0.0,0.0,0.0,0.0,0.0,0.0,0.0,0.0,0.0,0.0,0.0,0.0,0.0,0.0,0.0,0.0,0.0,0.0,0.0,0.0,0.0,0.0,0.0,0.0,0.0,0.0,0.0,0.0,0.0,0.0,0.0,Administracion
11,0.0,0.0,0.0,0.0,0.0,0.0,0.0,0.0,-90.0,-67.0,0.0,0.0,0.0,0.0,0.0,0.0,0.0,-93.0,-94.0,0.0,0.0,0.0,0.0,0.0,0.0,0.0,0.0,0.0,0.0,0.0,0.0,0.0,0.0,0.0,0.0,0.0,0.0,0.0,0.0,0.0,0.0,0.0,0.0,0.0,0.0,0.0,0.0,0.0,0.0,0.0,0.0,0.0,0.0,0.0,0.0,0.0,0.0,0.0,0.0,0.0,0.0,0.0,0.0,0.0,0.0,0.0,-94.0,0.0,0.0,0.0,-57.0,-59.0,0.0,0.0,0.0,-59.0,0.0,0.0,0.0,0.0,0.0,0.0,0.0,0.0,0.0,0.0,0.0,0.0,0.0,0.0,0.0,-84.0,0.0,-96.0,0.0,0.0,0.0,-94.0,-94.0,0.0,0.0,0.0,-90.0,0.0,-92.0,-85.0,0.0,0.0,-77.0,-89.0,Administracion
12,0.0,0.0,0.0,0.0,0.0,0.0,0.0,0.0,-90.0,-67.0,0.0,0.0,0.0,0.0,0.0,0.0,0.0,-93.0,-94.0,0.0,0.0,0.0,0.0,0.0,0.0,0.0,0.0,0.0,0.0,0.0,0.0,0.0,0.0,0.0,0.0,0.0,0.0,0.0,0.0,0.0,0.0,0.0,0.0,0.0,0.0,0.0,0.0,0.0,0.0,0.0,0.0,0.0,0.0,0.0,0.0,0.0,0.0,0.0,0.0,0.0,0.0,0.0,0.0,0.0,0.0,0.0,-94.0,0.0,0.0,0.0,-57.0,-59.0,0.0,0.0,0.0,-59.0,0.0,0.0,0.0,0.0,0.0,0.0,0.0,0.0,0.0,0.0,0.0,0.0,0.0,0.0,0.0,-84.0,0.0,-96.0,0.0,0.0,0.0,-94.0,-94.0,0.0,0.0,0.0,-90.0,0.0,-92.0,-85.0,0.0,0.0,-77.0,-89.0,Administracion
13,0.0,0.0,0.0,0.0,0.0,0.0,0.0,0.0,-90.0,-67.0,0.0,0.0,0.0,0.0,0.0,0.0,0.0,-93.0,-94.0,0.0,0.0,0.0,0.0,0.0,0.0,0.0,0.0,0.0,0.0,0.0,0.0,0.0,0.0,0.0,0.0,0.0,0.0,0.0,0.0,0.0,0.0,0.0,0.0,0.0,0.0,0.0,0.0,0.0,0.0,0.0,0.0,0.0,0.0,0.0,0.0,0.0,0.0,0.0,0.0,0.0,0.0,0.0,0.0,0.0,0.0,0.0,-94.0,0.0,0.0,0.0,-57.0,-59.0,0.0,0.0,0.0,-59.0,0.0,0.0,0.0,0.0,0.0,0.0,0.0,0.0,0.0,0.0,0.0,0.0,0.0,0.0,0.0,-84.0,0.0,-96.0,0.0,0.0,0.0,-94.0,-94.0,0.0,0.0,0.0,-90.0,0.0,-92.0,-85.0,0.0,0.0,-77.0,-89.0,Administracion
14,0.0,0.0,0.0,0.0,0.0,0.0,0.0,0.0,-90.0,-67.0,0.0,0.0,0.0,0.0,0.0,0.0,0.0,-93.0,-94.0,0.0,0.0,0.0,0.0,0.0,0.0,0.0,0.0,0.0,0.0,0.0,0.0,0.0,0.0,0.0,0.0,0.0,0.0,0.0,0.0,0.0,0.0,0.0,0.0,0.0,0.0,0.0,0.0,0.0,0.0,0.0,0.0,0.0,0.0,0.0,0.0,0.0,0.0,0.0,0.0,0.0,0.0,0.0,0.0,0.0,0.0,0.0,-94.0,0.0,0.0,0.0,-57.0,-59.0,0.0,0.0,0.0,-59.0,0.0,0.0,0.0,0.0,0.0,0.0,0.0,0.0,0.0,0.0,0.0,0.0,0.0,0.0,0.0,-84.0,0.0,-96.0,0.0,0.0,0.0,-94.0,-94.0,0.0,0.0,0.0,-90.0,0.0,-92.0,-85.0,0.0,0.0,-77.0,-89.0,Administracion
15,0.0,0.0,0.0,0.0,0.0,0.0,0.0,0.0,-90.0,-67.0,0.0,0.0,0.0,0.0,0.0,0.0,0.0,-93.0,-94.0,0.0,0.0,0.0,0.0,0.0,0.0,0.0,0.0,0.0,0.0,0.0,0.0,0.0,0.0,0.0,0.0,0.0,0.0,0.0,0.0,0.0,0.0,0.0,0.0,0.0,0.0,0.0,0.0,0.0,0.0,0.0,0.0,0.0,0.0,0.0,0.0,0.0,0.0,0.0,0.0,0.0,0.0,0.0,0.0,0.0,0.0,0.0,-94.0,0.0,0.0,0.0,-57.0,-59.0,0.0,0.0,0.0,-59.0,0.0,0.0,0.0,0.0,0.0,0.0,0.0,0.0,0.0,0.0,0.0,0.0,0.0,0.0,0.0,-84.0,0.0,-96.0,0.0,0.0,0.0,-94.0,-94.0,0.0,0.0,0.0,-90.0,0.0,-92.0,-85.0,0.0,0.0,-77.0,-89.0,Administracion
16,0.0,0.0,0.0,0.0,0.0,0.0,0.0,0.0,-91.0,-74.0,0.0,0.0,0.0,0.0,0.0,-77.0,-78.0,-96.0,-96.0,0.0,0.0,0.0,0.0,0.0,0.0,0.0,0.0,0.0,0.0,0.0,0.0,0.0,0.0,0.0,0.0,0.0,0.0,0.0,0.0,0.0,0.0,0.0,0.0,0.0,-86.0,-86.0,0.0,0.0,0.0,0.0,0.0,0.0,0.0,0.0,0.0,0.0,0.0,0.0,0.0,0.0,0.0,0.0,0.0,0.0,0.0,0.0,0.0,0.0,0.0,0.0,-59.0,0.0,0.0,0.0,0.0,-54.0,0.0,0.0,0.0,0.0,0.0,-85.0,0.0,0.0,0.0,0.0,0.0,0.0,0.0,0.0,0.0,0.0,0.0,0.0,0.0,0.0,0.0,0.0,0.0,0.0,0.0,0.0,0.0,0.0,0.0,-87.0,0.0,0.0,-75.0,0.0,Administracion
17,0.0,0.0,0.0,0.0,0.0,0.0,0.0,0.0,-91.0,-74.0,0.0,0.0,0.0,0.0,0.0,-77.0,-78.0,-96.0,-96.0,0.0,0.0,0.0,0.0,0.0,0.0,0.0,0.0,0.0,0.0,0.0,0.0,0.0,0.0,0.0,0.0,0.0,0.0,0.0,0.0,0.0,0.0,0.0,0.0,0.0,-86.0,-86.0,0.0,0.0,0.0,0.0,0.0,0.0,0.0,0.0,0.0,0.0,0.0,0.0,0.0,0.0,0.0,0.0,0.0,0.0,0.0,0.0,0.0,0.0,0.0,0.0,-59.0,0.0,0.0,0.0,0.0,-54.0,0.0,0.0,0.0,0.0,0.0,-85.0,0.0,0.0,0.0,0.0,0.0,0.0,0.0,0.0,0.0,0.0,0.0,0.0,0.0,0.0,0.0,0.0,0.0,0.0,0.0,0.0,0.0,0.0,0.0,-87.0,0.0,0.0,-75.0,0.0,Administracion
18,0.0,0.0,0.0,0.0,0.0,0.0,0.0,0.0,-91.0,-74.0,0.0,0.0,0.0,0.0,0.0,-77.0,-78.0,-96.0,-96.0,0.0,0.0,0.0,0.0,0.0,0.0,0.0,0.0,0.0,0.0,0.0,0.0,0.0,0.0,0.0,0.0,0.0,0.0,0.0,0.0,0.0,0.0,0.0,0.0,0.0,-86.0,-86.0,0.0,0.0,0.0,0.0,0.0,0.0,0.0,0.0,0.0,0.0,0.0,0.0,0.0,0.0,0.0,0.0,0.0,0.0,0.0,0.0,0.0,0.0,0.0,0.0,-59.0,0.0,0.0,0.0,0.0,-54.0,0.0,0.0,0.0,0.0,0.0,-85.0,0.0,0.0,0.0,0.0,0.0,0.0,0.0,0.0,0.0,0.0,0.0,0.0,0.0,0.0,0.0,0.0,0.0,0.0,0.0,0.0,0.0,0.0,0.0,-87.0,0.0,0.0,-75.0,0.0,Administracion
19,0.0,0.0,0.0,0.0,0.0,0.0,0.0,0.0,-91.0,-74.0,0.0,0.0,0.0,0.0,0.0,-77.0,-78.0,-96.0,-96.0,0.0,0.0,0.0,0.0,0.0,0.0,0.0,0.0,0.0,0.0,0.0,0.0,0.0,0.0,0.0,0.0,0.0,0.0,0.0,0.0,0.0,0.0,0.0,0.0,0.0,-86.0,-86.0,0.0,0.0,0.0,0.0,0.0,0.0,0.0,0.0,0.0,0.0,0.0,0.0,0.0,0.0,0.0,0.0,0.0,0.0,0.0,0.0,0.0,0.0,0.0,0.0,-59.0,0.0,0.0,0.0,0.0,-54.0,0.0,0.0,0.0,0.0,0.0,-85.0,0.0,0.0,0.0,0.0,0.0,0.0,0.0,0.0,0.0,0.0,0.0,0.0,0.0,0.0,0.0,0.0,0.0,0.0,0.0,0.0,0.0,0.0,0.0,-87.0,0.0,0.0,-75.0,0.0,Administracion
20,0.0,0.0,0.0,0.0,0.0,0.0,0.0,0.0,-91.0,-74.0,0.0,0.0,0.0,0.0,0.0,-77.0,-78.0,-96.0,-96.0,0.0,0.0,0.0,0.0,0.0,0.0,0.0,0.0,0.0,0.0,0.0,0.0,0.0,0.0,0.0,0.0,0.0,0.0,0.0,0.0,0.0,0.0,0.0,0.0,0.0,-86.0,-86.0,0.0,0.0,0.0,0.0,0.0,0.0,0.0,0.0,0.0,0.0,0.0,0.0,0.0,0.0,0.0,0.0,0.0,0.0,0.0,0.0,0.0,0.0,0.0,0.0,-59.0,0.0,0.0,0.0,0.0,-54.0,0.0,0.0,0.0,0.0,0.0,-85.0,0.0,0.0,0.0,0.0,0.0,0.0,0.0,0.0,0.0,0.0,0.0,0.0,0.0,0.0,0.0,0.0,0.0,0.0,0.0,0.0,0.0,0.0,0.0,-87.0,0.0,0.0,-75.0,0.0,Administracion
21,0.0,0.0,0.0,-91.0,0.0,0.0,0.0,0.0,-91.0,-74.0,-81.0,0.0,0.0,0.0,0.0,-77.0,-78.0,-96.0,-96.0,-86.0,0.0,0.0,0.0,0.0,0.0,0.0,0.0,0.0,0.0,0.0,0.0,0.0,-82.0,-81.0,0.0,0.0,0.0,0.0,0.0,0.0,0.0,0.0,0.0,0.0,-86.0,-86.0,0.0,0.0,0.0,0.0,0.0,0.0,0.0,0.0,0.0,0.0,0.0,0.0,0.0,0.0,0.0,0.0,0.0,0.0,0.0,0.0,-94.0,-94.0,0.0,0.0,-59.0,-59.0,0.0,0.0,0.0,-54.0,0.0,0.0,0.0,0.0,0.0,-85.0,0.0,0.0,0.0,0.0,0.0,0.0,0.0,0.0,0.0,-84.0,0.0,-96.0,-94.0,0.0,-94.0,-94.0,-94.0,-94.0,0.0,-86.0,-90.0,0.0,-92.0,-87.0,0.0,-94.0,-75.0,-89.0,Administracion
22,0.0,0.0,0.0,-91.0,0.0,0.0,0.0,0.0,-91.0,-74.0,-81.0,0.0,0.0,0.0,0.0,-77.0,-78.0,-96.0,-96.0,-86.0,0.0,0.0,0.0,0.0,0.0,0.0,0.0,0.0,0.0,0.0,0.0,0.0,-82.0,-81.0,0.0,0.0,0.0,0.0,0.0,0.0,0.0,0.0,0.0,0.0,-86.0,-86.0,0.0,0.0,0.0,0.0,0.0,0.0,0.0,0.0,0.0,0.0,0.0,0.0,0.0,0.0,0.0,0.0,0.0,0.0,0.0,0.0,-94.0,-94.0,0.0,0.0,-59.0,-59.0,0.0,0.0,0.0,-54.0,0.0,0.0,0.0,0.0,0.0,-85.0,0.0,0.0,0.0,0.0,0.0,0.0,0.0,0.0,0.0,-84.0,0.0,-96.0,-94.0,0.0,-94.0,-94.0,-94.0,-94.0,0.0,-86.0,-90.0,0.0,-92.0,-87.0,0.0,-94.0,-75.0,-89.0,Administracion
23,0.0,0.0,0.0,-91.0,0.0,0.0,0.0,0.0,-91.0,-74.0,-81.0,0.0,0.0,0.0,0.0,-77.0,-78.0,-96.0,-96.0,-86.0,0.0,0.0,0.0,0.0,0.0,0.0,0.0,0.0,0.0,0.0,0.0,0.0,-82.0,-81.0,0.0,0.0,0.0,0.0,0.0,0.0,0.0,0.0,0.0,0.0,-86.0,-86.0,0.0,0.0,0.0,0.0,0.0,0.0,0.0,0.0,0.0,0.0,0.0,0.0,0.0,0.0,0.0,0.0,0.0,0.0,0.0,0.0,-94.0,-94.0,0.0,0.0,-59.0,-59.0,0.0,0.0,0.0,-54.0,0.0,0.0,0.0,0.0,0.0,-85.0,0.0,0.0,0.0,0.0,0.0,0.0,0.0,0.0,0.0,-84.0,0.0,-96.0,-94.0,0.0,-94.0,-94.0,-94.0,-94.0,0.0,-86.0,-90.0,0.0,-92.0,-87.0,0.0,-94.0,-75.0,-89.0,Administracion
24,0.0,0.0,0.0,-91.0,0.0,0.0,0.0,0.0,-91.0,-74.0,-81.0,0.0,0.0,0.0,0.0,-77.0,-78.0,-96.0,-96.0,-86.0,0.0,0.0,0.0,0.0,0.0,0.0,0.0,0.0,0.0,0.0,0.0,0.0,-82.0,-81.0,0.0,0.0,0.0,0.0,0.0,0.0,0.0,0.0,0.0,0.0,-86.0,-86.0,0.0,0.0,0.0,0.0,0.0,0.0,0.0,0.0,0.0,0.0,0.0,0.0,0.0,0.0,0.0,0.0,0.0,0.0,0.0,0.0,-94.0,-94.0,0.0,0.0,-59.0,-59.0,0.0,0.0,0.0,-54.0,0.0,0.0,0.0,0.0,0.0,-85.0,0.0,0.0,0.0,0.0,0.0,0.0,0.0,0.0,0.0,-84.0,0.0,-96.0,-94.0,0.0,-94.0,-94.0,-94.0,-94.0,0.0,-86.0,-90.0,0.0,-92.0,-87.0,0.0,-94.0,-75.0,-89.0,Administracion
25,0.0,0.0,0.0,-91.0,0.0,0.0,0.0,0.0,-91.0,-74.0,-81.0,0.0,0.0,0.0,0.0,-77.0,-78.0,-96.0,-96.0,-86.0,0.0,0.0,0.0,0.0,0.0,0.0,0.0,0.0,0.0,0.0,0.0,0.0,-82.0,-81.0,0.0,0.0,0.0,0.0,0.0,0.0,0.0,0.0,0.0,0.0,-86.0,-86.0,0.0,0.0,0.0,0.0,0.0,0.0,0.0,0.0,0.0,0.0,0.0,0.0,0.0,0.0,0.0,0.0,0.0,0.0,0.0,0.0,-94.0,-94.0,0.0,0.0,-59.0,-59.0,0.0,0.0,0.0,-54.0,0.0,0.0,0.0,0.0,0.0,-85.0,0.0,0.0,0.0,0.0,0.0,0.0,0.0,0.0,0.0,-84.0,0.0,-96.0,-94.0,0.0,-94.0,-94.0,-94.0,-94.0,0.0,-86.0,-90.0,0.0,-92.0,-87.0,0.0,-94.0,-75.0,-89.0,Administracion
26,0.0,0.0,0.0,-91.0,0.0,0.0,0.0,0.0,-91.0,-74.0,-81.0,0.0,0.0,0.0,0.0,-77.0,-78.0,-96.0,-96.0,-86.0,0.0,0.0,0.0,0.0,0.0,0.0,0.0,0.0,0.0,0.0,0.0,0.0,-82.0,-81.0,0.0,0.0,0.0,0.0,0.0,0.0,0.0,0.0,0.0,0.0,-86.0,-86.0,0.0,0.0,0.0,0.0,0.0,0.0,0.0,0.0,0.0,0.0,0.0,0.0,0.0,0.0,0.0,0.0,0.0,0.0,0.0,0.0,-94.0,-94.0,0.0,0.0,-59.0,-59.0,0.0,0.0,0.0,-54.0,0.0,0.0,0.0,0.0,0.0,-85.0,0.0,0.0,0.0,0.0,0.0,0.0,0.0,0.0,0.0,-84.0,0.0,-96.0,-94.0,0.0,-94.0,-94.0,-94.0,-94.0,0.0,-86.0,-90.0,0.0,-92.0,-87.0,0.0,-94.0,-75.0,-89.0,Administracion
27,0.0,0.0,0.0,-91.0,0.0,0.0,0.0,0.0,-91.0,-74.0,-81.0,0.0,0.0,0.0,0.0,-77.0,-78.0,-96.0,-96.0,-86.0,0.0,0.0,0.0,0.0,0.0,0.0,0.0,0.0,0.0,0.0,0.0,0.0,-82.0,-81.0,0.0,0.0,0.0,0.0,0.0,0.0,0.0,0.0,0.0,0.0,-86.0,-86.0,0.0,0.0,0.0,0.0,0.0,0.0,0.0,0.0,0.0,0.0,0.0,0.0,0.0,0.0,0.0,0.0,0.0,0.0,0.0,0.0,-94.0,-94.0,0.0,0.0,-59.0,-59.0,0.0,0.0,0.0,-54.0,0.0,0.0,0.0,0.0,0.0,-85.0,0.0,0.0,0.0,0.0,0.0,0.0,0.0,0.0,0.0,-84.0,0.0,-96.0,-94.0,0.0,-94.0,-94.0,-94.0,-94.0,0.0,-86.0,-90.0,0.0,-92.0,-87.0,0.0,-94.0,-75.0,-89.0,Administracion
28,0.0,0.0,0.0,-91.0,0.0,0.0,0.0,0.0,-91.0,-74.0,-81.0,0.0,0.0,0.0,0.0,-77.0,-78.0,-96.0,-96.0,-86.0,0.0,0.0,0.0,0.0,0.0,0.0,0.0,0.0,0.0,0.0,0.0,0.0,-82.0,-81.0,0.0,0.0,0.0,0.0,0.0,0.0,0.0,0.0,0.0,0.0,-86.0,-86.0,0.0,0.0,0.0,0.0,0.0,0.0,0.0,0.0,0.0,0.0,0.0,0.0,0.0,0.0,0.0,0.0,0.0,0.0,0.0,0.0,-94.0,-94.0,0.0,0.0,-59.0,-59.0,0.0,0.0,0.0,-54.0,0.0,0.0,0.0,0.0,0.0,-85.0,0.0,0.0,0.0,0.0,0.0,0.0,0.0,0.0,0.0,-84.0,0.0,-96.0,-94.0,0.0,-94.0,-94.0,-94.0,-94.0,0.0,-86.0,-90.0,0.0,-92.0,-87.0,0.0,-94.0,-75.0,-89.0,Administracion
29,0.0,0.0,0.0,-91.0,0.0,0.0,0.0,0.0,-91.0,-74.0,-81.0,0.0,0.0,0.0,0.0,-77.0,-78.0,-96.0,-96.0,-86.0,0.0,0.0,0.0,0.0,0.0,0.0,0.0,0.0,0.0,0.0,0.0,0.0,-82.0,-81.0,0.0,0.0,0.0,0.0,0.0,0.0,0.0,0.0,0.0,0.0,-86.0,-86.0,0.0,0.0,0.0,0.0,0.0,0.0,0.0,0.0,0.0,0.0,0.0,0.0,0.0,0.0,0.0,0.0,0.0,0.0,0.0,0.0,-94.0,-94.0,0.0,0.0,-59.0,-59.0,0.0,0.0,0.0,-54.0,0.0,0.0,0.0,0.0,0.0,-85.0,0.0,0.0,0.0,0.0,0.0,0.0,0.0,0.0,0.0,-84.0,0.0,-96.0,-94.0,0.0,-94.0,-94.0,-94.0,-94.0,0.0,-86.0,-90.0,0.0,-92.0,-87.0,0.0,-94.0,-75.0,-89.0,Administracion
30,0.0,0.0,0.0,-91.0,0.0,0.0,0.0,0.0,-91.0,-74.0,-81.0,0.0,0.0,0.0,0.0,-77.0,-78.0,-96.0,-96.0,-86.0,0.0,0.0,0.0,0.0,0.0,0.0,0.0,0.0,0.0,0.0,0.0,0.0,-82.0,-81.0,0.0,0.0,0.0,0.0,0.0,0.0,0.0,0.0,0.0,0.0,-86.0,-86.0,0.0,0.0,0.0,0.0,0.0,0.0,0.0,0.0,0.0,0.0,0.0,0.0,0.0,0.0,0.0,0.0,0.0,0.0,0.0,0.0,-94.0,-94.0,0.0,0.0,-59.0,-59.0,0.0,0.0,0.0,-54.0,0.0,0.0,0.0,0.0,0.0,-85.0,0.0,0.0,0.0,0.0,0.0,0.0,0.0,0.0,0.0,-84.0,0.0,-96.0,-94.0,0.0,-94.0,-94.0,-94.0,-94.0,0.0,-86.0,-90.0,0.0,-92.0,-87.0,0.0,-94.0,-75.0,-89.0,Administracion
31,0.0,0.0,-87.0,0.0,0.0,0.0,0.0,0.0,-89.0,-72.0,0.0,0.0,0.0,0.0,0.0,-72.0,-73.0,-95.0,-94.0,0.0,0.0,0.0,0.0,0.0,0.0,0.0,0.0,0.0,0.0,0.0,0.0,0.0,0.0,0.0,0.0,0.0,0.0,0.0,0.0,0.0,0.0,0.0,0.0,0.0,0.0,0.0,0.0,0.0,0.0,0.0,0.0,0.0,0.0,0.0,0.0,0.0,0.0,0.0,0.0,0.0,0.0,0.0,0.0,0.0,0.0,0.0,0.0,0.0,0.0,0.0,-58.0,-54.0,0.0,0.0,0.0,-54.0,0.0,0.0,0.0,0.0,0.0,0.0,-94.0,0.0,0.0,0.0,0.0,0.0,0.0,0.0,0.0,0.0,0.0,0.0,0.0,0.0,0.0,0.0,0.0,0.0,0.0,0.0,0.0,0.0,0.0,0.0,0.0,0.0,-73.0,0.0,Administracion
32,0.0,0.0,-87.0,0.0,0.0,0.0,0.0,0.0,-89.0,-72.0,0.0,0.0,0.0,0.0,0.0,-72.0,-73.0,-95.0,-94.0,0.0,0.0,0.0,0.0,0.0,0.0,0.0,0.0,0.0,0.0,0.0,0.0,0.0,0.0,0.0,0.0,0.0,0.0,0.0,0.0,0.0,0.0,0.0,0.0,0.0,0.0,0.0,0.0,0.0,0.0,0.0,0.0,0.0,0.0,0.0,0.0,0.0,0.0,0.0,0.0,0.0,0.0,0.0,0.0,0.0,0.0,0.0,0.0,0.0,0.0,0.0,-58.0,-54.0,0.0,0.0,0.0,-54.0,0.0,0.0,0.0,0.0,0.0,0.0,-94.0,0.0,0.0,0.0,0.0,0.0,0.0,0.0,0.0,0.0,0.0,0.0,0.0,0.0,0.0,0.0,0.0,0.0,0.0,0.0,0.0,0.0,0.0,0.0,0.0,0.0,-73.0,0.0,Administracion
33,0.0,0.0,-87.0,0.0,0.0,0.0,0.0,0.0,-89.0,-72.0,0.0,0.0,0.0,0.0,0.0,-72.0,-73.0,-95.0,-94.0,0.0,0.0,0.0,0.0,0.0,0.0,0.0,0.0,0.0,0.0,0.0,0.0,0.0,0.0,0.0,0.0,0.0,0.0,0.0,0.0,0.0,0.0,0.0,0.0,0.0,0.0,0.0,0.0,0.0,0.0,0.0,0.0,0.0,0.0,0.0,0.0,0.0,0.0,0.0,0.0,0.0,0.0,0.0,0.0,0.0,0.0,0.0,0.0,0.0,0.0,0.0,-58.0,-54.0,0.0,0.0,0.0,-54.0,0.0,0.0,0.0,0.0,0.0,0.0,-94.0,0.0,0.0,0.0,0.0,0.0,0.0,0.0,0.0,0.0,0.0,0.0,0.0,0.0,0.0,0.0,0.0,0.0,0.0,0.0,0.0,0.0,0.0,0.0,0.0,0.0,-73.0,0.0,Administracion
34,0.0,0.0,-87.0,0.0,0.0,0.0,0.0,0.0,-89.0,-72.0,0.0,0.0,0.0,0.0,0.0,-72.0,-73.0,-95.0,-94.0,0.0,0.0,0.0,0.0,0.0,0.0,0.0,0.0,0.0,0.0,0.0,0.0,0.0,0.0,0.0,0.0,0.0,0.0,0.0,0.0,0.0,0.0,0.0,0.0,0.0,0.0,0.0,0.0,0.0,0.0,0.0,0.0,0.0,0.0,0.0,0.0,0.0,0.0,0.0,0.0,0.0,0.0,0.0,0.0,0.0,0.0,0.0,0.0,0.0,0.0,0.0,-58.0,-54.0,0.0,0.0,0.0,-54.0,0.0,0.0,0.0,0.0,0.0,0.0,-94.0,0.0,0.0,0.0,0.0,0.0,0.0,0.0,0.0,0.0,0.0,0.0,0.0,0.0,0.0,0.0,0.0,0.0,0.0,0.0,0.0,0.0,0.0,0.0,0.0,0.0,-73.0,0.0,Administracion
35,0.0,0.0,-87.0,0.0,0.0,0.0,0.0,0.0,-89.0,-72.0,0.0,0.0,0.0,0.0,0.0,-72.0,-73.0,-95.0,-94.0,0.0,0.0,0.0,0.0,0.0,0.0,0.0,0.0,0.0,0.0,0.0,0.0,0.0,0.0,0.0,0.0,0.0,0.0,0.0,0.0,0.0,0.0,0.0,0.0,0.0,0.0,0.0,0.0,0.0,0.0,0.0,0.0,0.0,0.0,0.0,0.0,0.0,0.0,0.0,0.0,0.0,0.0,0.0,0.0,0.0,0.0,0.0,0.0,0.0,0.0,0.0,-58.0,-54.0,0.0,0.0,0.0,-54.0,0.0,0.0,0.0,0.0,0.0,0.0,-94.0,0.0,0.0,0.0,0.0,0.0,0.0,0.0,0.0,0.0,0.0,0.0,0.0,0.0,0.0,0.0,0.0,0.0,0.0,0.0,0.0,0.0,0.0,0.0,0.0,0.0,-73.0,0.0,Administracion
36,0.0,0.0,-87.0,-91.0,0.0,0.0,0.0,0.0,-89.0,-72.0,-81.0,0.0,0.0,0.0,0.0,-72.0,-73.0,-95.0,-94.0,-86.0,0.0,0.0,0.0,0.0,0.0,0.0,0.0,0.0,0.0,0.0,0.0,0.0,-82.0,-81.0,0.0,0.0,0.0,0.0,0.0,0.0,0.0,0.0,0.0,0.0,-86.0,-86.0,0.0,0.0,0.0,0.0,0.0,0.0,0.0,0.0,0.0,0.0,0.0,0.0,0.0,0.0,0.0,0.0,0.0,0.0,0.0,0.0,-94.0,-94.0,0.0,0.0,-58.0,-54.0,0.0,0.0,0.0,-54.0,0.0,0.0,0.0,0.0,0.0,-85.0,-94.0,0.0,0.0,0.0,0.0,0.0,0.0,0.0,0.0,-84.0,0.0,-96.0,-94.0,0.0,-94.0,-94.0,-94.0,-94.0,0.0,-86.0,-90.0,0.0,-92.0,-87.0,0.0,-94.0,-73.0,-89.0,Administracion
37,0.0,0.0,-87.0,-91.0,0.0,0.0,0.0,0.0,-89.0,-72.0,-81.0,0.0,0.0,0.0,0.0,-72.0,-73.0,-95.0,-94.0,-86.0,0.0,0.0,0.0,0.0,0.0,0.0,0.0,0.0,0.0,0.0,0.0,0.0,-82.0,-81.0,0.0,0.0,0.0,0.0,0.0,0.0,0.0,0.0,0.0,0.0,-86.0,-86.0,0.0,0.0,0.0,0.0,0.0,0.0,0.0,0.0,0.0,0.0,0.0,0.0,0.0,0.0,0.0,0.0,0.0,0.0,0.0,0.0,-94.0,-94.0,0.0,0.0,-58.0,-54.0,0.0,0.0,0.0,-54.0,0.0,0.0,0.0,0.0,0.0,-85.0,-94.0,0.0,0.0,0.0,0.0,0.0,0.0,0.0,0.0,-84.0,0.0,-96.0,-94.0,0.0,-94.0,-94.0,-94.0,-94.0,0.0,-86.0,-90.0,0.0,-92.0,-87.0,0.0,-94.0,-73.0,-89.0,Administracion
38,0.0,0.0,-87.0,-91.0,0.0,0.0,0.0,0.0,-89.0,-72.0,-81.0,0.0,0.0,0.0,0.0,-72.0,-73.0,-95.0,-94.0,-86.0,0.0,0.0,0.0,0.0,0.0,0.0,0.0,0.0,0.0,0.0,0.0,0.0,-82.0,-81.0,0.0,0.0,0.0,0.0,0.0,0.0,0.0,0.0,0.0,0.0,-86.0,-86.0,0.0,0.0,0.0,0.0,0.0,0.0,0.0,0.0,0.0,0.0,0.0,0.0,0.0,0.0,0.0,0.0,0.0,0.0,0.0,0.0,-94.0,-94.0,0.0,0.0,-58.0,-54.0,0.0,0.0,0.0,-54.0,0.0,0.0,0.0,0.0,0.0,-85.0,-94.0,0.0,0.0,0.0,0.0,0.0,0.0,0.0,0.0,-84.0,0.0,-96.0,-94.0,0.0,-94.0,-94.0,-94.0,-94.0,0.0,-86.0,-90.0,0.0,-92.0,-87.0,0.0,-94.0,-73.0,-89.0,Administracion
39,0.0,0.0,-87.0,-91.0,0.0,0.0,0.0,0.0,-89.0,-72.0,-81.0,0.0,0.0,0.0,0.0,-72.0,-73.0,-95.0,-94.0,-86.0,0.0,0.0,0.0,0.0,0.0,0.0,0.0,0.0,0.0,0.0,0.0,0.0,-82.0,-81.0,0.0,0.0,0.0,0.0,0.0,0.0,0.0,0.0,0.0,0.0,-86.0,-86.0,0.0,0.0,0.0,0.0,0.0,0.0,0.0,0.0,0.0,0.0,0.0,0.0,0.0,0.0,0.0,0.0,0.0,0.0,0.0,0.0,-94.0,-94.0,0.0,0.0,-58.0,-54.0,0.0,0.0,0.0,-54.0,0.0,0.0,0.0,0.0,0.0,-85.0,-94.0,0.0,0.0,0.0,0.0,0.0,0.0,0.0,0.0,-84.0,0.0,-96.0,-94.0,0.0,-94.0,-94.0,-94.0,-94.0,0.0,-86.0,-90.0,0.0,-92.0,-87.0,0.0,-94.0,-73.0,-89.0,Administracion
40,0.0,0.0,-87.0,-91.0,0.0,0.0,0.0,0.0,-89.0,-72.0,-81.0,0.0,0.0,0.0,0.0,-72.0,-73.0,-95.0,-94.0,-86.0,0.0,0.0,0.0,0.0,0.0,0.0,0.0,0.0,0.0,0.0,0.0,0.0,-82.0,-81.0,0.0,0.0,0.0,0.0,0.0,0.0,0.0,0.0,0.0,0.0,-86.0,-86.0,0.0,0.0,0.0,0.0,0.0,0.0,0.0,0.0,0.0,0.0,0.0,0.0,0.0,0.0,0.0,0.0,0.0,0.0,0.0,0.0,-94.0,-94.0,0.0,0.0,-58.0,-54.0,0.0,0.0,0.0,-54.0,0.0,0.0,0.0,0.0,0.0,-85.0,-94.0,0.0,0.0,0.0,0.0,0.0,0.0,0.0,0.0,-84.0,0.0,-96.0,-94.0,0.0,-94.0,-94.0,-94.0,-94.0,0.0,-86.0,-90.0,0.0,-92.0,-87.0,0.0,-94.0,-73.0,-89.0,Administracion
41,0.0,0.0,-87.0,-91.0,0.0,0.0,0.0,0.0,-89.0,-72.0,-81.0,0.0,0.0,0.0,0.0,-72.0,-73.0,-95.0,-94.0,-86.0,0.0,0.0,0.0,0.0,0.0,0.0,0.0,0.0,0.0,0.0,0.0,0.0,-82.0,-81.0,0.0,0.0,0.0,0.0,0.0,0.0,0.0,0.0,0.0,0.0,-86.0,-86.0,0.0,0.0,0.0,0.0,0.0,0.0,0.0,0.0,0.0,0.0,0.0,0.0,0.0,0.0,0.0,0.0,0.0,0.0,0.0,0.0,-94.0,-94.0,0.0,0.0,-58.0,-54.0,0.0,0.0,0.0,-54.0,0.0,0.0,0.0,0.0,0.0,-85.0,-94.0,0.0,0.0,0.0,0.0,0.0,0.0,0.0,0.0,-84.0,0.0,-96.0,-94.0,0.0,-94.0,-94.0,-94.0,-94.0,0.0,-86.0,-90.0,0.0,-92.0,-87.0,0.0,-94.0,-73.0,-89.0,Administracion
42,0.0,0.0,-87.0,-91.0,0.0,0.0,0.0,0.0,-89.0,-72.0,-81.0,0.0,0.0,0.0,0.0,-72.0,-73.0,-95.0,-94.0,-86.0,0.0,0.0,0.0,0.0,0.0,0.0,0.0,0.0,0.0,0.0,0.0,0.0,-82.0,-81.0,0.0,0.0,0.0,0.0,0.0,0.0,0.0,0.0,0.0,0.0,-86.0,-86.0,0.0,0.0,0.0,0.0,0.0,0.0,0.0,0.0,0.0,0.0,0.0,0.0,0.0,0.0,0.0,0.0,0.0,0.0,0.0,0.0,-94.0,-94.0,0.0,0.0,-58.0,-54.0,0.0,0.0,0.0,-54.0,0.0,0.0,0.0,0.0,0.0,-85.0,-94.0,0.0,0.0,0.0,0.0,0.0,0.0,0.0,0.0,-84.0,0.0,-96.0,-94.0,0.0,-94.0,-94.0,-94.0,-94.0,0.0,-86.0,-90.0,0.0,-92.0,-87.0,0.0,-94.0,-73.0,-89.0,Administracion
43,0.0,0.0,-87.0,-91.0,0.0,0.0,0.0,0.0,-89.0,-72.0,-81.0,0.0,0.0,0.0,0.0,-72.0,-73.0,-95.0,-94.0,-86.0,0.0,0.0,0.0,0.0,0.0,0.0,0.0,0.0,0.0,0.0,0.0,0.0,-82.0,-81.0,0.0,0.0,0.0,0.0,0.0,0.0,0.0,0.0,0.0,0.0,-86.0,-86.0,0.0,0.0,0.0,0.0,0.0,0.0,0.0,0.0,0.0,0.0,0.0,0.0,0.0,0.0,0.0,0.0,0.0,0.0,0.0,0.0,-94.0,-94.0,0.0,0.0,-58.0,-54.0,0.0,0.0,0.0,-54.0,0.0,0.0,0.0,0.0,0.0,-85.0,-94.0,0.0,0.0,0.0,0.0,0.0,0.0,0.0,0.0,-84.0,0.0,-96.0,-94.0,0.0,-94.0,-94.0,-94.0,-94.0,0.0,-86.0,-90.0,0.0,-92.0,-87.0,0.0,-94.0,-73.0,-89.0,Administracion
44,0.0,0.0,-87.0,-91.0,0.0,0.0,0.0,0.0,-89.0,-72.0,-81.0,0.0,0.0,0.0,0.0,-72.0,-73.0,-95.0,-94.0,-86.0,0.0,0.0,0.0,0.0,0.0,0.0,0.0,0.0,0.0,0.0,0.0,0.0,-82.0,-81.0,0.0,0.0,0.0,0.0,0.0,0.0,0.0,0.0,0.0,0.0,-86.0,-86.0,0.0,0.0,0.0,0.0,0.0,0.0,0.0,0.0,0.0,0.0,0.0,0.0,0.0,0.0,0.0,0.0,0.0,0.0,0.0,0.0,-94.0,-94.0,0.0,0.0,-58.0,-54.0,0.0,0.0,0.0,-54.0,0.0,0.0,0.0,0.0,0.0,-85.0,-94.0,0.0,0.0,0.0,0.0,0.0,0.0,0.0,0.0,-84.0,0.0,-96.0,-94.0,0.0,-94.0,-94.0,-94.0,-94.0,0.0,-86.0,-90.0,0.0,-92.0,-87.0,0.0,-94.0,-73.0,-89.0,Administracion
45,0.0,0.0,-87.0,-91.0,0.0,0.0,0.0,0.0,-89.0,-72.0,-81.0,0.0,0.0,0.0,0.0,-72.0,-73.0,-95.0,-94.0,-86.0,0.0,0.0,0.0,0.0,0.0,0.0,0.0,0.0,0.0,0.0,0.0,0.0,-82.0,-81.0,0.0,0.0,0.0,0.0,0.0,0.0,0.0,0.0,0.0,0.0,-86.0,-86.0,0.0,0.0,0.0,0.0,0.0,0.0,0.0,0.0,0.0,0.0,0.0,0.0,0.0,0.0,0.0,0.0,0.0,0.0,0.0,0.0,-94.0,-94.0,0.0,0.0,-58.0,-54.0,0.0,0.0,0.0,-54.0,0.0,0.0,0.0,0.0,0.0,-85.0,-94.0,0.0,0.0,0.0,0.0,0.0,0.0,0.0,0.0,-84.0,0.0,-96.0,-94.0,0.0,-94.0,-94.0,-94.0,-94.0,0.0,-86.0,-90.0,0.0,-92.0,-87.0,0.0,-94.0,-73.0,-89.0,Administracion
46,0.0,0.0,-87.0,-91.0,0.0,0.0,0.0,0.0,-89.0,-72.0,-81.0,0.0,0.0,0.0,0.0,-72.0,-73.0,-95.0,-94.0,-86.0,0.0,0.0,0.0,0.0,0.0,0.0,0.0,0.0,0.0,0.0,0.0,0.0,-82.0,-81.0,0.0,0.0,0.0,0.0,0.0,0.0,0.0,0.0,0.0,0.0,-86.0,-86.0,0.0,0.0,0.0,0.0,0.0,0.0,0.0,0.0,0.0,0.0,0.0,0.0,0.0,0.0,0.0,0.0,0.0,0.0,0.0,0.0,-94.0,-94.0,0.0,0.0,-58.0,-54.0,0.0,0.0,0.0,-54.0,0.0,0.0,0.0,0.0,0.0,-85.0,-94.0,0.0,0.0,0.0,0.0,0.0,0.0,0.0,0.0,-84.0,0.0,-96.0,-94.0,0.0,-94.0,-94.0,-94.0,-94.0,0.0,-86.0,-90.0,0.0,-92.0,-87.0,0.0,-94.0,-73.0,-89.0,Administracion
47,0.0,0.0,-87.0,-91.0,0.0,0.0,0.0,0.0,-89.0,-72.0,-81.0,0.0,0.0,0.0,0.0,-72.0,-73.0,-95.0,-94.0,-86.0,0.0,0.0,0.0,0.0,0.0,0.0,0.0,0.0,0.0,0.0,0.0,0.0,-82.0,-81.0,0.0,0.0,0.0,0.0,0.0,0.0,0.0,0.0,0.0,0.0,-86.0,-86.0,0.0,0.0,0.0,0.0,0.0,0.0,0.0,0.0,0.0,0.0,0.0,0.0,0.0,0.0,0.0,0.0,0.0,0.0,0.0,0.0,-94.0,-94.0,0.0,0.0,-58.0,-54.0,0.0,0.0,0.0,-54.0,0.0,0.0,0.0,0.0,0.0,-85.0,-94.0,0.0,0.0,0.0,0.0,0.0,0.0,0.0,0.0,-84.0,0.0,-96.0,-94.0,0.0,-94.0,-94.0,-94.0,-94.0,0.0,-86.0,-90.0,0.0,-92.0,-87.0,0.0,-94.0,-73.0,-89.0,Administracion
48,0.0,0.0,-87.0,-91.0,0.0,0.0,0.0,0.0,-89.0,-72.0,-81.0,0.0,0.0,0.0,0.0,-72.0,-73.0,-95.0,-94.0,-86.0,0.0,0.0,0.0,0.0,0.0,0.0,0.0,0.0,0.0,0.0,0.0,0.0,-82.0,-81.0,0.0,0.0,0.0,0.0,0.0,0.0,0.0,0.0,0.0,0.0,-86.0,-86.0,0.0,0.0,0.0,0.0,0.0,0.0,0.0,0.0,0.0,0.0,0.0,0.0,0.0,0.0,0.0,0.0,0.0,0.0,0.0,0.0,-94.0,-94.0,0.0,0.0,-58.0,-54.0,0.0,0.0,0.0,-54.0,0.0,0.0,0.0,0.0,0.0,-85.0,-94.0,0.0,0.0,0.0,0.0,0.0,0.0,0.0,0.0,-84.0,0.0,-96.0,-94.0,0.0,-94.0,-94.0,-94.0,-94.0,0.0,-86.0,-90.0,0.0,-92.0,-87.0,0.0,-94.0,-73.0,-89.0,Administracion
49,0.0,0.0,-87.0,-91.0,0.0,0.0,0.0,0.0,-89.0,-72.0,-81.0,0.0,0.0,0.0,0.0,-72.0,-73.0,-95.0,-94.0,-86.0,0.0,0.0,0.0,0.0,0.0,0.0,0.0,0.0,0.0,0.0,0.0,0.0,-82.0,-81.0,0.0,0.0,0.0,0.0,0.0,0.0,0.0,0.0,0.0,0.0,-86.0,-86.0,0.0,0.0,0.0,0.0,0.0,0.0,0.0,0.0,0.0,0.0,0.0,0.0,0.0,0.0,0.0,0.0,0.0,0.0,0.0,0.0,-94.0,-94.0,0.0,0.0,-58.0,-54.0,0.0,0.0,0.0,-54.0,0.0,0.0,0.0,0.0,0.0,-85.0,-94.0,0.0,0.0,0.0,0.0,0.0,0.0,0.0,0.0,-84.0,0.0,-96.0,-94.0,0.0,-94.0,-94.0,-94.0,-94.0,0.0,-86.0,-90.0,0.0,-92.0,-87.0,0.0,-94.0,-73.0,-89.0,Administracion
50,0.0,0.0,-87.0,-91.0,0.0,0.0,0.0,0.0,-89.0,-72.0,-81.0,0.0,0.0,0.0,0.0,-72.0,-73.0,-95.0,-94.0,-86.0,0.0,0.0,0.0,0.0,0.0,0.0,0.0,0.0,0.0,0.0,0.0,0.0,-82.0,-81.0,0.0,0.0,0.0,0.0,0.0,0.0,0.0,0.0,0.0,0.0,-86.0,-86.0,0.0,0.0,0.0,0.0,0.0,0.0,0.0,0.0,0.0,0.0,0.0,0.0,0.0,0.0,0.0,0.0,0.0,0.0,0.0,0.0,-94.0,-94.0,0.0,0.0,-58.0,-54.0,0.0,0.0,0.0,-54.0,0.0,0.0,0.0,0.0,0.0,-85.0,-94.0,0.0,0.0,0.0,0.0,0.0,0.0,0.0,0.0,-84.0,0.0,-96.0,-94.0,0.0,-94.0,-94.0,-94.0,-94.0,0.0,-86.0,-90.0,0.0,-92.0,-87.0,0.0,-94.0,-73.0,-89.0,Administracion
51,0.0,0.0,-87.0,-91.0,0.0,0.0,0.0,0.0,-89.0,-72.0,-81.0,0.0,0.0,0.0,0.0,-72.0,-73.0,-95.0,-94.0,-86.0,0.0,0.0,0.0,0.0,0.0,0.0,0.0,0.0,0.0,0.0,0.0,0.0,-82.0,-81.0,0.0,0.0,0.0,0.0,0.0,0.0,0.0,0.0,0.0,0.0,-86.0,-86.0,0.0,0.0,0.0,0.0,0.0,0.0,0.0,0.0,0.0,0.0,0.0,0.0,0.0,0.0,0.0,0.0,0.0,0.0,0.0,0.0,-94.0,-94.0,0.0,0.0,-58.0,-54.0,0.0,0.0,0.0,-54.0,0.0,0.0,0.0,0.0,0.0,-85.0,-94.0,0.0,0.0,0.0,0.0,0.0,0.0,0.0,0.0,-84.0,0.0,-96.0,-94.0,0.0,-94.0,-94.0,-94.0,-94.0,0.0,-86.0,-90.0,0.0,-92.0,-87.0,0.0,-94.0,-73.0,-89.0,Administracion
52,0.0,0.0,-87.0,-91.0,0.0,0.0,0.0,0.0,-89.0,-72.0,-81.0,0.0,0.0,0.0,0.0,-72.0,-73.0,-95.0,-94.0,-86.0,0.0,0.0,0.0,0.0,0.0,0.0,0.0,0.0,0.0,0.0,0.0,0.0,-82.0,-81.0,0.0,0.0,0.0,0.0,0.0,0.0,0.0,0.0,0.0,0.0,-86.0,-86.0,0.0,0.0,0.0,0.0,0.0,0.0,0.0,0.0,0.0,0.0,0.0,0.0,0.0,0.0,0.0,0.0,0.0,0.0,0.0,0.0,-94.0,-94.0,0.0,0.0,-58.0,-54.0,0.0,0.0,0.0,-54.0,0.0,0.0,0.0,0.0,0.0,-85.0,-94.0,0.0,0.0,0.0,0.0,0.0,0.0,0.0,0.0,-84.0,0.0,-96.0,-94.0,0.0,-94.0,-94.0,-94.0,-94.0,0.0,-86.0,-90.0,0.0,-92.0,-87.0,0.0,-94.0,-73.0,-89.0,Administracion
53,0.0,0.0,-87.0,-91.0,0.0,0.0,0.0,0.0,-89.0,-72.0,-81.0,0.0,0.0,0.0,0.0,-72.0,-73.0,-95.0,-94.0,-86.0,0.0,0.0,0.0,0.0,0.0,0.0,0.0,0.0,0.0,0.0,0.0,0.0,-82.0,-81.0,0.0,0.0,0.0,0.0,0.0,0.0,0.0,0.0,0.0,0.0,-86.0,-86.0,0.0,0.0,0.0,0.0,0.0,0.0,0.0,0.0,0.0,0.0,0.0,0.0,0.0,0.0,0.0,0.0,0.0,0.0,0.0,0.0,-94.0,-94.0,0.0,0.0,-58.0,-54.0,0.0,0.0,0.0,-54.0,0.0,0.0,0.0,0.0,0.0,-85.0,-94.0,0.0,0.0,0.0,0.0,0.0,0.0,0.0,0.0,-84.0,0.0,-96.0,-94.0,0.0,-94.0,-94.0,-94.0,-94.0,0.0,-86.0,-90.0,0.0,-92.0,-87.0,0.0,-94.0,-73.0,-89.0,Administracion
54,0.0,0.0,-87.0,-91.0,0.0,0.0,0.0,0.0,-89.0,-72.0,-81.0,0.0,0.0,0.0,0.0,-72.0,-73.0,-95.0,-94.0,-86.0,0.0,0.0,0.0,0.0,0.0,0.0,0.0,0.0,0.0,0.0,0.0,0.0,-82.0,-81.0,0.0,0.0,0.0,0.0,0.0,0.0,0.0,0.0,0.0,0.0,-86.0,-86.0,0.0,0.0,0.0,0.0,0.0,0.0,0.0,0.0,0.0,0.0,0.0,0.0,0.0,0.0,0.0,0.0,0.0,0.0,0.0,0.0,-94.0,-94.0,0.0,0.0,-58.0,-54.0,0.0,0.0,0.0,-54.0,0.0,0.0,0.0,0.0,0.0,-85.0,-94.0,0.0,0.0,0.0,0.0,0.0,0.0,0.0,0.0,-84.0,0.0,-96.0,-94.0,0.0,-94.0,-94.0,-94.0,-94.0,0.0,-86.0,-90.0,0.0,-92.0,-87.0,0.0,-94.0,-73.0,-89.0,Administracion
55,0.0,0.0,-87.0,-91.0,0.0,0.0,0.0,0.0,-89.0,-72.0,-81.0,0.0,0.0,0.0,0.0,-72.0,-73.0,-95.0,-94.0,-86.0,0.0,0.0,0.0,0.0,0.0,0.0,0.0,0.0,0.0,0.0,0.0,0.0,-82.0,-81.0,0.0,0.0,0.0,0.0,0.0,0.0,0.0,0.0,0.0,0.0,-86.0,-86.0,0.0,0.0,0.0,0.0,0.0,0.0,0.0,0.0,0.0,0.0,0.0,0.0,0.0,0.0,0.0,0.0,0.0,0.0,0.0,0.0,-94.0,-94.0,0.0,0.0,-58.0,-54.0,0.0,0.0,0.0,-54.0,0.0,0.0,0.0,0.0,0.0,-85.0,-94.0,0.0,0.0,0.0,0.0,0.0,0.0,0.0,0.0,-84.0,0.0,-96.0,-94.0,0.0,-94.0,-94.0,-94.0,-94.0,0.0,-86.0,-90.0,0.0,-92.0,-87.0,0.0,-94.0,-73.0,-89.0,Administracion
56,0.0,0.0,-87.0,-91.0,0.0,0.0,0.0,0.0,-89.0,-72.0,0.0,0.0,0.0,0.0,0.0,-72.0,-73.0,-95.0,-94.0,-86.0,0.0,0.0,0.0,0.0,0.0,0.0,0.0,0.0,0.0,0.0,0.0,0.0,0.0,0.0,0.0,0.0,0.0,0.0,0.0,0.0,0.0,0.0,0.0,0.0,-86.0,-86.0,0.0,0.0,0.0,0.0,0.0,0.0,0.0,0.0,0.0,0.0,0.0,0.0,0.0,0.0,0.0,0.0,0.0,0.0,0.0,0.0,-94.0,-94.0,0.0,0.0,-58.0,-54.0,0.0,0.0,0.0,-54.0,0.0,0.0,0.0,0.0,0.0,-85.0,-94.0,0.0,0.0,0.0,0.0,0.0,0.0,0.0,0.0,-84.0,0.0,-96.0,0.0,0.0,0.0,-94.0,-94.0,0.0,0.0,0.0,-90.0,0.0,-92.0,-87.0,0.0,0.0,-73.0,-89.0,Administracion
57,0.0,0.0,-87.0,-91.0,0.0,0.0,0.0,0.0,-89.0,-72.0,0.0,0.0,0.0,0.0,0.0,-72.0,-73.0,-95.0,-94.0,-86.0,0.0,0.0,0.0,0.0,0.0,0.0,0.0,0.0,0.0,0.0,0.0,0.0,0.0,0.0,0.0,0.0,0.0,0.0,0.0,0.0,0.0,0.0,0.0,0.0,-86.0,-86.0,0.0,0.0,0.0,0.0,0.0,0.0,0.0,0.0,0.0,0.0,0.0,0.0,0.0,0.0,0.0,0.0,0.0,0.0,0.0,0.0,-94.0,-94.0,0.0,0.0,-58.0,-54.0,0.0,0.0,0.0,-54.0,0.0,0.0,0.0,0.0,0.0,-85.0,-94.0,0.0,0.0,0.0,0.0,0.0,0.0,0.0,0.0,-84.0,0.0,-96.0,0.0,0.0,0.0,-94.0,-94.0,0.0,0.0,0.0,-90.0,0.0,-92.0,-87.0,0.0,0.0,-73.0,-89.0,Administracion
58,0.0,0.0,-87.0,-91.0,0.0,0.0,0.0,0.0,-89.0,-72.0,0.0,0.0,0.0,0.0,0.0,-72.0,-73.0,-95.0,-94.0,-86.0,0.0,0.0,0.0,0.0,0.0,0.0,0.0,0.0,0.0,0.0,0.0,0.0,0.0,0.0,0.0,0.0,0.0,0.0,0.0,0.0,0.0,0.0,0.0,0.0,-86.0,-86.0,0.0,0.0,0.0,0.0,0.0,0.0,0.0,0.0,0.0,0.0,0.0,0.0,0.0,0.0,0.0,0.0,0.0,0.0,0.0,0.0,-94.0,-94.0,0.0,0.0,-58.0,-54.0,0.0,0.0,0.0,-54.0,0.0,0.0,0.0,0.0,0.0,-85.0,-94.0,0.0,0.0,0.0,0.0,0.0,0.0,0.0,0.0,-84.0,0.0,-96.0,0.0,0.0,0.0,-94.0,-94.0,0.0,0.0,0.0,-90.0,0.0,-92.0,-87.0,0.0,0.0,-73.0,-89.0,Administracion
59,0.0,0.0,-87.0,-91.0,0.0,0.0,0.0,0.0,-89.0,-72.0,0.0,0.0,0.0,0.0,0.0,-72.0,-73.0,-95.0,-94.0,-86.0,0.0,0.0,0.0,0.0,0.0,0.0,0.0,0.0,0.0,0.0,0.0,0.0,0.0,0.0,0.0,0.0,0.0,0.0,0.0,0.0,0.0,0.0,0.0,0.0,-86.0,-86.0,0.0,0.0,0.0,0.0,0.0,0.0,0.0,0.0,0.0,0.0,0.0,0.0,0.0,0.0,0.0,0.0,0.0,0.0,0.0,0.0,-94.0,-94.0,0.0,0.0,-58.0,-54.0,0.0,0.0,0.0,-54.0,0.0,0.0,0.0,0.0,0.0,-85.0,-94.0,0.0,0.0,0.0,0.0,0.0,0.0,0.0,0.0,-84.0,0.0,-96.0,0.0,0.0,0.0,-94.0,-94.0,0.0,0.0,0.0,-90.0,0.0,-92.0,-87.0,0.0,0.0,-73.0,-89.0,Administracion
60,0.0,0.0,-87.0,-91.0,0.0,0.0,0.0,0.0,-89.0,-72.0,0.0,0.0,0.0,0.0,0.0,-72.0,-73.0,-95.0,-94.0,-86.0,0.0,0.0,0.0,0.0,0.0,0.0,0.0,0.0,0.0,0.0,0.0,0.0,0.0,0.0,0.0,0.0,0.0,0.0,0.0,0.0,0.0,0.0,0.0,0.0,-86.0,-86.0,0.0,0.0,0.0,0.0,0.0,0.0,0.0,0.0,0.0,0.0,0.0,0.0,0.0,0.0,0.0,0.0,0.0,0.0,0.0,0.0,-94.0,-94.0,0.0,0.0,-58.0,-54.0,0.0,0.0,0.0,-54.0,0.0,0.0,0.0,0.0,0.0,-85.0,-94.0,0.0,0.0,0.0,0.0,0.0,0.0,0.0,0.0,-84.0,0.0,-96.0,0.0,0.0,0.0,-94.0,-94.0,0.0,0.0,0.0,-90.0,0.0,-92.0,-87.0,0.0,0.0,-73.0,-89.0,Administracion
61,0.0,0.0,-87.0,-91.0,0.0,0.0,0.0,0.0,-89.0,-72.0,0.0,0.0,0.0,0.0,0.0,-72.0,-73.0,-95.0,-94.0,-86.0,0.0,0.0,0.0,0.0,0.0,0.0,0.0,0.0,0.0,0.0,0.0,0.0,0.0,0.0,0.0,0.0,0.0,0.0,0.0,0.0,0.0,0.0,0.0,0.0,-86.0,-86.0,0.0,0.0,0.0,0.0,0.0,0.0,0.0,0.0,0.0,0.0,0.0,0.0,0.0,0.0,0.0,0.0,0.0,0.0,0.0,0.0,-94.0,-94.0,0.0,0.0,-58.0,-54.0,0.0,0.0,0.0,-54.0,0.0,0.0,0.0,0.0,0.0,-85.0,-94.0,0.0,0.0,0.0,0.0,0.0,0.0,0.0,0.0,-84.0,0.0,-96.0,0.0,0.0,0.0,-94.0,-94.0,0.0,0.0,0.0,-90.0,0.0,-92.0,-87.0,0.0,0.0,-73.0,-89.0,Administracion
62,0.0,0.0,-87.0,-91.0,0.0,0.0,0.0,0.0,-89.0,-72.0,0.0,0.0,0.0,0.0,0.0,-72.0,-73.0,-95.0,-94.0,-86.0,0.0,0.0,0.0,0.0,0.0,0.0,0.0,0.0,0.0,0.0,0.0,0.0,0.0,0.0,0.0,0.0,0.0,0.0,0.0,0.0,0.0,0.0,0.0,0.0,-86.0,-86.0,0.0,0.0,0.0,0.0,0.0,0.0,0.0,0.0,0.0,0.0,0.0,0.0,0.0,0.0,0.0,0.0,0.0,0.0,0.0,0.0,-94.0,-94.0,0.0,0.0,-58.0,-54.0,0.0,0.0,0.0,-54.0,0.0,0.0,0.0,0.0,0.0,-85.0,-94.0,0.0,0.0,0.0,0.0,0.0,0.0,0.0,0.0,-84.0,0.0,-96.0,0.0,0.0,0.0,-94.0,-94.0,0.0,0.0,0.0,-90.0,0.0,-92.0,-87.0,0.0,0.0,-73.0,-89.0,Administracion
63,0.0,0.0,-87.0,-91.0,0.0,0.0,0.0,0.0,-89.0,-72.0,0.0,0.0,0.0,0.0,0.0,-72.0,-73.0,-95.0,-94.0,-86.0,0.0,0.0,0.0,0.0,0.0,0.0,0.0,0.0,0.0,0.0,0.0,0.0,0.0,0.0,0.0,0.0,0.0,0.0,0.0,0.0,0.0,0.0,0.0,0.0,-86.0,-86.0,0.0,0.0,0.0,0.0,0.0,0.0,0.0,0.0,0.0,0.0,0.0,0.0,0.0,0.0,0.0,0.0,0.0,0.0,0.0,0.0,-94.0,-94.0,0.0,0.0,-58.0,-54.0,0.0,0.0,0.0,-54.0,0.0,0.0,0.0,0.0,0.0,-85.0,-94.0,0.0,0.0,0.0,0.0,0.0,0.0,0.0,0.0,-84.0,0.0,-96.0,0.0,0.0,0.0,-94.0,-94.0,0.0,0.0,0.0,-90.0,0.0,-92.0,-87.0,0.0,0.0,-73.0,-89.0,Administracion
64,0.0,0.0,-87.0,-91.0,0.0,0.0,0.0,0.0,-89.0,-72.0,0.0,0.0,0.0,0.0,0.0,-72.0,-73.0,-95.0,-94.0,-86.0,0.0,0.0,0.0,0.0,0.0,0.0,0.0,0.0,0.0,0.0,0.0,0.0,0.0,0.0,0.0,0.0,0.0,0.0,0.0,0.0,0.0,0.0,0.0,0.0,-86.0,-86.0,0.0,0.0,0.0,0.0,0.0,0.0,0.0,0.0,0.0,0.0,0.0,0.0,0.0,0.0,0.0,0.0,0.0,0.0,0.0,0.0,-94.0,-94.0,0.0,0.0,-58.0,-54.0,0.0,0.0,0.0,-54.0,0.0,0.0,0.0,0.0,0.0,-85.0,-94.0,0.0,0.0,0.0,0.0,0.0,0.0,0.0,0.0,-84.0,0.0,-96.0,0.0,0.0,0.0,-94.0,-94.0,0.0,0.0,0.0,-90.0,0.0,-92.0,-87.0,0.0,0.0,-73.0,-89.0,Administracion
65,0.0,0.0,-87.0,-91.0,0.0,0.0,0.0,0.0,-89.0,-72.0,0.0,0.0,0.0,0.0,0.0,-72.0,-73.0,-95.0,-94.0,-86.0,0.0,0.0,0.0,0.0,0.0,0.0,0.0,0.0,0.0,0.0,0.0,0.0,0.0,0.0,0.0,0.0,0.0,0.0,0.0,0.0,0.0,0.0,0.0,0.0,-86.0,-86.0,0.0,0.0,0.0,0.0,0.0,0.0,0.0,0.0,0.0,0.0,0.0,0.0,0.0,0.0,0.0,0.0,0.0,0.0,0.0,0.0,-94.0,-94.0,0.0,0.0,-58.0,-54.0,0.0,0.0,0.0,-54.0,0.0,0.0,0.0,0.0,0.0,-85.0,-94.0,0.0,0.0,0.0,0.0,0.0,0.0,0.0,0.0,-84.0,0.0,-96.0,0.0,0.0,0.0,-94.0,-94.0,0.0,0.0,0.0,-90.0,0.0,-92.0,-87.0,0.0,0.0,-73.0,-89.0,Administracion
66,0.0,0.0,0.0,0.0,0.0,0.0,0.0,0.0,-90.0,-73.0,0.0,0.0,0.0,0.0,0.0,-73.0,-72.0,0.0,0.0,0.0,0.0,0.0,0.0,0.0,-85.0,-84.0,0.0,0.0,0.0,0.0,0.0,0.0,-86.0,0.0,0.0,0.0,0.0,0.0,0.0,0.0,0.0,0.0,0.0,0.0,0.0,0.0,0.0,0.0,0.0,0.0,0.0,0.0,0.0,0.0,0.0,0.0,0.0,0.0,0.0,0.0,0.0,0.0,0.0,0.0,0.0,0.0,0.0,0.0,0.0,0.0,-57.0,0.0,0.0,0.0,0.0,-56.0,0.0,0.0,0.0,0.0,0.0,0.0,0.0,0.0,0.0,0.0,0.0,0.0,0.0,0.0,0.0,-86.0,0.0,0.0,0.0,0.0,0.0,0.0,0.0,0.0,0.0,0.0,0.0,0.0,0.0,-82.0,0.0,0.0,-75.0,0.0,Administracion
67,0.0,0.0,0.0,0.0,0.0,0.0,0.0,0.0,-90.0,-73.0,0.0,0.0,0.0,0.0,0.0,-73.0,-72.0,0.0,0.0,0.0,0.0,0.0,0.0,0.0,-85.0,-84.0,0.0,0.0,0.0,0.0,0.0,0.0,-86.0,0.0,0.0,0.0,0.0,0.0,0.0,0.0,0.0,0.0,0.0,0.0,0.0,0.0,0.0,0.0,0.0,0.0,0.0,0.0,0.0,0.0,0.0,0.0,0.0,0.0,0.0,0.0,0.0,0.0,0.0,0.0,0.0,0.0,0.0,0.0,0.0,0.0,-57.0,0.0,0.0,0.0,0.0,-56.0,0.0,0.0,0.0,0.0,0.0,0.0,0.0,0.0,0.0,0.0,0.0,0.0,0.0,0.0,0.0,-86.0,0.0,0.0,0.0,0.0,0.0,0.0,0.0,0.0,0.0,0.0,0.0,0.0,0.0,-82.0,0.0,0.0,-75.0,0.0,Administracion
68,0.0,0.0,0.0,0.0,0.0,0.0,0.0,0.0,-90.0,-73.0,0.0,0.0,0.0,0.0,0.0,-73.0,-72.0,0.0,0.0,0.0,0.0,0.0,0.0,0.0,-85.0,-84.0,0.0,0.0,0.0,0.0,0.0,0.0,-86.0,0.0,0.0,0.0,0.0,0.0,0.0,0.0,0.0,0.0,0.0,0.0,0.0,0.0,0.0,0.0,0.0,0.0,0.0,0.0,0.0,0.0,0.0,0.0,0.0,0.0,0.0,0.0,0.0,0.0,0.0,0.0,0.0,0.0,0.0,0.0,0.0,0.0,-57.0,0.0,0.0,0.0,0.0,-56.0,0.0,0.0,0.0,0.0,0.0,0.0,0.0,0.0,0.0,0.0,0.0,0.0,0.0,0.0,0.0,-86.0,0.0,0.0,0.0,0.0,0.0,0.0,0.0,0.0,0.0,0.0,0.0,0.0,0.0,-82.0,0.0,0.0,-75.0,0.0,Administracion
69,0.0,0.0,0.0,0.0,0.0,0.0,0.0,0.0,-90.0,-73.0,0.0,0.0,0.0,0.0,0.0,-73.0,-72.0,0.0,0.0,0.0,0.0,0.0,0.0,0.0,-85.0,-84.0,0.0,0.0,0.0,0.0,0.0,0.0,-86.0,0.0,0.0,0.0,0.0,0.0,0.0,0.0,0.0,0.0,0.0,0.0,0.0,0.0,0.0,0.0,0.0,0.0,0.0,0.0,0.0,0.0,0.0,0.0,0.0,0.0,0.0,0.0,0.0,0.0,0.0,0.0,0.0,0.0,0.0,0.0,0.0,0.0,-57.0,0.0,0.0,0.0,0.0,-56.0,0.0,0.0,0.0,0.0,0.0,0.0,0.0,0.0,0.0,0.0,0.0,0.0,0.0,0.0,0.0,-86.0,0.0,0.0,0.0,0.0,0.0,0.0,0.0,0.0,0.0,0.0,0.0,0.0,0.0,-82.0,0.0,0.0,-75.0,0.0,Administracion
70,0.0,0.0,0.0,0.0,0.0,0.0,0.0,0.0,-90.0,-73.0,0.0,0.0,0.0,0.0,0.0,-73.0,-72.0,0.0,0.0,0.0,0.0,0.0,0.0,0.0,-85.0,-84.0,0.0,0.0,0.0,0.0,0.0,0.0,-86.0,0.0,0.0,0.0,0.0,0.0,0.0,0.0,0.0,0.0,0.0,0.0,0.0,0.0,0.0,0.0,0.0,0.0,0.0,0.0,0.0,0.0,0.0,0.0,0.0,0.0,0.0,0.0,0.0,0.0,0.0,0.0,0.0,0.0,0.0,0.0,0.0,0.0,-57.0,0.0,0.0,0.0,0.0,-56.0,0.0,0.0,0.0,0.0,0.0,0.0,0.0,0.0,0.0,0.0,0.0,0.0,0.0,0.0,0.0,-86.0,0.0,0.0,0.0,0.0,0.0,0.0,0.0,0.0,0.0,0.0,0.0,0.0,0.0,-82.0,0.0,0.0,-75.0,0.0,Administracion
71,0.0,0.0,-87.0,-91.0,0.0,0.0,0.0,0.0,-90.0,-73.0,0.0,0.0,0.0,0.0,0.0,-73.0,-72.0,-95.0,-94.0,-86.0,0.0,0.0,0.0,0.0,-85.0,-84.0,0.0,0.0,0.0,0.0,0.0,0.0,-86.0,0.0,0.0,0.0,0.0,0.0,0.0,0.0,0.0,0.0,0.0,0.0,-86.0,-86.0,0.0,0.0,0.0,0.0,0.0,0.0,0.0,0.0,0.0,0.0,0.0,0.0,0.0,0.0,0.0,0.0,0.0,0.0,0.0,0.0,-94.0,-94.0,0.0,0.0,-57.0,-54.0,0.0,0.0,0.0,-56.0,0.0,0.0,0.0,0.0,0.0,-85.0,-94.0,0.0,0.0,0.0,0.0,0.0,0.0,0.0,0.0,-86.0,0.0,-96.0,0.0,0.0,0.0,-94.0,-94.0,0.0,0.0,0.0,-90.0,0.0,-92.0,-82.0,0.0,0.0,-75.0,-89.0,Administracion
72,0.0,0.0,-87.0,-91.0,0.0,0.0,0.0,0.0,-90.0,-73.0,0.0,0.0,0.0,0.0,0.0,-73.0,-72.0,-95.0,-94.0,-86.0,0.0,0.0,0.0,0.0,-85.0,-84.0,0.0,0.0,0.0,0.0,0.0,0.0,-86.0,0.0,0.0,0.0,0.0,0.0,0.0,0.0,0.0,0.0,0.0,0.0,-86.0,-86.0,0.0,0.0,0.0,0.0,0.0,0.0,0.0,0.0,0.0,0.0,0.0,0.0,0.0,0.0,0.0,0.0,0.0,0.0,0.0,0.0,-94.0,-94.0,0.0,0.0,-57.0,-54.0,0.0,0.0,0.0,-56.0,0.0,0.0,0.0,0.0,0.0,-85.0,-94.0,0.0,0.0,0.0,0.0,0.0,0.0,0.0,0.0,-86.0,0.0,-96.0,0.0,0.0,0.0,-94.0,-94.0,0.0,0.0,0.0,-90.0,0.0,-92.0,-82.0,0.0,0.0,-75.0,-89.0,Administracion
73,0.0,0.0,-87.0,-91.0,0.0,0.0,0.0,0.0,-90.0,-73.0,0.0,0.0,0.0,0.0,0.0,-73.0,-72.0,-95.0,-94.0,-86.0,0.0,0.0,0.0,0.0,-85.0,-84.0,0.0,0.0,0.0,0.0,0.0,0.0,-86.0,0.0,0.0,0.0,0.0,0.0,0.0,0.0,0.0,0.0,0.0,0.0,-86.0,-86.0,0.0,0.0,0.0,0.0,0.0,0.0,0.0,0.0,0.0,0.0,0.0,0.0,0.0,0.0,0.0,0.0,0.0,0.0,0.0,0.0,-94.0,-94.0,0.0,0.0,-57.0,-54.0,0.0,0.0,0.0,-56.0,0.0,0.0,0.0,0.0,0.0,-85.0,-94.0,0.0,0.0,0.0,0.0,0.0,0.0,0.0,0.0,-86.0,0.0,-96.0,0.0,0.0,0.0,-94.0,-94.0,0.0,0.0,0.0,-90.0,0.0,-92.0,-82.0,0.0,0.0,-75.0,-89.0,Administracion
74,0.0,0.0,-87.0,-91.0,0.0,0.0,0.0,0.0,-90.0,-73.0,0.0,0.0,0.0,0.0,0.0,-73.0,-72.0,-95.0,-94.0,-86.0,0.0,0.0,0.0,0.0,-85.0,-84.0,0.0,0.0,0.0,0.0,0.0,0.0,-86.0,0.0,0.0,0.0,0.0,0.0,0.0,0.0,0.0,0.0,0.0,0.0,-86.0,-86.0,0.0,0.0,0.0,0.0,0.0,0.0,0.0,0.0,0.0,0.0,0.0,0.0,0.0,0.0,0.0,0.0,0.0,0.0,0.0,0.0,-94.0,-94.0,0.0,0.0,-57.0,-54.0,0.0,0.0,0.0,-56.0,0.0,0.0,0.0,0.0,0.0,-85.0,-94.0,0.0,0.0,0.0,0.0,0.0,0.0,0.0,0.0,-86.0,0.0,-96.0,0.0,0.0,0.0,-94.0,-94.0,0.0,0.0,0.0,-90.0,0.0,-92.0,-82.0,0.0,0.0,-75.0,-89.0,Administracion
75,0.0,0.0,-87.0,-91.0,0.0,0.0,0.0,0.0,-90.0,-73.0,0.0,0.0,0.0,0.0,0.0,-73.0,-72.0,-95.0,-94.0,-86.0,0.0,0.0,0.0,0.0,-85.0,-84.0,0.0,0.0,0.0,0.0,0.0,0.0,-86.0,0.0,0.0,0.0,0.0,0.0,0.0,0.0,0.0,0.0,0.0,0.0,-86.0,-86.0,0.0,0.0,0.0,0.0,0.0,0.0,0.0,0.0,0.0,0.0,0.0,0.0,0.0,0.0,0.0,0.0,0.0,0.0,0.0,0.0,-94.0,-94.0,0.0,0.0,-57.0,-54.0,0.0,0.0,0.0,-56.0,0.0,0.0,0.0,0.0,0.0,-85.0,-94.0,0.0,0.0,0.0,0.0,0.0,0.0,0.0,0.0,-86.0,0.0,-96.0,0.0,0.0,0.0,-94.0,-94.0,0.0,0.0,0.0,-90.0,0.0,-92.0,-82.0,0.0,0.0,-75.0,-89.0,Administracion
76,0.0,0.0,-87.0,-91.0,0.0,0.0,0.0,0.0,-90.0,-73.0,0.0,0.0,0.0,0.0,0.0,-73.0,-72.0,-95.0,-94.0,-86.0,0.0,0.0,0.0,0.0,-85.0,-84.0,0.0,0.0,0.0,0.0,0.0,0.0,-86.0,0.0,0.0,0.0,0.0,0.0,0.0,0.0,0.0,0.0,0.0,0.0,-86.0,-86.0,0.0,0.0,0.0,0.0,0.0,0.0,0.0,0.0,0.0,0.0,0.0,0.0,0.0,0.0,0.0,0.0,0.0,0.0,0.0,0.0,-94.0,-94.0,0.0,0.0,-57.0,-54.0,0.0,0.0,0.0,-56.0,0.0,0.0,0.0,0.0,0.0,-85.0,-94.0,0.0,0.0,0.0,0.0,0.0,0.0,0.0,0.0,-86.0,0.0,-96.0,0.0,0.0,0.0,-94.0,-94.0,0.0,0.0,0.0,-90.0,0.0,-92.0,-82.0,0.0,0.0,-75.0,-89.0,Administracion
77,0.0,0.0,-87.0,-91.0,0.0,0.0,0.0,0.0,-90.0,-73.0,0.0,0.0,0.0,0.0,0.0,-73.0,-72.0,-95.0,-94.0,-86.0,0.0,0.0,0.0,0.0,-85.0,-84.0,0.0,0.0,0.0,0.0,0.0,0.0,-86.0,0.0,0.0,0.0,0.0,0.0,0.0,0.0,0.0,0.0,0.0,0.0,-86.0,-86.0,0.0,0.0,0.0,0.0,0.0,0.0,0.0,0.0,0.0,0.0,0.0,0.0,0.0,0.0,0.0,0.0,0.0,0.0,0.0,0.0,-94.0,-94.0,0.0,0.0,-57.0,-54.0,0.0,0.0,0.0,-56.0,0.0,0.0,0.0,0.0,0.0,-85.0,-94.0,0.0,0.0,0.0,0.0,0.0,0.0,0.0,0.0,-86.0,0.0,-96.0,0.0,0.0,0.0,-94.0,-94.0,0.0,0.0,0.0,-90.0,0.0,-92.0,-82.0,0.0,0.0,-75.0,-89.0,Administracion
78,0.0,0.0,-87.0,-91.0,0.0,0.0,0.0,0.0,-90.0,-73.0,0.0,0.0,0.0,0.0,0.0,-73.0,-72.0,-95.0,-94.0,-86.0,0.0,0.0,0.0,0.0,-85.0,-84.0,0.0,0.0,0.0,0.0,0.0,0.0,-86.0,0.0,0.0,0.0,0.0,0.0,0.0,0.0,0.0,0.0,0.0,0.0,-86.0,-86.0,0.0,0.0,0.0,0.0,0.0,0.0,0.0,0.0,0.0,0.0,0.0,0.0,0.0,0.0,0.0,0.0,0.0,0.0,0.0,0.0,-94.0,-94.0,0.0,0.0,-57.0,-54.0,0.0,0.0,0.0,-56.0,0.0,0.0,0.0,0.0,0.0,-85.0,-94.0,0.0,0.0,0.0,0.0,0.0,0.0,0.0,0.0,-86.0,0.0,-96.0,0.0,0.0,0.0,-94.0,-94.0,0.0,0.0,0.0,-90.0,0.0,-92.0,-82.0,0.0,0.0,-75.0,-89.0,Administracion
79,0.0,0.0,-87.0,-91.0,0.0,0.0,0.0,0.0,-90.0,-73.0,0.0,0.0,0.0,0.0,0.0,-73.0,-72.0,-95.0,-94.0,-86.0,0.0,0.0,0.0,0.0,-85.0,-84.0,0.0,0.0,0.0,0.0,0.0,0.0,-86.0,0.0,0.0,0.0,0.0,0.0,0.0,0.0,0.0,0.0,0.0,0.0,-86.0,-86.0,0.0,0.0,0.0,0.0,0.0,0.0,0.0,0.0,0.0,0.0,0.0,0.0,0.0,0.0,0.0,0.0,0.0,0.0,0.0,0.0,-94.0,-94.0,0.0,0.0,-57.0,-54.0,0.0,0.0,0.0,-56.0,0.0,0.0,0.0,0.0,0.0,-85.0,-94.0,0.0,0.0,0.0,0.0,0.0,0.0,0.0,0.0,-86.0,0.0,-96.0,0.0,0.0,0.0,-94.0,-94.0,0.0,0.0,0.0,-90.0,0.0,-92.0,-82.0,0.0,0.0,-75.0,-89.0,Administracion
80,0.0,0.0,-87.0,-91.0,0.0,0.0,0.0,0.0,-90.0,-73.0,0.0,0.0,0.0,0.0,0.0,-73.0,-72.0,-95.0,-94.0,-86.0,0.0,0.0,0.0,0.0,-85.0,-84.0,0.0,0.0,0.0,0.0,0.0,0.0,-86.0,0.0,0.0,0.0,0.0,0.0,0.0,0.0,0.0,0.0,0.0,0.0,-86.0,-86.0,0.0,0.0,0.0,0.0,0.0,0.0,0.0,0.0,0.0,0.0,0.0,0.0,0.0,0.0,0.0,0.0,0.0,0.0,0.0,0.0,-94.0,-94.0,0.0,0.0,-57.0,-54.0,0.0,0.0,0.0,-56.0,0.0,0.0,0.0,0.0,0.0,-85.0,-94.0,0.0,0.0,0.0,0.0,0.0,0.0,0.0,0.0,-86.0,0.0,-96.0,0.0,0.0,0.0,-94.0,-94.0,0.0,0.0,0.0,-90.0,0.0,-92.0,-82.0,0.0,0.0,-75.0,-89.0,Administracion
81,0.0,0.0,-87.0,-91.0,0.0,0.0,0.0,0.0,-90.0,-73.0,0.0,0.0,0.0,0.0,0.0,-73.0,-72.0,-95.0,-94.0,-86.0,0.0,0.0,0.0,0.0,-85.0,-84.0,0.0,0.0,0.0,0.0,0.0,0.0,-86.0,0.0,0.0,0.0,0.0,0.0,0.0,0.0,0.0,0.0,0.0,0.0,-86.0,-86.0,0.0,0.0,0.0,0.0,0.0,0.0,0.0,0.0,0.0,0.0,0.0,0.0,0.0,0.0,0.0,0.0,0.0,0.0,0.0,0.0,-94.0,-94.0,0.0,0.0,-57.0,-54.0,0.0,0.0,0.0,-56.0,0.0,0.0,0.0,0.0,0.0,-85.0,-94.0,0.0,0.0,0.0,0.0,0.0,0.0,0.0,0.0,-86.0,0.0,-96.0,0.0,0.0,0.0,-94.0,-94.0,0.0,0.0,0.0,-90.0,0.0,-92.0,-82.0,0.0,0.0,-75.0,-89.0,Administracion
82,0.0,0.0,-87.0,-91.0,0.0,0.0,0.0,0.0,-90.0,-73.0,0.0,0.0,0.0,0.0,0.0,-73.0,-72.0,-95.0,-94.0,-86.0,0.0,0.0,0.0,0.0,-85.0,-84.0,0.0,0.0,0.0,0.0,0.0,0.0,-86.0,0.0,0.0,0.0,0.0,0.0,0.0,0.0,0.0,0.0,0.0,0.0,-86.0,-86.0,0.0,0.0,0.0,0.0,0.0,0.0,0.0,0.0,0.0,0.0,0.0,0.0,0.0,0.0,0.0,0.0,0.0,0.0,0.0,0.0,-94.0,-94.0,0.0,0.0,-57.0,-54.0,0.0,0.0,0.0,-56.0,0.0,0.0,0.0,0.0,0.0,-85.0,-94.0,0.0,0.0,0.0,0.0,0.0,0.0,0.0,0.0,-86.0,0.0,-96.0,0.0,0.0,0.0,-94.0,-94.0,0.0,0.0,0.0,-90.0,0.0,-92.0,-82.0,0.0,0.0,-75.0,-89.0,Administracion
83,0.0,0.0,-87.0,-91.0,0.0,0.0,0.0,0.0,-90.0,-73.0,0.0,0.0,0.0,0.0,0.0,-73.0,-72.0,-95.0,-94.0,-86.0,0.0,0.0,0.0,0.0,-85.0,-84.0,0.0,0.0,0.0,0.0,0.0,0.0,-86.0,0.0,0.0,0.0,0.0,0.0,0.0,0.0,0.0,0.0,0.0,0.0,-86.0,-86.0,0.0,0.0,0.0,0.0,0.0,0.0,0.0,0.0,0.0,0.0,0.0,0.0,0.0,0.0,0.0,0.0,0.0,0.0,0.0,0.0,-94.0,-94.0,0.0,0.0,-57.0,-54.0,0.0,0.0,0.0,-56.0,0.0,0.0,0.0,0.0,0.0,-85.0,-94.0,0.0,0.0,0.0,0.0,0.0,0.0,0.0,0.0,-86.0,0.0,-96.0,0.0,0.0,0.0,-94.0,-94.0,0.0,0.0,0.0,-90.0,0.0,-92.0,-82.0,0.0,0.0,-75.0,-89.0,Administracion
84,0.0,0.0,-87.0,-91.0,0.0,0.0,0.0,0.0,-90.0,-73.0,0.0,0.0,0.0,0.0,0.0,-73.0,-72.0,-95.0,-94.0,-86.0,0.0,0.0,0.0,0.0,-85.0,-84.0,0.0,0.0,0.0,0.0,0.0,0.0,-86.0,0.0,0.0,0.0,0.0,0.0,0.0,0.0,0.0,0.0,0.0,0.0,-86.0,-86.0,0.0,0.0,0.0,0.0,0.0,0.0,0.0,0.0,0.0,0.0,0.0,0.0,0.0,0.0,0.0,0.0,0.0,0.0,0.0,0.0,-94.0,-94.0,0.0,0.0,-57.0,-54.0,0.0,0.0,0.0,-56.0,0.0,0.0,0.0,0.0,0.0,-85.0,-94.0,0.0,0.0,0.0,0.0,0.0,0.0,0.0,0.0,-86.0,0.0,-96.0,0.0,0.0,0.0,-94.0,-94.0,0.0,0.0,0.0,-90.0,0.0,-92.0,-82.0,0.0,0.0,-75.0,-89.0,Administracion
85,0.0,0.0,-87.0,-91.0,0.0,0.0,0.0,0.0,-90.0,-73.0,0.0,0.0,0.0,0.0,0.0,-73.0,-72.0,-95.0,-94.0,-86.0,0.0,0.0,0.0,0.0,-85.0,-84.0,0.0,0.0,0.0,0.0,0.0,0.0,-86.0,0.0,0.0,0.0,0.0,0.0,0.0,0.0,0.0,0.0,0.0,0.0,-86.0,-86.0,0.0,0.0,0.0,0.0,0.0,0.0,0.0,0.0,0.0,0.0,0.0,0.0,0.0,0.0,0.0,0.0,0.0,0.0,0.0,0.0,-94.0,-94.0,0.0,0.0,-57.0,-54.0,0.0,0.0,0.0,-56.0,0.0,0.0,0.0,0.0,0.0,-85.0,-94.0,0.0,0.0,0.0,0.0,0.0,0.0,0.0,0.0,-86.0,0.0,-96.0,0.0,0.0,0.0,-94.0,-94.0,0.0,0.0,0.0,-90.0,0.0,-92.0,-82.0,0.0,0.0,-75.0,-89.0,Administracion
86,0.0,0.0,-87.0,0.0,0.0,0.0,0.0,0.0,-90.0,-73.0,0.0,0.0,0.0,0.0,0.0,-73.0,-72.0,-95.0,-94.0,0.0,0.0,0.0,0.0,0.0,-85.0,-84.0,0.0,0.0,0.0,0.0,0.0,0.0,-86.0,0.0,0.0,0.0,0.0,0.0,0.0,0.0,0.0,0.0,0.0,0.0,-86.0,-86.0,0.0,0.0,0.0,0.0,0.0,0.0,0.0,0.0,0.0,0.0,0.0,0.0,0.0,0.0,0.0,0.0,0.0,0.0,0.0,0.0,-94.0,0.0,0.0,0.0,-57.0,-54.0,0.0,0.0,0.0,-56.0,0.0,0.0,0.0,0.0,0.0,-85.0,-94.0,0.0,0.0,0.0,0.0,0.0,0.0,0.0,0.0,-86.0,0.0,-96.0,0.0,0.0,0.0,-94.0,-94.0,0.0,0.0,0.0,-90.0,0.0,-92.0,-82.0,0.0,0.0,-75.0,-89.0,Administracion
87,0.0,0.0,-87.0,0.0,0.0,0.0,0.0,0.0,-90.0,-73.0,0.0,0.0,0.0,0.0,0.0,-73.0,-72.0,-95.0,-94.0,0.0,0.0,0.0,0.0,0.0,-85.0,-84.0,0.0,0.0,0.0,0.0,0.0,0.0,-86.0,0.0,0.0,0.0,0.0,0.0,0.0,0.0,0.0,0.0,0.0,0.0,-86.0,-86.0,0.0,0.0,0.0,0.0,0.0,0.0,0.0,0.0,0.0,0.0,0.0,0.0,0.0,0.0,0.0,0.0,0.0,0.0,0.0,0.0,-94.0,0.0,0.0,0.0,-57.0,-54.0,0.0,0.0,0.0,-56.0,0.0,0.0,0.0,0.0,0.0,-85.0,-94.0,0.0,0.0,0.0,0.0,0.0,0.0,0.0,0.0,-86.0,0.0,-96.0,0.0,0.0,0.0,-94.0,-94.0,0.0,0.0,0.0,-90.0,0.0,-92.0,-82.0,0.0,0.0,-75.0,-89.0,Administracion
88,0.0,0.0,-87.0,0.0,0.0,0.0,0.0,0.0,-90.0,-73.0,0.0,0.0,0.0,0.0,0.0,-73.0,-72.0,-95.0,-94.0,0.0,0.0,0.0,0.0,0.0,-85.0,-84.0,0.0,0.0,0.0,0.0,0.0,0.0,-86.0,0.0,0.0,0.0,0.0,0.0,0.0,0.0,0.0,0.0,0.0,0.0,-86.0,-86.0,0.0,0.0,0.0,0.0,0.0,0.0,0.0,0.0,0.0,0.0,0.0,0.0,0.0,0.0,0.0,0.0,0.0,0.0,0.0,0.0,-94.0,0.0,0.0,0.0,-57.0,-54.0,0.0,0.0,0.0,-56.0,0.0,0.0,0.0,0.0,0.0,-85.0,-94.0,0.0,0.0,0.0,0.0,0.0,0.0,0.0,0.0,-86.0,0.0,-96.0,0.0,0.0,0.0,-94.0,-94.0,0.0,0.0,0.0,-90.0,0.0,-92.0,-82.0,0.0,0.0,-75.0,-89.0,Administracion
89,0.0,0.0,-87.0,0.0,0.0,0.0,0.0,0.0,-90.0,-73.0,0.0,0.0,0.0,0.0,0.0,-73.0,-72.0,-95.0,-94.0,0.0,0.0,0.0,0.0,0.0,-85.0,-84.0,0.0,0.0,0.0,0.0,0.0,0.0,-86.0,0.0,0.0,0.0,0.0,0.0,0.0,0.0,0.0,0.0,0.0,0.0,-86.0,-86.0,0.0,0.0,0.0,0.0,0.0,0.0,0.0,0.0,0.0,0.0,0.0,0.0,0.0,0.0,0.0,0.0,0.0,0.0,0.0,0.0,-94.0,0.0,0.0,0.0,-57.0,-54.0,0.0,0.0,0.0,-56.0,0.0,0.0,0.0,0.0,0.0,-85.0,-94.0,0.0,0.0,0.0,0.0,0.0,0.0,0.0,0.0,-86.0,0.0,-96.0,0.0,0.0,0.0,-94.0,-94.0,0.0,0.0,0.0,-90.0,0.0,-92.0,-82.0,0.0,0.0,-75.0,-89.0,Administracion
90,0.0,0.0,-87.0,0.0,0.0,0.0,0.0,0.0,-90.0,-73.0,0.0,0.0,0.0,0.0,0.0,-73.0,-72.0,-95.0,-94.0,0.0,0.0,0.0,0.0,0.0,-85.0,-84.0,0.0,0.0,0.0,0.0,0.0,0.0,-86.0,0.0,0.0,0.0,0.0,0.0,0.0,0.0,0.0,0.0,0.0,0.0,-86.0,-86.0,0.0,0.0,0.0,0.0,0.0,0.0,0.0,0.0,0.0,0.0,0.0,0.0,0.0,0.0,0.0,0.0,0.0,0.0,0.0,0.0,-94.0,0.0,0.0,0.0,-57.0,-54.0,0.0,0.0,0.0,-56.0,0.0,0.0,0.0,0.0,0.0,-85.0,-94.0,0.0,0.0,0.0,0.0,0.0,0.0,0.0,0.0,-86.0,0.0,-96.0,0.0,0.0,0.0,-94.0,-94.0,0.0,0.0,0.0,-90.0,0.0,-92.0,-82.0,0.0,0.0,-75.0,-89.0,Administracion
91,0.0,0.0,-87.0,0.0,0.0,0.0,0.0,0.0,-90.0,-73.0,0.0,0.0,0.0,0.0,0.0,-73.0,-72.0,-95.0,-94.0,0.0,0.0,0.0,0.0,0.0,-85.0,-84.0,0.0,0.0,0.0,0.0,0.0,0.0,-86.0,0.0,0.0,0.0,0.0,0.0,0.0,0.0,0.0,0.0,0.0,0.0,-86.0,-86.0,0.0,0.0,0.0,0.0,0.0,0.0,0.0,0.0,0.0,0.0,0.0,0.0,0.0,0.0,0.0,0.0,0.0,0.0,0.0,0.0,-94.0,0.0,0.0,0.0,-57.0,-54.0,0.0,0.0,0.0,-56.0,0.0,0.0,0.0,0.0,0.0,-85.0,-94.0,0.0,0.0,0.0,0.0,0.0,0.0,0.0,0.0,-86.0,0.0,-96.0,0.0,0.0,0.0,-94.0,-94.0,0.0,0.0,0.0,-90.0,0.0,-92.0,-82.0,0.0,0.0,-75.0,-89.0,Administracion
92,0.0,0.0,-87.0,0.0,0.0,0.0,0.0,0.0,-90.0,-73.0,0.0,0.0,0.0,0.0,0.0,-73.0,-72.0,-95.0,-94.0,0.0,0.0,0.0,0.0,0.0,-85.0,-84.0,0.0,0.0,0.0,0.0,0.0,0.0,-86.0,0.0,0.0,0.0,0.0,0.0,0.0,0.0,0.0,0.0,0.0,0.0,-86.0,-86.0,0.0,0.0,0.0,0.0,0.0,0.0,0.0,0.0,0.0,0.0,0.0,0.0,0.0,0.0,0.0,0.0,0.0,0.0,0.0,0.0,-94.0,0.0,0.0,0.0,-57.0,-54.0,0.0,0.0,0.0,-56.0,0.0,0.0,0.0,0.0,0.0,-85.0,-94.0,0.0,0.0,0.0,0.0,0.0,0.0,0.0,0.0,-86.0,0.0,-96.0,0.0,0.0,0.0,-94.0,-94.0,0.0,0.0,0.0,-90.0,0.0,-92.0,-82.0,0.0,0.0,-75.0,-89.0,Administracion
93,0.0,0.0,-87.0,0.0,0.0,0.0,0.0,0.0,-90.0,-73.0,0.0,0.0,0.0,0.0,0.0,-73.0,-72.0,-95.0,-94.0,0.0,0.0,0.0,0.0,0.0,-85.0,-84.0,0.0,0.0,0.0,0.0,0.0,0.0,-86.0,0.0,0.0,0.0,0.0,0.0,0.0,0.0,0.0,0.0,0.0,0.0,-86.0,-86.0,0.0,0.0,0.0,0.0,0.0,0.0,0.0,0.0,0.0,0.0,0.0,0.0,0.0,0.0,0.0,0.0,0.0,0.0,0.0,0.0,-94.0,0.0,0.0,0.0,-57.0,-54.0,0.0,0.0,0.0,-56.0,0.0,0.0,0.0,0.0,0.0,-85.0,-94.0,0.0,0.0,0.0,0.0,0.0,0.0,0.0,0.0,-86.0,0.0,-96.0,0.0,0.0,0.0,-94.0,-94.0,0.0,0.0,0.0,-90.0,0.0,-92.0,-82.0,0.0,0.0,-75.0,-89.0,Administracion
94,0.0,0.0,-87.0,0.0,0.0,0.0,0.0,0.0,-90.0,-73.0,0.0,0.0,0.0,0.0,0.0,-73.0,-72.0,-95.0,-94.0,0.0,0.0,0.0,0.0,0.0,-85.0,-84.0,0.0,0.0,0.0,0.0,0.0,0.0,-86.0,0.0,0.0,0.0,0.0,0.0,0.0,0.0,0.0,0.0,0.0,0.0,-86.0,-86.0,0.0,0.0,0.0,0.0,0.0,0.0,0.0,0.0,0.0,0.0,0.0,0.0,0.0,0.0,0.0,0.0,0.0,0.0,0.0,0.0,-94.0,0.0,0.0,0.0,-57.0,-54.0,0.0,0.0,0.0,-56.0,0.0,0.0,0.0,0.0,0.0,-85.0,-94.0,0.0,0.0,0.0,0.0,0.0,0.0,0.0,0.0,-86.0,0.0,-96.0,0.0,0.0,0.0,-94.0,-94.0,0.0,0.0,0.0,-90.0,0.0,-92.0,-82.0,0.0,0.0,-75.0,-89.0,Administracion
95,0.0,0.0,-87.0,0.0,0.0,0.0,0.0,0.0,-90.0,-73.0,0.0,0.0,0.0,0.0,0.0,-73.0,-72.0,-95.0,-94.0,0.0,0.0,0.0,0.0,0.0,-85.0,-84.0,0.0,0.0,0.0,0.0,0.0,0.0,-86.0,0.0,0.0,0.0,0.0,0.0,0.0,0.0,0.0,0.0,0.0,0.0,-86.0,-86.0,0.0,0.0,0.0,0.0,0.0,0.0,0.0,0.0,0.0,0.0,0.0,0.0,0.0,0.0,0.0,0.0,0.0,0.0,0.0,0.0,-94.0,0.0,0.0,0.0,-57.0,-54.0,0.0,0.0,0.0,-56.0,0.0,0.0,0.0,0.0,0.0,-85.0,-94.0,0.0,0.0,0.0,0.0,0.0,0.0,0.0,0.0,-86.0,0.0,-96.0,0.0,0.0,0.0,-94.0,-94.0,0.0,0.0,0.0,-90.0,0.0,-92.0,-82.0,0.0,0.0,-75.0,-89.0,Administracion
96,0.0,0.0,-87.0,0.0,0.0,0.0,0.0,0.0,-90.0,-73.0,0.0,0.0,0.0,0.0,0.0,-73.0,-72.0,-95.0,-94.0,0.0,0.0,0.0,0.0,0.0,-85.0,-84.0,0.0,0.0,0.0,0.0,0.0,0.0,-86.0,0.0,0.0,0.0,0.0,0.0,0.0,0.0,0.0,0.0,0.0,0.0,-86.0,-86.0,0.0,0.0,0.0,0.0,0.0,0.0,0.0,0.0,0.0,0.0,0.0,0.0,0.0,0.0,0.0,0.0,0.0,0.0,0.0,0.0,-94.0,0.0,0.0,0.0,-57.0,-54.0,0.0,0.0,0.0,-56.0,0.0,0.0,0.0,0.0,0.0,-85.0,-94.0,0.0,0.0,0.0,0.0,0.0,0.0,0.0,0.0,-86.0,0.0,-96.0,0.0,0.0,0.0,-94.0,-94.0,0.0,0.0,0.0,-90.0,0.0,-92.0,-82.0,0.0,0.0,-75.0,-89.0,Administracion
97,0.0,0.0,-87.0,0.0,0.0,0.0,0.0,0.0,-90.0,-73.0,0.0,0.0,0.0,0.0,0.0,-73.0,-72.0,-95.0,-94.0,0.0,0.0,0.0,0.0,0.0,-85.0,-84.0,0.0,0.0,0.0,0.0,0.0,0.0,-86.0,0.0,0.0,0.0,0.0,0.0,0.0,0.0,0.0,0.0,0.0,0.0,-86.0,-86.0,0.0,0.0,0.0,0.0,0.0,0.0,0.0,0.0,0.0,0.0,0.0,0.0,0.0,0.0,0.0,0.0,0.0,0.0,0.0,0.0,-94.0,0.0,0.0,0.0,-57.0,-54.0,0.0,0.0,0.0,-56.0,0.0,0.0,0.0,0.0,0.0,-85.0,-94.0,0.0,0.0,0.0,0.0,0.0,0.0,0.0,0.0,-86.0,0.0,-96.0,0.0,0.0,0.0,-94.0,-94.0,0.0,0.0,0.0,-90.0,0.0,-92.0,-82.0,0.0,0.0,-75.0,-89.0,Administracion
98,0.0,0.0,-87.0,0.0,0.0,0.0,0.0,0.0,-90.0,-73.0,0.0,0.0,0.0,0.0,0.0,-73.0,-72.0,-95.0,-94.0,0.0,0.0,0.0,0.0,0.0,-85.0,-84.0,0.0,0.0,0.0,0.0,0.0,0.0,-86.0,0.0,0.0,0.0,0.0,0.0,0.0,0.0,0.0,0.0,0.0,0.0,-86.0,-86.0,0.0,0.0,0.0,0.0,0.0,0.0,0.0,0.0,0.0,0.0,0.0,0.0,0.0,0.0,0.0,0.0,0.0,0.0,0.0,0.0,-94.0,0.0,0.0,0.0,-57.0,-54.0,0.0,0.0,0.0,-56.0,0.0,0.0,0.0,0.0,0.0,-85.0,-94.0,0.0,0.0,0.0,0.0,0.0,0.0,0.0,0.0,-86.0,0.0,-96.0,0.0,0.0,0.0,-94.0,-94.0,0.0,0.0,0.0,-90.0,0.0,-92.0,-82.0,0.0,0.0,-75.0,-89.0,Administracion
99,0.0,0.0,-87.0,0.0,0.0,0.0,0.0,0.0,-90.0,-73.0,0.0,0.0,0.0,0.0,0.0,-73.0,-72.0,-95.0,-94.0,0.0,0.0,0.0,0.0,0.0,-85.0,-84.0,0.0,0.0,0.0,0.0,0.0,0.0,-86.0,0.0,0.0,0.0,0.0,0.0,0.0,0.0,0.0,0.0,0.0,0.0,-86.0,-86.0,0.0,0.0,0.0,0.0,0.0,0.0,0.0,0.0,0.0,0.0,0.0,0.0,0.0,0.0,0.0,0.0,0.0,0.0,0.0,0.0,-94.0,0.0,0.0,0.0,-57.0,-54.0,0.0,0.0,0.0,-56.0,0.0,0.0,0.0,0.0,0.0,-85.0,-94.0,0.0,0.0,0.0,0.0,0.0,0.0,0.0,0.0,-86.0,0.0,-96.0,0.0,0.0,0.0,-94.0,-94.0,0.0,0.0,0.0,-90.0,0.0,-92.0,-82.0,0.0,0.0,-75.0,-89.0,Administracion
100,0.0,0.0,-87.0,0.0,0.0,0.0,0.0,0.0,-90.0,-73.0,0.0,0.0,0.0,0.0,0.0,-73.0,-72.0,-95.0,-94.0,0.0,0.0,0.0,0.0,0.0,-85.0,-84.0,0.0,0.0,0.0,0.0,0.0,0.0,-86.0,0.0,0.0,0.0,0.0,0.0,0.0,0.0,0.0,0.0,0.0,0.0,-86.0,-86.0,0.0,0.0,0.0,0.0,0.0,0.0,0.0,0.0,0.0,0.0,0.0,0.0,0.0,0.0,0.0,0.0,0.0,0.0,0.0,0.0,-94.0,0.0,0.0,0.0,-57.0,-54.0,0.0,0.0,0.0,-56.0,0.0,0.0,0.0,0.0,0.0,-85.0,-94.0,0.0,0.0,0.0,0.0,0.0,0.0,0.0,0.0,-86.0,0.0,-96.0,0.0,0.0,0.0,-94.0,-94.0,0.0,0.0,0.0,-90.0,0.0,-92.0,-82.0,0.0,0.0,-75.0,-89.0,Administracion
101,0.0,0.0,0.0,0.0,0.0,0.0,0.0,0.0,-90.0,-71.0,0.0,0.0,0.0,0.0,0.0,-73.0,-72.0,-93.0,-92.0,0.0,0.0,0.0,0.0,0.0,-84.0,0.0,0.0,0.0,0.0,0.0,0.0,0.0,0.0,0.0,0.0,0.0,0.0,0.0,0.0,0.0,0.0,0.0,0.0,0.0,0.0,0.0,0.0,0.0,0.0,0.0,0.0,0.0,0.0,0.0,0.0,0.0,0.0,0.0,0.0,0.0,0.0,0.0,0.0,0.0,0.0,0.0,0.0,0.0,0.0,0.0,-59.0,-56.0,0.0,0.0,0.0,-56.0,0.0,0.0,0.0,0.0,0.0,0.0,0.0,0.0,0.0,0.0,0.0,0.0,0.0,0.0,0.0,0.0,0.0,0.0,0.0,0.0,0.0,0.0,0.0,0.0,0.0,0.0,0.0,0.0,0.0,0.0,0.0,0.0,-76.0,0.0,Administracion
102,0.0,0.0,0.0,0.0,0.0,0.0,0.0,0.0,-90.0,-71.0,0.0,0.0,0.0,0.0,0.0,-73.0,-72.0,-93.0,-92.0,0.0,0.0,0.0,0.0,0.0,-84.0,0.0,0.0,0.0,0.0,0.0,0.0,0.0,0.0,0.0,0.0,0.0,0.0,0.0,0.0,0.0,0.0,0.0,0.0,0.0,0.0,0.0,0.0,0.0,0.0,0.0,0.0,0.0,0.0,0.0,0.0,0.0,0.0,0.0,0.0,0.0,0.0,0.0,0.0,0.0,0.0,0.0,0.0,0.0,0.0,0.0,-59.0,-56.0,0.0,0.0,0.0,-56.0,0.0,0.0,0.0,0.0,0.0,0.0,0.0,0.0,0.0,0.0,0.0,0.0,0.0,0.0,0.0,0.0,0.0,0.0,0.0,0.0,0.0,0.0,0.0,0.0,0.0,0.0,0.0,0.0,0.0,0.0,0.0,0.0,-76.0,0.0,Administracion
103,0.0,0.0,0.0,0.0,0.0,0.0,0.0,0.0,-90.0,-71.0,0.0,0.0,0.0,0.0,0.0,-73.0,-72.0,-93.0,-92.0,0.0,0.0,0.0,0.0,0.0,-84.0,0.0,0.0,0.0,0.0,0.0,0.0,0.0,0.0,0.0,0.0,0.0,0.0,0.0,0.0,0.0,0.0,0.0,0.0,0.0,0.0,0.0,0.0,0.0,0.0,0.0,0.0,0.0,0.0,0.0,0.0,0.0,0.0,0.0,0.0,0.0,0.0,0.0,0.0,0.0,0.0,0.0,0.0,0.0,0.0,0.0,-59.0,-56.0,0.0,0.0,0.0,-56.0,0.0,0.0,0.0,0.0,0.0,0.0,0.0,0.0,0.0,0.0,0.0,0.0,0.0,0.0,0.0,0.0,0.0,0.0,0.0,0.0,0.0,0.0,0.0,0.0,0.0,0.0,0.0,0.0,0.0,0.0,0.0,0.0,-76.0,0.0,Administracion
104,0.0,0.0,0.0,0.0,0.0,0.0,0.0,0.0,-90.0,-71.0,0.0,0.0,0.0,0.0,0.0,-73.0,-72.0,-93.0,-92.0,0.0,0.0,0.0,0.0,0.0,-84.0,0.0,0.0,0.0,0.0,0.0,0.0,0.0,0.0,0.0,0.0,0.0,0.0,0.0,0.0,0.0,0.0,0.0,0.0,0.0,0.0,0.0,0.0,0.0,0.0,0.0,0.0,0.0,0.0,0.0,0.0,0.0,0.0,0.0,0.0,0.0,0.0,0.0,0.0,0.0,0.0,0.0,0.0,0.0,0.0,0.0,-59.0,-56.0,0.0,0.0,0.0,-56.0,0.0,0.0,0.0,0.0,0.0,0.0,0.0,0.0,0.0,0.0,0.0,0.0,0.0,0.0,0.0,0.0,0.0,0.0,0.0,0.0,0.0,0.0,0.0,0.0,0.0,0.0,0.0,0.0,0.0,0.0,0.0,0.0,-76.0,0.0,Administracion
105,0.0,0.0,0.0,0.0,0.0,0.0,0.0,0.0,-90.0,-71.0,0.0,0.0,0.0,0.0,0.0,-73.0,-72.0,-93.0,-92.0,0.0,0.0,0.0,0.0,0.0,-84.0,0.0,0.0,0.0,0.0,0.0,0.0,0.0,0.0,0.0,0.0,0.0,0.0,0.0,0.0,0.0,0.0,0.0,0.0,0.0,0.0,0.0,0.0,0.0,0.0,0.0,0.0,0.0,0.0,0.0,0.0,0.0,0.0,0.0,0.0,0.0,0.0,0.0,0.0,0.0,0.0,0.0,0.0,0.0,0.0,0.0,-59.0,-56.0,0.0,0.0,0.0,-56.0,0.0,0.0,0.0,0.0,0.0,0.0,0.0,0.0,0.0,0.0,0.0,0.0,0.0,0.0,0.0,0.0,0.0,0.0,0.0,0.0,0.0,0.0,0.0,0.0,0.0,0.0,0.0,0.0,0.0,0.0,0.0,0.0,-76.0,0.0,Administracion
106,0.0,0.0,-87.0,0.0,0.0,0.0,0.0,0.0,-90.0,-71.0,0.0,0.0,0.0,0.0,0.0,-73.0,-72.0,-93.0,-92.0,0.0,0.0,0.0,0.0,0.0,-84.0,-84.0,0.0,0.0,0.0,0.0,0.0,0.0,-86.0,0.0,0.0,0.0,0.0,0.0,0.0,0.0,0.0,0.0,0.0,0.0,-86.0,-86.0,0.0,0.0,0.0,0.0,0.0,0.0,0.0,0.0,0.0,0.0,0.0,0.0,0.0,0.0,0.0,0.0,0.0,0.0,0.0,0.0,-94.0,0.0,0.0,0.0,-59.0,-56.0,0.0,0.0,0.0,-56.0,0.0,0.0,0.0,0.0,0.0,-85.0,-94.0,0.0,0.0,0.0,0.0,0.0,0.0,0.0,0.0,-86.0,0.0,-96.0,0.0,0.0,0.0,-94.0,0.0,0.0,0.0,0.0,-90.0,0.0,-92.0,-82.0,0.0,0.0,-76.0,-89.0,Administracion
107,0.0,0.0,-87.0,0.0,0.0,0.0,0.0,0.0,-90.0,-71.0,0.0,0.0,0.0,0.0,0.0,-73.0,-72.0,-93.0,-92.0,0.0,0.0,0.0,0.0,0.0,-84.0,-84.0,0.0,0.0,0.0,0.0,0.0,0.0,-86.0,0.0,0.0,0.0,0.0,0.0,0.0,0.0,0.0,0.0,0.0,0.0,-86.0,-86.0,0.0,0.0,0.0,0.0,0.0,0.0,0.0,0.0,0.0,0.0,0.0,0.0,0.0,0.0,0.0,0.0,0.0,0.0,0.0,0.0,-94.0,0.0,0.0,0.0,-59.0,-56.0,0.0,0.0,0.0,-56.0,0.0,0.0,0.0,0.0,0.0,-85.0,-94.0,0.0,0.0,0.0,0.0,0.0,0.0,0.0,0.0,-86.0,0.0,-96.0,0.0,0.0,0.0,0.0,0.0,0.0,0.0,0.0,-90.0,0.0,-92.0,-82.0,0.0,0.0,-76.0,-89.0,Administracion
108,0.0,0.0,-87.0,0.0,0.0,0.0,0.0,0.0,-90.0,-71.0,0.0,0.0,0.0,0.0,0.0,-73.0,-72.0,-93.0,-92.0,0.0,0.0,0.0,0.0,0.0,-84.0,-84.0,0.0,0.0,0.0,0.0,0.0,0.0,-86.0,0.0,0.0,0.0,0.0,0.0,0.0,0.0,0.0,0.0,0.0,0.0,-86.0,-86.0,0.0,0.0,0.0,0.0,0.0,0.0,0.0,0.0,0.0,0.0,0.0,0.0,0.0,0.0,0.0,0.0,0.0,0.0,0.0,0.0,-94.0,0.0,0.0,0.0,-59.0,-56.0,0.0,0.0,0.0,-56.0,0.0,0.0,0.0,0.0,0.0,-85.0,-94.0,0.0,0.0,0.0,0.0,0.0,0.0,0.0,0.0,-86.0,0.0,-96.0,0.0,0.0,0.0,-94.0,0.0,0.0,0.0,0.0,-90.0,0.0,-92.0,-82.0,0.0,0.0,-76.0,-89.0,Administracion
109,0.0,0.0,-87.0,0.0,0.0,0.0,0.0,0.0,-90.0,-71.0,0.0,0.0,0.0,0.0,0.0,-73.0,-72.0,-93.0,-92.0,0.0,0.0,0.0,0.0,0.0,-84.0,-84.0,0.0,0.0,0.0,0.0,0.0,0.0,-86.0,0.0,0.0,0.0,0.0,0.0,0.0,0.0,0.0,0.0,0.0,0.0,-86.0,-86.0,0.0,0.0,0.0,0.0,0.0,0.0,0.0,0.0,0.0,0.0,0.0,0.0,0.0,0.0,0.0,0.0,0.0,0.0,0.0,0.0,-94.0,0.0,0.0,0.0,-59.0,-56.0,0.0,0.0,0.0,-56.0,0.0,0.0,0.0,0.0,0.0,-85.0,-94.0,0.0,0.0,0.0,0.0,0.0,0.0,0.0,0.0,-86.0,0.0,-96.0,0.0,0.0,0.0,-94.0,0.0,0.0,0.0,0.0,-90.0,0.0,-92.0,-82.0,0.0,0.0,-76.0,-89.0,Administracion
110,0.0,0.0,-87.0,0.0,0.0,0.0,0.0,0.0,-90.0,-71.0,0.0,0.0,0.0,0.0,0.0,-73.0,-72.0,-93.0,-92.0,0.0,0.0,0.0,0.0,0.0,-84.0,-84.0,0.0,0.0,0.0,0.0,0.0,0.0,-86.0,0.0,0.0,0.0,0.0,0.0,0.0,0.0,0.0,0.0,0.0,0.0,-86.0,-86.0,0.0,0.0,0.0,0.0,0.0,0.0,0.0,0.0,0.0,0.0,0.0,0.0,0.0,0.0,0.0,0.0,0.0,0.0,0.0,0.0,-94.0,0.0,0.0,0.0,-59.0,-56.0,0.0,0.0,0.0,-56.0,0.0,0.0,0.0,0.0,0.0,-85.0,-94.0,0.0,0.0,0.0,0.0,0.0,0.0,0.0,0.0,-86.0,0.0,-96.0,0.0,0.0,0.0,-94.0,0.0,0.0,0.0,0.0,-90.0,0.0,-92.0,-82.0,0.0,0.0,-76.0,-89.0,Administracion
111,0.0,0.0,-87.0,0.0,0.0,0.0,0.0,0.0,-90.0,-71.0,0.0,0.0,0.0,0.0,0.0,-73.0,-72.0,-93.0,-92.0,0.0,0.0,0.0,0.0,0.0,-84.0,-84.0,0.0,0.0,0.0,0.0,0.0,0.0,-86.0,0.0,0.0,0.0,0.0,0.0,0.0,0.0,0.0,0.0,0.0,0.0,-86.0,-86.0,0.0,0.0,0.0,0.0,0.0,0.0,0.0,0.0,0.0,0.0,0.0,0.0,0.0,0.0,0.0,0.0,0.0,0.0,0.0,0.0,0.0,0.0,0.0,0.0,-59.0,-56.0,0.0,0.0,0.0,-56.0,0.0,0.0,0.0,0.0,0.0,-85.0,-94.0,0.0,0.0,0.0,0.0,0.0,0.0,0.0,0.0,-86.0,0.0,0.0,0.0,0.0,0.0,0.0,0.0,0.0,0.0,0.0,0.0,0.0,0.0,-82.0,0.0,0.0,-76.0,0.0,Administracion
112,0.0,0.0,-87.0,0.0,0.0,0.0,0.0,0.0,-90.0,-71.0,0.0,0.0,0.0,0.0,0.0,-73.0,-72.0,-93.0,-92.0,0.0,0.0,0.0,0.0,0.0,-84.0,-84.0,0.0,0.0,0.0,0.0,0.0,0.0,-86.0,0.0,0.0,0.0,0.0,0.0,0.0,0.0,0.0,0.0,0.0,0.0,-86.0,-86.0,0.0,0.0,0.0,0.0,0.0,0.0,0.0,0.0,0.0,0.0,0.0,0.0,0.0,0.0,0.0,0.0,0.0,0.0,0.0,0.0,0.0,0.0,0.0,0.0,-59.0,-56.0,0.0,0.0,0.0,-56.0,0.0,0.0,0.0,0.0,0.0,-85.0,-94.0,0.0,0.0,0.0,0.0,0.0,0.0,0.0,0.0,-86.0,0.0,0.0,0.0,0.0,0.0,0.0,0.0,0.0,0.0,0.0,0.0,0.0,0.0,-82.0,0.0,0.0,-76.0,0.0,Administracion
113,0.0,0.0,-87.0,0.0,0.0,0.0,0.0,0.0,-90.0,-71.0,0.0,0.0,0.0,0.0,0.0,-73.0,-72.0,-93.0,-92.0,0.0,0.0,0.0,0.0,0.0,-84.0,-84.0,0.0,0.0,0.0,0.0,0.0,0.0,-86.0,0.0,0.0,0.0,0.0,0.0,0.0,0.0,0.0,0.0,0.0,0.0,-86.0,-86.0,0.0,0.0,0.0,0.0,0.0,0.0,0.0,0.0,0.0,0.0,0.0,0.0,0.0,0.0,0.0,0.0,0.0,0.0,0.0,0.0,0.0,0.0,0.0,0.0,-59.0,-56.0,0.0,0.0,0.0,-56.0,0.0,0.0,0.0,0.0,0.0,-85.0,-94.0,0.0,0.0,0.0,0.0,0.0,0.0,0.0,0.0,-86.0,0.0,0.0,0.0,0.0,0.0,0.0,0.0,0.0,0.0,0.0,0.0,0.0,0.0,-82.0,0.0,0.0,-76.0,0.0,Administracion
114,0.0,0.0,-87.0,0.0,0.0,0.0,0.0,0.0,-90.0,-71.0,0.0,0.0,0.0,0.0,0.0,-73.0,-72.0,-93.0,-92.0,0.0,0.0,0.0,0.0,0.0,-84.0,-84.0,0.0,0.0,0.0,0.0,0.0,0.0,-86.0,0.0,0.0,0.0,0.0,0.0,0.0,0.0,0.0,0.0,0.0,0.0,-86.0,-86.0,0.0,0.0,0.0,0.0,0.0,0.0,0.0,0.0,0.0,0.0,0.0,0.0,0.0,0.0,0.0,0.0,0.0,0.0,0.0,0.0,0.0,0.0,0.0,0.0,-59.0,-56.0,0.0,0.0,0.0,-56.0,0.0,0.0,0.0,0.0,0.0,-85.0,-94.0,0.0,0.0,0.0,0.0,0.0,0.0,0.0,0.0,-86.0,0.0,0.0,0.0,0.0,0.0,0.0,0.0,0.0,0.0,0.0,0.0,0.0,0.0,-82.0,0.0,0.0,-76.0,0.0,Administracion
115,0.0,0.0,-87.0,0.0,0.0,0.0,0.0,0.0,-90.0,-71.0,0.0,0.0,0.0,0.0,0.0,-73.0,-72.0,-93.0,-92.0,0.0,0.0,0.0,0.0,0.0,-84.0,-84.0,0.0,0.0,0.0,0.0,0.0,0.0,-86.0,0.0,0.0,0.0,0.0,0.0,0.0,0.0,0.0,0.0,0.0,0.0,-86.0,-86.0,0.0,0.0,0.0,0.0,0.0,0.0,0.0,0.0,0.0,0.0,0.0,0.0,0.0,0.0,0.0,0.0,0.0,0.0,0.0,0.0,0.0,0.0,0.0,0.0,-59.0,-56.0,0.0,0.0,0.0,-56.0,0.0,0.0,0.0,0.0,0.0,-85.0,-94.0,0.0,0.0,0.0,0.0,0.0,0.0,0.0,0.0,-86.0,0.0,0.0,0.0,0.0,0.0,0.0,0.0,0.0,0.0,0.0,0.0,0.0,0.0,-82.0,0.0,0.0,-76.0,0.0,Administracion
116,0.0,0.0,-87.0,0.0,0.0,0.0,0.0,0.0,-90.0,-71.0,0.0,0.0,0.0,0.0,0.0,-73.0,-72.0,-93.0,-92.0,0.0,0.0,0.0,0.0,0.0,-84.0,-84.0,0.0,0.0,0.0,0.0,0.0,0.0,-86.0,0.0,0.0,0.0,0.0,0.0,0.0,0.0,0.0,0.0,0.0,0.0,-86.0,-86.0,0.0,0.0,0.0,0.0,0.0,0.0,0.0,0.0,0.0,0.0,0.0,0.0,0.0,0.0,0.0,0.0,0.0,0.0,0.0,0.0,0.0,0.0,0.0,0.0,-59.0,-56.0,0.0,0.0,0.0,-56.0,0.0,0.0,0.0,0.0,0.0,-85.0,-94.0,0.0,0.0,0.0,0.0,0.0,0.0,0.0,0.0,-86.0,0.0,0.0,0.0,0.0,0.0,0.0,0.0,0.0,0.0,0.0,0.0,0.0,0.0,0.0,0.0,0.0,-76.0,0.0,Administracion
117,0.0,0.0,-87.0,0.0,0.0,0.0,0.0,0.0,-90.0,-71.0,0.0,0.0,0.0,0.0,0.0,-73.0,-72.0,-93.0,-92.0,0.0,0.0,0.0,0.0,0.0,-84.0,-84.0,0.0,0.0,0.0,0.0,0.0,0.0,-86.0,0.0,0.0,0.0,0.0,0.0,0.0,0.0,0.0,0.0,0.0,0.0,-86.0,-86.0,0.0,0.0,0.0,0.0,0.0,0.0,0.0,0.0,0.0,0.0,0.0,0.0,0.0,0.0,0.0,0.0,0.0,0.0,0.0,0.0,0.0,0.0,0.0,0.0,-59.0,-56.0,0.0,0.0,0.0,-56.0,0.0,0.0,0.0,0.0,0.0,-85.0,-94.0,0.0,0.0,0.0,0.0,0.0,0.0,0.0,0.0,-86.0,0.0,0.0,0.0,0.0,0.0,0.0,0.0,0.0,0.0,0.0,0.0,0.0,0.0,-82.0,0.0,0.0,-76.0,0.0,Administracion
118,0.0,0.0,-87.0,0.0,0.0,0.0,0.0,0.0,-90.0,-71.0,0.0,0.0,0.0,0.0,0.0,-73.0,-72.0,-93.0,-92.0,0.0,0.0,0.0,0.0,0.0,-84.0,-84.0,0.0,0.0,0.0,0.0,0.0,0.0,-86.0,0.0,0.0,0.0,0.0,0.0,0.0,0.0,0.0,0.0,0.0,0.0,-86.0,-86.0,0.0,0.0,0.0,0.0,0.0,0.0,0.0,0.0,0.0,0.0,0.0,0.0,0.0,0.0,0.0,0.0,0.0,0.0,0.0,0.0,0.0,0.0,0.0,0.0,-59.0,-56.0,0.0,0.0,0.0,-56.0,0.0,0.0,0.0,0.0,0.0,-85.0,-94.0,0.0,0.0,0.0,0.0,0.0,0.0,0.0,0.0,-86.0,0.0,0.0,0.0,0.0,0.0,0.0,0.0,0.0,0.0,0.0,0.0,0.0,0.0,-82.0,0.0,0.0,-76.0,0.0,Administracion
119,0.0,0.0,-87.0,0.0,0.0,0.0,0.0,0.0,-90.0,-71.0,0.0,0.0,0.0,0.0,0.0,-73.0,-72.0,-93.0,-92.0,0.0,0.0,0.0,0.0,0.0,-84.0,-84.0,0.0,0.0,0.0,0.0,0.0,0.0,-86.0,0.0,0.0,0.0,0.0,0.0,0.0,0.0,0.0,0.0,0.0,0.0,-86.0,-86.0,0.0,0.0,0.0,0.0,0.0,0.0,0.0,0.0,0.0,0.0,0.0,0.0,0.0,0.0,0.0,0.0,0.0,0.0,0.0,0.0,0.0,0.0,0.0,0.0,-59.0,-56.0,0.0,0.0,0.0,-56.0,0.0,0.0,0.0,0.0,0.0,-85.0,-94.0,0.0,0.0,0.0,0.0,0.0,0.0,0.0,0.0,-86.0,0.0,0.0,0.0,0.0,0.0,0.0,0.0,0.0,0.0,0.0,0.0,0.0,0.0,-82.0,0.0,0.0,-76.0,0.0,Administracion
120,0.0,0.0,-87.0,0.0,0.0,0.0,0.0,0.0,-90.0,-71.0,0.0,0.0,0.0,0.0,0.0,-73.0,-72.0,-93.0,-92.0,0.0,0.0,0.0,0.0,0.0,-84.0,-84.0,0.0,0.0,0.0,0.0,0.0,0.0,-86.0,0.0,0.0,0.0,0.0,0.0,0.0,0.0,0.0,0.0,0.0,0.0,-86.0,-86.0,0.0,0.0,0.0,0.0,0.0,0.0,0.0,0.0,0.0,0.0,0.0,0.0,0.0,0.0,0.0,0.0,0.0,0.0,0.0,0.0,0.0,0.0,0.0,0.0,-59.0,-56.0,0.0,0.0,0.0,-56.0,0.0,0.0,0.0,0.0,0.0,-85.0,-94.0,0.0,0.0,0.0,0.0,0.0,0.0,0.0,0.0,-86.0,0.0,0.0,0.0,0.0,0.0,0.0,0.0,0.0,0.0,0.0,0.0,0.0,0.0,-82.0,0.0,0.0,-76.0,0.0,Administracion
121,0.0,0.0,-87.0,0.0,0.0,0.0,0.0,0.0,-90.0,-71.0,0.0,0.0,0.0,0.0,0.0,-73.0,-72.0,-93.0,-92.0,0.0,0.0,0.0,0.0,0.0,-84.0,-84.0,0.0,0.0,0.0,0.0,0.0,0.0,-86.0,0.0,0.0,0.0,0.0,0.0,0.0,0.0,0.0,0.0,0.0,0.0,-86.0,-86.0,0.0,0.0,0.0,0.0,0.0,0.0,0.0,0.0,0.0,0.0,0.0,0.0,0.0,0.0,0.0,0.0,0.0,0.0,0.0,0.0,0.0,0.0,0.0,0.0,-59.0,-56.0,0.0,0.0,0.0,-56.0,0.0,0.0,0.0,0.0,0.0,-85.0,-94.0,0.0,0.0,0.0,0.0,0.0,0.0,0.0,0.0,-86.0,0.0,0.0,0.0,0.0,0.0,0.0,0.0,0.0,0.0,0.0,0.0,0.0,0.0,-82.0,0.0,0.0,-76.0,0.0,Administracion
122,0.0,0.0,-87.0,0.0,0.0,0.0,0.0,0.0,-90.0,-71.0,0.0,0.0,0.0,0.0,0.0,-73.0,-72.0,-93.0,-92.0,0.0,0.0,0.0,0.0,0.0,-84.0,-84.0,0.0,0.0,0.0,0.0,0.0,0.0,-86.0,0.0,0.0,0.0,0.0,0.0,0.0,0.0,0.0,0.0,0.0,0.0,-86.0,-86.0,0.0,0.0,0.0,0.0,0.0,0.0,0.0,0.0,0.0,0.0,0.0,0.0,0.0,0.0,0.0,0.0,0.0,0.0,0.0,0.0,0.0,0.0,0.0,0.0,-59.0,-56.0,0.0,0.0,0.0,-56.0,0.0,0.0,0.0,0.0,0.0,-85.0,-94.0,0.0,0.0,0.0,0.0,0.0,0.0,0.0,0.0,-86.0,0.0,0.0,0.0,0.0,0.0,0.0,0.0,0.0,0.0,0.0,0.0,0.0,0.0,-82.0,0.0,0.0,-76.0,0.0,Administracion
123,0.0,0.0,-87.0,0.0,0.0,0.0,0.0,0.0,-90.0,-71.0,0.0,0.0,0.0,0.0,0.0,-73.0,-72.0,-93.0,-92.0,0.0,0.0,0.0,0.0,0.0,-84.0,-84.0,0.0,0.0,0.0,0.0,0.0,0.0,-86.0,0.0,0.0,0.0,0.0,0.0,0.0,0.0,0.0,0.0,0.0,0.0,-86.0,-86.0,0.0,0.0,0.0,0.0,0.0,0.0,0.0,0.0,0.0,0.0,0.0,0.0,0.0,0.0,0.0,0.0,0.0,0.0,0.0,0.0,0.0,0.0,0.0,0.0,-59.0,-56.0,0.0,0.0,0.0,-56.0,0.0,0.0,0.0,0.0,0.0,-85.0,-94.0,0.0,0.0,0.0,0.0,0.0,0.0,0.0,0.0,-86.0,0.0,0.0,0.0,0.0,0.0,0.0,0.0,0.0,0.0,0.0,0.0,0.0,0.0,-82.0,0.0,0.0,-76.0,0.0,Administracion
124,0.0,0.0,-87.0,0.0,0.0,0.0,0.0,0.0,-90.0,-71.0,0.0,0.0,0.0,0.0,0.0,-73.0,-72.0,-93.0,-92.0,0.0,0.0,0.0,0.0,0.0,-84.0,-84.0,0.0,0.0,0.0,0.0,0.0,0.0,-86.0,0.0,0.0,0.0,0.0,0.0,0.0,0.0,0.0,0.0,0.0,0.0,-86.0,-86.0,0.0,0.0,0.0,0.0,0.0,0.0,0.0,0.0,0.0,0.0,0.0,0.0,0.0,0.0,0.0,0.0,0.0,0.0,0.0,0.0,0.0,0.0,0.0,0.0,-59.0,-56.0,0.0,0.0,0.0,-56.0,0.0,0.0,0.0,0.0,0.0,-85.0,-94.0,0.0,0.0,0.0,0.0,0.0,0.0,0.0,0.0,-86.0,0.0,0.0,0.0,0.0,0.0,0.0,0.0,0.0,0.0,0.0,0.0,0.0,0.0,-82.0,0.0,0.0,-76.0,0.0,Administracion
125,0.0,0.0,-87.0,0.0,0.0,0.0,0.0,0.0,-90.0,-71.0,0.0,0.0,0.0,0.0,0.0,-73.0,-72.0,-93.0,-92.0,0.0,0.0,0.0,0.0,0.0,-84.0,-84.0,0.0,0.0,0.0,0.0,0.0,0.0,-86.0,0.0,0.0,0.0,0.0,0.0,0.0,0.0,0.0,0.0,0.0,0.0,-86.0,-86.0,0.0,0.0,0.0,0.0,0.0,0.0,0.0,0.0,0.0,0.0,0.0,0.0,0.0,0.0,0.0,0.0,0.0,0.0,0.0,0.0,0.0,0.0,0.0,0.0,-59.0,-56.0,0.0,0.0,0.0,-56.0,0.0,0.0,0.0,0.0,0.0,-85.0,-94.0,0.0,0.0,0.0,0.0,0.0,0.0,0.0,0.0,-86.0,0.0,0.0,0.0,0.0,0.0,0.0,0.0,0.0,0.0,0.0,0.0,0.0,0.0,-82.0,0.0,0.0,-76.0,0.0,Administracion
126,0.0,0.0,-87.0,0.0,0.0,0.0,0.0,0.0,-90.0,-71.0,0.0,0.0,0.0,0.0,0.0,-73.0,-72.0,-93.0,-92.0,0.0,0.0,0.0,0.0,0.0,-84.0,-84.0,0.0,0.0,0.0,0.0,0.0,0.0,-86.0,0.0,0.0,0.0,0.0,0.0,0.0,0.0,0.0,0.0,0.0,0.0,0.0,0.0,0.0,0.0,0.0,0.0,0.0,0.0,0.0,0.0,0.0,0.0,0.0,0.0,0.0,0.0,0.0,0.0,0.0,0.0,0.0,0.0,0.0,0.0,0.0,0.0,-59.0,-56.0,0.0,0.0,0.0,-56.0,0.0,0.0,0.0,0.0,0.0,0.0,-94.0,0.0,0.0,0.0,0.0,0.0,0.0,0.0,0.0,-86.0,0.0,0.0,0.0,0.0,0.0,0.0,0.0,0.0,0.0,0.0,0.0,0.0,0.0,-82.0,0.0,0.0,-76.0,0.0,Administracion
127,0.0,0.0,-87.0,0.0,0.0,0.0,0.0,0.0,-90.0,-71.0,0.0,0.0,0.0,0.0,0.0,-73.0,-72.0,-93.0,-92.0,0.0,0.0,0.0,0.0,0.0,-84.0,-84.0,0.0,0.0,0.0,0.0,0.0,0.0,-86.0,0.0,0.0,0.0,0.0,0.0,0.0,0.0,0.0,0.0,0.0,0.0,0.0,0.0,0.0,0.0,0.0,0.0,0.0,0.0,0.0,0.0,0.0,0.0,0.0,0.0,0.0,0.0,0.0,0.0,0.0,0.0,0.0,0.0,0.0,0.0,0.0,0.0,-59.0,-56.0,0.0,0.0,0.0,-56.0,0.0,0.0,0.0,0.0,0.0,0.0,-94.0,0.0,0.0,0.0,0.0,0.0,0.0,0.0,0.0,-86.0,0.0,0.0,0.0,0.0,0.0,0.0,0.0,0.0,0.0,0.0,0.0,0.0,0.0,-82.0,0.0,0.0,-76.0,0.0,Administracion
128,0.0,0.0,-87.0,0.0,0.0,0.0,0.0,0.0,-90.0,-71.0,0.0,0.0,0.0,0.0,0.0,-73.0,-72.0,-93.0,-92.0,0.0,0.0,0.0,0.0,0.0,-84.0,-84.0,0.0,0.0,0.0,0.0,0.0,0.0,-86.0,0.0,0.0,0.0,0.0,0.0,0.0,0.0,0.0,0.0,0.0,0.0,0.0,0.0,0.0,0.0,0.0,0.0,0.0,0.0,0.0,0.0,0.0,0.0,0.0,0.0,0.0,0.0,0.0,0.0,0.0,0.0,0.0,0.0,0.0,0.0,0.0,0.0,-59.0,-56.0,0.0,0.0,0.0,-56.0,0.0,0.0,0.0,0.0,0.0,0.0,-94.0,0.0,0.0,0.0,0.0,0.0,0.0,0.0,0.0,-86.0,0.0,0.0,0.0,0.0,0.0,0.0,0.0,0.0,0.0,0.0,0.0,0.0,0.0,-82.0,0.0,0.0,-76.0,0.0,Administracion
129,0.0,0.0,-87.0,0.0,0.0,0.0,0.0,0.0,-90.0,-71.0,0.0,0.0,0.0,0.0,0.0,-73.0,-72.0,-93.0,-92.0,0.0,0.0,0.0,0.0,0.0,-84.0,-84.0,0.0,0.0,0.0,0.0,0.0,0.0,-86.0,0.0,0.0,0.0,0.0,0.0,0.0,0.0,0.0,0.0,0.0,0.0,0.0,0.0,0.0,0.0,0.0,0.0,0.0,0.0,0.0,0.0,0.0,0.0,0.0,0.0,0.0,0.0,0.0,0.0,0.0,0.0,0.0,0.0,0.0,0.0,0.0,0.0,-59.0,-56.0,0.0,0.0,0.0,-56.0,0.0,0.0,0.0,0.0,0.0,0.0,-94.0,0.0,0.0,0.0,0.0,0.0,0.0,0.0,0.0,-86.0,0.0,0.0,0.0,0.0,0.0,0.0,0.0,0.0,0.0,0.0,0.0,0.0,0.0,-82.0,0.0,0.0,-76.0,0.0,Administracion
130,0.0,0.0,-87.0,0.0,0.0,0.0,0.0,0.0,-90.0,-71.0,0.0,0.0,0.0,0.0,0.0,-73.0,-72.0,-93.0,-92.0,0.0,0.0,0.0,0.0,0.0,-84.0,-84.0,0.0,0.0,0.0,0.0,0.0,0.0,-86.0,0.0,0.0,0.0,0.0,0.0,0.0,0.0,0.0,0.0,0.0,0.0,0.0,0.0,0.0,0.0,0.0,0.0,0.0,0.0,0.0,0.0,0.0,0.0,0.0,0.0,0.0,0.0,0.0,0.0,0.0,0.0,0.0,0.0,0.0,0.0,0.0,0.0,-59.0,-56.0,0.0,0.0,0.0,-56.0,0.0,0.0,0.0,0.0,0.0,0.0,-94.0,0.0,0.0,0.0,0.0,0.0,0.0,0.0,0.0,-86.0,0.0,0.0,0.0,0.0,0.0,0.0,0.0,0.0,0.0,0.0,0.0,0.0,0.0,-82.0,0.0,0.0,-76.0,0.0,Administracion
131,0.0,0.0,-87.0,0.0,0.0,0.0,0.0,0.0,-90.0,-71.0,0.0,0.0,0.0,0.0,0.0,-73.0,-72.0,-93.0,-92.0,0.0,0.0,0.0,0.0,0.0,-84.0,-84.0,0.0,0.0,0.0,0.0,0.0,0.0,-86.0,0.0,0.0,0.0,0.0,0.0,0.0,0.0,0.0,0.0,0.0,0.0,0.0,0.0,0.0,0.0,0.0,0.0,0.0,0.0,0.0,0.0,0.0,0.0,0.0,0.0,0.0,0.0,0.0,0.0,0.0,0.0,0.0,0.0,0.0,0.0,0.0,0.0,-59.0,-56.0,0.0,0.0,0.0,-56.0,0.0,0.0,0.0,0.0,0.0,0.0,-94.0,0.0,0.0,0.0,0.0,0.0,0.0,0.0,0.0,-86.0,0.0,0.0,0.0,0.0,0.0,0.0,0.0,0.0,0.0,0.0,0.0,0.0,0.0,-82.0,0.0,0.0,-76.0,0.0,Administracion
132,0.0,0.0,-87.0,0.0,0.0,0.0,0.0,0.0,-90.0,-71.0,0.0,0.0,0.0,0.0,0.0,-73.0,-72.0,-93.0,-92.0,0.0,0.0,0.0,0.0,0.0,-84.0,-84.0,0.0,0.0,0.0,0.0,0.0,0.0,-86.0,0.0,0.0,0.0,0.0,0.0,0.0,0.0,0.0,0.0,0.0,0.0,0.0,0.0,0.0,0.0,0.0,0.0,0.0,0.0,0.0,0.0,0.0,0.0,0.0,0.0,0.0,0.0,0.0,0.0,0.0,0.0,0.0,0.0,0.0,0.0,0.0,0.0,-59.0,-56.0,0.0,0.0,0.0,-56.0,0.0,0.0,0.0,0.0,0.0,0.0,-94.0,0.0,0.0,0.0,0.0,0.0,0.0,0.0,0.0,-86.0,0.0,0.0,0.0,0.0,0.0,0.0,0.0,0.0,0.0,0.0,0.0,0.0,0.0,-82.0,0.0,0.0,-76.0,0.0,Administracion
133,0.0,0.0,-87.0,0.0,0.0,0.0,0.0,0.0,-90.0,-71.0,0.0,0.0,0.0,0.0,0.0,-73.0,-72.0,-93.0,-92.0,0.0,0.0,0.0,0.0,0.0,-84.0,-84.0,0.0,0.0,0.0,0.0,0.0,0.0,-86.0,0.0,0.0,0.0,0.0,0.0,0.0,0.0,0.0,0.0,0.0,0.0,0.0,0.0,0.0,0.0,0.0,0.0,0.0,0.0,0.0,0.0,0.0,0.0,0.0,0.0,0.0,0.0,0.0,0.0,0.0,0.0,0.0,0.0,0.0,0.0,0.0,0.0,-59.0,-56.0,0.0,0.0,0.0,-56.0,0.0,0.0,0.0,0.0,0.0,0.0,-94.0,0.0,0.0,0.0,0.0,0.0,0.0,0.0,0.0,-86.0,0.0,0.0,0.0,0.0,0.0,0.0,0.0,0.0,0.0,0.0,0.0,0.0,0.0,-82.0,0.0,0.0,-76.0,0.0,Administracion
134,0.0,0.0,-87.0,0.0,0.0,0.0,0.0,0.0,-90.0,-71.0,0.0,0.0,0.0,0.0,0.0,-73.0,-72.0,-93.0,-92.0,0.0,0.0,0.0,0.0,0.0,-84.0,-84.0,0.0,0.0,0.0,0.0,0.0,0.0,-86.0,0.0,0.0,0.0,0.0,0.0,0.0,0.0,0.0,0.0,0.0,0.0,0.0,0.0,0.0,0.0,0.0,0.0,0.0,0.0,0.0,0.0,0.0,0.0,0.0,0.0,0.0,0.0,0.0,0.0,0.0,0.0,0.0,0.0,0.0,0.0,0.0,0.0,-59.0,-56.0,0.0,0.0,0.0,-56.0,0.0,0.0,0.0,0.0,0.0,0.0,-94.0,0.0,0.0,0.0,0.0,0.0,0.0,0.0,0.0,-86.0,0.0,0.0,0.0,0.0,0.0,0.0,0.0,0.0,0.0,0.0,0.0,0.0,0.0,-82.0,0.0,0.0,-76.0,0.0,Administracion
135,0.0,0.0,-87.0,0.0,0.0,0.0,0.0,0.0,-90.0,-71.0,0.0,0.0,0.0,0.0,0.0,-73.0,-72.0,-93.0,-92.0,0.0,0.0,0.0,0.0,0.0,-84.0,-84.0,0.0,0.0,0.0,0.0,0.0,0.0,-86.0,0.0,0.0,0.0,0.0,0.0,0.0,0.0,0.0,0.0,0.0,0.0,0.0,0.0,0.0,0.0,0.0,0.0,0.0,0.0,0.0,0.0,0.0,0.0,0.0,0.0,0.0,0.0,0.0,0.0,0.0,0.0,0.0,0.0,0.0,0.0,0.0,0.0,-59.0,-56.0,0.0,0.0,0.0,-56.0,0.0,0.0,0.0,0.0,0.0,0.0,-94.0,0.0,0.0,0.0,0.0,0.0,0.0,0.0,0.0,-86.0,0.0,0.0,0.0,0.0,0.0,0.0,0.0,0.0,0.0,0.0,0.0,0.0,0.0,-82.0,0.0,0.0,-76.0,0.0,Administracion
136,0.0,0.0,0.0,0.0,0.0,0.0,0.0,0.0,-90.0,-71.0,-87.0,0.0,0.0,0.0,0.0,-74.0,-73.0,-92.0,-94.0,0.0,0.0,0.0,0.0,0.0,-85.0,-85.0,0.0,0.0,0.0,0.0,0.0,0.0,-86.0,0.0,0.0,0.0,0.0,0.0,0.0,0.0,0.0,0.0,0.0,0.0,0.0,0.0,0.0,0.0,0.0,0.0,0.0,0.0,0.0,0.0,0.0,0.0,0.0,0.0,0.0,0.0,0.0,0.0,0.0,0.0,0.0,0.0,0.0,0.0,0.0,0.0,-59.0,-57.0,0.0,0.0,0.0,-56.0,0.0,0.0,0.0,0.0,0.0,-89.0,0.0,0.0,0.0,0.0,0.0,0.0,0.0,0.0,0.0,-88.0,0.0,0.0,0.0,0.0,0.0,0.0,0.0,0.0,0.0,0.0,0.0,0.0,0.0,0.0,0.0,0.0,-75.0,0.0,Administracion
137,0.0,0.0,0.0,0.0,0.0,0.0,0.0,0.0,-90.0,-71.0,-87.0,0.0,0.0,0.0,0.0,-74.0,-73.0,-92.0,-94.0,0.0,0.0,0.0,0.0,0.0,-85.0,-85.0,0.0,0.0,0.0,0.0,0.0,0.0,-86.0,0.0,0.0,0.0,0.0,0.0,0.0,0.0,0.0,0.0,0.0,0.0,0.0,0.0,0.0,0.0,0.0,0.0,0.0,0.0,0.0,0.0,0.0,0.0,0.0,0.0,0.0,0.0,0.0,0.0,0.0,0.0,0.0,0.0,0.0,0.0,0.0,0.0,-59.0,-57.0,0.0,0.0,0.0,-56.0,0.0,0.0,0.0,0.0,0.0,-89.0,0.0,0.0,0.0,0.0,0.0,0.0,0.0,0.0,0.0,-88.0,0.0,0.0,0.0,0.0,0.0,0.0,0.0,0.0,0.0,0.0,0.0,0.0,0.0,0.0,0.0,0.0,-75.0,0.0,Administracion
138,0.0,0.0,0.0,0.0,0.0,0.0,0.0,0.0,-90.0,-71.0,-87.0,0.0,0.0,0.0,0.0,-74.0,-73.0,-92.0,-94.0,0.0,0.0,0.0,0.0,0.0,-85.0,-85.0,0.0,0.0,0.0,0.0,0.0,0.0,-86.0,0.0,0.0,0.0,0.0,0.0,0.0,0.0,0.0,0.0,0.0,0.0,0.0,0.0,0.0,0.0,0.0,0.0,0.0,0.0,0.0,0.0,0.0,0.0,0.0,0.0,0.0,0.0,0.0,0.0,0.0,0.0,0.0,0.0,0.0,0.0,0.0,0.0,-59.0,-57.0,0.0,0.0,0.0,-56.0,0.0,0.0,0.0,0.0,0.0,-89.0,0.0,0.0,0.0,0.0,0.0,0.0,0.0,0.0,0.0,-88.0,0.0,0.0,0.0,0.0,0.0,0.0,0.0,0.0,0.0,0.0,0.0,0.0,0.0,0.0,0.0,0.0,-75.0,0.0,Administracion
139,0.0,0.0,0.0,0.0,0.0,0.0,0.0,0.0,-90.0,-71.0,-87.0,0.0,0.0,0.0,0.0,-74.0,-73.0,-92.0,-94.0,0.0,0.0,0.0,0.0,0.0,-85.0,-85.0,0.0,0.0,0.0,0.0,0.0,0.0,-86.0,0.0,0.0,0.0,0.0,0.0,0.0,0.0,0.0,0.0,0.0,0.0,0.0,0.0,0.0,0.0,0.0,0.0,0.0,0.0,0.0,0.0,0.0,0.0,0.0,0.0,0.0,0.0,0.0,0.0,0.0,0.0,0.0,0.0,0.0,0.0,0.0,0.0,-59.0,-57.0,0.0,0.0,0.0,-56.0,0.0,0.0,0.0,0.0,0.0,-89.0,0.0,0.0,0.0,0.0,0.0,0.0,0.0,0.0,0.0,-88.0,0.0,0.0,0.0,0.0,0.0,0.0,0.0,0.0,0.0,0.0,0.0,0.0,0.0,0.0,0.0,0.0,-75.0,0.0,Administracion
140,0.0,0.0,0.0,0.0,0.0,0.0,0.0,0.0,-90.0,-71.0,-87.0,0.0,0.0,0.0,0.0,-74.0,-73.0,-92.0,-94.0,0.0,0.0,0.0,0.0,0.0,-85.0,-85.0,0.0,0.0,0.0,0.0,0.0,0.0,-86.0,0.0,0.0,0.0,0.0,0.0,0.0,0.0,0.0,0.0,0.0,0.0,0.0,0.0,0.0,0.0,0.0,0.0,0.0,0.0,0.0,0.0,0.0,0.0,0.0,0.0,0.0,0.0,0.0,0.0,0.0,0.0,0.0,0.0,0.0,0.0,0.0,0.0,-59.0,-57.0,0.0,0.0,0.0,-56.0,0.0,0.0,0.0,0.0,0.0,-89.0,0.0,0.0,0.0,0.0,0.0,0.0,0.0,0.0,0.0,-88.0,0.0,0.0,0.0,0.0,0.0,0.0,0.0,0.0,0.0,0.0,0.0,0.0,0.0,0.0,0.0,0.0,-75.0,0.0,Administracion
141,0.0,0.0,-87.0,0.0,0.0,0.0,0.0,0.0,-90.0,-71.0,-87.0,0.0,0.0,0.0,0.0,-74.0,-73.0,-92.0,-94.0,0.0,0.0,0.0,0.0,0.0,-85.0,-85.0,0.0,0.0,0.0,0.0,0.0,0.0,-86.0,0.0,0.0,0.0,0.0,0.0,0.0,0.0,0.0,0.0,0.0,0.0,0.0,0.0,0.0,0.0,0.0,0.0,0.0,0.0,0.0,0.0,0.0,0.0,0.0,0.0,0.0,0.0,0.0,0.0,0.0,0.0,0.0,0.0,0.0,0.0,0.0,0.0,-59.0,-57.0,0.0,0.0,0.0,-56.0,0.0,0.0,0.0,0.0,0.0,-89.0,-94.0,0.0,0.0,0.0,0.0,0.0,0.0,0.0,0.0,-88.0,0.0,0.0,0.0,0.0,0.0,0.0,0.0,0.0,0.0,0.0,0.0,0.0,0.0,-82.0,0.0,0.0,-75.0,0.0,Administracion
142,0.0,0.0,-87.0,0.0,0.0,0.0,0.0,0.0,-90.0,-71.0,-87.0,0.0,0.0,0.0,0.0,-74.0,-73.0,-92.0,-94.0,0.0,0.0,0.0,0.0,0.0,-85.0,-85.0,0.0,0.0,0.0,0.0,0.0,0.0,-86.0,0.0,0.0,0.0,0.0,0.0,0.0,0.0,0.0,0.0,0.0,0.0,0.0,0.0,0.0,0.0,0.0,0.0,0.0,0.0,0.0,0.0,0.0,0.0,0.0,0.0,0.0,0.0,0.0,0.0,0.0,0.0,0.0,0.0,0.0,0.0,0.0,0.0,-59.0,-57.0,0.0,0.0,0.0,-56.0,0.0,0.0,0.0,0.0,0.0,-89.0,-94.0,0.0,0.0,0.0,0.0,0.0,0.0,0.0,0.0,-88.0,0.0,0.0,0.0,0.0,0.0,0.0,0.0,0.0,0.0,0.0,0.0,0.0,0.0,-82.0,0.0,0.0,-75.0,0.0,Administracion
143,0.0,0.0,-87.0,0.0,0.0,0.0,0.0,0.0,-90.0,-71.0,-87.0,0.0,0.0,0.0,0.0,-74.0,-73.0,-92.0,-94.0,0.0,0.0,0.0,0.0,0.0,-85.0,-85.0,0.0,0.0,0.0,0.0,0.0,0.0,-86.0,0.0,0.0,0.0,0.0,0.0,0.0,0.0,0.0,0.0,0.0,0.0,0.0,0.0,0.0,0.0,0.0,0.0,0.0,0.0,0.0,0.0,0.0,0.0,0.0,0.0,0.0,0.0,0.0,0.0,0.0,0.0,0.0,0.0,0.0,0.0,0.0,0.0,-59.0,-57.0,0.0,0.0,0.0,-56.0,0.0,0.0,0.0,0.0,0.0,-89.0,-94.0,0.0,0.0,0.0,0.0,0.0,0.0,0.0,0.0,-88.0,0.0,0.0,0.0,0.0,0.0,0.0,0.0,0.0,0.0,0.0,0.0,0.0,0.0,-82.0,0.0,0.0,-75.0,0.0,Administracion
144,0.0,0.0,-87.0,0.0,0.0,0.0,0.0,0.0,-90.0,-71.0,-87.0,0.0,0.0,0.0,0.0,-74.0,-73.0,-92.0,-94.0,0.0,0.0,0.0,0.0,0.0,-85.0,-85.0,0.0,0.0,0.0,0.0,0.0,0.0,-86.0,0.0,0.0,0.0,0.0,0.0,0.0,0.0,0.0,0.0,0.0,0.0,0.0,0.0,0.0,0.0,0.0,0.0,0.0,0.0,0.0,0.0,0.0,0.0,0.0,0.0,0.0,0.0,0.0,0.0,0.0,0.0,0.0,0.0,0.0,0.0,0.0,0.0,-59.0,-57.0,0.0,0.0,0.0,-56.0,0.0,0.0,0.0,0.0,0.0,-89.0,-94.0,0.0,0.0,0.0,0.0,0.0,0.0,0.0,0.0,-88.0,0.0,0.0,0.0,0.0,0.0,0.0,0.0,0.0,0.0,0.0,0.0,0.0,0.0,-82.0,0.0,0.0,-75.0,0.0,Administracion
145,0.0,0.0,-87.0,0.0,0.0,0.0,0.0,0.0,-90.0,-71.0,-87.0,0.0,0.0,0.0,0.0,-74.0,-73.0,-92.0,-94.0,0.0,0.0,0.0,0.0,0.0,-85.0,-85.0,0.0,0.0,0.0,0.0,0.0,0.0,-86.0,0.0,0.0,0.0,0.0,0.0,0.0,0.0,0.0,0.0,0.0,0.0,0.0,0.0,0.0,0.0,0.0,0.0,0.0,0.0,0.0,0.0,0.0,0.0,0.0,0.0,0.0,0.0,0.0,0.0,0.0,0.0,0.0,0.0,0.0,0.0,0.0,0.0,-59.0,-57.0,0.0,0.0,0.0,-56.0,0.0,0.0,0.0,0.0,0.0,-89.0,-94.0,0.0,0.0,0.0,0.0,0.0,0.0,0.0,0.0,-88.0,0.0,0.0,0.0,0.0,0.0,0.0,0.0,0.0,0.0,0.0,0.0,0.0,0.0,-82.0,0.0,0.0,-75.0,0.0,Administracion
146,0.0,0.0,-87.0,0.0,0.0,0.0,0.0,0.0,-90.0,-71.0,-87.0,0.0,0.0,0.0,0.0,-74.0,-73.0,-92.0,-94.0,0.0,0.0,0.0,0.0,0.0,-85.0,-85.0,0.0,0.0,0.0,0.0,0.0,0.0,-86.0,0.0,0.0,0.0,0.0,0.0,0.0,0.0,0.0,0.0,0.0,0.0,0.0,0.0,0.0,0.0,0.0,0.0,0.0,0.0,0.0,0.0,0.0,0.0,0.0,0.0,0.0,0.0,0.0,0.0,0.0,0.0,0.0,0.0,0.0,0.0,0.0,0.0,-59.0,-57.0,0.0,0.0,0.0,-56.0,0.0,0.0,0.0,0.0,0.0,-89.0,-94.0,0.0,0.0,0.0,0.0,0.0,0.0,0.0,0.0,-88.0,0.0,0.0,0.0,0.0,0.0,0.0,0.0,0.0,0.0,0.0,0.0,0.0,0.0,-82.0,0.0,0.0,-75.0,0.0,Administracion
147,0.0,0.0,-87.0,0.0,0.0,0.0,0.0,0.0,-90.0,-71.0,-87.0,0.0,0.0,0.0,0.0,-74.0,-73.0,-92.0,-94.0,0.0,0.0,0.0,0.0,0.0,-85.0,-85.0,0.0,0.0,0.0,0.0,0.0,0.0,-86.0,0.0,0.0,0.0,0.0,0.0,0.0,0.0,0.0,0.0,0.0,0.0,0.0,0.0,0.0,0.0,0.0,0.0,0.0,0.0,0.0,0.0,0.0,0.0,0.0,0.0,0.0,0.0,0.0,0.0,0.0,0.0,0.0,0.0,0.0,0.0,0.0,0.0,-59.0,-57.0,0.0,0.0,0.0,-56.0,0.0,0.0,0.0,0.0,0.0,-89.0,-94.0,0.0,0.0,0.0,0.0,0.0,0.0,0.0,0.0,-88.0,0.0,0.0,0.0,0.0,0.0,0.0,0.0,0.0,0.0,0.0,0.0,0.0,0.0,-82.0,0.0,0.0,-75.0,0.0,Administracion
148,0.0,0.0,-87.0,0.0,0.0,0.0,0.0,0.0,-90.0,-71.0,-87.0,0.0,0.0,0.0,0.0,-74.0,-73.0,-92.0,-94.0,0.0,0.0,0.0,0.0,0.0,-85.0,-85.0,0.0,0.0,0.0,0.0,0.0,0.0,-86.0,0.0,0.0,0.0,0.0,0.0,0.0,0.0,0.0,0.0,0.0,0.0,0.0,0.0,0.0,0.0,0.0,0.0,0.0,0.0,0.0,0.0,0.0,0.0,0.0,0.0,0.0,0.0,0.0,0.0,0.0,0.0,0.0,0.0,0.0,0.0,0.0,0.0,-59.0,-57.0,0.0,0.0,0.0,-56.0,0.0,0.0,0.0,0.0,0.0,-89.0,-94.0,0.0,0.0,0.0,0.0,0.0,0.0,0.0,0.0,-88.0,0.0,0.0,0.0,0.0,0.0,0.0,0.0,0.0,0.0,0.0,0.0,0.0,0.0,-82.0,0.0,0.0,-75.0,0.0,Administracion
149,0.0,0.0,-87.0,0.0,0.0,0.0,0.0,0.0,-90.0,-71.0,-87.0,0.0,0.0,0.0,0.0,-74.0,-73.0,-92.0,-94.0,0.0,0.0,0.0,0.0,0.0,-85.0,-85.0,0.0,0.0,0.0,0.0,0.0,0.0,-86.0,0.0,0.0,0.0,0.0,0.0,0.0,0.0,0.0,0.0,0.0,0.0,0.0,0.0,0.0,0.0,0.0,0.0,0.0,0.0,0.0,0.0,0.0,0.0,0.0,0.0,0.0,0.0,0.0,0.0,0.0,0.0,0.0,0.0,0.0,0.0,0.0,0.0,-59.0,-57.0,0.0,0.0,0.0,-56.0,0.0,0.0,0.0,0.0,0.0,-89.0,-94.0,0.0,0.0,0.0,0.0,0.0,0.0,0.0,0.0,-88.0,0.0,0.0,0.0,0.0,0.0,0.0,0.0,0.0,0.0,0.0,0.0,0.0,0.0,-82.0,0.0,0.0,-75.0,0.0,Administracion
150,0.0,0.0,-87.0,0.0,0.0,0.0,0.0,0.0,-90.0,-71.0,-87.0,0.0,0.0,0.0,0.0,-74.0,-73.0,-92.0,-94.0,0.0,0.0,0.0,0.0,0.0,-85.0,-85.0,0.0,0.0,0.0,0.0,0.0,0.0,-86.0,0.0,0.0,0.0,0.0,0.0,0.0,0.0,0.0,0.0,0.0,0.0,0.0,0.0,0.0,0.0,0.0,0.0,0.0,0.0,0.0,0.0,0.0,0.0,0.0,0.0,0.0,0.0,0.0,0.0,0.0,0.0,0.0,0.0,0.0,0.0,0.0,0.0,-59.0,-57.0,0.0,0.0,0.0,-56.0,0.0,0.0,0.0,0.0,0.0,-89.0,-94.0,0.0,0.0,0.0,0.0,0.0,0.0,0.0,0.0,-88.0,0.0,0.0,0.0,0.0,0.0,0.0,0.0,0.0,0.0,0.0,0.0,0.0,0.0,-82.0,0.0,0.0,-75.0,0.0,Administracion
151,0.0,0.0,-87.0,0.0,0.0,0.0,0.0,0.0,-90.0,-71.0,-87.0,0.0,0.0,0.0,0.0,-74.0,-73.0,-92.0,-94.0,0.0,0.0,0.0,0.0,0.0,-85.0,-85.0,0.0,0.0,0.0,0.0,0.0,0.0,-86.0,0.0,0.0,0.0,0.0,0.0,0.0,0.0,0.0,0.0,0.0,0.0,0.0,0.0,0.0,0.0,0.0,0.0,0.0,0.0,0.0,0.0,0.0,0.0,0.0,0.0,0.0,0.0,0.0,0.0,0.0,0.0,0.0,0.0,0.0,0.0,0.0,0.0,-59.0,-57.0,0.0,0.0,0.0,-56.0,0.0,0.0,0.0,0.0,0.0,-89.0,-94.0,0.0,0.0,0.0,0.0,0.0,0.0,0.0,0.0,-88.0,0.0,0.0,0.0,0.0,0.0,0.0,0.0,0.0,0.0,0.0,0.0,0.0,0.0,-82.0,0.0,0.0,-75.0,0.0,Administracion
152,0.0,0.0,-87.0,0.0,0.0,0.0,0.0,0.0,-90.0,-71.0,-87.0,0.0,0.0,0.0,0.0,-74.0,-73.0,-92.0,-94.0,0.0,0.0,0.0,0.0,0.0,-85.0,-85.0,0.0,0.0,0.0,0.0,0.0,0.0,-86.0,0.0,0.0,0.0,0.0,0.0,0.0,0.0,0.0,0.0,0.0,0.0,0.0,0.0,0.0,0.0,0.0,0.0,0.0,0.0,0.0,0.0,0.0,0.0,0.0,0.0,0.0,0.0,0.0,0.0,0.0,0.0,0.0,0.0,0.0,0.0,0.0,0.0,-59.0,-57.0,0.0,0.0,0.0,-56.0,0.0,0.0,0.0,0.0,0.0,-89.0,-94.0,0.0,0.0,0.0,0.0,0.0,0.0,0.0,0.0,-88.0,0.0,0.0,0.0,0.0,0.0,0.0,0.0,0.0,0.0,0.0,0.0,0.0,0.0,-82.0,0.0,0.0,-75.0,0.0,Administracion
153,0.0,0.0,-87.0,0.0,0.0,0.0,0.0,0.0,-90.0,-71.0,-87.0,0.0,0.0,0.0,0.0,-74.0,-73.0,-92.0,-94.0,0.0,0.0,0.0,0.0,0.0,-85.0,-85.0,0.0,0.0,0.0,0.0,0.0,0.0,-86.0,0.0,0.0,0.0,0.0,0.0,0.0,0.0,0.0,0.0,0.0,0.0,0.0,0.0,0.0,0.0,0.0,0.0,0.0,0.0,0.0,0.0,0.0,0.0,0.0,0.0,0.0,0.0,0.0,0.0,0.0,0.0,0.0,0.0,0.0,0.0,0.0,0.0,-59.0,-57.0,0.0,0.0,0.0,-56.0,0.0,0.0,0.0,0.0,0.0,-89.0,-94.0,0.0,0.0,0.0,0.0,0.0,0.0,0.0,0.0,-88.0,0.0,0.0,0.0,0.0,0.0,0.0,0.0,0.0,0.0,0.0,0.0,0.0,0.0,-82.0,0.0,0.0,-75.0,0.0,Administracion
154,0.0,0.0,-87.0,0.0,0.0,0.0,0.0,0.0,-90.0,-71.0,-87.0,0.0,0.0,0.0,0.0,-74.0,-73.0,-92.0,-94.0,0.0,0.0,0.0,0.0,0.0,-85.0,-85.0,0.0,0.0,0.0,0.0,0.0,0.0,-86.0,0.0,0.0,0.0,0.0,0.0,0.0,0.0,0.0,0.0,0.0,0.0,0.0,0.0,0.0,0.0,0.0,0.0,0.0,0.0,0.0,0.0,0.0,0.0,0.0,0.0,0.0,0.0,0.0,0.0,0.0,0.0,0.0,0.0,0.0,0.0,0.0,0.0,-59.0,-57.0,0.0,0.0,0.0,-56.0,0.0,0.0,0.0,0.0,0.0,-89.0,-94.0,0.0,0.0,0.0,0.0,0.0,0.0,0.0,0.0,-88.0,0.0,0.0,0.0,0.0,0.0,0.0,0.0,0.0,0.0,0.0,0.0,0.0,0.0,-82.0,0.0,0.0,-75.0,0.0,Administracion
155,0.0,0.0,-87.0,0.0,0.0,0.0,0.0,0.0,-90.0,-71.0,-87.0,0.0,0.0,0.0,0.0,-74.0,-73.0,-92.0,-94.0,0.0,0.0,0.0,0.0,0.0,-85.0,-85.0,0.0,0.0,0.0,0.0,0.0,0.0,-86.0,0.0,0.0,0.0,0.0,0.0,0.0,0.0,0.0,0.0,0.0,0.0,0.0,0.0,0.0,0.0,0.0,0.0,0.0,0.0,0.0,0.0,0.0,0.0,0.0,0.0,0.0,0.0,0.0,0.0,0.0,0.0,0.0,0.0,0.0,0.0,0.0,0.0,-59.0,-57.0,0.0,0.0,0.0,-56.0,0.0,0.0,0.0,0.0,0.0,-89.0,-94.0,0.0,0.0,0.0,0.0,0.0,0.0,0.0,0.0,-88.0,0.0,0.0,0.0,0.0,0.0,0.0,0.0,0.0,0.0,0.0,0.0,0.0,0.0,-82.0,0.0,0.0,-75.0,0.0,Administracion
156,0.0,0.0,-87.0,0.0,0.0,0.0,0.0,0.0,-90.0,-71.0,-87.0,0.0,0.0,0.0,0.0,-74.0,-73.0,-92.0,-94.0,0.0,0.0,0.0,0.0,0.0,-85.0,-85.0,0.0,0.0,0.0,0.0,0.0,0.0,-86.0,0.0,0.0,0.0,0.0,0.0,0.0,0.0,0.0,0.0,0.0,0.0,0.0,0.0,0.0,0.0,0.0,0.0,0.0,0.0,0.0,0.0,0.0,0.0,0.0,0.0,0.0,0.0,0.0,0.0,0.0,0.0,0.0,0.0,0.0,0.0,0.0,0.0,-59.0,-57.0,0.0,0.0,0.0,-56.0,0.0,0.0,0.0,0.0,0.0,-89.0,-94.0,0.0,0.0,0.0,0.0,0.0,0.0,0.0,0.0,-88.0,0.0,0.0,0.0,0.0,0.0,0.0,0.0,0.0,0.0,0.0,0.0,0.0,0.0,-82.0,0.0,0.0,-75.0,0.0,Administracion
157,0.0,0.0,-87.0,0.0,0.0,0.0,0.0,0.0,-90.0,-71.0,-87.0,0.0,0.0,0.0,0.0,-74.0,-73.0,-92.0,-94.0,0.0,0.0,0.0,0.0,0.0,-85.0,-85.0,0.0,0.0,0.0,0.0,0.0,0.0,-86.0,0.0,0.0,0.0,0.0,0.0,0.0,0.0,0.0,0.0,0.0,0.0,0.0,0.0,0.0,0.0,0.0,0.0,0.0,0.0,0.0,0.0,0.0,0.0,0.0,0.0,0.0,0.0,0.0,0.0,0.0,0.0,0.0,0.0,0.0,0.0,0.0,0.0,-59.0,-57.0,0.0,0.0,0.0,-56.0,0.0,0.0,0.0,0.0,0.0,-89.0,-94.0,0.0,0.0,0.0,0.0,0.0,0.0,0.0,0.0,-88.0,0.0,0.0,0.0,0.0,0.0,0.0,0.0,0.0,0.0,0.0,0.0,0.0,0.0,-82.0,0.0,0.0,-75.0,0.0,Administracion
158,0.0,0.0,-87.0,0.0,0.0,0.0,0.0,0.0,-90.0,-71.0,-87.0,0.0,0.0,0.0,0.0,-74.0,-73.0,-92.0,-94.0,0.0,0.0,0.0,0.0,0.0,-85.0,-85.0,0.0,0.0,0.0,0.0,0.0,0.0,-86.0,0.0,0.0,0.0,0.0,0.0,0.0,0.0,0.0,0.0,0.0,0.0,0.0,0.0,0.0,0.0,0.0,0.0,0.0,0.0,0.0,0.0,0.0,0.0,0.0,0.0,0.0,0.0,0.0,0.0,0.0,0.0,0.0,0.0,0.0,0.0,0.0,0.0,-59.0,-57.0,0.0,0.0,0.0,-56.0,0.0,0.0,0.0,0.0,0.0,-89.0,-94.0,0.0,0.0,0.0,0.0,0.0,0.0,0.0,0.0,-88.0,0.0,0.0,0.0,0.0,0.0,0.0,0.0,0.0,0.0,0.0,0.0,0.0,0.0,-82.0,0.0,0.0,-75.0,0.0,Administracion
159,0.0,0.0,-87.0,0.0,0.0,0.0,0.0,0.0,-90.0,-71.0,-87.0,0.0,0.0,0.0,0.0,-74.0,-73.0,-92.0,-94.0,0.0,0.0,0.0,0.0,0.0,-85.0,-85.0,0.0,0.0,0.0,0.0,0.0,0.0,-86.0,0.0,0.0,0.0,0.0,0.0,0.0,0.0,0.0,0.0,0.0,0.0,0.0,0.0,0.0,0.0,0.0,0.0,0.0,0.0,0.0,0.0,0.0,0.0,0.0,0.0,0.0,0.0,0.0,0.0,0.0,0.0,0.0,0.0,0.0,0.0,0.0,0.0,-59.0,-57.0,0.0,0.0,0.0,-56.0,0.0,0.0,0.0,0.0,0.0,-89.0,-94.0,0.0,0.0,0.0,0.0,0.0,0.0,0.0,0.0,-88.0,0.0,0.0,0.0,0.0,0.0,0.0,0.0,0.0,0.0,0.0,0.0,0.0,0.0,-82.0,0.0,0.0,-75.0,0.0,Administracion
160,0.0,0.0,-87.0,0.0,0.0,0.0,0.0,0.0,-90.0,-71.0,-87.0,0.0,0.0,0.0,0.0,-74.0,-73.0,-92.0,-94.0,0.0,0.0,0.0,0.0,0.0,-85.0,-85.0,0.0,0.0,0.0,0.0,0.0,0.0,-86.0,0.0,0.0,0.0,0.0,0.0,0.0,0.0,0.0,0.0,0.0,0.0,0.0,0.0,0.0,0.0,0.0,0.0,0.0,0.0,0.0,0.0,0.0,0.0,0.0,0.0,0.0,0.0,0.0,0.0,0.0,0.0,0.0,0.0,0.0,0.0,0.0,0.0,-59.0,-57.0,0.0,0.0,0.0,-56.0,0.0,0.0,0.0,0.0,0.0,-89.0,-94.0,0.0,0.0,0.0,0.0,0.0,0.0,0.0,0.0,-88.0,0.0,0.0,0.0,0.0,0.0,0.0,0.0,0.0,0.0,0.0,0.0,0.0,0.0,-82.0,0.0,0.0,-75.0,0.0,Administracion
161,0.0,0.0,-87.0,0.0,0.0,0.0,0.0,0.0,-90.0,-71.0,-87.0,0.0,0.0,0.0,0.0,-74.0,-73.0,-92.0,-94.0,0.0,0.0,0.0,0.0,0.0,-85.0,-85.0,0.0,0.0,0.0,0.0,0.0,0.0,-86.0,0.0,0.0,0.0,0.0,0.0,0.0,0.0,0.0,0.0,0.0,0.0,0.0,0.0,0.0,0.0,0.0,0.0,0.0,0.0,0.0,0.0,0.0,0.0,0.0,0.0,0.0,0.0,0.0,0.0,0.0,0.0,0.0,0.0,0.0,0.0,0.0,0.0,-59.0,-57.0,0.0,0.0,0.0,-56.0,0.0,0.0,0.0,0.0,0.0,-89.0,-94.0,0.0,0.0,0.0,0.0,0.0,0.0,0.0,0.0,-88.0,0.0,0.0,0.0,0.0,0.0,0.0,0.0,0.0,0.0,0.0,0.0,0.0,0.0,-82.0,0.0,0.0,-75.0,0.0,Administracion
162,0.0,0.0,-87.0,0.0,0.0,0.0,0.0,0.0,-90.0,-71.0,-87.0,0.0,0.0,0.0,0.0,-74.0,-73.0,-92.0,-94.0,0.0,0.0,0.0,0.0,0.0,-85.0,-85.0,0.0,0.0,0.0,0.0,0.0,0.0,-86.0,0.0,0.0,0.0,0.0,0.0,0.0,0.0,0.0,0.0,0.0,0.0,0.0,0.0,0.0,0.0,0.0,0.0,0.0,0.0,0.0,0.0,0.0,0.0,0.0,0.0,0.0,0.0,0.0,0.0,0.0,0.0,0.0,0.0,0.0,0.0,0.0,0.0,-59.0,-57.0,0.0,0.0,0.0,-56.0,0.0,0.0,0.0,0.0,0.0,-89.0,-94.0,0.0,0.0,0.0,0.0,0.0,0.0,0.0,0.0,-88.0,0.0,0.0,0.0,0.0,0.0,0.0,0.0,0.0,0.0,0.0,0.0,0.0,0.0,-82.0,0.0,0.0,-75.0,0.0,Administracion
163,0.0,0.0,-87.0,0.0,0.0,0.0,0.0,0.0,-90.0,-71.0,-87.0,0.0,0.0,0.0,0.0,-74.0,-73.0,-92.0,-94.0,0.0,0.0,0.0,0.0,0.0,-85.0,-85.0,0.0,0.0,0.0,0.0,0.0,0.0,-86.0,0.0,0.0,0.0,0.0,0.0,0.0,0.0,0.0,0.0,0.0,0.0,0.0,0.0,0.0,0.0,0.0,0.0,0.0,0.0,0.0,0.0,0.0,0.0,0.0,0.0,0.0,0.0,0.0,0.0,0.0,0.0,0.0,0.0,0.0,0.0,0.0,0.0,-59.0,-57.0,0.0,0.0,0.0,-56.0,0.0,0.0,0.0,0.0,0.0,-89.0,-94.0,0.0,0.0,0.0,0.0,0.0,0.0,0.0,0.0,-88.0,0.0,0.0,0.0,0.0,0.0,0.0,0.0,0.0,0.0,0.0,0.0,0.0,0.0,-82.0,0.0,0.0,-75.0,0.0,Administracion
164,0.0,0.0,-87.0,0.0,0.0,0.0,0.0,0.0,-90.0,-71.0,-87.0,0.0,0.0,0.0,0.0,-74.0,-73.0,-92.0,-94.0,0.0,0.0,0.0,0.0,0.0,-85.0,-85.0,0.0,0.0,0.0,0.0,0.0,0.0,-86.0,0.0,0.0,0.0,0.0,0.0,0.0,0.0,0.0,0.0,0.0,0.0,0.0,0.0,0.0,0.0,0.0,0.0,0.0,0.0,0.0,0.0,0.0,0.0,0.0,0.0,0.0,0.0,0.0,0.0,0.0,0.0,0.0,0.0,0.0,0.0,0.0,0.0,-59.0,-57.0,0.0,0.0,0.0,-56.0,0.0,0.0,0.0,0.0,0.0,-89.0,-94.0,0.0,0.0,0.0,0.0,0.0,0.0,0.0,0.0,-88.0,0.0,0.0,0.0,0.0,0.0,0.0,0.0,0.0,0.0,0.0,0.0,0.0,0.0,-82.0,0.0,0.0,-75.0,0.0,Administracion
165,0.0,0.0,-87.0,0.0,0.0,0.0,0.0,0.0,-90.0,-71.0,-87.0,0.0,0.0,0.0,0.0,-74.0,-73.0,-92.0,-94.0,0.0,0.0,0.0,0.0,0.0,-85.0,-85.0,0.0,0.0,0.0,0.0,0.0,0.0,-86.0,0.0,0.0,0.0,0.0,0.0,0.0,0.0,0.0,0.0,0.0,0.0,0.0,0.0,0.0,0.0,0.0,0.0,0.0,0.0,0.0,0.0,0.0,0.0,0.0,0.0,0.0,0.0,0.0,0.0,0.0,0.0,0.0,0.0,0.0,0.0,0.0,0.0,-59.0,-57.0,0.0,0.0,0.0,-56.0,0.0,0.0,0.0,0.0,0.0,-89.0,-94.0,0.0,0.0,0.0,0.0,0.0,0.0,0.0,0.0,-88.0,0.0,0.0,0.0,0.0,0.0,0.0,0.0,0.0,0.0,0.0,0.0,0.0,0.0,-82.0,0.0,0.0,-75.0,0.0,Administracion
166,0.0,0.0,-87.0,0.0,0.0,0.0,0.0,0.0,-90.0,-71.0,-87.0,0.0,0.0,0.0,0.0,-74.0,-73.0,-92.0,-94.0,0.0,0.0,0.0,0.0,0.0,-85.0,-85.0,0.0,0.0,0.0,0.0,0.0,0.0,-86.0,0.0,0.0,0.0,0.0,0.0,0.0,0.0,0.0,0.0,0.0,0.0,0.0,0.0,0.0,0.0,0.0,0.0,0.0,0.0,0.0,0.0,0.0,0.0,0.0,0.0,0.0,0.0,0.0,0.0,0.0,0.0,0.0,0.0,0.0,0.0,0.0,0.0,-59.0,-57.0,0.0,0.0,0.0,-56.0,0.0,0.0,0.0,0.0,0.0,-89.0,-94.0,0.0,0.0,0.0,0.0,0.0,0.0,0.0,0.0,-88.0,0.0,0.0,0.0,0.0,0.0,0.0,0.0,0.0,0.0,0.0,0.0,0.0,0.0,-82.0,0.0,0.0,-75.0,0.0,Administracion
167,0.0,0.0,-87.0,0.0,0.0,0.0,0.0,0.0,-90.0,-71.0,-87.0,0.0,0.0,0.0,0.0,-74.0,-73.0,-92.0,-94.0,0.0,0.0,0.0,0.0,0.0,-85.0,-85.0,0.0,0.0,0.0,0.0,0.0,0.0,-86.0,0.0,0.0,0.0,0.0,0.0,0.0,0.0,0.0,0.0,0.0,0.0,0.0,0.0,0.0,0.0,0.0,0.0,0.0,0.0,0.0,0.0,0.0,0.0,0.0,0.0,0.0,0.0,0.0,0.0,0.0,0.0,0.0,0.0,0.0,0.0,0.0,0.0,-59.0,-57.0,0.0,0.0,0.0,-56.0,0.0,0.0,0.0,0.0,0.0,-89.0,-94.0,0.0,0.0,0.0,0.0,0.0,0.0,0.0,0.0,-88.0,0.0,0.0,0.0,0.0,0.0,0.0,0.0,0.0,0.0,0.0,0.0,0.0,0.0,-82.0,0.0,0.0,-75.0,0.0,Administracion
168,0.0,0.0,-87.0,0.0,0.0,0.0,0.0,0.0,-90.0,-71.0,-87.0,0.0,0.0,0.0,0.0,-74.0,-73.0,-92.0,-94.0,0.0,0.0,0.0,0.0,0.0,-85.0,-85.0,0.0,0.0,0.0,0.0,0.0,0.0,-86.0,0.0,0.0,0.0,0.0,0.0,0.0,0.0,0.0,0.0,0.0,0.0,0.0,0.0,0.0,0.0,0.0,0.0,0.0,0.0,0.0,0.0,0.0,0.0,0.0,0.0,0.0,0.0,0.0,0.0,0.0,0.0,0.0,0.0,0.0,0.0,0.0,0.0,-59.0,-57.0,0.0,0.0,0.0,-56.0,0.0,0.0,0.0,0.0,0.0,-89.0,-94.0,0.0,0.0,0.0,0.0,0.0,0.0,0.0,0.0,-88.0,0.0,0.0,0.0,0.0,0.0,0.0,0.0,0.0,0.0,0.0,0.0,0.0,0.0,-82.0,0.0,0.0,-75.0,0.0,Administracion
169,0.0,0.0,-87.0,0.0,0.0,0.0,0.0,0.0,-90.0,-71.0,-87.0,0.0,0.0,0.0,0.0,-74.0,-73.0,-92.0,-94.0,0.0,0.0,0.0,0.0,0.0,-85.0,-85.0,0.0,0.0,0.0,0.0,0.0,0.0,-86.0,0.0,0.0,0.0,0.0,0.0,0.0,0.0,0.0,0.0,0.0,0.0,0.0,0.0,0.0,0.0,0.0,0.0,0.0,0.0,0.0,0.0,0.0,0.0,0.0,0.0,0.0,0.0,0.0,0.0,0.0,0.0,0.0,0.0,0.0,0.0,0.0,0.0,-59.0,-57.0,0.0,0.0,0.0,-56.0,0.0,0.0,0.0,0.0,0.0,-89.0,-94.0,0.0,0.0,0.0,0.0,0.0,0.0,0.0,0.0,-88.0,0.0,0.0,0.0,0.0,0.0,0.0,0.0,0.0,0.0,0.0,0.0,0.0,0.0,-82.0,0.0,0.0,-75.0,0.0,Administracion
170,0.0,0.0,-87.0,0.0,0.0,0.0,0.0,0.0,-90.0,-71.0,-87.0,0.0,0.0,0.0,0.0,-74.0,-73.0,-92.0,-94.0,0.0,0.0,0.0,0.0,0.0,-85.0,-85.0,0.0,0.0,0.0,0.0,0.0,0.0,-86.0,0.0,0.0,0.0,0.0,0.0,0.0,0.0,0.0,0.0,0.0,0.0,0.0,0.0,0.0,0.0,0.0,0.0,0.0,0.0,0.0,0.0,0.0,0.0,0.0,0.0,0.0,0.0,0.0,0.0,0.0,0.0,0.0,0.0,0.0,0.0,0.0,0.0,-59.0,-57.0,0.0,0.0,0.0,-56.0,0.0,0.0,0.0,0.0,0.0,-89.0,-94.0,0.0,0.0,0.0,0.0,0.0,0.0,0.0,0.0,-88.0,0.0,0.0,0.0,0.0,0.0,0.0,0.0,0.0,0.0,0.0,0.0,0.0,0.0,-82.0,0.0,0.0,-75.0,0.0,Administracion
171,0.0,0.0,-87.0,0.0,0.0,0.0,0.0,0.0,-90.0,-71.0,-87.0,0.0,0.0,0.0,0.0,-74.0,-73.0,-92.0,-94.0,0.0,0.0,0.0,0.0,0.0,-85.0,-85.0,0.0,0.0,0.0,0.0,0.0,0.0,-86.0,0.0,0.0,0.0,0.0,0.0,0.0,0.0,0.0,0.0,0.0,0.0,0.0,0.0,0.0,0.0,0.0,0.0,0.0,0.0,0.0,0.0,0.0,0.0,0.0,0.0,0.0,0.0,0.0,0.0,0.0,0.0,0.0,0.0,0.0,0.0,0.0,0.0,-59.0,-57.0,0.0,0.0,0.0,-56.0,0.0,0.0,0.0,0.0,0.0,-89.0,-94.0,0.0,0.0,0.0,0.0,0.0,0.0,0.0,0.0,-88.0,0.0,0.0,0.0,0.0,0.0,0.0,0.0,0.0,0.0,0.0,0.0,0.0,0.0,-82.0,0.0,0.0,-75.0,0.0,Administracion
172,0.0,0.0,-87.0,0.0,0.0,0.0,0.0,0.0,-90.0,-71.0,-87.0,0.0,0.0,0.0,0.0,-74.0,-73.0,-92.0,-94.0,0.0,0.0,0.0,0.0,0.0,-85.0,-85.0,0.0,0.0,0.0,0.0,0.0,0.0,-86.0,0.0,0.0,0.0,0.0,0.0,0.0,0.0,0.0,0.0,0.0,0.0,0.0,0.0,0.0,0.0,0.0,0.0,0.0,0.0,0.0,0.0,0.0,0.0,0.0,0.0,0.0,0.0,0.0,0.0,0.0,0.0,0.0,0.0,0.0,0.0,0.0,0.0,-59.0,-57.0,0.0,0.0,0.0,-56.0,0.0,0.0,0.0,0.0,0.0,-89.0,-94.0,0.0,0.0,0.0,0.0,0.0,0.0,0.0,0.0,-88.0,0.0,0.0,0.0,0.0,0.0,0.0,0.0,0.0,0.0,0.0,0.0,0.0,0.0,-82.0,0.0,0.0,-75.0,0.0,Administracion
173,0.0,0.0,-87.0,0.0,0.0,0.0,0.0,0.0,-90.0,-71.0,-87.0,0.0,0.0,0.0,0.0,-74.0,-73.0,-92.0,-94.0,0.0,0.0,0.0,0.0,0.0,-85.0,-85.0,0.0,0.0,0.0,0.0,0.0,0.0,-86.0,0.0,0.0,0.0,0.0,0.0,0.0,0.0,0.0,0.0,0.0,0.0,0.0,0.0,0.0,0.0,0.0,0.0,0.0,0.0,0.0,0.0,0.0,0.0,0.0,0.0,0.0,0.0,0.0,0.0,0.0,0.0,0.0,0.0,0.0,0.0,0.0,0.0,-59.0,-57.0,0.0,0.0,0.0,-56.0,0.0,0.0,0.0,0.0,0.0,-89.0,-94.0,0.0,0.0,0.0,0.0,0.0,0.0,0.0,0.0,-88.0,0.0,0.0,0.0,0.0,0.0,0.0,0.0,0.0,0.0,0.0,0.0,0.0,0.0,-82.0,0.0,0.0,-75.0,0.0,Administracion
174,0.0,0.0,-87.0,0.0,0.0,0.0,0.0,0.0,-90.0,-71.0,-87.0,0.0,0.0,0.0,0.0,-74.0,-73.0,-92.0,-94.0,0.0,0.0,0.0,0.0,0.0,-85.0,-85.0,0.0,0.0,0.0,0.0,0.0,0.0,-86.0,0.0,0.0,0.0,0.0,0.0,0.0,0.0,0.0,0.0,0.0,0.0,0.0,0.0,0.0,0.0,0.0,0.0,0.0,0.0,0.0,0.0,0.0,0.0,0.0,0.0,0.0,0.0,0.0,0.0,0.0,0.0,0.0,0.0,0.0,0.0,0.0,0.0,-59.0,-57.0,0.0,0.0,0.0,-56.0,0.0,0.0,0.0,0.0,0.0,-89.0,-94.0,0.0,0.0,0.0,0.0,0.0,0.0,0.0,0.0,-88.0,0.0,0.0,0.0,0.0,0.0,0.0,0.0,0.0,0.0,0.0,0.0,0.0,0.0,-82.0,0.0,0.0,-75.0,0.0,Administracion
175,0.0,0.0,-87.0,0.0,0.0,0.0,0.0,0.0,-90.0,-71.0,-87.0,0.0,0.0,0.0,0.0,-74.0,-73.0,-92.0,-94.0,0.0,0.0,0.0,0.0,0.0,-85.0,-85.0,0.0,0.0,0.0,0.0,0.0,0.0,-86.0,0.0,0.0,0.0,0.0,0.0,0.0,0.0,0.0,0.0,0.0,0.0,0.0,0.0,0.0,0.0,0.0,0.0,0.0,0.0,0.0,0.0,0.0,0.0,0.0,0.0,0.0,0.0,0.0,0.0,0.0,0.0,0.0,0.0,0.0,0.0,0.0,0.0,-59.0,-57.0,0.0,0.0,0.0,-56.0,0.0,0.0,0.0,0.0,0.0,-89.0,-94.0,0.0,0.0,0.0,0.0,0.0,0.0,0.0,0.0,-88.0,0.0,0.0,0.0,0.0,0.0,0.0,0.0,0.0,0.0,0.0,0.0,0.0,0.0,-82.0,0.0,0.0,-75.0,0.0,Administracion
176,0.0,0.0,0.0,0.0,-85.0,0.0,0.0,0.0,-94.0,0.0,0.0,0.0,0.0,0.0,0.0,-73.0,-74.0,0.0,0.0,0.0,0.0,0.0,0.0,0.0,0.0,0.0,0.0,0.0,0.0,0.0,0.0,0.0,0.0,0.0,0.0,0.0,0.0,0.0,0.0,0.0,0.0,0.0,0.0,0.0,0.0,0.0,0.0,0.0,0.0,0.0,0.0,0.0,0.0,0.0,0.0,0.0,0.0,0.0,0.0,0.0,0.0,0.0,0.0,0.0,0.0,0.0,-86.0,-92.0,0.0,0.0,-59.0,0.0,0.0,0.0,0.0,-55.0,0.0,0.0,0.0,0.0,0.0,0.0,0.0,0.0,0.0,0.0,0.0,0.0,0.0,0.0,0.0,0.0,0.0,0.0,0.0,0.0,0.0,0.0,0.0,0.0,0.0,0.0,-88.0,0.0,0.0,-82.0,0.0,0.0,-78.0,0.0,Administracion
177,0.0,0.0,0.0,0.0,-85.0,0.0,0.0,0.0,-94.0,0.0,0.0,0.0,0.0,0.0,0.0,-73.0,-74.0,0.0,0.0,0.0,0.0,0.0,0.0,0.0,0.0,0.0,0.0,0.0,0.0,0.0,0.0,0.0,0.0,0.0,0.0,0.0,0.0,0.0,0.0,0.0,0.0,0.0,0.0,0.0,0.0,0.0,0.0,0.0,0.0,0.0,0.0,0.0,0.0,0.0,0.0,0.0,0.0,0.0,0.0,0.0,0.0,0.0,0.0,0.0,0.0,0.0,-86.0,-92.0,0.0,0.0,-59.0,0.0,0.0,0.0,0.0,-55.0,0.0,0.0,0.0,0.0,0.0,0.0,0.0,0.0,0.0,0.0,0.0,0.0,0.0,0.0,0.0,0.0,0.0,0.0,0.0,0.0,0.0,0.0,0.0,0.0,0.0,0.0,-88.0,0.0,0.0,-82.0,0.0,0.0,-78.0,0.0,Administracion
178,0.0,0.0,0.0,0.0,-85.0,0.0,0.0,0.0,-94.0,0.0,0.0,0.0,0.0,0.0,0.0,-73.0,-74.0,0.0,0.0,0.0,0.0,0.0,0.0,0.0,0.0,0.0,0.0,0.0,0.0,0.0,0.0,0.0,0.0,0.0,0.0,0.0,0.0,0.0,0.0,0.0,0.0,0.0,0.0,0.0,0.0,0.0,0.0,0.0,0.0,0.0,0.0,0.0,0.0,0.0,0.0,0.0,0.0,0.0,0.0,0.0,0.0,0.0,0.0,0.0,0.0,0.0,-86.0,-92.0,0.0,0.0,-59.0,0.0,0.0,0.0,0.0,-55.0,0.0,0.0,0.0,0.0,0.0,0.0,0.0,0.0,0.0,0.0,0.0,0.0,0.0,0.0,0.0,0.0,0.0,0.0,0.0,0.0,0.0,0.0,0.0,0.0,0.0,0.0,-88.0,0.0,0.0,-82.0,0.0,0.0,-78.0,0.0,Administracion
179,0.0,0.0,0.0,0.0,-85.0,0.0,0.0,0.0,-94.0,0.0,0.0,0.0,0.0,0.0,0.0,-73.0,-74.0,0.0,0.0,0.0,0.0,0.0,0.0,0.0,0.0,0.0,0.0,0.0,0.0,0.0,0.0,0.0,0.0,0.0,0.0,0.0,0.0,0.0,0.0,0.0,0.0,0.0,0.0,0.0,0.0,0.0,0.0,0.0,0.0,0.0,0.0,0.0,0.0,0.0,0.0,0.0,0.0,0.0,0.0,0.0,0.0,0.0,0.0,0.0,0.0,0.0,-86.0,-92.0,0.0,0.0,-59.0,0.0,0.0,0.0,0.0,-55.0,0.0,0.0,0.0,0.0,0.0,0.0,0.0,0.0,0.0,0.0,0.0,0.0,0.0,0.0,0.0,0.0,0.0,0.0,0.0,0.0,0.0,0.0,0.0,0.0,0.0,0.0,-88.0,0.0,0.0,-82.0,0.0,0.0,-78.0,0.0,Administracion
180,0.0,0.0,0.0,0.0,-85.0,0.0,0.0,0.0,-94.0,0.0,0.0,0.0,0.0,0.0,0.0,-73.0,-74.0,0.0,0.0,0.0,0.0,0.0,0.0,0.0,0.0,0.0,0.0,0.0,0.0,0.0,0.0,0.0,0.0,0.0,0.0,0.0,0.0,0.0,0.0,0.0,0.0,0.0,0.0,0.0,0.0,0.0,0.0,0.0,0.0,0.0,0.0,0.0,0.0,0.0,0.0,0.0,0.0,0.0,0.0,0.0,0.0,0.0,0.0,0.0,0.0,0.0,-86.0,-92.0,0.0,0.0,-59.0,0.0,0.0,0.0,0.0,-55.0,0.0,0.0,0.0,0.0,0.0,0.0,0.0,0.0,0.0,0.0,0.0,0.0,0.0,0.0,0.0,0.0,0.0,0.0,0.0,0.0,0.0,0.0,0.0,0.0,0.0,0.0,-88.0,0.0,0.0,-82.0,0.0,0.0,-78.0,0.0,Administracion
181,0.0,0.0,0.0,0.0,-85.0,0.0,0.0,0.0,-94.0,-71.0,-87.0,0.0,0.0,0.0,0.0,-73.0,-74.0,-92.0,-94.0,0.0,0.0,0.0,0.0,0.0,-85.0,-85.0,0.0,0.0,0.0,0.0,0.0,0.0,-86.0,0.0,0.0,0.0,0.0,0.0,0.0,0.0,0.0,0.0,0.0,0.0,0.0,0.0,0.0,0.0,0.0,0.0,0.0,0.0,0.0,0.0,0.0,0.0,0.0,0.0,0.0,0.0,0.0,0.0,0.0,0.0,0.0,0.0,-86.0,-92.0,0.0,0.0,-59.0,-57.0,0.0,0.0,0.0,-55.0,0.0,0.0,0.0,0.0,0.0,-89.0,0.0,0.0,0.0,0.0,0.0,0.0,0.0,0.0,0.0,-88.0,0.0,0.0,0.0,0.0,0.0,0.0,0.0,0.0,0.0,0.0,-88.0,0.0,0.0,-82.0,0.0,0.0,-78.0,0.0,Administracion
182,0.0,0.0,0.0,0.0,-85.0,0.0,0.0,0.0,-94.0,-71.0,-87.0,0.0,0.0,0.0,0.0,-73.0,-74.0,-92.0,-94.0,0.0,0.0,0.0,0.0,0.0,-85.0,-85.0,0.0,0.0,0.0,0.0,0.0,0.0,-86.0,0.0,0.0,0.0,0.0,0.0,0.0,0.0,0.0,0.0,0.0,0.0,0.0,0.0,0.0,0.0,0.0,0.0,0.0,0.0,0.0,0.0,0.0,0.0,0.0,0.0,0.0,0.0,0.0,0.0,0.0,0.0,0.0,0.0,-86.0,-92.0,0.0,0.0,-59.0,-57.0,0.0,0.0,0.0,-55.0,0.0,0.0,0.0,0.0,0.0,-89.0,0.0,0.0,0.0,0.0,0.0,0.0,0.0,0.0,0.0,-88.0,0.0,0.0,0.0,0.0,0.0,0.0,0.0,0.0,0.0,0.0,-88.0,0.0,0.0,-82.0,0.0,0.0,-78.0,0.0,Administracion
183,0.0,0.0,0.0,0.0,-85.0,0.0,0.0,0.0,-94.0,-71.0,-87.0,0.0,0.0,0.0,0.0,-73.0,-74.0,-92.0,-94.0,0.0,0.0,0.0,0.0,0.0,-85.0,-85.0,0.0,0.0,0.0,0.0,0.0,0.0,-86.0,0.0,0.0,0.0,0.0,0.0,0.0,0.0,0.0,0.0,0.0,0.0,0.0,0.0,0.0,0.0,0.0,0.0,0.0,0.0,0.0,0.0,0.0,0.0,0.0,0.0,0.0,0.0,0.0,0.0,0.0,0.0,0.0,0.0,-86.0,-92.0,0.0,0.0,-59.0,-57.0,0.0,0.0,0.0,-55.0,0.0,0.0,0.0,0.0,0.0,-89.0,0.0,0.0,0.0,0.0,0.0,0.0,0.0,0.0,0.0,-88.0,0.0,0.0,0.0,0.0,0.0,0.0,0.0,0.0,0.0,0.0,-88.0,0.0,0.0,-82.0,0.0,0.0,-78.0,0.0,Administracion
184,0.0,0.0,0.0,0.0,-85.0,0.0,0.0,0.0,-94.0,-71.0,-87.0,0.0,0.0,0.0,0.0,-73.0,-74.0,-92.0,-94.0,0.0,0.0,0.0,0.0,0.0,-85.0,-85.0,0.0,0.0,0.0,0.0,0.0,0.0,-86.0,0.0,0.0,0.0,0.0,0.0,0.0,0.0,0.0,0.0,0.0,0.0,0.0,0.0,0.0,0.0,0.0,0.0,0.0,0.0,0.0,0.0,0.0,0.0,0.0,0.0,0.0,0.0,0.0,0.0,0.0,0.0,0.0,0.0,-86.0,-92.0,0.0,0.0,-59.0,-57.0,0.0,0.0,0.0,-55.0,0.0,0.0,0.0,0.0,0.0,-89.0,0.0,0.0,0.0,0.0,0.0,0.0,0.0,0.0,0.0,-88.0,0.0,0.0,0.0,0.0,0.0,0.0,0.0,0.0,0.0,0.0,-88.0,0.0,0.0,-82.0,0.0,0.0,-78.0,0.0,Administracion
185,0.0,0.0,0.0,0.0,-85.0,0.0,0.0,0.0,-94.0,-71.0,-87.0,0.0,0.0,0.0,0.0,-73.0,-74.0,-92.0,-94.0,0.0,0.0,0.0,0.0,0.0,-85.0,-85.0,0.0,0.0,0.0,0.0,0.0,0.0,-86.0,0.0,0.0,0.0,0.0,0.0,0.0,0.0,0.0,0.0,0.0,0.0,0.0,0.0,0.0,0.0,0.0,0.0,0.0,0.0,0.0,0.0,0.0,0.0,0.0,0.0,0.0,0.0,0.0,0.0,0.0,0.0,0.0,0.0,-86.0,-92.0,0.0,0.0,-59.0,-57.0,0.0,0.0,0.0,-55.0,0.0,0.0,0.0,0.0,0.0,-89.0,0.0,0.0,0.0,0.0,0.0,0.0,0.0,0.0,0.0,-88.0,0.0,0.0,0.0,0.0,0.0,0.0,0.0,0.0,0.0,0.0,-88.0,0.0,0.0,-82.0,0.0,0.0,-78.0,0.0,Administracion
186,0.0,0.0,0.0,0.0,-85.0,0.0,0.0,0.0,-94.0,-71.0,-87.0,0.0,0.0,0.0,0.0,-73.0,-74.0,-92.0,-94.0,0.0,0.0,0.0,0.0,0.0,-85.0,-85.0,0.0,0.0,0.0,0.0,0.0,0.0,-86.0,0.0,0.0,0.0,0.0,0.0,0.0,0.0,0.0,0.0,0.0,0.0,0.0,0.0,0.0,0.0,0.0,0.0,0.0,0.0,0.0,0.0,0.0,0.0,0.0,0.0,0.0,0.0,0.0,0.0,0.0,0.0,0.0,0.0,-86.0,-92.0,0.0,0.0,-59.0,-57.0,0.0,0.0,0.0,-55.0,0.0,0.0,0.0,0.0,0.0,-89.0,0.0,0.0,0.0,0.0,0.0,0.0,0.0,0.0,0.0,-88.0,0.0,0.0,0.0,0.0,0.0,0.0,0.0,0.0,0.0,0.0,-88.0,0.0,0.0,-82.0,0.0,0.0,-78.0,0.0,Administracion
187,0.0,0.0,0.0,0.0,-85.0,0.0,0.0,0.0,-94.0,-71.0,-87.0,0.0,0.0,0.0,0.0,-73.0,-74.0,-92.0,-94.0,0.0,0.0,0.0,0.0,0.0,-85.0,-85.0,0.0,0.0,0.0,0.0,0.0,0.0,-86.0,0.0,0.0,0.0,0.0,0.0,0.0,0.0,0.0,0.0,0.0,0.0,0.0,0.0,0.0,0.0,0.0,0.0,0.0,0.0,0.0,0.0,0.0,0.0,0.0,0.0,0.0,0.0,0.0,0.0,0.0,0.0,0.0,0.0,-86.0,-92.0,0.0,0.0,-59.0,-57.0,0.0,0.0,0.0,-55.0,0.0,0.0,0.0,0.0,0.0,-89.0,0.0,0.0,0.0,0.0,0.0,0.0,0.0,0.0,0.0,-88.0,0.0,0.0,0.0,0.0,0.0,0.0,0.0,0.0,0.0,0.0,-88.0,0.0,0.0,0.0,0.0,0.0,-78.0,0.0,Administracion
188,0.0,0.0,0.0,0.0,-85.0,0.0,0.0,0.0,-94.0,-71.0,-87.0,0.0,0.0,0.0,0.0,-73.0,-74.0,-92.0,-94.0,0.0,0.0,0.0,0.0,0.0,-85.0,-85.0,0.0,0.0,0.0,0.0,0.0,0.0,-86.0,0.0,0.0,0.0,0.0,0.0,0.0,0.0,0.0,0.0,0.0,0.0,0.0,0.0,0.0,0.0,0.0,0.0,0.0,0.0,0.0,0.0,0.0,0.0,0.0,0.0,0.0,0.0,0.0,0.0,0.0,0.0,0.0,0.0,-86.0,-92.0,0.0,0.0,-59.0,-57.0,0.0,0.0,0.0,-55.0,0.0,0.0,0.0,0.0,0.0,-89.0,0.0,0.0,0.0,0.0,0.0,0.0,0.0,0.0,0.0,-88.0,0.0,0.0,0.0,0.0,0.0,0.0,0.0,0.0,0.0,0.0,-88.0,0.0,0.0,-82.0,0.0,0.0,-78.0,0.0,Administracion
189,0.0,0.0,0.0,0.0,-85.0,0.0,0.0,0.0,-94.0,-71.0,-87.0,0.0,0.0,0.0,0.0,-73.0,-74.0,-92.0,-94.0,0.0,0.0,0.0,0.0,0.0,-85.0,-85.0,0.0,0.0,0.0,0.0,0.0,0.0,-86.0,0.0,0.0,0.0,0.0,0.0,0.0,0.0,0.0,0.0,0.0,0.0,0.0,0.0,0.0,0.0,0.0,0.0,0.0,0.0,0.0,0.0,0.0,0.0,0.0,0.0,0.0,0.0,0.0,0.0,0.0,0.0,0.0,0.0,-86.0,-92.0,0.0,0.0,-59.0,-57.0,0.0,0.0,0.0,-55.0,0.0,0.0,0.0,0.0,0.0,-89.0,0.0,0.0,0.0,0.0,0.0,0.0,0.0,0.0,0.0,-88.0,0.0,0.0,0.0,0.0,0.0,0.0,0.0,0.0,0.0,0.0,-88.0,0.0,0.0,-82.0,0.0,0.0,-78.0,0.0,Administracion
190,0.0,0.0,0.0,0.0,-85.0,0.0,0.0,0.0,-94.0,-71.0,-87.0,0.0,0.0,0.0,0.0,-73.0,-74.0,-92.0,-94.0,0.0,0.0,0.0,0.0,0.0,-85.0,-85.0,0.0,0.0,0.0,0.0,0.0,0.0,-86.0,0.0,0.0,0.0,0.0,0.0,0.0,0.0,0.0,0.0,0.0,0.0,0.0,0.0,0.0,0.0,0.0,0.0,0.0,0.0,0.0,0.0,0.0,0.0,0.0,0.0,0.0,0.0,0.0,0.0,0.0,0.0,0.0,0.0,-86.0,-92.0,0.0,0.0,-59.0,-57.0,0.0,0.0,0.0,-55.0,0.0,0.0,0.0,0.0,0.0,-89.0,0.0,0.0,0.0,0.0,0.0,0.0,0.0,0.0,0.0,-88.0,0.0,0.0,0.0,0.0,0.0,0.0,0.0,0.0,0.0,0.0,-88.0,0.0,0.0,-82.0,0.0,0.0,-78.0,0.0,Administracion
191,0.0,0.0,0.0,0.0,-85.0,0.0,0.0,0.0,-94.0,-71.0,-87.0,0.0,0.0,0.0,0.0,-73.0,-74.0,-92.0,-94.0,0.0,0.0,0.0,0.0,0.0,-85.0,-85.0,0.0,0.0,0.0,0.0,0.0,0.0,-86.0,0.0,0.0,0.0,0.0,0.0,0.0,0.0,0.0,0.0,0.0,0.0,0.0,0.0,0.0,0.0,0.0,0.0,0.0,0.0,0.0,0.0,0.0,0.0,0.0,0.0,0.0,0.0,0.0,0.0,0.0,0.0,0.0,0.0,-86.0,-92.0,0.0,0.0,-59.0,-57.0,0.0,0.0,0.0,-55.0,0.0,0.0,0.0,0.0,0.0,-89.0,0.0,0.0,0.0,0.0,0.0,0.0,0.0,0.0,0.0,-88.0,0.0,0.0,0.0,0.0,0.0,0.0,0.0,0.0,0.0,0.0,-88.0,0.0,0.0,-82.0,0.0,0.0,-78.0,0.0,Administracion
192,0.0,0.0,0.0,0.0,-85.0,0.0,0.0,0.0,-94.0,-71.0,-87.0,0.0,0.0,0.0,0.0,-73.0,-74.0,-92.0,-94.0,0.0,0.0,0.0,0.0,0.0,-85.0,-85.0,0.0,0.0,0.0,0.0,0.0,0.0,-86.0,0.0,0.0,0.0,0.0,0.0,0.0,0.0,0.0,0.0,0.0,0.0,0.0,0.0,0.0,0.0,0.0,0.0,0.0,0.0,0.0,0.0,0.0,0.0,0.0,0.0,0.0,0.0,0.0,0.0,0.0,0.0,0.0,0.0,-86.0,-92.0,0.0,0.0,-59.0,-57.0,0.0,0.0,0.0,-55.0,0.0,0.0,0.0,0.0,0.0,-89.0,0.0,0.0,0.0,0.0,0.0,0.0,0.0,0.0,0.0,-88.0,0.0,0.0,0.0,0.0,0.0,0.0,0.0,0.0,0.0,0.0,-88.0,0.0,0.0,-82.0,0.0,0.0,-78.0,0.0,Administracion
193,0.0,0.0,0.0,0.0,-85.0,0.0,0.0,0.0,-94.0,-71.0,-87.0,0.0,0.0,0.0,0.0,-73.0,-74.0,-92.0,-94.0,0.0,0.0,0.0,0.0,0.0,-85.0,-85.0,0.0,0.0,0.0,0.0,0.0,0.0,-86.0,0.0,0.0,0.0,0.0,0.0,0.0,0.0,0.0,0.0,0.0,0.0,0.0,0.0,0.0,0.0,0.0,0.0,0.0,0.0,0.0,0.0,0.0,0.0,0.0,0.0,0.0,0.0,0.0,0.0,0.0,0.0,0.0,0.0,-86.0,-92.0,0.0,0.0,-59.0,-57.0,0.0,0.0,0.0,-55.0,0.0,0.0,0.0,0.0,0.0,-89.0,0.0,0.0,0.0,0.0,0.0,0.0,0.0,0.0,0.0,-88.0,0.0,0.0,0.0,0.0,0.0,0.0,0.0,0.0,0.0,0.0,-88.0,0.0,0.0,-82.0,0.0,0.0,-78.0,0.0,Administracion
194,0.0,0.0,0.0,0.0,-85.0,0.0,0.0,0.0,-94.0,-71.0,-87.0,0.0,0.0,0.0,0.0,-73.0,-74.0,-92.0,-94.0,0.0,0.0,0.0,0.0,0.0,-85.0,-85.0,0.0,0.0,0.0,0.0,0.0,0.0,-86.0,0.0,0.0,0.0,0.0,0.0,0.0,0.0,0.0,0.0,0.0,0.0,0.0,0.0,0.0,0.0,0.0,0.0,0.0,0.0,0.0,0.0,0.0,0.0,0.0,0.0,0.0,0.0,0.0,0.0,0.0,0.0,0.0,0.0,-86.0,-92.0,0.0,0.0,-59.0,-57.0,0.0,0.0,0.0,-55.0,0.0,0.0,0.0,0.0,0.0,-89.0,0.0,0.0,0.0,0.0,0.0,0.0,0.0,0.0,0.0,-88.0,0.0,0.0,0.0,0.0,0.0,0.0,0.0,0.0,0.0,0.0,-88.0,0.0,0.0,-82.0,0.0,0.0,-78.0,0.0,Administracion
195,0.0,0.0,0.0,0.0,-85.0,0.0,0.0,0.0,-94.0,-71.0,-87.0,0.0,0.0,0.0,0.0,-73.0,-74.0,-92.0,-94.0,0.0,0.0,0.0,0.0,0.0,-85.0,-85.0,0.0,0.0,0.0,0.0,0.0,0.0,-86.0,0.0,0.0,0.0,0.0,0.0,0.0,0.0,0.0,0.0,0.0,0.0,0.0,0.0,0.0,0.0,0.0,0.0,0.0,0.0,0.0,0.0,0.0,0.0,0.0,0.0,0.0,0.0,0.0,0.0,0.0,0.0,0.0,0.0,-86.0,-92.0,0.0,0.0,-59.0,-57.0,0.0,0.0,0.0,-55.0,0.0,0.0,0.0,0.0,0.0,-89.0,0.0,0.0,0.0,0.0,0.0,0.0,0.0,0.0,0.0,-88.0,0.0,0.0,0.0,0.0,0.0,0.0,0.0,0.0,0.0,0.0,-88.0,0.0,0.0,-82.0,0.0,0.0,-78.0,0.0,Administracion
196,0.0,0.0,0.0,0.0,-85.0,0.0,0.0,0.0,-94.0,-71.0,-87.0,0.0,0.0,0.0,0.0,-73.0,-74.0,-92.0,-94.0,0.0,0.0,0.0,0.0,0.0,-85.0,-85.0,0.0,0.0,0.0,0.0,0.0,0.0,-86.0,0.0,0.0,0.0,0.0,0.0,0.0,0.0,0.0,0.0,0.0,0.0,0.0,0.0,0.0,0.0,0.0,0.0,0.0,0.0,0.0,0.0,0.0,0.0,0.0,0.0,0.0,0.0,0.0,0.0,0.0,0.0,0.0,0.0,-86.0,-92.0,0.0,0.0,-59.0,-57.0,0.0,0.0,0.0,-55.0,0.0,0.0,0.0,0.0,0.0,-89.0,0.0,0.0,0.0,0.0,0.0,0.0,0.0,0.0,0.0,-88.0,0.0,0.0,0.0,0.0,0.0,0.0,0.0,0.0,0.0,0.0,-88.0,0.0,0.0,-82.0,0.0,0.0,-78.0,0.0,Administracion
197,0.0,0.0,0.0,0.0,-85.0,0.0,0.0,0.0,-94.0,-71.0,-87.0,0.0,0.0,0.0,0.0,-73.0,-74.0,-92.0,-94.0,0.0,0.0,0.0,0.0,0.0,-85.0,-85.0,0.0,0.0,0.0,0.0,0.0,0.0,-86.0,0.0,0.0,0.0,0.0,0.0,0.0,0.0,0.0,0.0,0.0,0.0,0.0,0.0,0.0,0.0,0.0,0.0,0.0,0.0,0.0,0.0,0.0,0.0,0.0,0.0,0.0,0.0,0.0,0.0,0.0,0.0,0.0,0.0,-86.0,-92.0,0.0,0.0,-59.0,-57.0,0.0,0.0,0.0,-55.0,0.0,0.0,0.0,0.0,0.0,-89.0,0.0,0.0,0.0,0.0,0.0,0.0,0.0,0.0,0.0,-88.0,0.0,0.0,0.0,0.0,0.0,0.0,0.0,0.0,0.0,0.0,-88.0,0.0,0.0,-82.0,0.0,0.0,-78.0,0.0,Administracion
198,0.0,0.0,0.0,0.0,-85.0,0.0,0.0,0.0,-94.0,-71.0,-87.0,0.0,0.0,0.0,0.0,-73.0,-74.0,-92.0,-94.0,0.0,0.0,0.0,0.0,0.0,-85.0,-85.0,0.0,0.0,0.0,0.0,0.0,0.0,-86.0,0.0,0.0,0.0,0.0,0.0,0.0,0.0,0.0,0.0,0.0,0.0,0.0,0.0,0.0,0.0,0.0,0.0,0.0,0.0,0.0,0.0,0.0,0.0,0.0,0.0,0.0,0.0,0.0,0.0,0.0,0.0,0.0,0.0,-86.0,-92.0,0.0,0.0,-59.0,-57.0,0.0,0.0,0.0,-55.0,0.0,0.0,0.0,0.0,0.0,-89.0,0.0,0.0,0.0,0.0,0.0,0.0,0.0,0.0,0.0,-88.0,0.0,0.0,0.0,0.0,0.0,0.0,0.0,0.0,0.0,0.0,-88.0,0.0,0.0,-82.0,0.0,0.0,-78.0,0.0,Administracion
199,0.0,0.0,0.0,0.0,-85.0,0.0,0.0,0.0,-94.0,-71.0,-87.0,0.0,0.0,0.0,0.0,-73.0,-74.0,-92.0,-94.0,0.0,0.0,0.0,0.0,0.0,-85.0,-85.0,0.0,0.0,0.0,0.0,0.0,0.0,-86.0,0.0,0.0,0.0,0.0,0.0,0.0,0.0,0.0,0.0,0.0,0.0,0.0,0.0,0.0,0.0,0.0,0.0,0.0,0.0,0.0,0.0,0.0,0.0,0.0,0.0,0.0,0.0,0.0,0.0,0.0,0.0,0.0,0.0,-86.0,-92.0,0.0,0.0,-59.0,-57.0,0.0,0.0,0.0,-55.0,0.0,0.0,0.0,0.0,0.0,-89.0,0.0,0.0,0.0,0.0,0.0,0.0,0.0,0.0,0.0,-88.0,0.0,0.0,0.0,0.0,0.0,0.0,0.0,0.0,0.0,0.0,-88.0,0.0,0.0,-82.0,0.0,0.0,-78.0,0.0,Administracion
200,0.0,0.0,0.0,0.0,-85.0,0.0,0.0,0.0,-94.0,-71.0,-87.0,0.0,0.0,0.0,0.0,-73.0,-74.0,-92.0,-94.0,0.0,0.0,0.0,0.0,0.0,-85.0,-85.0,0.0,0.0,0.0,0.0,0.0,0.0,-86.0,0.0,0.0,0.0,0.0,0.0,0.0,0.0,0.0,0.0,0.0,0.0,0.0,0.0,0.0,0.0,0.0,0.0,0.0,0.0,0.0,0.0,0.0,0.0,0.0,0.0,0.0,0.0,0.0,0.0,0.0,0.0,0.0,0.0,-86.0,-92.0,0.0,0.0,-59.0,-57.0,0.0,0.0,0.0,-55.0,0.0,0.0,0.0,0.0,0.0,-89.0,0.0,0.0,0.0,0.0,0.0,0.0,0.0,0.0,0.0,-88.0,0.0,0.0,0.0,0.0,0.0,0.0,0.0,0.0,0.0,0.0,-88.0,0.0,0.0,-82.0,0.0,0.0,-78.0,0.0,Administracion
201,0.0,0.0,0.0,0.0,-85.0,0.0,0.0,0.0,-94.0,-71.0,-87.0,0.0,0.0,0.0,0.0,-73.0,-74.0,-92.0,-94.0,0.0,0.0,0.0,0.0,0.0,-85.0,-85.0,0.0,0.0,0.0,0.0,0.0,0.0,-86.0,0.0,0.0,0.0,0.0,0.0,0.0,0.0,0.0,0.0,0.0,0.0,0.0,0.0,0.0,0.0,0.0,0.0,0.0,0.0,0.0,0.0,0.0,0.0,0.0,0.0,0.0,0.0,0.0,0.0,0.0,0.0,0.0,0.0,-86.0,-92.0,0.0,0.0,-59.0,-57.0,0.0,0.0,0.0,-55.0,0.0,0.0,0.0,0.0,0.0,-89.0,0.0,0.0,0.0,0.0,0.0,0.0,0.0,0.0,0.0,-88.0,0.0,0.0,0.0,0.0,0.0,0.0,0.0,0.0,0.0,0.0,-88.0,0.0,0.0,-82.0,0.0,0.0,-78.0,0.0,Administracion
202,0.0,0.0,0.0,0.0,-85.0,0.0,0.0,0.0,-94.0,-71.0,-87.0,0.0,0.0,0.0,0.0,-73.0,-74.0,-92.0,-94.0,0.0,0.0,0.0,0.0,0.0,-85.0,-85.0,0.0,0.0,0.0,0.0,0.0,0.0,-86.0,0.0,0.0,0.0,0.0,0.0,0.0,0.0,0.0,0.0,0.0,0.0,0.0,0.0,0.0,0.0,0.0,0.0,0.0,0.0,0.0,0.0,0.0,0.0,0.0,0.0,0.0,0.0,0.0,0.0,0.0,0.0,0.0,0.0,-86.0,-92.0,0.0,0.0,-59.0,-57.0,0.0,0.0,0.0,-55.0,0.0,0.0,0.0,0.0,0.0,-89.0,0.0,0.0,0.0,0.0,0.0,0.0,0.0,0.0,0.0,-88.0,0.0,0.0,0.0,0.0,0.0,0.0,0.0,0.0,0.0,0.0,-88.0,0.0,0.0,-82.0,0.0,0.0,-78.0,0.0,Administracion
203,0.0,0.0,0.0,0.0,-85.0,0.0,0.0,0.0,-94.0,-71.0,-87.0,0.0,0.0,0.0,0.0,-73.0,-74.0,-92.0,-94.0,0.0,0.0,0.0,0.0,0.0,-85.0,-85.0,0.0,0.0,0.0,0.0,0.0,0.0,-86.0,0.0,0.0,0.0,0.0,0.0,0.0,0.0,0.0,0.0,0.0,0.0,0.0,0.0,0.0,0.0,0.0,0.0,0.0,0.0,0.0,0.0,0.0,0.0,0.0,0.0,0.0,0.0,0.0,0.0,0.0,0.0,0.0,0.0,-86.0,-92.0,0.0,0.0,-59.0,-57.0,0.0,0.0,0.0,-55.0,0.0,0.0,0.0,0.0,0.0,-89.0,0.0,0.0,0.0,0.0,0.0,0.0,0.0,0.0,0.0,-88.0,0.0,0.0,0.0,0.0,0.0,0.0,0.0,0.0,0.0,0.0,-88.0,0.0,0.0,-82.0,0.0,0.0,-78.0,0.0,Administracion
204,0.0,0.0,0.0,0.0,-85.0,0.0,0.0,0.0,-94.0,-71.0,-87.0,0.0,0.0,0.0,0.0,-73.0,-74.0,-92.0,-94.0,0.0,0.0,0.0,0.0,0.0,-85.0,-85.0,0.0,0.0,0.0,0.0,0.0,0.0,-86.0,0.0,0.0,0.0,0.0,0.0,0.0,0.0,0.0,0.0,0.0,0.0,0.0,0.0,0.0,0.0,0.0,0.0,0.0,0.0,0.0,0.0,0.0,0.0,0.0,0.0,0.0,0.0,0.0,0.0,0.0,0.0,0.0,0.0,-86.0,-92.0,0.0,0.0,-59.0,-57.0,0.0,0.0,0.0,-55.0,0.0,0.0,0.0,0.0,0.0,-89.0,0.0,0.0,0.0,0.0,0.0,0.0,0.0,0.0,0.0,-88.0,0.0,0.0,0.0,0.0,0.0,0.0,0.0,0.0,0.0,0.0,-88.0,0.0,0.0,-82.0,0.0,0.0,-78.0,0.0,Administracion
205,0.0,0.0,0.0,0.0,-85.0,0.0,0.0,0.0,-94.0,-71.0,-87.0,0.0,0.0,0.0,0.0,-73.0,-74.0,-92.0,-94.0,0.0,0.0,0.0,0.0,0.0,-85.0,-85.0,0.0,0.0,0.0,0.0,0.0,0.0,-86.0,0.0,0.0,0.0,0.0,0.0,0.0,0.0,0.0,0.0,0.0,0.0,0.0,0.0,0.0,0.0,0.0,0.0,0.0,0.0,0.0,0.0,0.0,0.0,0.0,0.0,0.0,0.0,0.0,0.0,0.0,0.0,0.0,0.0,-86.0,-92.0,0.0,0.0,-59.0,-57.0,0.0,0.0,0.0,-55.0,0.0,0.0,0.0,0.0,0.0,-89.0,0.0,0.0,0.0,0.0,0.0,0.0,0.0,0.0,0.0,-88.0,0.0,0.0,0.0,0.0,0.0,0.0,0.0,0.0,0.0,0.0,-88.0,0.0,0.0,-82.0,0.0,0.0,-78.0,0.0,Administracion
206,0.0,0.0,0.0,0.0,0.0,0.0,0.0,0.0,-92.0,-78.0,0.0,0.0,0.0,0.0,0.0,-78.0,-79.0,0.0,0.0,0.0,0.0,0.0,0.0,0.0,0.0,0.0,0.0,0.0,0.0,0.0,0.0,0.0,0.0,0.0,0.0,0.0,0.0,0.0,0.0,0.0,0.0,0.0,0.0,0.0,0.0,0.0,0.0,0.0,0.0,0.0,0.0,0.0,0.0,0.0,0.0,0.0,0.0,0.0,0.0,0.0,0.0,0.0,0.0,0.0,0.0,0.0,0.0,-88.0,0.0,0.0,-59.0,-53.0,0.0,0.0,0.0,-53.0,0.0,0.0,0.0,0.0,-90.0,-87.0,0.0,-89.0,0.0,0.0,0.0,0.0,0.0,0.0,0.0,0.0,0.0,0.0,0.0,-87.0,0.0,0.0,0.0,0.0,0.0,0.0,0.0,0.0,0.0,0.0,0.0,0.0,-71.0,0.0,Administracion
207,0.0,0.0,0.0,0.0,0.0,0.0,0.0,0.0,-92.0,-78.0,0.0,0.0,0.0,0.0,0.0,-78.0,-79.0,0.0,0.0,0.0,0.0,0.0,0.0,0.0,0.0,0.0,0.0,0.0,0.0,0.0,0.0,0.0,0.0,0.0,0.0,0.0,0.0,0.0,0.0,0.0,0.0,0.0,0.0,0.0,0.0,0.0,0.0,0.0,0.0,0.0,0.0,0.0,0.0,0.0,0.0,0.0,0.0,0.0,0.0,0.0,0.0,0.0,0.0,0.0,0.0,0.0,0.0,-88.0,0.0,0.0,-59.0,-53.0,0.0,0.0,0.0,-53.0,0.0,0.0,0.0,0.0,-90.0,-87.0,0.0,-89.0,0.0,0.0,0.0,0.0,0.0,0.0,0.0,0.0,0.0,0.0,0.0,-87.0,0.0,0.0,0.0,0.0,0.0,0.0,0.0,0.0,0.0,0.0,0.0,0.0,-71.0,0.0,Administracion
208,0.0,0.0,0.0,0.0,0.0,0.0,0.0,0.0,-92.0,-78.0,0.0,0.0,0.0,0.0,0.0,-78.0,-79.0,0.0,0.0,0.0,0.0,0.0,0.0,0.0,0.0,0.0,0.0,0.0,0.0,0.0,0.0,0.0,0.0,0.0,0.0,0.0,0.0,0.0,0.0,0.0,0.0,0.0,0.0,0.0,0.0,0.0,0.0,0.0,0.0,0.0,0.0,0.0,0.0,0.0,0.0,0.0,0.0,0.0,0.0,0.0,0.0,0.0,0.0,0.0,0.0,0.0,0.0,-88.0,0.0,0.0,-59.0,-53.0,0.0,0.0,0.0,-53.0,0.0,0.0,0.0,0.0,-90.0,-87.0,0.0,-89.0,0.0,0.0,0.0,0.0,0.0,0.0,0.0,0.0,0.0,0.0,0.0,-87.0,0.0,0.0,0.0,0.0,0.0,0.0,0.0,0.0,0.0,0.0,0.0,0.0,-71.0,0.0,Administracion
209,0.0,0.0,0.0,0.0,0.0,0.0,0.0,0.0,-92.0,-78.0,0.0,0.0,0.0,0.0,0.0,-78.0,-79.0,0.0,0.0,0.0,0.0,0.0,0.0,0.0,0.0,0.0,0.0,0.0,0.0,0.0,0.0,0.0,0.0,0.0,0.0,0.0,0.0,0.0,0.0,0.0,0.0,0.0,0.0,0.0,0.0,0.0,0.0,0.0,0.0,0.0,0.0,0.0,0.0,0.0,0.0,0.0,0.0,0.0,0.0,0.0,0.0,0.0,0.0,0.0,0.0,0.0,0.0,-88.0,0.0,0.0,-59.0,-53.0,0.0,0.0,0.0,-53.0,0.0,0.0,0.0,0.0,-90.0,-87.0,0.0,-89.0,0.0,0.0,0.0,0.0,0.0,0.0,0.0,0.0,0.0,0.0,0.0,-87.0,0.0,0.0,0.0,0.0,0.0,0.0,0.0,0.0,0.0,0.0,0.0,0.0,-71.0,0.0,Administracion
210,0.0,0.0,0.0,0.0,0.0,0.0,0.0,0.0,-92.0,-78.0,0.0,0.0,0.0,0.0,0.0,-78.0,-79.0,0.0,0.0,0.0,0.0,0.0,0.0,0.0,0.0,0.0,0.0,0.0,0.0,0.0,0.0,0.0,0.0,0.0,0.0,0.0,0.0,0.0,0.0,0.0,0.0,0.0,0.0,0.0,0.0,0.0,0.0,0.0,0.0,0.0,0.0,0.0,0.0,0.0,0.0,0.0,0.0,0.0,0.0,0.0,0.0,0.0,0.0,0.0,0.0,0.0,0.0,-88.0,0.0,0.0,-59.0,-53.0,0.0,0.0,0.0,-53.0,0.0,0.0,0.0,0.0,-90.0,-87.0,0.0,-89.0,0.0,0.0,0.0,0.0,0.0,0.0,0.0,0.0,0.0,0.0,0.0,-87.0,0.0,0.0,0.0,0.0,0.0,0.0,0.0,0.0,0.0,0.0,0.0,0.0,-71.0,0.0,Administracion
211,0.0,0.0,0.0,0.0,0.0,0.0,0.0,0.0,-92.0,-78.0,0.0,0.0,0.0,0.0,0.0,-78.0,-79.0,0.0,0.0,0.0,0.0,0.0,0.0,0.0,0.0,0.0,0.0,0.0,0.0,0.0,0.0,0.0,0.0,0.0,0.0,0.0,0.0,0.0,0.0,0.0,0.0,0.0,0.0,0.0,0.0,0.0,0.0,0.0,0.0,0.0,0.0,0.0,0.0,0.0,0.0,0.0,0.0,0.0,0.0,0.0,0.0,0.0,0.0,0.0,0.0,0.0,0.0,-88.0,0.0,0.0,-59.0,-53.0,0.0,0.0,0.0,-53.0,0.0,0.0,0.0,0.0,-90.0,-87.0,0.0,-89.0,0.0,0.0,0.0,0.0,0.0,0.0,0.0,0.0,0.0,0.0,0.0,-87.0,0.0,0.0,0.0,0.0,0.0,0.0,0.0,0.0,0.0,0.0,0.0,0.0,-71.0,0.0,Administracion
212,0.0,0.0,0.0,0.0,-85.0,0.0,0.0,0.0,-92.0,-78.0,-87.0,0.0,0.0,0.0,0.0,-78.0,-79.0,-92.0,-94.0,0.0,0.0,0.0,0.0,0.0,-85.0,-85.0,0.0,0.0,0.0,0.0,0.0,0.0,-86.0,0.0,0.0,0.0,0.0,0.0,0.0,0.0,0.0,0.0,0.0,0.0,0.0,0.0,0.0,0.0,0.0,0.0,0.0,0.0,0.0,0.0,0.0,0.0,0.0,0.0,0.0,0.0,0.0,0.0,0.0,0.0,0.0,0.0,-86.0,-88.0,0.0,0.0,-59.0,-53.0,0.0,0.0,0.0,-53.0,0.0,0.0,0.0,0.0,-90.0,-87.0,0.0,-89.0,0.0,0.0,0.0,0.0,0.0,0.0,0.0,-88.0,0.0,0.0,0.0,-87.0,0.0,0.0,0.0,0.0,0.0,0.0,-88.0,0.0,0.0,-82.0,0.0,0.0,-71.0,0.0,Administracion
213,0.0,0.0,0.0,0.0,-85.0,0.0,0.0,0.0,-92.0,-78.0,-87.0,0.0,0.0,0.0,0.0,-78.0,-79.0,-92.0,-94.0,0.0,0.0,0.0,0.0,0.0,-85.0,-85.0,0.0,0.0,0.0,0.0,0.0,0.0,-86.0,0.0,0.0,0.0,0.0,0.0,0.0,0.0,0.0,0.0,0.0,0.0,0.0,0.0,0.0,0.0,0.0,0.0,0.0,0.0,0.0,0.0,0.0,0.0,0.0,0.0,0.0,0.0,0.0,0.0,0.0,0.0,0.0,0.0,-86.0,-88.0,0.0,0.0,-59.0,-53.0,0.0,0.0,0.0,-53.0,0.0,0.0,0.0,0.0,-90.0,-87.0,0.0,-89.0,0.0,0.0,0.0,0.0,0.0,0.0,0.0,-88.0,0.0,0.0,0.0,-87.0,0.0,0.0,0.0,0.0,0.0,0.0,-88.0,0.0,0.0,-82.0,0.0,0.0,-71.0,0.0,Administracion
214,0.0,0.0,0.0,0.0,-85.0,0.0,0.0,0.0,-92.0,-78.0,-87.0,0.0,0.0,0.0,0.0,-78.0,-79.0,-92.0,-94.0,0.0,0.0,0.0,0.0,0.0,-85.0,-85.0,0.0,0.0,0.0,0.0,0.0,0.0,-86.0,0.0,0.0,0.0,0.0,0.0,0.0,0.0,0.0,0.0,0.0,0.0,0.0,0.0,0.0,0.0,0.0,0.0,0.0,0.0,0.0,0.0,0.0,0.0,0.0,0.0,0.0,0.0,0.0,0.0,0.0,0.0,0.0,0.0,-86.0,-88.0,0.0,0.0,-59.0,-53.0,0.0,0.0,0.0,-53.0,0.0,0.0,0.0,0.0,-90.0,-87.0,0.0,-89.0,0.0,0.0,0.0,0.0,0.0,0.0,0.0,-88.0,0.0,0.0,0.0,-87.0,0.0,0.0,0.0,0.0,0.0,0.0,-88.0,0.0,0.0,-82.0,0.0,0.0,-71.0,0.0,Administracion
215,0.0,0.0,0.0,0.0,-85.0,0.0,0.0,0.0,-92.0,-78.0,-87.0,0.0,0.0,0.0,0.0,-78.0,-79.0,-92.0,-94.0,0.0,0.0,0.0,0.0,0.0,-85.0,-85.0,0.0,0.0,0.0,0.0,0.0,0.0,-86.0,0.0,0.0,0.0,0.0,0.0,0.0,0.0,0.0,0.0,0.0,0.0,0.0,0.0,0.0,0.0,0.0,0.0,0.0,0.0,0.0,0.0,0.0,0.0,0.0,0.0,0.0,0.0,0.0,0.0,0.0,0.0,0.0,0.0,-86.0,-88.0,0.0,0.0,-59.0,-53.0,0.0,0.0,0.0,-53.0,0.0,0.0,0.0,0.0,-90.0,-87.0,0.0,-89.0,0.0,0.0,0.0,0.0,0.0,0.0,0.0,-88.0,0.0,0.0,0.0,-87.0,0.0,0.0,0.0,0.0,0.0,0.0,-88.0,0.0,0.0,-82.0,0.0,0.0,-71.0,0.0,Administracion
216,0.0,0.0,0.0,0.0,-85.0,0.0,0.0,0.0,-92.0,-78.0,-87.0,0.0,0.0,0.0,0.0,-78.0,-79.0,-92.0,-94.0,0.0,0.0,0.0,0.0,0.0,-85.0,-85.0,0.0,0.0,0.0,0.0,0.0,0.0,-86.0,0.0,0.0,0.0,0.0,0.0,0.0,0.0,0.0,0.0,0.0,0.0,0.0,0.0,0.0,0.0,0.0,0.0,0.0,0.0,0.0,0.0,0.0,0.0,0.0,0.0,0.0,0.0,0.0,0.0,0.0,0.0,0.0,0.0,-86.0,-88.0,0.0,0.0,-59.0,-53.0,0.0,0.0,0.0,-53.0,0.0,0.0,0.0,0.0,-90.0,-87.0,0.0,-89.0,0.0,0.0,0.0,0.0,0.0,0.0,0.0,-88.0,0.0,0.0,0.0,-87.0,0.0,0.0,0.0,0.0,0.0,0.0,-88.0,0.0,0.0,-82.0,0.0,0.0,-71.0,0.0,Administracion
217,0.0,0.0,0.0,0.0,-85.0,0.0,0.0,0.0,-92.0,-78.0,-87.0,0.0,0.0,0.0,0.0,-78.0,-79.0,-92.0,-94.0,0.0,0.0,0.0,0.0,0.0,-85.0,-85.0,0.0,0.0,0.0,0.0,0.0,0.0,-86.0,0.0,0.0,0.0,0.0,0.0,0.0,0.0,0.0,0.0,0.0,0.0,0.0,0.0,0.0,0.0,0.0,0.0,0.0,0.0,0.0,0.0,0.0,0.0,0.0,0.0,0.0,0.0,0.0,0.0,0.0,0.0,0.0,0.0,-86.0,-88.0,0.0,0.0,-59.0,-53.0,0.0,0.0,0.0,-53.0,0.0,0.0,0.0,0.0,-90.0,-87.0,0.0,-89.0,0.0,0.0,0.0,0.0,0.0,0.0,0.0,-88.0,0.0,0.0,0.0,-87.0,0.0,0.0,0.0,0.0,0.0,0.0,-88.0,0.0,0.0,-82.0,0.0,0.0,-71.0,0.0,Administracion
218,0.0,0.0,0.0,0.0,-85.0,0.0,0.0,0.0,-92.0,-78.0,-87.0,0.0,0.0,0.0,0.0,-78.0,-79.0,-92.0,-94.0,0.0,0.0,0.0,0.0,0.0,-85.0,-85.0,0.0,0.0,0.0,0.0,0.0,0.0,-86.0,0.0,0.0,0.0,0.0,0.0,0.0,0.0,0.0,0.0,0.0,0.0,0.0,0.0,0.0,0.0,0.0,0.0,0.0,0.0,0.0,0.0,0.0,0.0,0.0,0.0,0.0,0.0,0.0,0.0,0.0,0.0,0.0,0.0,-86.0,-88.0,0.0,0.0,-59.0,-53.0,0.0,0.0,0.0,-53.0,0.0,0.0,0.0,0.0,-90.0,-87.0,0.0,-89.0,0.0,0.0,0.0,0.0,0.0,0.0,0.0,-88.0,0.0,0.0,0.0,-87.0,0.0,0.0,0.0,0.0,0.0,0.0,-88.0,0.0,0.0,-82.0,0.0,0.0,-71.0,0.0,Administracion
219,0.0,0.0,0.0,0.0,-85.0,0.0,0.0,0.0,-92.0,-78.0,-87.0,0.0,0.0,0.0,0.0,-78.0,-79.0,-92.0,-94.0,0.0,0.0,0.0,0.0,0.0,-85.0,-85.0,0.0,0.0,0.0,0.0,0.0,0.0,-86.0,0.0,0.0,0.0,0.0,0.0,0.0,0.0,0.0,0.0,0.0,0.0,0.0,0.0,0.0,0.0,0.0,0.0,0.0,0.0,0.0,0.0,0.0,0.0,0.0,0.0,0.0,0.0,0.0,0.0,0.0,0.0,0.0,0.0,-86.0,-88.0,0.0,0.0,-59.0,-53.0,0.0,0.0,0.0,-53.0,0.0,0.0,0.0,0.0,-90.0,-87.0,0.0,-89.0,0.0,0.0,0.0,0.0,0.0,0.0,0.0,-88.0,0.0,0.0,0.0,-87.0,0.0,0.0,0.0,0.0,0.0,0.0,-88.0,0.0,0.0,-82.0,0.0,0.0,-71.0,0.0,Administracion
220,0.0,0.0,0.0,0.0,-85.0,0.0,0.0,0.0,-92.0,-78.0,-87.0,0.0,0.0,0.0,0.0,-78.0,-79.0,-92.0,-94.0,0.0,0.0,0.0,0.0,0.0,-85.0,-85.0,0.0,0.0,0.0,0.0,0.0,0.0,-86.0,0.0,0.0,0.0,0.0,0.0,0.0,0.0,0.0,0.0,0.0,0.0,0.0,0.0,0.0,0.0,0.0,0.0,0.0,0.0,0.0,0.0,0.0,0.0,0.0,0.0,0.0,0.0,0.0,0.0,0.0,0.0,0.0,0.0,-86.0,-88.0,0.0,0.0,-59.0,-53.0,0.0,0.0,0.0,-53.0,0.0,0.0,0.0,0.0,-90.0,-87.0,0.0,-89.0,0.0,0.0,0.0,0.0,0.0,0.0,0.0,-88.0,0.0,0.0,0.0,-87.0,0.0,0.0,0.0,0.0,0.0,0.0,-88.0,0.0,0.0,-82.0,0.0,0.0,-71.0,0.0,Administracion
221,0.0,0.0,0.0,0.0,-85.0,0.0,0.0,0.0,-92.0,-78.0,-87.0,0.0,0.0,0.0,0.0,-78.0,-79.0,-92.0,-94.0,0.0,0.0,0.0,0.0,0.0,-85.0,-85.0,0.0,0.0,0.0,0.0,0.0,0.0,-86.0,0.0,0.0,0.0,0.0,0.0,0.0,0.0,0.0,0.0,0.0,0.0,0.0,0.0,0.0,0.0,0.0,0.0,0.0,0.0,0.0,0.0,0.0,0.0,0.0,0.0,0.0,0.0,0.0,0.0,0.0,0.0,0.0,0.0,-86.0,-88.0,0.0,0.0,-59.0,-53.0,0.0,0.0,0.0,-53.0,0.0,0.0,0.0,0.0,-90.0,-87.0,0.0,-89.0,0.0,0.0,0.0,0.0,0.0,0.0,0.0,-88.0,0.0,0.0,0.0,-87.0,0.0,0.0,0.0,0.0,0.0,0.0,-88.0,0.0,0.0,-82.0,0.0,0.0,-71.0,0.0,Administracion
222,0.0,0.0,0.0,0.0,-85.0,0.0,0.0,0.0,-92.0,-78.0,-87.0,0.0,0.0,0.0,0.0,-78.0,-79.0,-92.0,-94.0,0.0,0.0,0.0,0.0,0.0,-85.0,-85.0,0.0,0.0,0.0,0.0,0.0,0.0,-86.0,0.0,0.0,0.0,0.0,0.0,0.0,0.0,0.0,0.0,0.0,0.0,0.0,0.0,0.0,0.0,0.0,0.0,0.0,0.0,0.0,0.0,0.0,0.0,0.0,0.0,0.0,0.0,0.0,0.0,0.0,0.0,0.0,0.0,-86.0,-88.0,0.0,0.0,-59.0,-53.0,0.0,0.0,0.0,-53.0,0.0,0.0,0.0,0.0,-90.0,-87.0,0.0,-89.0,0.0,0.0,0.0,0.0,0.0,0.0,0.0,-88.0,0.0,0.0,0.0,-87.0,0.0,0.0,0.0,0.0,0.0,0.0,-88.0,0.0,0.0,-82.0,0.0,0.0,-71.0,0.0,Administracion
223,0.0,0.0,0.0,0.0,-85.0,0.0,0.0,0.0,-92.0,-78.0,-87.0,0.0,0.0,0.0,0.0,-78.0,-79.0,-92.0,-94.0,0.0,0.0,0.0,0.0,0.0,-85.0,-85.0,0.0,0.0,0.0,0.0,0.0,0.0,-86.0,0.0,0.0,0.0,0.0,0.0,0.0,0.0,0.0,0.0,0.0,0.0,0.0,0.0,0.0,0.0,0.0,0.0,0.0,0.0,0.0,0.0,0.0,0.0,0.0,0.0,0.0,0.0,0.0,0.0,0.0,0.0,0.0,0.0,-86.0,-88.0,0.0,0.0,-59.0,-53.0,0.0,0.0,0.0,-53.0,0.0,0.0,0.0,0.0,-90.0,-87.0,0.0,-89.0,0.0,0.0,0.0,0.0,0.0,0.0,0.0,-88.0,0.0,0.0,0.0,-87.0,0.0,0.0,0.0,0.0,0.0,0.0,-88.0,0.0,0.0,-82.0,0.0,0.0,-71.0,0.0,Administracion
224,0.0,0.0,0.0,0.0,-85.0,0.0,0.0,0.0,-92.0,-78.0,-87.0,0.0,0.0,0.0,0.0,-78.0,-79.0,-92.0,-94.0,0.0,0.0,0.0,0.0,0.0,-85.0,-85.0,0.0,0.0,0.0,0.0,0.0,0.0,-86.0,0.0,0.0,0.0,0.0,0.0,0.0,0.0,0.0,0.0,0.0,0.0,0.0,0.0,0.0,0.0,0.0,0.0,0.0,0.0,0.0,0.0,0.0,0.0,0.0,0.0,0.0,0.0,0.0,0.0,0.0,0.0,0.0,0.0,-86.0,-88.0,0.0,0.0,-59.0,-53.0,0.0,0.0,0.0,-53.0,0.0,0.0,0.0,0.0,-90.0,-87.0,0.0,-89.0,0.0,0.0,0.0,0.0,0.0,0.0,0.0,-88.0,0.0,0.0,0.0,-87.0,0.0,0.0,0.0,0.0,0.0,0.0,-88.0,0.0,0.0,-82.0,0.0,0.0,-71.0,0.0,Administracion
225,0.0,0.0,0.0,0.0,-85.0,0.0,0.0,0.0,-92.0,-78.0,-87.0,0.0,0.0,0.0,0.0,-78.0,-79.0,-92.0,-94.0,0.0,0.0,0.0,0.0,0.0,-85.0,-85.0,0.0,0.0,0.0,0.0,0.0,0.0,-86.0,0.0,0.0,0.0,0.0,0.0,0.0,0.0,0.0,0.0,0.0,0.0,0.0,0.0,0.0,0.0,0.0,0.0,0.0,0.0,0.0,0.0,0.0,0.0,0.0,0.0,0.0,0.0,0.0,0.0,0.0,0.0,0.0,0.0,-86.0,-88.0,0.0,0.0,-59.0,-53.0,0.0,0.0,0.0,-53.0,0.0,0.0,0.0,0.0,-90.0,-87.0,0.0,-89.0,0.0,0.0,0.0,0.0,0.0,0.0,0.0,-88.0,0.0,0.0,0.0,-87.0,0.0,0.0,0.0,0.0,0.0,0.0,-88.0,0.0,0.0,-82.0,0.0,0.0,-71.0,0.0,Administracion
226,0.0,0.0,0.0,0.0,-85.0,0.0,0.0,0.0,-92.0,-78.0,-87.0,0.0,0.0,0.0,0.0,-78.0,-79.0,-92.0,-94.0,0.0,0.0,0.0,0.0,0.0,-85.0,-85.0,0.0,0.0,0.0,0.0,0.0,0.0,-86.0,0.0,0.0,0.0,0.0,0.0,0.0,0.0,0.0,0.0,0.0,0.0,0.0,0.0,0.0,0.0,0.0,0.0,0.0,0.0,0.0,0.0,0.0,0.0,0.0,0.0,0.0,0.0,0.0,0.0,0.0,0.0,0.0,0.0,-86.0,-88.0,0.0,0.0,-59.0,-53.0,0.0,0.0,0.0,-53.0,0.0,0.0,0.0,0.0,-90.0,-87.0,0.0,-89.0,0.0,0.0,0.0,0.0,0.0,0.0,0.0,-88.0,0.0,0.0,0.0,-87.0,0.0,0.0,0.0,0.0,0.0,0.0,-88.0,0.0,0.0,-82.0,0.0,0.0,-71.0,0.0,Administracion
227,0.0,0.0,0.0,0.0,-85.0,0.0,0.0,0.0,-92.0,-78.0,-87.0,0.0,0.0,0.0,0.0,-78.0,-79.0,-92.0,-94.0,0.0,0.0,0.0,0.0,0.0,-85.0,-85.0,0.0,0.0,0.0,0.0,0.0,0.0,-86.0,0.0,0.0,0.0,0.0,0.0,0.0,0.0,0.0,0.0,0.0,0.0,0.0,0.0,0.0,0.0,0.0,0.0,0.0,0.0,0.0,0.0,0.0,0.0,0.0,0.0,0.0,0.0,0.0,0.0,0.0,0.0,0.0,0.0,-86.0,-88.0,0.0,0.0,-59.0,-53.0,0.0,0.0,0.0,-53.0,0.0,0.0,0.0,0.0,-90.0,-87.0,0.0,-89.0,0.0,0.0,0.0,0.0,0.0,0.0,0.0,-88.0,0.0,0.0,0.0,-87.0,0.0,0.0,0.0,0.0,0.0,0.0,-88.0,0.0,0.0,-82.0,0.0,0.0,-71.0,0.0,Administracion
228,0.0,0.0,0.0,0.0,-85.0,0.0,0.0,0.0,-92.0,-78.0,-87.0,0.0,0.0,0.0,0.0,-78.0,-79.0,-92.0,-94.0,0.0,0.0,0.0,0.0,0.0,-85.0,-85.0,0.0,0.0,0.0,0.0,0.0,0.0,-86.0,0.0,0.0,0.0,0.0,0.0,0.0,0.0,0.0,0.0,0.0,0.0,0.0,0.0,0.0,0.0,0.0,0.0,0.0,0.0,0.0,0.0,0.0,0.0,0.0,0.0,0.0,0.0,0.0,0.0,0.0,0.0,0.0,0.0,-86.0,-88.0,0.0,0.0,-59.0,-53.0,0.0,0.0,0.0,-53.0,0.0,0.0,0.0,0.0,-90.0,-87.0,0.0,-89.0,0.0,0.0,0.0,0.0,0.0,0.0,0.0,-88.0,0.0,0.0,0.0,-87.0,0.0,0.0,0.0,0.0,0.0,0.0,-88.0,0.0,0.0,-82.0,0.0,0.0,-71.0,0.0,Administracion
229,0.0,0.0,0.0,0.0,-85.0,0.0,0.0,0.0,-92.0,-78.0,-87.0,0.0,0.0,0.0,0.0,-78.0,-79.0,-92.0,-94.0,0.0,0.0,0.0,0.0,0.0,-85.0,-85.0,0.0,0.0,0.0,0.0,0.0,0.0,-86.0,0.0,0.0,0.0,0.0,0.0,0.0,0.0,0.0,0.0,0.0,0.0,0.0,0.0,0.0,0.0,0.0,0.0,0.0,0.0,0.0,0.0,0.0,0.0,0.0,0.0,0.0,0.0,0.0,0.0,0.0,0.0,0.0,0.0,-86.0,-88.0,0.0,0.0,-59.0,-53.0,0.0,0.0,0.0,-53.0,0.0,0.0,0.0,0.0,-90.0,-87.0,0.0,-89.0,0.0,0.0,0.0,0.0,0.0,0.0,0.0,-88.0,0.0,0.0,0.0,-87.0,0.0,0.0,0.0,0.0,0.0,0.0,-88.0,0.0,0.0,-82.0,0.0,0.0,-71.0,0.0,Administracion
230,0.0,0.0,0.0,0.0,-87.0,0.0,0.0,0.0,0.0,-70.0,0.0,0.0,0.0,0.0,0.0,-82.0,-82.0,0.0,0.0,0.0,0.0,0.0,0.0,0.0,-80.0,0.0,0.0,0.0,0.0,0.0,0.0,0.0,0.0,0.0,0.0,0.0,0.0,0.0,0.0,0.0,0.0,0.0,0.0,0.0,0.0,0.0,0.0,0.0,0.0,0.0,0.0,0.0,0.0,0.0,0.0,0.0,0.0,0.0,0.0,0.0,0.0,0.0,0.0,0.0,0.0,0.0,0.0,0.0,0.0,0.0,-49.0,-58.0,0.0,0.0,0.0,-58.0,0.0,0.0,0.0,0.0,0.0,-87.0,0.0,0.0,0.0,0.0,0.0,0.0,0.0,0.0,0.0,0.0,0.0,0.0,0.0,0.0,0.0,0.0,0.0,0.0,0.0,0.0,0.0,0.0,0.0,0.0,0.0,0.0,-65.0,0.0,Administracion
231,0.0,0.0,0.0,0.0,-87.0,0.0,0.0,0.0,0.0,-70.0,0.0,0.0,0.0,0.0,0.0,-82.0,-82.0,0.0,0.0,0.0,0.0,0.0,0.0,0.0,-80.0,0.0,0.0,0.0,0.0,0.0,0.0,0.0,0.0,0.0,0.0,0.0,0.0,0.0,0.0,0.0,0.0,0.0,0.0,0.0,0.0,0.0,0.0,0.0,0.0,0.0,0.0,0.0,0.0,0.0,0.0,0.0,0.0,0.0,0.0,0.0,0.0,0.0,0.0,0.0,0.0,0.0,0.0,0.0,0.0,0.0,-49.0,-58.0,0.0,0.0,0.0,-58.0,0.0,0.0,0.0,0.0,0.0,-87.0,0.0,0.0,0.0,0.0,0.0,0.0,0.0,0.0,0.0,0.0,0.0,0.0,0.0,0.0,0.0,0.0,0.0,0.0,0.0,0.0,0.0,0.0,0.0,0.0,0.0,0.0,-65.0,0.0,Administracion
232,0.0,0.0,0.0,0.0,-87.0,0.0,0.0,0.0,0.0,-70.0,0.0,0.0,0.0,0.0,0.0,-82.0,-82.0,0.0,0.0,0.0,0.0,0.0,0.0,0.0,-80.0,0.0,0.0,0.0,0.0,0.0,0.0,0.0,0.0,0.0,0.0,0.0,0.0,0.0,0.0,0.0,0.0,0.0,0.0,0.0,0.0,0.0,0.0,0.0,0.0,0.0,0.0,0.0,0.0,0.0,0.0,0.0,0.0,0.0,0.0,0.0,0.0,0.0,0.0,0.0,0.0,0.0,0.0,0.0,0.0,0.0,-49.0,-58.0,0.0,0.0,0.0,-58.0,0.0,0.0,0.0,0.0,0.0,-87.0,0.0,0.0,0.0,0.0,0.0,0.0,0.0,0.0,0.0,0.0,0.0,0.0,0.0,0.0,0.0,0.0,0.0,0.0,0.0,0.0,0.0,0.0,0.0,0.0,0.0,0.0,-65.0,0.0,Administracion
233,0.0,0.0,0.0,0.0,-87.0,0.0,0.0,0.0,0.0,-70.0,0.0,0.0,0.0,0.0,0.0,-82.0,-82.0,0.0,0.0,0.0,0.0,0.0,0.0,0.0,-80.0,0.0,0.0,0.0,0.0,0.0,0.0,0.0,0.0,0.0,0.0,0.0,0.0,0.0,0.0,0.0,0.0,0.0,0.0,0.0,0.0,0.0,0.0,0.0,0.0,0.0,0.0,0.0,0.0,0.0,0.0,0.0,0.0,0.0,0.0,0.0,0.0,0.0,0.0,0.0,0.0,0.0,0.0,0.0,0.0,0.0,-49.0,-58.0,0.0,0.0,0.0,-58.0,0.0,0.0,0.0,0.0,0.0,-87.0,0.0,0.0,0.0,0.0,0.0,0.0,0.0,0.0,0.0,0.0,0.0,0.0,0.0,0.0,0.0,0.0,0.0,0.0,0.0,0.0,0.0,0.0,0.0,0.0,0.0,0.0,-65.0,0.0,Administracion
234,0.0,0.0,0.0,0.0,-87.0,0.0,0.0,0.0,0.0,-70.0,0.0,0.0,0.0,0.0,0.0,-82.0,-82.0,0.0,0.0,0.0,0.0,0.0,0.0,0.0,-80.0,0.0,0.0,0.0,0.0,0.0,0.0,0.0,0.0,0.0,0.0,0.0,0.0,0.0,0.0,0.0,0.0,0.0,0.0,0.0,0.0,0.0,0.0,0.0,0.0,0.0,0.0,0.0,0.0,0.0,0.0,0.0,0.0,0.0,0.0,0.0,0.0,0.0,0.0,0.0,0.0,0.0,0.0,0.0,0.0,0.0,-49.0,-58.0,0.0,0.0,0.0,-58.0,0.0,0.0,0.0,0.0,0.0,-87.0,0.0,0.0,0.0,0.0,0.0,0.0,0.0,0.0,0.0,0.0,0.0,0.0,0.0,0.0,0.0,0.0,0.0,0.0,0.0,0.0,0.0,0.0,0.0,0.0,0.0,0.0,-65.0,0.0,Administracion
235,0.0,0.0,0.0,0.0,-87.0,0.0,0.0,0.0,0.0,-70.0,0.0,0.0,0.0,0.0,0.0,-82.0,-82.0,0.0,0.0,0.0,0.0,0.0,0.0,0.0,-80.0,0.0,0.0,0.0,0.0,0.0,0.0,0.0,0.0,0.0,0.0,0.0,0.0,0.0,0.0,0.0,0.0,0.0,0.0,0.0,0.0,0.0,0.0,0.0,0.0,0.0,0.0,0.0,0.0,0.0,0.0,0.0,0.0,0.0,0.0,0.0,0.0,0.0,0.0,0.0,0.0,0.0,0.0,0.0,0.0,0.0,-49.0,-58.0,0.0,0.0,0.0,-58.0,0.0,0.0,0.0,0.0,0.0,-87.0,0.0,0.0,0.0,0.0,0.0,0.0,0.0,0.0,0.0,0.0,0.0,0.0,0.0,0.0,0.0,0.0,0.0,0.0,0.0,0.0,0.0,0.0,0.0,0.0,0.0,0.0,-65.0,0.0,Administracion
236,-92.0,0.0,0.0,0.0,0.0,0.0,0.0,0.0,0.0,0.0,0.0,0.0,0.0,0.0,0.0,0.0,0.0,0.0,0.0,0.0,0.0,0.0,0.0,0.0,0.0,0.0,0.0,0.0,0.0,0.0,0.0,0.0,0.0,0.0,0.0,0.0,0.0,0.0,0.0,0.0,-79.0,0.0,0.0,0.0,0.0,0.0,0.0,0.0,0.0,0.0,-76.0,-77.0,0.0,0.0,0.0,0.0,0.0,0.0,0.0,0.0,0.0,0.0,0.0,0.0,-80.0,-80.0,0.0,0.0,0.0,0.0,0.0,0.0,0.0,0.0,0.0,0.0,0.0,0.0,0.0,0.0,0.0,0.0,0.0,0.0,0.0,0.0,0.0,0.0,0.0,0.0,0.0,0.0,0.0,0.0,0.0,0.0,0.0,0.0,0.0,0.0,0.0,0.0,0.0,0.0,0.0,0.0,0.0,0.0,0.0,0.0,Aula26
237,0.0,0.0,0.0,0.0,0.0,0.0,0.0,0.0,0.0,0.0,0.0,0.0,0.0,0.0,0.0,0.0,0.0,0.0,0.0,0.0,0.0,0.0,0.0,0.0,0.0,0.0,0.0,0.0,0.0,0.0,-86.0,-86.0,0.0,0.0,0.0,0.0,0.0,0.0,0.0,0.0,0.0,0.0,0.0,0.0,0.0,0.0,0.0,0.0,0.0,0.0,0.0,0.0,-91.0,-90.0,-68.0,-68.0,-85.0,-85.0,-55.0,-56.0,-60.0,-60.0,-68.0,0.0,-80.0,-80.0,0.0,0.0,0.0,0.0,0.0,0.0,0.0,0.0,0.0,0.0,0.0,0.0,0.0,0.0,0.0,0.0,0.0,0.0,0.0,0.0,0.0,0.0,0.0,0.0,0.0,0.0,0.0,0.0,0.0,0.0,0.0,0.0,0.0,0.0,0.0,0.0,0.0,0.0,0.0,0.0,0.0,0.0,0.0,0.0,Aula26
238,-92.0,0.0,0.0,0.0,0.0,0.0,0.0,0.0,0.0,0.0,0.0,0.0,0.0,0.0,0.0,0.0,0.0,0.0,0.0,0.0,0.0,0.0,0.0,0.0,0.0,0.0,0.0,0.0,0.0,0.0,-87.0,-87.0,0.0,0.0,0.0,0.0,0.0,0.0,0.0,0.0,0.0,0.0,0.0,0.0,0.0,0.0,0.0,0.0,0.0,0.0,-84.0,-84.0,-92.0,-91.0,0.0,-68.0,-86.0,-87.0,-56.0,-56.0,-59.0,-59.0,0.0,-69.0,-81.0,-81.0,0.0,0.0,0.0,0.0,0.0,0.0,0.0,0.0,0.0,0.0,0.0,0.0,0.0,0.0,0.0,0.0,0.0,0.0,0.0,0.0,0.0,0.0,0.0,0.0,0.0,0.0,0.0,0.0,0.0,0.0,0.0,0.0,0.0,0.0,0.0,0.0,0.0,0.0,0.0,0.0,0.0,0.0,0.0,0.0,Aula26
239,0.0,-74.0,0.0,0.0,0.0,0.0,0.0,0.0,0.0,0.0,0.0,-84.0,0.0,0.0,0.0,0.0,0.0,0.0,0.0,0.0,0.0,0.0,0.0,0.0,0.0,0.0,0.0,0.0,0.0,0.0,-87.0,0.0,0.0,0.0,0.0,0.0,0.0,0.0,0.0,0.0,0.0,0.0,0.0,0.0,0.0,0.0,0.0,0.0,0.0,-88.0,0.0,0.0,0.0,0.0,-67.0,-67.0,-87.0,-87.0,-55.0,-55.0,-60.0,-59.0,-68.0,-68.0,-81.0,-81.0,0.0,0.0,0.0,0.0,0.0,0.0,0.0,0.0,0.0,0.0,0.0,0.0,0.0,0.0,0.0,0.0,0.0,0.0,0.0,0.0,0.0,0.0,0.0,0.0,0.0,0.0,0.0,0.0,0.0,0.0,0.0,0.0,0.0,0.0,0.0,0.0,0.0,0.0,0.0,0.0,0.0,0.0,0.0,0.0,Aula26
240,0.0,-75.0,0.0,0.0,0.0,0.0,0.0,0.0,0.0,0.0,0.0,0.0,0.0,0.0,0.0,0.0,0.0,0.0,0.0,0.0,0.0,0.0,0.0,0.0,0.0,0.0,0.0,0.0,-81.0,-80.0,-87.0,-87.0,0.0,0.0,0.0,0.0,0.0,0.0,0.0,0.0,0.0,0.0,0.0,0.0,0.0,0.0,0.0,0.0,0.0,0.0,0.0,0.0,0.0,0.0,-67.0,-67.0,-87.0,-87.0,-55.0,-55.0,0.0,0.0,-69.0,-70.0,-82.0,-82.0,0.0,0.0,0.0,0.0,0.0,0.0,0.0,0.0,0.0,0.0,0.0,0.0,0.0,0.0,0.0,0.0,0.0,0.0,0.0,0.0,0.0,0.0,0.0,0.0,0.0,0.0,0.0,0.0,0.0,0.0,0.0,0.0,0.0,0.0,0.0,0.0,0.0,0.0,0.0,0.0,0.0,0.0,0.0,0.0,Aula26
241,0.0,-76.0,0.0,0.0,0.0,0.0,0.0,0.0,0.0,0.0,0.0,0.0,0.0,0.0,0.0,0.0,0.0,0.0,0.0,0.0,0.0,0.0,0.0,0.0,0.0,0.0,0.0,0.0,-81.0,0.0,-89.0,-89.0,0.0,0.0,0.0,0.0,0.0,0.0,0.0,0.0,0.0,0.0,0.0,0.0,0.0,0.0,0.0,0.0,0.0,0.0,0.0,0.0,0.0,0.0,0.0,-67.0,-88.0,-87.0,-55.0,-55.0,-58.0,-58.0,-69.0,-69.0,-82.0,-82.0,0.0,0.0,0.0,0.0,0.0,0.0,0.0,0.0,0.0,0.0,0.0,0.0,0.0,0.0,0.0,0.0,0.0,0.0,0.0,0.0,0.0,0.0,0.0,0.0,0.0,0.0,0.0,0.0,0.0,0.0,0.0,0.0,0.0,0.0,0.0,0.0,0.0,0.0,0.0,0.0,0.0,0.0,0.0,0.0,Aula26
242,0.0,0.0,0.0,0.0,0.0,0.0,0.0,0.0,0.0,0.0,0.0,0.0,0.0,0.0,0.0,0.0,0.0,0.0,0.0,0.0,0.0,0.0,0.0,0.0,0.0,0.0,0.0,0.0,0.0,0.0,-88.0,-87.0,0.0,0.0,0.0,0.0,0.0,0.0,0.0,0.0,0.0,0.0,0.0,0.0,0.0,0.0,0.0,0.0,0.0,0.0,0.0,0.0,-91.0,-91.0,-68.0,-67.0,-87.0,-86.0,-55.0,-56.0,-58.0,-58.0,-69.0,-68.0,-81.0,-82.0,0.0,0.0,0.0,0.0,0.0,0.0,0.0,0.0,0.0,0.0,0.0,0.0,0.0,0.0,0.0,0.0,0.0,0.0,0.0,0.0,0.0,0.0,0.0,0.0,0.0,0.0,0.0,0.0,0.0,0.0,0.0,0.0,0.0,0.0,0.0,0.0,0.0,0.0,0.0,0.0,0.0,0.0,0.0,0.0,Aula26
243,0.0,0.0,0.0,0.0,0.0,0.0,0.0,0.0,0.0,0.0,0.0,0.0,0.0,0.0,0.0,0.0,0.0,0.0,0.0,0.0,0.0,0.0,0.0,0.0,0.0,0.0,0.0,0.0,-80.0,-81.0,-87.0,-87.0,0.0,0.0,0.0,0.0,0.0,0.0,0.0,0.0,0.0,0.0,0.0,0.0,0.0,0.0,0.0,0.0,0.0,0.0,0.0,0.0,-92.0,-93.0,-67.0,-67.0,-87.0,-86.0,0.0,0.0,-58.0,-58.0,0.0,0.0,-82.0,-82.0,0.0,0.0,0.0,0.0,0.0,0.0,0.0,0.0,0.0,0.0,0.0,0.0,0.0,0.0,0.0,0.0,0.0,0.0,0.0,0.0,0.0,0.0,-94.0,0.0,0.0,0.0,0.0,0.0,0.0,0.0,0.0,0.0,0.0,0.0,0.0,0.0,0.0,0.0,0.0,0.0,0.0,0.0,0.0,0.0,Aula26
244,-91.0,-74.0,0.0,0.0,0.0,0.0,0.0,0.0,0.0,0.0,0.0,-86.0,0.0,0.0,0.0,0.0,0.0,0.0,0.0,0.0,0.0,0.0,0.0,0.0,0.0,0.0,0.0,0.0,0.0,0.0,-87.0,-88.0,0.0,0.0,0.0,0.0,0.0,0.0,0.0,0.0,0.0,-84.0,0.0,0.0,0.0,0.0,0.0,0.0,0.0,0.0,0.0,0.0,0.0,-93.0,0.0,-67.0,-88.0,-87.0,-57.0,-57.0,-58.0,-58.0,-70.0,0.0,-82.0,-83.0,0.0,0.0,0.0,0.0,0.0,0.0,0.0,0.0,0.0,0.0,0.0,0.0,0.0,0.0,0.0,0.0,0.0,0.0,0.0,0.0,0.0,0.0,0.0,0.0,0.0,0.0,0.0,0.0,0.0,0.0,0.0,0.0,0.0,0.0,0.0,0.0,-87.0,0.0,0.0,0.0,0.0,0.0,0.0,0.0,Aula26
245,0.0,-75.0,0.0,0.0,0.0,0.0,0.0,0.0,0.0,0.0,0.0,0.0,0.0,0.0,0.0,0.0,0.0,0.0,0.0,0.0,0.0,0.0,0.0,0.0,0.0,0.0,0.0,0.0,0.0,-81.0,-87.0,-87.0,0.0,0.0,0.0,0.0,0.0,0.0,0.0,0.0,0.0,0.0,0.0,0.0,0.0,0.0,0.0,0.0,0.0,0.0,0.0,0.0,0.0,0.0,-67.0,0.0,-87.0,-87.0,-58.0,-58.0,-58.0,-58.0,-70.0,0.0,-82.0,-82.0,0.0,0.0,0.0,0.0,0.0,0.0,0.0,0.0,0.0,0.0,0.0,0.0,0.0,0.0,0.0,0.0,0.0,0.0,0.0,0.0,0.0,0.0,0.0,0.0,0.0,0.0,0.0,0.0,0.0,0.0,0.0,0.0,0.0,0.0,0.0,0.0,0.0,0.0,0.0,0.0,0.0,0.0,0.0,0.0,Aula26
246,-93.0,-76.0,0.0,0.0,0.0,0.0,0.0,0.0,0.0,0.0,0.0,0.0,0.0,0.0,0.0,0.0,0.0,0.0,0.0,0.0,0.0,0.0,0.0,0.0,0.0,0.0,0.0,0.0,0.0,0.0,-86.0,-87.0,0.0,0.0,0.0,0.0,0.0,0.0,0.0,0.0,0.0,0.0,0.0,0.0,0.0,0.0,0.0,0.0,0.0,0.0,-80.0,-81.0,-95.0,-94.0,0.0,0.0,-88.0,-88.0,-57.0,-57.0,-62.0,-63.0,0.0,0.0,-82.0,-81.0,0.0,0.0,0.0,0.0,0.0,0.0,0.0,0.0,0.0,0.0,0.0,0.0,0.0,0.0,0.0,0.0,0.0,0.0,0.0,0.0,0.0,0.0,0.0,0.0,0.0,0.0,0.0,0.0,0.0,0.0,0.0,0.0,0.0,0.0,0.0,0.0,0.0,0.0,0.0,0.0,0.0,0.0,0.0,0.0,Aula26
247,-91.0,0.0,0.0,0.0,0.0,0.0,0.0,0.0,0.0,0.0,0.0,0.0,0.0,0.0,0.0,0.0,0.0,0.0,0.0,0.0,0.0,0.0,0.0,0.0,0.0,0.0,0.0,0.0,0.0,0.0,-87.0,-86.0,0.0,0.0,0.0,0.0,0.0,0.0,0.0,0.0,0.0,0.0,0.0,0.0,0.0,0.0,0.0,0.0,0.0,0.0,-80.0,-80.0,0.0,0.0,0.0,0.0,-87.0,-86.0,0.0,0.0,-58.0,-58.0,0.0,0.0,0.0,-82.0,0.0,0.0,0.0,0.0,0.0,0.0,0.0,0.0,0.0,0.0,0.0,0.0,0.0,0.0,0.0,0.0,0.0,0.0,0.0,0.0,0.0,0.0,0.0,0.0,0.0,0.0,0.0,0.0,0.0,0.0,0.0,0.0,0.0,0.0,0.0,0.0,0.0,0.0,0.0,0.0,0.0,0.0,0.0,0.0,Aula26
248,0.0,0.0,0.0,0.0,0.0,0.0,0.0,0.0,0.0,0.0,0.0,0.0,0.0,0.0,0.0,0.0,0.0,0.0,0.0,0.0,0.0,0.0,0.0,0.0,0.0,0.0,0.0,0.0,-81.0,-82.0,-85.0,-85.0,0.0,0.0,0.0,0.0,0.0,0.0,0.0,0.0,0.0,0.0,0.0,0.0,0.0,0.0,0.0,0.0,0.0,0.0,0.0,-80.0,0.0,0.0,0.0,0.0,-86.0,-86.0,0.0,0.0,-58.0,-58.0,0.0,0.0,-81.0,-81.0,0.0,0.0,0.0,0.0,0.0,0.0,0.0,0.0,0.0,0.0,0.0,0.0,0.0,0.0,0.0,0.0,0.0,0.0,0.0,0.0,0.0,0.0,0.0,0.0,0.0,0.0,0.0,0.0,0.0,0.0,0.0,0.0,0.0,0.0,0.0,0.0,-88.0,0.0,0.0,0.0,0.0,0.0,0.0,0.0,Aula26
249,-94.0,-76.0,0.0,0.0,0.0,0.0,0.0,0.0,0.0,0.0,0.0,-85.0,-85.0,0.0,0.0,0.0,0.0,0.0,0.0,0.0,0.0,0.0,0.0,0.0,0.0,0.0,0.0,0.0,0.0,0.0,-86.0,-85.0,0.0,0.0,0.0,0.0,0.0,0.0,0.0,0.0,-83.0,-83.0,0.0,0.0,0.0,0.0,0.0,0.0,0.0,0.0,0.0,0.0,0.0,0.0,-66.0,-67.0,-85.0,-86.0,0.0,0.0,-58.0,-58.0,0.0,-67.0,-80.0,-80.0,0.0,0.0,0.0,0.0,0.0,0.0,0.0,0.0,0.0,0.0,0.0,0.0,0.0,0.0,0.0,0.0,0.0,0.0,0.0,0.0,0.0,0.0,0.0,0.0,0.0,0.0,0.0,0.0,0.0,0.0,0.0,0.0,0.0,0.0,0.0,0.0,0.0,0.0,0.0,0.0,0.0,0.0,0.0,0.0,Aula26
250,0.0,0.0,0.0,0.0,0.0,0.0,0.0,0.0,0.0,0.0,0.0,0.0,0.0,0.0,0.0,0.0,0.0,0.0,0.0,0.0,0.0,0.0,0.0,0.0,0.0,0.0,0.0,0.0,0.0,0.0,-85.0,-85.0,0.0,0.0,0.0,0.0,0.0,0.0,0.0,0.0,0.0,0.0,0.0,0.0,0.0,0.0,0.0,0.0,0.0,0.0,0.0,0.0,0.0,-96.0,-66.0,-65.0,-84.0,-85.0,-59.0,-60.0,-58.0,-57.0,-68.0,-68.0,-79.0,-79.0,0.0,0.0,0.0,0.0,0.0,0.0,0.0,0.0,0.0,0.0,0.0,0.0,0.0,0.0,0.0,0.0,0.0,0.0,0.0,0.0,0.0,0.0,0.0,0.0,0.0,0.0,0.0,0.0,0.0,0.0,0.0,0.0,0.0,0.0,0.0,0.0,0.0,0.0,0.0,0.0,0.0,0.0,0.0,0.0,Aula26
251,0.0,-76.0,0.0,0.0,0.0,0.0,0.0,0.0,0.0,0.0,0.0,0.0,0.0,0.0,0.0,0.0,0.0,0.0,0.0,0.0,0.0,0.0,0.0,0.0,0.0,0.0,0.0,0.0,0.0,0.0,-86.0,-85.0,0.0,0.0,0.0,0.0,0.0,0.0,0.0,0.0,0.0,0.0,0.0,0.0,0.0,0.0,0.0,0.0,0.0,0.0,-80.0,-79.0,0.0,0.0,-66.0,-67.0,-85.0,-85.0,-59.0,-59.0,-58.0,-58.0,-69.0,-69.0,-80.0,-80.0,0.0,0.0,0.0,0.0,0.0,0.0,0.0,0.0,0.0,0.0,0.0,0.0,0.0,0.0,0.0,0.0,0.0,0.0,0.0,0.0,0.0,0.0,0.0,0.0,0.0,0.0,0.0,0.0,0.0,0.0,0.0,0.0,0.0,0.0,0.0,0.0,0.0,0.0,0.0,0.0,0.0,0.0,0.0,0.0,Aula26
252,0.0,0.0,0.0,0.0,0.0,0.0,0.0,0.0,0.0,0.0,0.0,0.0,0.0,0.0,0.0,0.0,0.0,0.0,0.0,0.0,0.0,0.0,0.0,0.0,0.0,0.0,0.0,0.0,-81.0,-80.0,-85.0,-85.0,0.0,0.0,0.0,0.0,0.0,0.0,0.0,0.0,-83.0,-82.0,0.0,0.0,0.0,0.0,0.0,0.0,0.0,0.0,-78.0,-78.0,-97.0,-97.0,-67.0,-65.0,-84.0,-84.0,0.0,0.0,-59.0,-59.0,-70.0,-70.0,-80.0,-80.0,0.0,0.0,0.0,0.0,0.0,0.0,0.0,0.0,0.0,0.0,0.0,0.0,0.0,0.0,0.0,0.0,0.0,0.0,0.0,0.0,0.0,0.0,0.0,0.0,0.0,0.0,0.0,0.0,0.0,0.0,0.0,0.0,0.0,0.0,0.0,0.0,-89.0,0.0,0.0,0.0,0.0,0.0,0.0,0.0,Aula26
253,0.0,0.0,0.0,0.0,0.0,0.0,0.0,0.0,0.0,0.0,0.0,-85.0,-85.0,0.0,0.0,0.0,0.0,0.0,0.0,0.0,0.0,0.0,0.0,0.0,0.0,0.0,0.0,0.0,0.0,0.0,-86.0,-85.0,0.0,0.0,0.0,0.0,0.0,0.0,0.0,0.0,-82.0,-82.0,0.0,0.0,0.0,0.0,0.0,0.0,-86.0,-87.0,0.0,-78.0,-97.0,0.0,-66.0,-66.0,-84.0,-83.0,-59.0,-60.0,-59.0,-59.0,-70.0,-69.0,-80.0,-80.0,0.0,0.0,0.0,0.0,0.0,0.0,0.0,0.0,0.0,0.0,0.0,0.0,0.0,0.0,0.0,0.0,0.0,0.0,0.0,0.0,0.0,0.0,0.0,0.0,0.0,0.0,0.0,0.0,0.0,0.0,0.0,0.0,0.0,0.0,0.0,0.0,-89.0,0.0,0.0,0.0,0.0,0.0,0.0,0.0,Aula26
254,0.0,-76.0,0.0,0.0,0.0,0.0,0.0,0.0,0.0,0.0,0.0,0.0,0.0,0.0,0.0,0.0,0.0,0.0,0.0,0.0,0.0,0.0,0.0,0.0,0.0,0.0,0.0,0.0,0.0,0.0,-85.0,-86.0,0.0,0.0,0.0,0.0,0.0,0.0,0.0,0.0,0.0,0.0,0.0,0.0,0.0,0.0,0.0,0.0,0.0,0.0,-80.0,0.0,-94.0,-94.0,-66.0,-66.0,-84.0,-84.0,-59.0,-59.0,-59.0,-59.0,-68.0,-70.0,-81.0,-81.0,0.0,0.0,0.0,0.0,0.0,0.0,0.0,0.0,0.0,0.0,0.0,0.0,0.0,0.0,0.0,0.0,0.0,0.0,0.0,0.0,0.0,0.0,0.0,0.0,0.0,0.0,0.0,0.0,0.0,0.0,0.0,0.0,0.0,0.0,0.0,0.0,0.0,0.0,0.0,0.0,0.0,0.0,0.0,0.0,Aula26
255,0.0,0.0,0.0,0.0,0.0,0.0,0.0,0.0,0.0,0.0,0.0,0.0,0.0,0.0,0.0,0.0,0.0,0.0,0.0,0.0,0.0,0.0,0.0,0.0,0.0,0.0,0.0,0.0,0.0,-80.0,-86.0,-85.0,0.0,0.0,0.0,0.0,0.0,0.0,0.0,0.0,0.0,0.0,0.0,0.0,0.0,0.0,0.0,0.0,0.0,0.0,0.0,0.0,-94.0,0.0,0.0,-66.0,-83.0,-82.0,-60.0,-60.0,-59.0,-59.0,-70.0,-69.0,-80.0,-80.0,0.0,0.0,0.0,0.0,0.0,0.0,0.0,0.0,0.0,0.0,0.0,0.0,0.0,0.0,0.0,0.0,0.0,0.0,0.0,0.0,0.0,0.0,0.0,0.0,0.0,0.0,0.0,0.0,0.0,0.0,0.0,0.0,0.0,0.0,0.0,0.0,0.0,0.0,0.0,0.0,0.0,0.0,0.0,0.0,Aula26
256,-91.0,0.0,0.0,0.0,0.0,0.0,0.0,0.0,0.0,0.0,0.0,0.0,0.0,0.0,0.0,0.0,0.0,0.0,0.0,0.0,0.0,0.0,0.0,0.0,0.0,0.0,0.0,0.0,-80.0,-81.0,-85.0,-85.0,0.0,0.0,0.0,0.0,0.0,0.0,0.0,0.0,0.0,0.0,0.0,0.0,0.0,0.0,0.0,0.0,0.0,0.0,-79.0,-79.0,-96.0,0.0,0.0,-66.0,-83.0,-83.0,-59.0,-60.0,-58.0,-59.0,-69.0,0.0,-80.0,-80.0,0.0,0.0,0.0,0.0,0.0,0.0,0.0,0.0,0.0,0.0,0.0,0.0,0.0,0.0,0.0,0.0,0.0,0.0,0.0,0.0,0.0,0.0,0.0,0.0,0.0,0.0,0.0,0.0,0.0,0.0,0.0,0.0,0.0,0.0,0.0,0.0,0.0,0.0,0.0,0.0,0.0,0.0,0.0,0.0,Aula26
257,-91.0,-76.0,0.0,0.0,0.0,0.0,0.0,0.0,0.0,0.0,0.0,0.0,0.0,0.0,0.0,0.0,0.0,0.0,0.0,0.0,0.0,0.0,0.0,0.0,0.0,0.0,0.0,0.0,0.0,0.0,-86.0,-85.0,0.0,0.0,0.0,0.0,0.0,0.0,0.0,0.0,0.0,0.0,0.0,0.0,0.0,0.0,0.0,0.0,0.0,0.0,-79.0,-79.0,0.0,-96.0,0.0,-67.0,-84.0,-84.0,-60.0,-60.0,-59.0,-58.0,-68.0,-70.0,-81.0,-81.0,0.0,0.0,0.0,0.0,0.0,0.0,0.0,0.0,0.0,0.0,0.0,0.0,0.0,0.0,0.0,0.0,0.0,0.0,0.0,0.0,0.0,0.0,0.0,0.0,0.0,0.0,0.0,0.0,0.0,0.0,0.0,0.0,0.0,0.0,0.0,0.0,0.0,0.0,0.0,0.0,0.0,0.0,0.0,0.0,Aula26
258,-93.0,-76.0,0.0,0.0,0.0,0.0,0.0,0.0,0.0,0.0,0.0,0.0,0.0,0.0,0.0,0.0,0.0,0.0,0.0,0.0,0.0,0.0,0.0,0.0,-89.0,-89.0,0.0,0.0,0.0,0.0,-86.0,-85.0,0.0,0.0,0.0,0.0,0.0,0.0,0.0,0.0,0.0,0.0,0.0,0.0,0.0,0.0,0.0,0.0,0.0,0.0,-77.0,-78.0,-97.0,-96.0,0.0,0.0,-84.0,-84.0,-60.0,-60.0,-58.0,-58.0,-69.0,-69.0,-81.0,-81.0,0.0,0.0,0.0,0.0,0.0,0.0,0.0,0.0,0.0,0.0,0.0,0.0,0.0,0.0,0.0,0.0,0.0,0.0,0.0,0.0,0.0,0.0,0.0,0.0,0.0,0.0,0.0,0.0,0.0,0.0,0.0,0.0,0.0,0.0,0.0,0.0,0.0,0.0,0.0,0.0,0.0,0.0,0.0,0.0,Aula26
259,0.0,-75.0,0.0,0.0,0.0,0.0,0.0,0.0,0.0,0.0,0.0,0.0,0.0,-96.0,0.0,0.0,0.0,0.0,0.0,0.0,0.0,0.0,0.0,0.0,-88.0,0.0,0.0,0.0,-79.0,-79.0,-86.0,-86.0,0.0,0.0,0.0,0.0,0.0,0.0,0.0,0.0,-84.0,0.0,0.0,0.0,0.0,0.0,0.0,0.0,0.0,0.0,-79.0,-79.0,-98.0,0.0,-67.0,-68.0,-85.0,-85.0,-60.0,-60.0,-58.0,-58.0,0.0,-69.0,-81.0,-81.0,0.0,0.0,0.0,0.0,0.0,0.0,0.0,0.0,0.0,0.0,0.0,0.0,0.0,0.0,0.0,0.0,0.0,0.0,0.0,0.0,0.0,0.0,0.0,0.0,0.0,0.0,0.0,0.0,0.0,0.0,0.0,0.0,0.0,0.0,0.0,0.0,0.0,0.0,0.0,0.0,0.0,0.0,0.0,0.0,Aula26
260,0.0,-73.0,0.0,0.0,0.0,0.0,0.0,0.0,0.0,0.0,0.0,0.0,0.0,0.0,0.0,0.0,0.0,0.0,0.0,0.0,0.0,0.0,0.0,0.0,0.0,0.0,0.0,0.0,-80.0,-81.0,-85.0,-85.0,0.0,0.0,0.0,0.0,0.0,0.0,0.0,0.0,0.0,0.0,0.0,0.0,0.0,0.0,0.0,0.0,0.0,0.0,0.0,0.0,0.0,0.0,0.0,-67.0,-83.0,-84.0,-60.0,-60.0,-59.0,-59.0,-69.0,0.0,-80.0,-81.0,0.0,0.0,0.0,0.0,0.0,0.0,0.0,0.0,0.0,0.0,0.0,0.0,0.0,0.0,0.0,0.0,0.0,0.0,0.0,0.0,0.0,0.0,0.0,0.0,0.0,0.0,0.0,0.0,0.0,0.0,0.0,0.0,0.0,0.0,0.0,0.0,-87.0,0.0,0.0,0.0,0.0,0.0,0.0,0.0,Aula26
261,-93.0,0.0,0.0,0.0,0.0,0.0,0.0,0.0,0.0,0.0,0.0,0.0,0.0,0.0,0.0,0.0,0.0,0.0,0.0,0.0,0.0,0.0,0.0,0.0,0.0,0.0,0.0,0.0,-82.0,-82.0,-86.0,-86.0,0.0,0.0,0.0,0.0,0.0,0.0,0.0,0.0,0.0,0.0,0.0,0.0,0.0,0.0,0.0,0.0,0.0,0.0,-78.0,-78.0,0.0,0.0,-66.0,-67.0,-83.0,-83.0,-60.0,-60.0,-58.0,-58.0,-69.0,-69.0,-81.0,-81.0,0.0,0.0,0.0,0.0,0.0,0.0,0.0,0.0,0.0,0.0,0.0,0.0,0.0,0.0,0.0,0.0,0.0,0.0,0.0,0.0,0.0,0.0,0.0,0.0,0.0,0.0,0.0,0.0,0.0,0.0,0.0,0.0,0.0,0.0,0.0,0.0,0.0,0.0,0.0,0.0,0.0,0.0,0.0,0.0,Aula26
262,0.0,0.0,0.0,0.0,0.0,0.0,0.0,0.0,0.0,0.0,0.0,0.0,0.0,0.0,0.0,0.0,0.0,0.0,0.0,0.0,0.0,0.0,0.0,0.0,0.0,0.0,0.0,0.0,0.0,0.0,-85.0,-85.0,0.0,0.0,0.0,0.0,0.0,0.0,0.0,0.0,0.0,0.0,0.0,0.0,0.0,0.0,0.0,0.0,-85.0,-84.0,-78.0,-78.0,0.0,0.0,0.0,0.0,-84.0,-83.0,0.0,0.0,-57.0,-58.0,0.0,0.0,-81.0,-80.0,0.0,0.0,0.0,0.0,0.0,0.0,0.0,0.0,0.0,0.0,0.0,0.0,0.0,0.0,0.0,0.0,0.0,0.0,0.0,0.0,0.0,0.0,0.0,0.0,0.0,0.0,0.0,0.0,0.0,0.0,0.0,0.0,0.0,0.0,0.0,0.0,0.0,0.0,0.0,0.0,0.0,0.0,0.0,0.0,Aula26
263,-92.0,-76.0,0.0,0.0,0.0,0.0,0.0,0.0,0.0,0.0,0.0,0.0,0.0,0.0,0.0,0.0,0.0,0.0,0.0,0.0,0.0,0.0,0.0,0.0,0.0,0.0,0.0,0.0,0.0,-80.0,-85.0,-85.0,0.0,0.0,0.0,0.0,0.0,0.0,0.0,0.0,0.0,0.0,0.0,0.0,0.0,0.0,0.0,0.0,-85.0,-86.0,0.0,0.0,0.0,0.0,0.0,-70.0,-85.0,-84.0,-60.0,-62.0,-57.0,-58.0,-69.0,-66.0,-80.0,-80.0,0.0,0.0,0.0,0.0,0.0,0.0,0.0,0.0,0.0,0.0,0.0,0.0,0.0,0.0,0.0,0.0,0.0,0.0,0.0,0.0,0.0,0.0,0.0,0.0,0.0,0.0,0.0,0.0,0.0,0.0,0.0,0.0,0.0,0.0,0.0,0.0,-87.0,0.0,0.0,0.0,0.0,0.0,0.0,0.0,Aula26
264,0.0,-77.0,0.0,0.0,0.0,0.0,0.0,0.0,0.0,0.0,0.0,0.0,0.0,0.0,0.0,0.0,0.0,0.0,0.0,0.0,0.0,0.0,0.0,0.0,0.0,0.0,0.0,0.0,0.0,0.0,0.0,0.0,0.0,0.0,0.0,0.0,0.0,0.0,0.0,0.0,0.0,0.0,0.0,0.0,0.0,0.0,0.0,0.0,0.0,0.0,0.0,0.0,0.0,0.0,0.0,0.0,-86.0,-85.0,0.0,0.0,-58.0,-58.0,0.0,0.0,-81.0,-81.0,0.0,0.0,0.0,0.0,0.0,0.0,0.0,0.0,0.0,0.0,0.0,0.0,0.0,0.0,0.0,0.0,0.0,0.0,0.0,0.0,0.0,0.0,0.0,0.0,0.0,0.0,0.0,0.0,0.0,0.0,0.0,0.0,0.0,0.0,0.0,0.0,0.0,0.0,0.0,0.0,0.0,0.0,0.0,0.0,Aula26
265,-94.0,0.0,0.0,0.0,0.0,0.0,0.0,0.0,0.0,0.0,0.0,0.0,0.0,0.0,0.0,0.0,0.0,0.0,0.0,0.0,0.0,0.0,0.0,0.0,0.0,0.0,0.0,0.0,0.0,0.0,-86.0,-86.0,0.0,0.0,0.0,0.0,0.0,0.0,0.0,0.0,0.0,0.0,0.0,0.0,0.0,0.0,0.0,0.0,0.0,0.0,0.0,0.0,0.0,0.0,-69.0,0.0,-85.0,-85.0,-60.0,-60.0,-58.0,-58.0,-68.0,0.0,-81.0,-80.0,0.0,0.0,0.0,0.0,0.0,0.0,0.0,0.0,0.0,0.0,0.0,0.0,0.0,0.0,0.0,0.0,0.0,0.0,0.0,0.0,0.0,0.0,0.0,0.0,0.0,0.0,0.0,0.0,0.0,0.0,0.0,0.0,0.0,0.0,0.0,0.0,0.0,0.0,0.0,0.0,0.0,0.0,0.0,0.0,Aula26
266,0.0,0.0,0.0,0.0,0.0,0.0,0.0,0.0,0.0,0.0,0.0,0.0,0.0,-96.0,-96.0,0.0,0.0,0.0,0.0,0.0,0.0,0.0,0.0,0.0,0.0,0.0,0.0,0.0,-80.0,-79.0,-86.0,-85.0,0.0,0.0,0.0,0.0,0.0,0.0,0.0,0.0,0.0,0.0,-97.0,-97.0,0.0,0.0,0.0,0.0,0.0,0.0,0.0,0.0,0.0,0.0,-69.0,-69.0,-84.0,-84.0,-60.0,-61.0,-58.0,-58.0,0.0,0.0,-80.0,-80.0,0.0,0.0,0.0,0.0,0.0,0.0,0.0,0.0,0.0,0.0,0.0,0.0,0.0,0.0,0.0,0.0,0.0,0.0,0.0,0.0,0.0,0.0,0.0,0.0,0.0,0.0,0.0,0.0,0.0,0.0,0.0,0.0,0.0,0.0,0.0,0.0,0.0,0.0,0.0,0.0,0.0,0.0,0.0,0.0,Aula26
267,0.0,0.0,0.0,0.0,0.0,0.0,0.0,0.0,0.0,0.0,0.0,0.0,0.0,0.0,0.0,0.0,0.0,0.0,0.0,0.0,0.0,0.0,0.0,0.0,0.0,0.0,0.0,0.0,-81.0,-80.0,-85.0,-85.0,0.0,0.0,0.0,0.0,0.0,0.0,0.0,0.0,0.0,0.0,0.0,0.0,0.0,0.0,0.0,0.0,0.0,0.0,0.0,0.0,0.0,0.0,-69.0,-69.0,-85.0,-84.0,0.0,0.0,-58.0,-58.0,0.0,0.0,-81.0,-80.0,0.0,0.0,0.0,0.0,0.0,0.0,0.0,0.0,0.0,0.0,0.0,0.0,0.0,0.0,0.0,0.0,0.0,0.0,0.0,0.0,0.0,0.0,0.0,0.0,0.0,0.0,0.0,0.0,0.0,0.0,0.0,0.0,0.0,0.0,0.0,0.0,-85.0,0.0,0.0,0.0,0.0,0.0,0.0,0.0,Aula26
268,0.0,0.0,0.0,0.0,0.0,0.0,0.0,0.0,0.0,0.0,0.0,0.0,0.0,0.0,0.0,0.0,0.0,0.0,0.0,0.0,0.0,0.0,0.0,0.0,0.0,0.0,0.0,0.0,-80.0,-80.0,-85.0,-85.0,0.0,0.0,0.0,0.0,0.0,0.0,0.0,0.0,0.0,0.0,0.0,0.0,0.0,0.0,0.0,0.0,0.0,0.0,-79.0,-79.0,0.0,0.0,-69.0,-69.0,-83.0,-83.0,-60.0,-60.0,-58.0,-58.0,-67.0,-67.0,-80.0,-81.0,0.0,0.0,0.0,0.0,0.0,0.0,0.0,0.0,0.0,0.0,0.0,0.0,0.0,0.0,0.0,0.0,0.0,0.0,0.0,0.0,0.0,0.0,0.0,0.0,0.0,0.0,0.0,0.0,0.0,0.0,0.0,0.0,0.0,0.0,0.0,0.0,0.0,0.0,0.0,0.0,0.0,0.0,0.0,0.0,Aula26
269,0.0,-77.0,0.0,0.0,0.0,0.0,0.0,0.0,0.0,0.0,0.0,0.0,0.0,0.0,0.0,0.0,0.0,0.0,0.0,0.0,0.0,0.0,0.0,0.0,0.0,0.0,0.0,0.0,0.0,0.0,-84.0,-84.0,0.0,0.0,0.0,0.0,0.0,0.0,0.0,0.0,0.0,0.0,0.0,0.0,0.0,0.0,0.0,0.0,0.0,0.0,-79.0,-79.0,0.0,0.0,-70.0,-68.0,-82.0,-82.0,-60.0,-60.0,-58.0,-58.0,-68.0,-68.0,-82.0,-82.0,0.0,0.0,0.0,0.0,0.0,0.0,0.0,0.0,0.0,0.0,0.0,0.0,0.0,0.0,0.0,0.0,0.0,0.0,0.0,0.0,0.0,0.0,0.0,0.0,0.0,0.0,0.0,0.0,0.0,0.0,0.0,0.0,0.0,0.0,0.0,0.0,0.0,0.0,0.0,0.0,0.0,0.0,0.0,0.0,Aula26
270,-91.0,0.0,0.0,0.0,0.0,0.0,0.0,0.0,0.0,0.0,0.0,0.0,0.0,0.0,0.0,0.0,0.0,0.0,0.0,0.0,0.0,0.0,0.0,0.0,0.0,0.0,0.0,0.0,-80.0,-81.0,-86.0,-86.0,0.0,0.0,0.0,0.0,0.0,0.0,0.0,0.0,0.0,0.0,0.0,0.0,0.0,0.0,0.0,0.0,0.0,-83.0,-79.0,-79.0,0.0,0.0,0.0,-69.0,-86.0,-85.0,-59.0,-59.0,-58.0,-59.0,-67.0,-67.0,-82.0,-82.0,0.0,0.0,0.0,0.0,0.0,0.0,0.0,0.0,0.0,0.0,0.0,0.0,0.0,0.0,0.0,0.0,0.0,0.0,0.0,0.0,0.0,0.0,0.0,0.0,0.0,0.0,0.0,0.0,0.0,0.0,0.0,0.0,0.0,0.0,0.0,0.0,-85.0,0.0,0.0,0.0,0.0,0.0,0.0,0.0,Aula26
271,0.0,0.0,0.0,0.0,0.0,0.0,0.0,0.0,0.0,0.0,0.0,0.0,0.0,0.0,0.0,0.0,0.0,0.0,0.0,0.0,0.0,0.0,0.0,0.0,0.0,0.0,0.0,0.0,0.0,0.0,-86.0,-86.0,0.0,0.0,0.0,0.0,0.0,0.0,0.0,0.0,0.0,-82.0,0.0,0.0,0.0,0.0,0.0,0.0,0.0,0.0,-77.0,-78.0,0.0,0.0,0.0,0.0,-85.0,-85.0,-60.0,-59.0,-58.0,-58.0,-68.0,-68.0,-82.0,-82.0,0.0,0.0,0.0,0.0,0.0,0.0,0.0,0.0,0.0,0.0,0.0,0.0,0.0,0.0,0.0,0.0,0.0,0.0,0.0,0.0,0.0,0.0,0.0,0.0,0.0,0.0,0.0,0.0,0.0,0.0,0.0,0.0,0.0,0.0,0.0,0.0,0.0,0.0,0.0,0.0,0.0,0.0,0.0,0.0,Aula26
272,0.0,0.0,0.0,0.0,0.0,0.0,0.0,0.0,0.0,0.0,0.0,0.0,0.0,0.0,0.0,0.0,0.0,0.0,0.0,0.0,0.0,0.0,0.0,0.0,0.0,0.0,0.0,0.0,-81.0,-80.0,-86.0,-86.0,0.0,0.0,0.0,0.0,0.0,0.0,0.0,0.0,0.0,0.0,0.0,0.0,0.0,0.0,0.0,0.0,0.0,0.0,-78.0,-78.0,0.0,0.0,-68.0,-69.0,0.0,0.0,-59.0,-59.0,-58.0,-58.0,-67.0,-66.0,-82.0,-82.0,0.0,0.0,0.0,0.0,0.0,0.0,-91.0,0.0,0.0,0.0,0.0,0.0,0.0,0.0,0.0,0.0,0.0,0.0,0.0,0.0,0.0,0.0,0.0,0.0,0.0,0.0,0.0,0.0,0.0,0.0,0.0,0.0,0.0,0.0,0.0,0.0,0.0,0.0,0.0,0.0,0.0,0.0,0.0,0.0,Aula26
273,0.0,0.0,0.0,0.0,0.0,0.0,0.0,0.0,0.0,0.0,0.0,0.0,0.0,0.0,0.0,0.0,0.0,0.0,0.0,0.0,0.0,0.0,0.0,0.0,0.0,0.0,0.0,0.0,-80.0,-80.0,-86.0,-86.0,0.0,0.0,0.0,0.0,0.0,0.0,0.0,0.0,0.0,0.0,0.0,0.0,0.0,0.0,0.0,0.0,0.0,0.0,0.0,0.0,0.0,0.0,-70.0,-70.0,-84.0,-84.0,-60.0,-60.0,-58.0,-57.0,0.0,-66.0,-82.0,-81.0,0.0,0.0,0.0,0.0,0.0,0.0,0.0,0.0,0.0,0.0,0.0,0.0,0.0,0.0,0.0,0.0,0.0,0.0,0.0,0.0,0.0,0.0,0.0,0.0,0.0,0.0,0.0,0.0,0.0,0.0,0.0,0.0,0.0,0.0,0.0,0.0,0.0,0.0,0.0,0.0,0.0,0.0,0.0,0.0,Aula26
274,0.0,-76.0,0.0,0.0,0.0,0.0,0.0,0.0,0.0,0.0,0.0,0.0,0.0,0.0,0.0,0.0,0.0,0.0,0.0,0.0,0.0,0.0,0.0,0.0,0.0,0.0,0.0,0.0,-81.0,-81.0,-87.0,-86.0,0.0,0.0,0.0,0.0,0.0,0.0,0.0,0.0,0.0,0.0,0.0,0.0,0.0,0.0,0.0,0.0,0.0,0.0,-77.0,0.0,0.0,0.0,0.0,-69.0,-82.0,-82.0,-60.0,-60.0,-58.0,-58.0,-67.0,0.0,-81.0,-81.0,0.0,0.0,0.0,0.0,0.0,0.0,0.0,0.0,0.0,0.0,0.0,0.0,0.0,0.0,0.0,0.0,0.0,0.0,0.0,0.0,0.0,0.0,0.0,0.0,0.0,0.0,0.0,0.0,0.0,0.0,0.0,0.0,0.0,0.0,0.0,0.0,0.0,0.0,0.0,0.0,0.0,0.0,0.0,0.0,Aula26
275,-93.0,0.0,0.0,0.0,0.0,0.0,0.0,0.0,0.0,0.0,0.0,0.0,0.0,0.0,0.0,0.0,0.0,0.0,0.0,0.0,0.0,0.0,0.0,0.0,0.0,0.0,0.0,0.0,-81.0,-81.0,-86.0,-86.0,0.0,0.0,0.0,0.0,0.0,0.0,0.0,0.0,0.0,0.0,0.0,0.0,0.0,0.0,0.0,0.0,0.0,0.0,0.0,0.0,0.0,0.0,0.0,-69.0,-84.0,-84.0,-59.0,-59.0,-58.0,-58.0,0.0,-67.0,-81.0,-82.0,0.0,0.0,0.0,0.0,0.0,0.0,-89.0,0.0,0.0,0.0,0.0,0.0,0.0,0.0,0.0,0.0,0.0,0.0,0.0,0.0,0.0,0.0,0.0,0.0,0.0,0.0,0.0,0.0,0.0,0.0,0.0,0.0,0.0,0.0,0.0,0.0,0.0,0.0,0.0,0.0,0.0,0.0,0.0,0.0,Aula26
276,0.0,-74.0,0.0,0.0,0.0,0.0,0.0,0.0,0.0,0.0,0.0,0.0,0.0,0.0,0.0,0.0,0.0,0.0,0.0,0.0,0.0,0.0,0.0,0.0,0.0,0.0,0.0,0.0,-81.0,-81.0,-86.0,-85.0,0.0,0.0,0.0,0.0,0.0,0.0,0.0,0.0,-84.0,-84.0,0.0,0.0,0.0,0.0,0.0,0.0,-85.0,-85.0,0.0,-78.0,0.0,0.0,-68.0,-70.0,-84.0,-85.0,-59.0,-59.0,-59.0,-59.0,-66.0,-66.0,-80.0,-80.0,0.0,0.0,0.0,0.0,0.0,0.0,0.0,0.0,0.0,0.0,0.0,0.0,0.0,0.0,0.0,0.0,0.0,0.0,0.0,0.0,0.0,0.0,0.0,0.0,0.0,0.0,0.0,0.0,0.0,0.0,0.0,0.0,0.0,0.0,0.0,0.0,0.0,0.0,0.0,0.0,0.0,0.0,0.0,0.0,Aula26
277,0.0,0.0,0.0,0.0,0.0,0.0,0.0,0.0,0.0,0.0,0.0,0.0,0.0,0.0,0.0,0.0,0.0,0.0,0.0,0.0,0.0,0.0,0.0,0.0,0.0,0.0,0.0,0.0,-83.0,-83.0,-85.0,-86.0,0.0,0.0,0.0,0.0,0.0,0.0,0.0,0.0,0.0,-84.0,0.0,0.0,0.0,0.0,0.0,0.0,0.0,0.0,-79.0,0.0,0.0,0.0,-70.0,0.0,-84.0,-83.0,0.0,0.0,-59.0,-59.0,0.0,-66.0,-78.0,-78.0,0.0,0.0,0.0,0.0,0.0,0.0,0.0,0.0,0.0,0.0,0.0,0.0,0.0,0.0,0.0,0.0,0.0,0.0,0.0,0.0,0.0,0.0,0.0,0.0,0.0,0.0,0.0,0.0,0.0,0.0,0.0,0.0,0.0,0.0,0.0,0.0,0.0,0.0,0.0,0.0,0.0,0.0,0.0,0.0,Aula26
278,0.0,0.0,0.0,0.0,0.0,0.0,0.0,0.0,0.0,0.0,0.0,0.0,0.0,0.0,0.0,0.0,0.0,0.0,0.0,0.0,0.0,0.0,0.0,0.0,-87.0,0.0,0.0,0.0,0.0,0.0,-85.0,-86.0,0.0,0.0,0.0,0.0,0.0,0.0,0.0,0.0,-84.0,-84.0,0.0,0.0,0.0,0.0,0.0,0.0,0.0,0.0,0.0,0.0,0.0,0.0,0.0,0.0,-84.0,-84.0,-51.0,-51.0,-61.0,-61.0,0.0,0.0,-80.0,-80.0,0.0,0.0,0.0,0.0,0.0,0.0,0.0,0.0,0.0,0.0,0.0,0.0,0.0,0.0,0.0,0.0,0.0,0.0,0.0,0.0,0.0,0.0,0.0,0.0,0.0,0.0,0.0,0.0,0.0,0.0,0.0,0.0,0.0,0.0,0.0,0.0,0.0,0.0,0.0,0.0,0.0,0.0,0.0,0.0,Aula26
279,0.0,-83.0,0.0,0.0,0.0,0.0,0.0,0.0,0.0,0.0,0.0,0.0,0.0,0.0,0.0,0.0,0.0,0.0,0.0,0.0,0.0,0.0,0.0,0.0,0.0,0.0,0.0,0.0,-82.0,0.0,-85.0,-85.0,0.0,0.0,0.0,0.0,0.0,0.0,0.0,0.0,0.0,0.0,0.0,0.0,0.0,0.0,0.0,0.0,0.0,0.0,0.0,0.0,0.0,0.0,0.0,-70.0,-85.0,-85.0,-51.0,-51.0,-60.0,-60.0,-66.0,-66.0,-81.0,-80.0,0.0,0.0,0.0,0.0,0.0,0.0,0.0,0.0,0.0,0.0,0.0,0.0,0.0,0.0,0.0,0.0,0.0,0.0,0.0,0.0,0.0,0.0,0.0,0.0,0.0,0.0,0.0,0.0,0.0,0.0,0.0,0.0,0.0,0.0,0.0,0.0,0.0,0.0,0.0,0.0,0.0,0.0,0.0,0.0,Aula26
280,0.0,-80.0,0.0,0.0,0.0,0.0,0.0,0.0,0.0,0.0,0.0,0.0,0.0,0.0,0.0,0.0,0.0,0.0,0.0,0.0,0.0,0.0,0.0,0.0,0.0,0.0,0.0,0.0,0.0,0.0,-85.0,-85.0,0.0,0.0,0.0,0.0,0.0,0.0,0.0,0.0,0.0,0.0,0.0,-93.0,0.0,0.0,0.0,0.0,-87.0,-87.0,0.0,0.0,0.0,0.0,-69.0,-69.0,-85.0,-85.0,-51.0,-51.0,-60.0,-60.0,-65.0,-66.0,-79.0,-78.0,0.0,0.0,0.0,0.0,0.0,0.0,0.0,0.0,0.0,0.0,0.0,0.0,0.0,0.0,0.0,0.0,0.0,0.0,0.0,0.0,0.0,0.0,0.0,0.0,0.0,0.0,0.0,0.0,0.0,0.0,0.0,0.0,0.0,0.0,0.0,0.0,0.0,0.0,0.0,0.0,0.0,0.0,0.0,0.0,Aula26
281,0.0,0.0,0.0,0.0,0.0,0.0,0.0,0.0,0.0,0.0,0.0,0.0,0.0,0.0,0.0,0.0,0.0,0.0,0.0,0.0,0.0,0.0,0.0,0.0,0.0,0.0,0.0,0.0,0.0,0.0,-85.0,-85.0,0.0,0.0,0.0,0.0,0.0,0.0,0.0,0.0,0.0,0.0,0.0,0.0,0.0,0.0,0.0,0.0,0.0,0.0,-80.0,-79.0,-96.0,-95.0,0.0,0.0,-85.0,-85.0,0.0,0.0,-61.0,-61.0,0.0,0.0,-79.0,-79.0,0.0,0.0,0.0,0.0,0.0,0.0,0.0,0.0,0.0,0.0,0.0,0.0,0.0,0.0,0.0,-89.0,0.0,0.0,0.0,0.0,0.0,0.0,0.0,0.0,0.0,0.0,0.0,0.0,0.0,0.0,0.0,0.0,0.0,0.0,0.0,0.0,0.0,0.0,0.0,0.0,0.0,0.0,0.0,0.0,Aula26
282,0.0,-80.0,0.0,0.0,0.0,0.0,0.0,0.0,0.0,0.0,0.0,0.0,0.0,0.0,0.0,0.0,0.0,0.0,0.0,0.0,0.0,0.0,0.0,0.0,0.0,0.0,0.0,0.0,0.0,0.0,-85.0,-86.0,0.0,0.0,0.0,0.0,0.0,0.0,0.0,0.0,0.0,0.0,0.0,-94.0,0.0,0.0,0.0,0.0,0.0,0.0,0.0,0.0,0.0,0.0,-70.0,-70.0,-86.0,-86.0,-51.0,-51.0,-60.0,-60.0,-67.0,-67.0,-79.0,-79.0,0.0,0.0,0.0,0.0,0.0,0.0,-89.0,0.0,0.0,0.0,0.0,0.0,0.0,0.0,0.0,-89.0,0.0,0.0,0.0,0.0,0.0,0.0,0.0,0.0,0.0,0.0,0.0,0.0,0.0,0.0,0.0,0.0,0.0,0.0,0.0,0.0,0.0,0.0,0.0,0.0,0.0,0.0,0.0,0.0,Aula26
283,0.0,0.0,0.0,0.0,0.0,0.0,0.0,0.0,0.0,0.0,0.0,0.0,0.0,0.0,0.0,0.0,0.0,0.0,0.0,0.0,0.0,0.0,0.0,0.0,0.0,-87.0,0.0,0.0,-83.0,-83.0,-86.0,-85.0,0.0,0.0,0.0,0.0,0.0,0.0,0.0,0.0,0.0,0.0,0.0,0.0,0.0,0.0,0.0,0.0,0.0,0.0,-79.0,-79.0,-94.0,-94.0,0.0,-70.0,-86.0,0.0,0.0,0.0,-60.0,-60.0,0.0,-66.0,-79.0,-79.0,0.0,0.0,0.0,0.0,0.0,0.0,0.0,0.0,0.0,0.0,0.0,0.0,0.0,0.0,0.0,-90.0,0.0,0.0,0.0,0.0,0.0,0.0,0.0,0.0,0.0,0.0,0.0,0.0,0.0,0.0,0.0,0.0,0.0,0.0,0.0,0.0,0.0,0.0,0.0,0.0,0.0,0.0,0.0,0.0,Aula26
284,0.0,0.0,0.0,0.0,0.0,0.0,0.0,0.0,0.0,0.0,0.0,-87.0,-88.0,0.0,0.0,0.0,0.0,0.0,0.0,0.0,0.0,0.0,0.0,0.0,0.0,0.0,0.0,0.0,0.0,0.0,-86.0,-87.0,0.0,0.0,0.0,0.0,0.0,0.0,0.0,0.0,-84.0,-84.0,0.0,0.0,0.0,0.0,0.0,0.0,0.0,0.0,0.0,0.0,-92.0,0.0,0.0,0.0,-85.0,-86.0,-51.0,-52.0,-60.0,-60.0,0.0,0.0,-85.0,-84.0,0.0,0.0,0.0,0.0,0.0,0.0,0.0,0.0,0.0,0.0,0.0,0.0,0.0,0.0,0.0,-89.0,0.0,0.0,0.0,0.0,0.0,0.0,0.0,0.0,0.0,0.0,0.0,0.0,0.0,0.0,0.0,0.0,0.0,0.0,0.0,0.0,0.0,0.0,0.0,0.0,0.0,0.0,0.0,0.0,Aula26
285,0.0,0.0,0.0,0.0,0.0,0.0,0.0,0.0,0.0,0.0,0.0,0.0,0.0,0.0,0.0,0.0,0.0,0.0,0.0,0.0,0.0,0.0,0.0,0.0,0.0,0.0,0.0,0.0,0.0,0.0,0.0,0.0,0.0,0.0,0.0,0.0,0.0,0.0,0.0,0.0,0.0,0.0,0.0,0.0,0.0,0.0,0.0,0.0,-87.0,-87.0,0.0,0.0,0.0,0.0,-69.0,-68.0,-85.0,-86.0,0.0,0.0,-61.0,-61.0,-67.0,-67.0,-81.0,-81.0,-95.0,0.0,0.0,0.0,0.0,0.0,0.0,0.0,0.0,0.0,0.0,0.0,0.0,0.0,0.0,-91.0,0.0,0.0,0.0,0.0,0.0,0.0,0.0,0.0,0.0,0.0,0.0,0.0,0.0,0.0,0.0,0.0,0.0,0.0,0.0,0.0,0.0,0.0,0.0,0.0,0.0,0.0,0.0,0.0,Aula26
286,0.0,0.0,0.0,0.0,0.0,0.0,0.0,0.0,0.0,0.0,0.0,0.0,0.0,0.0,0.0,0.0,0.0,0.0,0.0,0.0,0.0,0.0,0.0,0.0,0.0,-87.0,0.0,0.0,0.0,0.0,-85.0,-85.0,0.0,0.0,0.0,0.0,0.0,0.0,0.0,0.0,0.0,0.0,0.0,0.0,0.0,0.0,0.0,0.0,-87.0,-88.0,0.0,-81.0,0.0,-92.0,-69.0,-69.0,-85.0,-85.0,0.0,0.0,-61.0,-61.0,-68.0,-68.0,-80.0,-80.0,-91.0,0.0,0.0,0.0,0.0,0.0,0.0,0.0,0.0,0.0,0.0,0.0,0.0,0.0,0.0,0.0,0.0,0.0,0.0,0.0,0.0,0.0,0.0,0.0,0.0,0.0,0.0,0.0,0.0,0.0,0.0,0.0,0.0,0.0,0.0,0.0,-87.0,0.0,0.0,0.0,0.0,0.0,0.0,0.0,Aula26
287,0.0,0.0,0.0,0.0,0.0,0.0,0.0,0.0,0.0,0.0,0.0,0.0,0.0,0.0,0.0,0.0,0.0,0.0,0.0,0.0,0.0,0.0,0.0,0.0,0.0,-88.0,0.0,0.0,-83.0,-85.0,-86.0,-86.0,0.0,0.0,0.0,0.0,0.0,0.0,0.0,0.0,-84.0,-84.0,0.0,0.0,0.0,0.0,0.0,0.0,0.0,0.0,-80.0,-80.0,0.0,0.0,0.0,-71.0,-84.0,0.0,0.0,0.0,-61.0,-61.0,-68.0,0.0,-81.0,-81.0,0.0,0.0,0.0,0.0,0.0,0.0,0.0,0.0,0.0,0.0,0.0,0.0,0.0,0.0,0.0,-90.0,0.0,0.0,0.0,0.0,0.0,0.0,0.0,0.0,0.0,0.0,0.0,0.0,0.0,0.0,0.0,0.0,0.0,0.0,0.0,0.0,0.0,0.0,0.0,0.0,0.0,0.0,0.0,0.0,Aula26
288,0.0,0.0,0.0,0.0,0.0,0.0,0.0,0.0,0.0,0.0,0.0,0.0,0.0,0.0,0.0,0.0,0.0,0.0,0.0,0.0,0.0,0.0,0.0,0.0,0.0,0.0,0.0,0.0,0.0,0.0,-86.0,-86.0,0.0,0.0,0.0,0.0,0.0,0.0,0.0,0.0,0.0,0.0,0.0,0.0,0.0,0.0,0.0,0.0,0.0,0.0,0.0,0.0,0.0,0.0,-69.0,-70.0,-82.0,-85.0,-52.0,-52.0,-61.0,-61.0,-67.0,-68.0,-80.0,-80.0,0.0,0.0,0.0,0.0,0.0,0.0,0.0,0.0,0.0,0.0,0.0,0.0,0.0,0.0,0.0,0.0,0.0,0.0,0.0,0.0,0.0,0.0,0.0,0.0,0.0,0.0,0.0,0.0,0.0,0.0,0.0,0.0,0.0,0.0,0.0,0.0,0.0,0.0,0.0,0.0,0.0,0.0,0.0,0.0,Aula26
289,0.0,0.0,0.0,0.0,0.0,0.0,0.0,0.0,0.0,0.0,0.0,0.0,0.0,0.0,0.0,0.0,0.0,0.0,0.0,0.0,0.0,0.0,0.0,0.0,0.0,0.0,0.0,0.0,-86.0,-87.0,-87.0,-87.0,0.0,0.0,0.0,0.0,0.0,0.0,0.0,0.0,0.0,0.0,0.0,0.0,0.0,0.0,0.0,0.0,0.0,0.0,-79.0,-79.0,-91.0,-91.0,0.0,-69.0,-81.0,-81.0,-54.0,-54.0,-60.0,-60.0,0.0,-66.0,-80.0,-80.0,0.0,0.0,0.0,0.0,0.0,0.0,0.0,0.0,0.0,0.0,0.0,0.0,0.0,0.0,0.0,-89.0,0.0,0.0,0.0,0.0,0.0,0.0,0.0,0.0,0.0,0.0,0.0,0.0,0.0,0.0,0.0,0.0,0.0,0.0,0.0,0.0,0.0,0.0,0.0,0.0,0.0,0.0,0.0,0.0,Aula26
290,0.0,-80.0,0.0,0.0,0.0,0.0,0.0,0.0,0.0,0.0,0.0,0.0,0.0,0.0,0.0,0.0,0.0,0.0,0.0,0.0,0.0,0.0,0.0,0.0,0.0,0.0,0.0,0.0,0.0,0.0,-86.0,-86.0,0.0,0.0,0.0,0.0,0.0,0.0,0.0,0.0,0.0,0.0,0.0,0.0,0.0,0.0,0.0,0.0,0.0,0.0,-79.0,-80.0,-91.0,-91.0,-69.0,-69.0,-80.0,-80.0,-54.0,-53.0,-59.0,-59.0,-67.0,-67.0,-79.0,-79.0,0.0,0.0,0.0,0.0,0.0,0.0,0.0,0.0,0.0,0.0,0.0,0.0,0.0,0.0,0.0,-89.0,0.0,0.0,0.0,0.0,0.0,0.0,0.0,0.0,0.0,0.0,0.0,0.0,0.0,0.0,0.0,0.0,0.0,0.0,0.0,0.0,0.0,0.0,0.0,0.0,0.0,0.0,0.0,0.0,Aula26
291,0.0,0.0,0.0,0.0,0.0,0.0,0.0,0.0,0.0,0.0,0.0,0.0,0.0,0.0,0.0,0.0,0.0,0.0,0.0,0.0,0.0,0.0,0.0,0.0,-87.0,-87.0,0.0,0.0,0.0,0.0,0.0,0.0,0.0,0.0,0.0,0.0,0.0,0.0,0.0,0.0,0.0,0.0,0.0,0.0,0.0,0.0,0.0,0.0,0.0,0.0,-78.0,-78.0,0.0,0.0,0.0,0.0,-81.0,-81.0,0.0,0.0,-60.0,-60.0,-66.0,-66.0,-79.0,-79.0,0.0,0.0,0.0,0.0,0.0,0.0,0.0,0.0,0.0,0.0,0.0,0.0,0.0,0.0,0.0,-88.0,0.0,0.0,0.0,0.0,0.0,0.0,0.0,0.0,0.0,0.0,0.0,0.0,0.0,0.0,0.0,0.0,0.0,0.0,0.0,0.0,0.0,0.0,0.0,0.0,0.0,0.0,0.0,0.0,Aula26
292,0.0,-79.0,0.0,0.0,0.0,0.0,0.0,0.0,0.0,0.0,0.0,0.0,0.0,0.0,0.0,0.0,0.0,0.0,0.0,0.0,0.0,0.0,0.0,0.0,0.0,0.0,0.0,0.0,0.0,-85.0,-89.0,0.0,0.0,0.0,0.0,0.0,0.0,0.0,0.0,0.0,0.0,-84.0,0.0,0.0,0.0,0.0,0.0,0.0,0.0,0.0,0.0,-80.0,0.0,0.0,-69.0,-70.0,-83.0,-82.0,0.0,0.0,-57.0,-57.0,-65.0,-64.0,-85.0,-85.0,0.0,0.0,0.0,0.0,0.0,0.0,0.0,0.0,0.0,0.0,0.0,0.0,0.0,0.0,0.0,-90.0,0.0,0.0,0.0,0.0,0.0,0.0,0.0,0.0,0.0,0.0,0.0,0.0,0.0,0.0,0.0,0.0,0.0,0.0,0.0,0.0,-89.0,0.0,0.0,0.0,0.0,0.0,0.0,0.0,Aula26
293,0.0,-80.0,0.0,0.0,0.0,0.0,0.0,0.0,0.0,0.0,0.0,0.0,-86.0,0.0,0.0,0.0,0.0,0.0,0.0,0.0,0.0,0.0,0.0,0.0,0.0,0.0,0.0,0.0,-82.0,0.0,0.0,0.0,0.0,0.0,0.0,0.0,0.0,0.0,0.0,0.0,-82.0,0.0,0.0,0.0,0.0,0.0,0.0,0.0,-88.0,-87.0,-76.0,-77.0,0.0,0.0,0.0,-68.0,-85.0,-86.0,0.0,0.0,-57.0,-57.0,-70.0,-70.0,-84.0,-83.0,0.0,0.0,0.0,0.0,0.0,0.0,0.0,0.0,0.0,0.0,0.0,0.0,0.0,0.0,0.0,0.0,0.0,0.0,0.0,0.0,0.0,0.0,0.0,0.0,0.0,0.0,0.0,0.0,0.0,0.0,0.0,0.0,0.0,0.0,0.0,0.0,-87.0,0.0,0.0,0.0,0.0,0.0,0.0,0.0,Aula26
294,0.0,0.0,0.0,0.0,0.0,0.0,0.0,0.0,0.0,0.0,0.0,0.0,0.0,0.0,0.0,0.0,0.0,0.0,0.0,0.0,0.0,0.0,0.0,0.0,0.0,0.0,0.0,0.0,0.0,0.0,-87.0,-87.0,0.0,0.0,0.0,0.0,0.0,0.0,0.0,0.0,-82.0,-82.0,0.0,0.0,0.0,0.0,0.0,0.0,-87.0,0.0,-77.0,-77.0,-92.0,0.0,-71.0,0.0,-86.0,-85.0,-47.0,-47.0,-57.0,-57.0,-69.0,-68.0,-81.0,-82.0,0.0,0.0,0.0,0.0,0.0,0.0,0.0,0.0,0.0,0.0,0.0,0.0,0.0,0.0,0.0,0.0,0.0,0.0,0.0,0.0,0.0,0.0,0.0,0.0,0.0,0.0,0.0,0.0,0.0,0.0,0.0,0.0,0.0,0.0,0.0,0.0,0.0,0.0,0.0,0.0,0.0,0.0,0.0,0.0,Aula26
295,0.0,0.0,0.0,0.0,0.0,0.0,0.0,0.0,0.0,0.0,0.0,0.0,0.0,0.0,0.0,0.0,0.0,0.0,0.0,0.0,0.0,0.0,0.0,0.0,0.0,0.0,0.0,0.0,0.0,0.0,-86.0,-86.0,0.0,0.0,0.0,0.0,0.0,0.0,0.0,0.0,0.0,0.0,0.0,0.0,0.0,0.0,0.0,0.0,0.0,0.0,0.0,0.0,-91.0,-91.0,0.0,0.0,-86.0,-85.0,-47.0,-48.0,-57.0,-57.0,0.0,0.0,-81.0,-80.0,0.0,0.0,0.0,0.0,0.0,0.0,0.0,0.0,0.0,0.0,0.0,0.0,0.0,0.0,0.0,-91.0,0.0,0.0,0.0,0.0,0.0,0.0,0.0,0.0,0.0,0.0,0.0,0.0,0.0,0.0,0.0,0.0,0.0,0.0,0.0,0.0,0.0,0.0,0.0,0.0,0.0,0.0,0.0,0.0,Aula26
296,0.0,-79.0,0.0,0.0,0.0,0.0,0.0,0.0,0.0,0.0,0.0,0.0,0.0,0.0,0.0,0.0,0.0,0.0,0.0,0.0,0.0,0.0,0.0,0.0,0.0,0.0,0.0,0.0,0.0,0.0,-86.0,-87.0,0.0,0.0,0.0,0.0,0.0,0.0,0.0,0.0,-81.0,0.0,0.0,0.0,0.0,0.0,0.0,0.0,0.0,0.0,0.0,0.0,-91.0,-91.0,-70.0,-69.0,-86.0,-85.0,-47.0,-47.0,-57.0,-57.0,0.0,0.0,-82.0,-82.0,0.0,0.0,0.0,0.0,0.0,0.0,0.0,0.0,0.0,0.0,0.0,0.0,0.0,0.0,0.0,0.0,0.0,0.0,0.0,0.0,0.0,0.0,0.0,0.0,0.0,-92.0,0.0,0.0,0.0,0.0,0.0,0.0,0.0,0.0,0.0,0.0,-85.0,0.0,0.0,0.0,0.0,0.0,0.0,0.0,Aula26
297,0.0,0.0,0.0,0.0,0.0,0.0,0.0,0.0,0.0,0.0,0.0,0.0,0.0,0.0,0.0,0.0,0.0,0.0,0.0,0.0,0.0,0.0,0.0,0.0,-88.0,0.0,0.0,0.0,-82.0,-84.0,-86.0,0.0,0.0,0.0,0.0,0.0,0.0,0.0,0.0,0.0,0.0,0.0,0.0,0.0,0.0,0.0,0.0,0.0,0.0,0.0,0.0,-78.0,0.0,0.0,-69.0,0.0,-85.0,-86.0,-48.0,-48.0,-57.0,-56.0,0.0,-70.0,-82.0,-82.0,0.0,0.0,0.0,0.0,0.0,0.0,0.0,0.0,0.0,0.0,0.0,0.0,0.0,0.0,0.0,-91.0,0.0,0.0,0.0,0.0,0.0,0.0,0.0,0.0,0.0,0.0,0.0,0.0,0.0,0.0,0.0,0.0,0.0,0.0,0.0,0.0,0.0,0.0,0.0,0.0,0.0,0.0,0.0,0.0,Aula26
298,0.0,0.0,0.0,0.0,0.0,0.0,0.0,0.0,0.0,0.0,0.0,0.0,0.0,0.0,0.0,0.0,0.0,0.0,0.0,0.0,0.0,0.0,0.0,0.0,0.0,0.0,0.0,0.0,-82.0,-83.0,-87.0,-87.0,0.0,0.0,0.0,0.0,0.0,0.0,0.0,0.0,-82.0,-82.0,0.0,0.0,0.0,0.0,0.0,0.0,0.0,0.0,-78.0,-78.0,-91.0,-92.0,-69.0,-70.0,-85.0,-85.0,-47.0,-47.0,-56.0,-56.0,-68.0,-69.0,-82.0,-82.0,0.0,0.0,0.0,0.0,0.0,0.0,-86.0,0.0,0.0,0.0,0.0,0.0,0.0,0.0,0.0,0.0,0.0,0.0,0.0,0.0,0.0,0.0,0.0,0.0,0.0,0.0,0.0,0.0,0.0,0.0,0.0,0.0,0.0,0.0,0.0,0.0,-87.0,0.0,0.0,0.0,0.0,0.0,0.0,0.0,Aula26
299,0.0,-80.0,0.0,0.0,0.0,0.0,0.0,0.0,0.0,-94.0,0.0,0.0,0.0,0.0,0.0,0.0,0.0,0.0,0.0,0.0,0.0,0.0,0.0,0.0,0.0,0.0,0.0,0.0,0.0,0.0,-86.0,-85.0,0.0,0.0,0.0,0.0,0.0,0.0,0.0,0.0,0.0,0.0,0.0,0.0,0.0,0.0,0.0,0.0,0.0,0.0,0.0,-77.0,-92.0,-92.0,0.0,0.0,-85.0,-85.0,0.0,0.0,-57.0,-57.0,0.0,0.0,-83.0,-82.0,0.0,0.0,0.0,0.0,0.0,0.0,0.0,0.0,0.0,0.0,0.0,0.0,0.0,0.0,0.0,0.0,0.0,0.0,0.0,0.0,0.0,0.0,0.0,0.0,0.0,0.0,0.0,0.0,0.0,0.0,0.0,0.0,0.0,0.0,0.0,0.0,0.0,0.0,0.0,0.0,0.0,0.0,0.0,0.0,Aula26
300,0.0,0.0,0.0,0.0,0.0,0.0,0.0,0.0,0.0,0.0,0.0,0.0,0.0,0.0,0.0,0.0,0.0,0.0,0.0,0.0,0.0,0.0,0.0,0.0,0.0,0.0,0.0,0.0,0.0,0.0,0.0,-86.0,0.0,0.0,0.0,0.0,0.0,0.0,0.0,0.0,0.0,0.0,0.0,0.0,0.0,0.0,0.0,0.0,0.0,0.0,-78.0,-78.0,-91.0,0.0,-69.0,0.0,-85.0,-84.0,0.0,0.0,-57.0,-57.0,-68.0,-69.0,-84.0,-83.0,0.0,0.0,0.0,0.0,0.0,0.0,0.0,0.0,0.0,0.0,0.0,0.0,0.0,0.0,0.0,-91.0,0.0,0.0,0.0,0.0,0.0,0.0,0.0,0.0,0.0,0.0,0.0,0.0,0.0,0.0,0.0,0.0,0.0,0.0,0.0,0.0,0.0,0.0,0.0,0.0,0.0,0.0,0.0,0.0,Aula26
301,0.0,-81.0,0.0,0.0,0.0,0.0,0.0,0.0,0.0,0.0,0.0,0.0,0.0,0.0,0.0,0.0,0.0,0.0,0.0,0.0,0.0,0.0,0.0,0.0,0.0,0.0,0.0,0.0,0.0,0.0,0.0,0.0,0.0,0.0,0.0,0.0,0.0,0.0,0.0,0.0,0.0,0.0,0.0,0.0,0.0,0.0,0.0,0.0,0.0,0.0,0.0,0.0,0.0,0.0,-69.0,-69.0,-86.0,-85.0,-48.0,-49.0,-56.0,-56.0,-68.0,-69.0,-86.0,-86.0,0.0,0.0,0.0,0.0,0.0,0.0,0.0,0.0,0.0,0.0,0.0,0.0,0.0,0.0,0.0,-93.0,0.0,0.0,0.0,0.0,0.0,0.0,0.0,0.0,0.0,0.0,0.0,0.0,0.0,0.0,0.0,0.0,0.0,0.0,0.0,0.0,0.0,0.0,0.0,0.0,0.0,0.0,0.0,0.0,Aula26
302,0.0,-80.0,0.0,0.0,0.0,0.0,0.0,0.0,0.0,0.0,0.0,0.0,0.0,0.0,0.0,0.0,0.0,0.0,0.0,0.0,0.0,0.0,0.0,0.0,0.0,0.0,0.0,0.0,0.0,0.0,-87.0,-87.0,0.0,0.0,0.0,0.0,0.0,0.0,0.0,0.0,-82.0,-82.0,0.0,0.0,0.0,0.0,0.0,0.0,0.0,-87.0,-78.0,-78.0,-92.0,-94.0,-69.0,-68.0,-85.0,-85.0,0.0,0.0,-56.0,-56.0,-69.0,-69.0,-88.0,-88.0,0.0,0.0,0.0,0.0,0.0,0.0,0.0,0.0,0.0,0.0,0.0,0.0,0.0,0.0,0.0,-91.0,0.0,0.0,0.0,0.0,0.0,0.0,0.0,0.0,0.0,0.0,0.0,0.0,0.0,0.0,0.0,0.0,0.0,0.0,0.0,0.0,0.0,0.0,0.0,0.0,0.0,0.0,0.0,0.0,Aula26
303,-91.0,0.0,0.0,0.0,0.0,0.0,0.0,0.0,0.0,0.0,0.0,0.0,0.0,0.0,0.0,0.0,0.0,0.0,0.0,0.0,0.0,0.0,0.0,0.0,-88.0,0.0,0.0,0.0,0.0,0.0,-88.0,-87.0,0.0,0.0,0.0,0.0,0.0,0.0,0.0,0.0,0.0,0.0,0.0,0.0,0.0,0.0,0.0,0.0,0.0,0.0,-78.0,-78.0,0.0,0.0,-68.0,0.0,-86.0,-85.0,-49.0,-49.0,-56.0,-56.0,-69.0,0.0,-86.0,-86.0,0.0,0.0,0.0,0.0,0.0,0.0,-94.0,0.0,0.0,0.0,0.0,0.0,0.0,0.0,0.0,0.0,0.0,0.0,0.0,0.0,0.0,0.0,0.0,0.0,0.0,0.0,0.0,0.0,0.0,0.0,0.0,0.0,0.0,0.0,0.0,0.0,0.0,0.0,0.0,0.0,0.0,0.0,0.0,0.0,Aula26
304,0.0,0.0,0.0,0.0,0.0,0.0,0.0,0.0,0.0,0.0,0.0,0.0,0.0,0.0,0.0,0.0,0.0,0.0,0.0,0.0,0.0,0.0,0.0,0.0,0.0,0.0,0.0,0.0,0.0,0.0,-87.0,-87.0,0.0,0.0,0.0,0.0,0.0,0.0,0.0,0.0,0.0,0.0,0.0,0.0,0.0,0.0,0.0,0.0,0.0,0.0,0.0,0.0,-92.0,-93.0,-70.0,-68.0,-85.0,-84.0,0.0,0.0,-56.0,-56.0,-68.0,-67.0,-85.0,-85.0,0.0,0.0,0.0,0.0,0.0,0.0,0.0,0.0,0.0,0.0,0.0,0.0,0.0,0.0,0.0,-92.0,0.0,0.0,0.0,0.0,0.0,0.0,0.0,0.0,0.0,0.0,0.0,0.0,0.0,0.0,0.0,0.0,0.0,0.0,0.0,0.0,0.0,0.0,0.0,0.0,0.0,0.0,0.0,0.0,Aula26
305,0.0,-81.0,0.0,0.0,0.0,0.0,0.0,0.0,0.0,0.0,0.0,0.0,0.0,0.0,0.0,0.0,0.0,0.0,0.0,0.0,0.0,0.0,0.0,0.0,0.0,0.0,0.0,0.0,0.0,0.0,-87.0,-87.0,0.0,0.0,0.0,0.0,0.0,0.0,0.0,0.0,0.0,-81.0,0.0,0.0,0.0,0.0,0.0,0.0,0.0,0.0,-77.0,-77.0,-92.0,-92.0,-69.0,-69.0,-85.0,-85.0,-48.0,-48.0,-55.0,-55.0,-68.0,-68.0,-85.0,-85.0,0.0,0.0,0.0,0.0,0.0,0.0,0.0,0.0,0.0,0.0,0.0,0.0,0.0,0.0,0.0,-89.0,0.0,0.0,0.0,0.0,0.0,0.0,0.0,0.0,0.0,0.0,0.0,0.0,0.0,0.0,0.0,0.0,0.0,0.0,0.0,0.0,0.0,0.0,0.0,0.0,0.0,0.0,0.0,0.0,Aula26
306,-88.0,0.0,0.0,0.0,0.0,0.0,0.0,0.0,0.0,0.0,0.0,0.0,0.0,0.0,0.0,0.0,0.0,0.0,0.0,0.0,0.0,0.0,0.0,0.0,0.0,0.0,0.0,0.0,0.0,0.0,0.0,-86.0,0.0,0.0,0.0,0.0,0.0,0.0,0.0,0.0,0.0,-81.0,0.0,0.0,0.0,0.0,0.0,0.0,0.0,0.0,-78.0,0.0,0.0,0.0,-68.0,-69.0,-85.0,-85.0,-49.0,-49.0,-56.0,-55.0,-76.0,-76.0,-87.0,-87.0,0.0,0.0,0.0,0.0,0.0,0.0,0.0,0.0,0.0,0.0,0.0,0.0,0.0,0.0,0.0,-92.0,0.0,0.0,0.0,0.0,0.0,0.0,0.0,0.0,0.0,0.0,0.0,0.0,0.0,0.0,0.0,0.0,0.0,0.0,0.0,0.0,0.0,0.0,0.0,0.0,0.0,0.0,0.0,0.0,Aula26
307,0.0,0.0,0.0,0.0,0.0,0.0,0.0,0.0,0.0,0.0,0.0,0.0,0.0,0.0,0.0,0.0,0.0,0.0,0.0,0.0,0.0,0.0,0.0,0.0,0.0,0.0,0.0,0.0,0.0,0.0,0.0,-87.0,0.0,0.0,0.0,0.0,0.0,0.0,0.0,0.0,0.0,0.0,0.0,0.0,0.0,0.0,0.0,0.0,0.0,0.0,-79.0,-78.0,-94.0,0.0,-68.0,-68.0,-85.0,-85.0,-48.0,-48.0,-56.0,-56.0,-74.0,-75.0,-85.0,-85.0,0.0,0.0,0.0,0.0,0.0,0.0,0.0,0.0,0.0,0.0,0.0,0.0,0.0,0.0,0.0,0.0,0.0,0.0,0.0,0.0,0.0,0.0,0.0,0.0,0.0,0.0,0.0,0.0,0.0,0.0,0.0,0.0,0.0,0.0,0.0,0.0,0.0,0.0,0.0,0.0,0.0,0.0,0.0,0.0,Aula26
308,0.0,0.0,0.0,0.0,0.0,0.0,0.0,0.0,0.0,0.0,0.0,0.0,0.0,0.0,0.0,0.0,0.0,0.0,0.0,0.0,0.0,0.0,0.0,0.0,0.0,0.0,0.0,0.0,-80.0,0.0,-87.0,-86.0,0.0,0.0,0.0,0.0,0.0,0.0,0.0,0.0,-83.0,-82.0,0.0,0.0,0.0,0.0,0.0,0.0,0.0,0.0,0.0,0.0,-94.0,-93.0,-69.0,-68.0,-85.0,-85.0,-48.0,-48.0,-56.0,-56.0,-75.0,-75.0,-86.0,-85.0,0.0,0.0,0.0,0.0,0.0,0.0,0.0,0.0,0.0,0.0,0.0,0.0,0.0,0.0,0.0,-91.0,0.0,0.0,0.0,0.0,0.0,0.0,0.0,0.0,0.0,0.0,0.0,0.0,0.0,0.0,0.0,0.0,0.0,0.0,0.0,0.0,-81.0,0.0,0.0,0.0,0.0,0.0,0.0,0.0,Aula26
309,0.0,0.0,0.0,0.0,0.0,0.0,0.0,0.0,0.0,0.0,0.0,0.0,0.0,0.0,0.0,0.0,0.0,0.0,0.0,0.0,0.0,0.0,0.0,0.0,0.0,0.0,0.0,0.0,-82.0,-81.0,-87.0,-87.0,0.0,0.0,0.0,0.0,0.0,0.0,0.0,0.0,0.0,0.0,-96.0,0.0,0.0,0.0,0.0,0.0,0.0,0.0,0.0,0.0,-94.0,-94.0,0.0,-69.0,-85.0,-85.0,-48.0,-49.0,-56.0,-56.0,-74.0,0.0,-86.0,-86.0,0.0,0.0,0.0,0.0,0.0,0.0,-92.0,0.0,0.0,0.0,0.0,0.0,0.0,0.0,0.0,0.0,0.0,0.0,0.0,0.0,0.0,0.0,0.0,0.0,0.0,0.0,0.0,0.0,0.0,0.0,0.0,0.0,0.0,0.0,0.0,0.0,0.0,0.0,0.0,0.0,0.0,0.0,0.0,0.0,Aula26
310,0.0,0.0,0.0,0.0,0.0,0.0,0.0,0.0,0.0,0.0,0.0,0.0,-85.0,0.0,0.0,0.0,0.0,0.0,0.0,0.0,0.0,0.0,0.0,0.0,0.0,0.0,0.0,0.0,0.0,0.0,-85.0,-86.0,0.0,0.0,0.0,0.0,0.0,0.0,0.0,0.0,-80.0,-80.0,0.0,0.0,0.0,0.0,0.0,0.0,0.0,-83.0,0.0,0.0,0.0,0.0,0.0,0.0,-82.0,-82.0,0.0,0.0,-64.0,-64.0,0.0,0.0,-86.0,-86.0,0.0,0.0,0.0,0.0,0.0,0.0,0.0,0.0,0.0,0.0,0.0,0.0,0.0,0.0,0.0,0.0,0.0,0.0,0.0,0.0,0.0,0.0,0.0,0.0,0.0,0.0,0.0,0.0,0.0,0.0,0.0,0.0,0.0,0.0,0.0,0.0,0.0,0.0,0.0,0.0,0.0,0.0,0.0,0.0,Aula26
311,0.0,0.0,0.0,0.0,0.0,0.0,0.0,0.0,0.0,0.0,0.0,0.0,0.0,0.0,0.0,0.0,0.0,0.0,0.0,0.0,0.0,0.0,0.0,0.0,0.0,0.0,0.0,0.0,0.0,-81.0,-86.0,-86.0,0.0,0.0,0.0,0.0,0.0,0.0,0.0,0.0,0.0,0.0,0.0,0.0,0.0,0.0,0.0,0.0,0.0,0.0,0.0,0.0,0.0,0.0,-71.0,0.0,-82.0,-84.0,-49.0,-50.0,-66.0,-66.0,-77.0,-77.0,-85.0,-85.0,0.0,0.0,0.0,0.0,0.0,0.0,-88.0,0.0,0.0,0.0,0.0,0.0,0.0,0.0,0.0,0.0,0.0,0.0,0.0,0.0,0.0,0.0,0.0,0.0,0.0,0.0,0.0,0.0,0.0,0.0,0.0,0.0,0.0,0.0,0.0,0.0,0.0,0.0,0.0,0.0,0.0,0.0,0.0,0.0,Aula26
312,0.0,0.0,0.0,0.0,0.0,0.0,0.0,0.0,0.0,0.0,0.0,-85.0,-85.0,0.0,0.0,0.0,0.0,0.0,0.0,0.0,0.0,0.0,0.0,0.0,0.0,0.0,0.0,0.0,-81.0,0.0,-87.0,-87.0,0.0,0.0,0.0,0.0,0.0,0.0,0.0,0.0,-80.0,-81.0,0.0,0.0,0.0,0.0,0.0,0.0,0.0,0.0,-80.0,0.0,-94.0,-95.0,-69.0,-69.0,-84.0,-85.0,0.0,0.0,-64.0,-64.0,-78.0,-78.0,-85.0,-86.0,0.0,0.0,0.0,0.0,0.0,0.0,0.0,0.0,0.0,0.0,0.0,0.0,0.0,-92.0,0.0,0.0,0.0,0.0,0.0,0.0,0.0,0.0,0.0,0.0,0.0,0.0,0.0,0.0,0.0,0.0,0.0,0.0,0.0,0.0,0.0,0.0,0.0,0.0,0.0,0.0,0.0,0.0,0.0,0.0,Aula26
313,-90.0,0.0,0.0,0.0,0.0,0.0,0.0,0.0,0.0,0.0,0.0,0.0,0.0,0.0,0.0,0.0,0.0,0.0,0.0,0.0,0.0,0.0,0.0,0.0,0.0,0.0,0.0,0.0,0.0,-81.0,-86.0,-86.0,0.0,0.0,0.0,0.0,0.0,0.0,0.0,0.0,-78.0,-78.0,0.0,0.0,0.0,0.0,0.0,0.0,0.0,0.0,-80.0,-81.0,-95.0,-95.0,-70.0,-70.0,-84.0,-84.0,-49.0,-49.0,-65.0,-64.0,0.0,-78.0,-84.0,-85.0,0.0,0.0,0.0,0.0,0.0,0.0,0.0,0.0,0.0,0.0,0.0,0.0,0.0,0.0,0.0,0.0,0.0,0.0,0.0,0.0,0.0,0.0,0.0,0.0,0.0,0.0,0.0,0.0,0.0,0.0,0.0,0.0,0.0,0.0,0.0,0.0,0.0,0.0,0.0,0.0,0.0,0.0,0.0,0.0,Aula26
314,-90.0,0.0,0.0,0.0,0.0,0.0,0.0,0.0,0.0,-87.0,0.0,0.0,0.0,0.0,0.0,0.0,0.0,0.0,0.0,0.0,0.0,0.0,0.0,0.0,0.0,-88.0,0.0,0.0,0.0,0.0,-87.0,-87.0,0.0,0.0,0.0,0.0,0.0,0.0,0.0,0.0,0.0,-80.0,0.0,0.0,0.0,0.0,0.0,0.0,-84.0,0.0,0.0,-80.0,-95.0,-96.0,-71.0,-71.0,-84.0,-85.0,0.0,0.0,-62.0,-62.0,-79.0,-77.0,-82.0,-82.0,0.0,0.0,0.0,0.0,0.0,0.0,0.0,0.0,0.0,0.0,0.0,0.0,0.0,0.0,0.0,0.0,0.0,0.0,0.0,0.0,0.0,0.0,0.0,0.0,0.0,0.0,0.0,0.0,0.0,0.0,0.0,0.0,0.0,0.0,0.0,0.0,0.0,0.0,0.0,0.0,0.0,0.0,0.0,0.0,Aula26
315,0.0,0.0,0.0,0.0,0.0,0.0,0.0,0.0,0.0,0.0,0.0,0.0,0.0,0.0,0.0,0.0,0.0,0.0,0.0,0.0,0.0,0.0,0.0,0.0,0.0,0.0,0.0,0.0,0.0,-82.0,-87.0,-86.0,0.0,0.0,0.0,0.0,0.0,0.0,0.0,0.0,-81.0,-80.0,0.0,0.0,0.0,0.0,0.0,0.0,0.0,0.0,0.0,0.0,-95.0,-95.0,-69.0,-71.0,-82.0,-82.0,0.0,0.0,-63.0,-63.0,0.0,0.0,-83.0,-83.0,0.0,0.0,0.0,0.0,0.0,0.0,0.0,0.0,0.0,0.0,0.0,0.0,0.0,0.0,0.0,0.0,0.0,0.0,0.0,0.0,0.0,0.0,0.0,0.0,0.0,0.0,0.0,0.0,0.0,0.0,0.0,0.0,0.0,0.0,0.0,0.0,0.0,0.0,0.0,0.0,0.0,0.0,0.0,0.0,Aula26
316,-91.0,0.0,0.0,0.0,0.0,0.0,0.0,0.0,0.0,-92.0,0.0,0.0,0.0,0.0,0.0,0.0,0.0,0.0,0.0,0.0,0.0,0.0,0.0,0.0,0.0,0.0,0.0,0.0,0.0,0.0,-86.0,-86.0,0.0,0.0,0.0,0.0,0.0,0.0,0.0,0.0,0.0,0.0,0.0,0.0,0.0,0.0,0.0,0.0,-84.0,-84.0,0.0,0.0,-95.0,-96.0,0.0,0.0,-82.0,-82.0,-50.0,-50.0,-62.0,-62.0,0.0,0.0,-85.0,-84.0,-93.0,0.0,0.0,0.0,0.0,0.0,0.0,0.0,0.0,0.0,0.0,0.0,0.0,0.0,0.0,0.0,0.0,0.0,0.0,0.0,0.0,0.0,0.0,0.0,0.0,0.0,0.0,0.0,0.0,0.0,0.0,0.0,0.0,0.0,0.0,0.0,0.0,0.0,0.0,0.0,0.0,0.0,0.0,0.0,Aula26
317,-91.0,0.0,0.0,0.0,0.0,0.0,0.0,0.0,0.0,0.0,0.0,0.0,0.0,0.0,0.0,0.0,0.0,0.0,0.0,0.0,0.0,0.0,0.0,0.0,0.0,0.0,0.0,0.0,0.0,0.0,-86.0,-86.0,0.0,0.0,0.0,0.0,0.0,0.0,0.0,0.0,0.0,0.0,0.0,0.0,0.0,0.0,0.0,0.0,0.0,0.0,-77.0,-78.0,0.0,0.0,-70.0,-70.0,-83.0,-82.0,-50.0,-50.0,-61.0,-61.0,-76.0,0.0,-82.0,-83.0,0.0,0.0,0.0,0.0,0.0,0.0,0.0,0.0,0.0,0.0,0.0,0.0,0.0,0.0,0.0,0.0,0.0,0.0,0.0,0.0,-88.0,0.0,0.0,0.0,0.0,0.0,0.0,0.0,0.0,0.0,0.0,0.0,0.0,0.0,0.0,0.0,0.0,0.0,0.0,0.0,0.0,0.0,0.0,0.0,Aula26
318,0.0,0.0,0.0,0.0,0.0,0.0,0.0,0.0,0.0,0.0,0.0,0.0,0.0,0.0,0.0,0.0,0.0,0.0,0.0,0.0,0.0,0.0,0.0,0.0,0.0,0.0,0.0,0.0,0.0,0.0,-86.0,-86.0,0.0,0.0,0.0,0.0,0.0,0.0,0.0,0.0,0.0,0.0,0.0,0.0,0.0,0.0,0.0,0.0,0.0,0.0,-78.0,-78.0,0.0,0.0,0.0,0.0,-82.0,-82.0,0.0,0.0,-60.0,-60.0,0.0,0.0,-82.0,-82.0,0.0,0.0,0.0,0.0,0.0,0.0,0.0,0.0,0.0,0.0,0.0,0.0,0.0,0.0,0.0,0.0,0.0,0.0,0.0,0.0,0.0,0.0,0.0,0.0,0.0,0.0,0.0,0.0,0.0,0.0,0.0,0.0,0.0,0.0,0.0,0.0,0.0,0.0,0.0,0.0,0.0,0.0,0.0,0.0,Aula26
319,0.0,0.0,0.0,0.0,0.0,0.0,0.0,0.0,0.0,0.0,0.0,-84.0,-84.0,0.0,0.0,0.0,0.0,0.0,0.0,0.0,0.0,0.0,0.0,0.0,0.0,0.0,0.0,0.0,0.0,0.0,-86.0,-86.0,0.0,0.0,0.0,0.0,0.0,0.0,0.0,0.0,-81.0,-81.0,0.0,0.0,0.0,0.0,0.0,0.0,-83.0,-83.0,0.0,0.0,0.0,0.0,-71.0,-70.0,-83.0,-82.0,0.0,0.0,-60.0,-60.0,-80.0,-78.0,-82.0,-83.0,0.0,0.0,0.0,0.0,0.0,0.0,0.0,0.0,0.0,0.0,0.0,0.0,0.0,0.0,0.0,0.0,0.0,0.0,0.0,0.0,0.0,0.0,0.0,0.0,0.0,0.0,0.0,0.0,0.0,0.0,0.0,0.0,0.0,0.0,0.0,0.0,0.0,0.0,0.0,0.0,0.0,0.0,0.0,0.0,Aula26
320,0.0,-84.0,0.0,0.0,0.0,0.0,0.0,0.0,0.0,0.0,0.0,-85.0,-85.0,0.0,0.0,0.0,0.0,0.0,0.0,0.0,0.0,0.0,0.0,0.0,0.0,0.0,0.0,0.0,0.0,0.0,-86.0,-86.0,0.0,0.0,0.0,0.0,0.0,0.0,0.0,0.0,-81.0,-81.0,0.0,0.0,0.0,0.0,0.0,0.0,-83.0,-83.0,-78.0,-78.0,0.0,0.0,-70.0,-70.0,-82.0,-82.0,-50.0,-50.0,-63.0,-63.0,0.0,0.0,-80.0,-80.0,0.0,0.0,0.0,0.0,0.0,0.0,0.0,0.0,0.0,0.0,0.0,0.0,0.0,0.0,0.0,0.0,0.0,0.0,0.0,0.0,0.0,0.0,0.0,0.0,0.0,0.0,0.0,0.0,0.0,0.0,0.0,0.0,0.0,0.0,0.0,0.0,-88.0,0.0,0.0,0.0,0.0,0.0,0.0,0.0,Aula26
321,-90.0,0.0,0.0,0.0,0.0,0.0,0.0,0.0,0.0,0.0,0.0,0.0,0.0,0.0,0.0,0.0,0.0,0.0,0.0,0.0,0.0,0.0,0.0,0.0,0.0,0.0,0.0,0.0,0.0,0.0,-85.0,-85.0,0.0,0.0,0.0,0.0,0.0,0.0,0.0,0.0,0.0,0.0,0.0,0.0,0.0,0.0,0.0,0.0,0.0,-83.0,0.0,0.0,0.0,0.0,-71.0,-70.0,-83.0,-83.0,-50.0,-50.0,-64.0,-64.0,-78.0,-78.0,-80.0,-81.0,0.0,0.0,0.0,0.0,0.0,0.0,0.0,0.0,0.0,0.0,0.0,0.0,0.0,0.0,0.0,0.0,0.0,0.0,0.0,0.0,0.0,0.0,0.0,0.0,0.0,0.0,0.0,0.0,0.0,0.0,0.0,0.0,0.0,0.0,0.0,0.0,0.0,0.0,0.0,0.0,0.0,0.0,0.0,0.0,Aula26
322,-91.0,0.0,0.0,0.0,0.0,0.0,0.0,0.0,0.0,0.0,0.0,0.0,0.0,0.0,0.0,0.0,0.0,0.0,0.0,0.0,0.0,0.0,0.0,0.0,0.0,0.0,0.0,0.0,-82.0,-82.0,-86.0,-85.0,0.0,0.0,0.0,0.0,0.0,0.0,0.0,0.0,0.0,0.0,0.0,0.0,0.0,0.0,0.0,0.0,0.0,0.0,0.0,0.0,0.0,-98.0,-70.0,0.0,-82.0,-82.0,-49.0,-50.0,-64.0,-64.0,-77.0,-78.0,-82.0,-82.0,0.0,0.0,0.0,0.0,0.0,0.0,0.0,0.0,0.0,0.0,0.0,0.0,0.0,0.0,0.0,0.0,0.0,0.0,0.0,0.0,0.0,0.0,0.0,0.0,0.0,0.0,0.0,0.0,0.0,0.0,0.0,0.0,0.0,0.0,0.0,0.0,0.0,0.0,0.0,0.0,0.0,0.0,0.0,0.0,Aula26
323,-89.0,0.0,0.0,0.0,0.0,0.0,0.0,0.0,0.0,0.0,0.0,0.0,0.0,0.0,0.0,0.0,0.0,0.0,0.0,0.0,0.0,0.0,0.0,0.0,0.0,0.0,0.0,0.0,-83.0,0.0,-85.0,-86.0,0.0,0.0,0.0,0.0,0.0,0.0,0.0,0.0,0.0,0.0,0.0,-97.0,0.0,0.0,0.0,0.0,0.0,0.0,-78.0,-78.0,0.0,0.0,-73.0,-71.0,-82.0,-82.0,-50.0,-49.0,-64.0,-64.0,-79.0,-78.0,-86.0,-87.0,0.0,0.0,0.0,0.0,0.0,0.0,0.0,0.0,0.0,0.0,0.0,0.0,0.0,0.0,0.0,0.0,0.0,0.0,0.0,0.0,0.0,0.0,0.0,0.0,0.0,0.0,0.0,0.0,0.0,0.0,0.0,0.0,0.0,0.0,0.0,0.0,0.0,0.0,0.0,0.0,0.0,0.0,0.0,0.0,Aula26
324,-90.0,0.0,0.0,0.0,0.0,0.0,0.0,0.0,0.0,0.0,0.0,0.0,0.0,0.0,0.0,0.0,0.0,0.0,0.0,0.0,0.0,0.0,0.0,0.0,-87.0,-87.0,0.0,0.0,-83.0,-83.0,-85.0,0.0,0.0,0.0,0.0,0.0,0.0,0.0,0.0,0.0,0.0,0.0,0.0,0.0,0.0,0.0,0.0,0.0,0.0,-84.0,0.0,0.0,-96.0,-97.0,-70.0,-73.0,-82.0,-82.0,-49.0,-50.0,-64.0,-63.0,0.0,0.0,-87.0,-87.0,0.0,0.0,0.0,0.0,0.0,0.0,0.0,0.0,0.0,0.0,0.0,0.0,0.0,0.0,0.0,0.0,0.0,0.0,0.0,0.0,0.0,0.0,0.0,0.0,0.0,0.0,0.0,0.0,0.0,0.0,0.0,0.0,0.0,0.0,0.0,0.0,0.0,0.0,0.0,0.0,0.0,0.0,0.0,0.0,Aula26
325,0.0,0.0,0.0,0.0,0.0,0.0,0.0,0.0,0.0,0.0,0.0,0.0,-82.0,0.0,0.0,0.0,0.0,0.0,0.0,0.0,0.0,0.0,0.0,0.0,0.0,0.0,0.0,0.0,0.0,0.0,0.0,-85.0,0.0,0.0,0.0,0.0,0.0,0.0,0.0,0.0,-79.0,-79.0,0.0,0.0,0.0,0.0,0.0,0.0,0.0,0.0,-77.0,0.0,-96.0,-95.0,-72.0,-71.0,-82.0,-82.0,-49.0,-50.0,-62.0,-62.0,-78.0,-78.0,-85.0,-85.0,0.0,0.0,0.0,0.0,0.0,0.0,0.0,0.0,0.0,0.0,0.0,0.0,0.0,0.0,0.0,0.0,0.0,0.0,0.0,0.0,0.0,0.0,0.0,0.0,0.0,0.0,0.0,0.0,0.0,0.0,0.0,0.0,0.0,0.0,0.0,0.0,0.0,0.0,0.0,0.0,0.0,0.0,0.0,0.0,Aula26
326,0.0,0.0,0.0,0.0,0.0,0.0,0.0,0.0,0.0,0.0,0.0,0.0,0.0,0.0,0.0,0.0,0.0,0.0,0.0,0.0,0.0,0.0,0.0,0.0,-87.0,0.0,0.0,0.0,0.0,0.0,-85.0,-85.0,0.0,0.0,0.0,0.0,0.0,0.0,0.0,0.0,0.0,0.0,0.0,0.0,0.0,0.0,0.0,0.0,-82.0,-84.0,0.0,-78.0,0.0,0.0,-72.0,-71.0,-82.0,-82.0,-49.0,-49.0,-61.0,-62.0,-80.0,-79.0,-86.0,-87.0,0.0,0.0,0.0,0.0,0.0,0.0,0.0,0.0,0.0,0.0,0.0,0.0,0.0,0.0,0.0,0.0,0.0,0.0,0.0,0.0,0.0,0.0,-89.0,0.0,0.0,0.0,0.0,0.0,0.0,0.0,0.0,0.0,0.0,0.0,0.0,0.0,0.0,0.0,0.0,0.0,0.0,0.0,0.0,0.0,Aula26
327,-89.0,0.0,0.0,0.0,0.0,0.0,0.0,0.0,0.0,0.0,0.0,0.0,0.0,0.0,0.0,0.0,0.0,0.0,0.0,0.0,0.0,0.0,0.0,0.0,0.0,0.0,0.0,0.0,0.0,0.0,-85.0,-86.0,0.0,0.0,0.0,0.0,0.0,0.0,0.0,0.0,0.0,0.0,0.0,0.0,0.0,0.0,0.0,0.0,0.0,0.0,0.0,0.0,-97.0,-96.0,-71.0,-72.0,-82.0,-82.0,-49.0,-49.0,-63.0,-63.0,-80.0,0.0,0.0,0.0,0.0,0.0,0.0,0.0,0.0,0.0,0.0,0.0,0.0,0.0,0.0,0.0,0.0,0.0,0.0,0.0,0.0,0.0,0.0,0.0,0.0,0.0,0.0,0.0,0.0,0.0,0.0,0.0,0.0,0.0,0.0,0.0,0.0,0.0,0.0,0.0,0.0,0.0,0.0,0.0,0.0,0.0,0.0,0.0,Aula26
328,-89.0,0.0,0.0,0.0,0.0,0.0,0.0,0.0,0.0,0.0,0.0,-84.0,-85.0,0.0,0.0,0.0,0.0,0.0,0.0,0.0,0.0,0.0,0.0,0.0,0.0,0.0,0.0,0.0,0.0,0.0,-85.0,-86.0,0.0,0.0,0.0,0.0,0.0,0.0,0.0,0.0,-79.0,-79.0,-98.0,0.0,0.0,0.0,0.0,0.0,0.0,0.0,0.0,-77.0,0.0,0.0,0.0,0.0,-82.0,-82.0,-48.0,-50.0,-64.0,-64.0,0.0,0.0,-85.0,-86.0,0.0,0.0,0.0,0.0,0.0,0.0,0.0,0.0,0.0,0.0,0.0,0.0,0.0,0.0,0.0,0.0,0.0,0.0,0.0,0.0,0.0,0.0,0.0,0.0,0.0,0.0,0.0,0.0,0.0,0.0,0.0,0.0,0.0,0.0,0.0,0.0,0.0,0.0,0.0,0.0,0.0,0.0,0.0,0.0,Aula26
329,0.0,-82.0,0.0,0.0,0.0,0.0,0.0,0.0,0.0,0.0,0.0,-85.0,0.0,0.0,0.0,0.0,0.0,0.0,0.0,0.0,0.0,0.0,0.0,0.0,0.0,0.0,0.0,0.0,-81.0,0.0,-85.0,-85.0,0.0,0.0,0.0,0.0,0.0,0.0,0.0,0.0,-79.0,-78.0,0.0,0.0,0.0,0.0,0.0,0.0,0.0,-85.0,0.0,-77.0,-96.0,-96.0,0.0,0.0,-83.0,-83.0,-50.0,-49.0,-63.0,-62.0,-81.0,-82.0,-86.0,-86.0,0.0,0.0,0.0,0.0,0.0,0.0,0.0,0.0,0.0,0.0,0.0,0.0,0.0,0.0,0.0,0.0,0.0,0.0,0.0,0.0,-86.0,0.0,-87.0,0.0,0.0,0.0,0.0,0.0,0.0,0.0,0.0,0.0,0.0,0.0,0.0,0.0,0.0,0.0,0.0,0.0,0.0,0.0,0.0,0.0,Aula26
330,0.0,0.0,0.0,0.0,0.0,0.0,0.0,0.0,0.0,0.0,0.0,0.0,0.0,0.0,0.0,0.0,0.0,0.0,0.0,0.0,0.0,0.0,0.0,0.0,0.0,0.0,0.0,0.0,0.0,0.0,-85.0,-85.0,0.0,0.0,0.0,0.0,0.0,0.0,0.0,0.0,0.0,-79.0,0.0,0.0,0.0,0.0,0.0,0.0,-85.0,0.0,0.0,0.0,0.0,0.0,-71.0,0.0,0.0,0.0,-50.0,-50.0,-65.0,-65.0,-80.0,-79.0,-86.0,-86.0,0.0,0.0,0.0,0.0,0.0,0.0,0.0,0.0,0.0,0.0,0.0,0.0,0.0,0.0,0.0,0.0,0.0,0.0,0.0,0.0,0.0,0.0,0.0,0.0,0.0,0.0,0.0,0.0,0.0,0.0,0.0,0.0,0.0,0.0,0.0,0.0,-90.0,0.0,0.0,0.0,0.0,0.0,0.0,0.0,Aula26
331,-91.0,-81.0,0.0,0.0,0.0,0.0,0.0,0.0,0.0,0.0,0.0,0.0,0.0,0.0,0.0,0.0,0.0,0.0,0.0,0.0,0.0,0.0,0.0,0.0,0.0,0.0,0.0,0.0,0.0,0.0,-86.0,-86.0,0.0,0.0,0.0,0.0,0.0,0.0,0.0,0.0,0.0,0.0,0.0,0.0,0.0,0.0,0.0,0.0,0.0,-85.0,0.0,0.0,0.0,0.0,-71.0,-71.0,-81.0,-81.0,-49.0,-49.0,-64.0,-64.0,-81.0,-78.0,-82.0,-82.0,0.0,0.0,0.0,0.0,0.0,0.0,0.0,0.0,0.0,0.0,0.0,0.0,0.0,0.0,0.0,0.0,0.0,0.0,0.0,0.0,0.0,0.0,0.0,0.0,0.0,0.0,-92.0,0.0,0.0,0.0,0.0,0.0,0.0,0.0,0.0,0.0,0.0,0.0,0.0,0.0,0.0,0.0,0.0,0.0,Aula26
332,-91.0,0.0,0.0,0.0,0.0,0.0,0.0,0.0,0.0,0.0,0.0,0.0,0.0,0.0,0.0,0.0,0.0,0.0,0.0,0.0,0.0,0.0,0.0,0.0,0.0,0.0,0.0,0.0,0.0,0.0,-85.0,-84.0,0.0,0.0,0.0,0.0,0.0,0.0,0.0,0.0,0.0,0.0,0.0,0.0,0.0,0.0,0.0,0.0,0.0,0.0,0.0,-78.0,0.0,0.0,-70.0,-71.0,-82.0,-82.0,-49.0,-50.0,-61.0,-61.0,-79.0,0.0,-78.0,-78.0,0.0,0.0,0.0,0.0,0.0,0.0,0.0,0.0,0.0,0.0,0.0,0.0,0.0,0.0,0.0,0.0,0.0,0.0,0.0,0.0,0.0,0.0,0.0,0.0,0.0,0.0,0.0,0.0,0.0,0.0,0.0,0.0,0.0,0.0,0.0,0.0,0.0,0.0,0.0,0.0,0.0,0.0,0.0,0.0,Aula26
333,0.0,-85.0,0.0,0.0,0.0,0.0,0.0,0.0,0.0,0.0,0.0,-84.0,0.0,0.0,0.0,0.0,0.0,0.0,0.0,0.0,0.0,0.0,0.0,0.0,0.0,-87.0,0.0,0.0,0.0,0.0,-86.0,-85.0,0.0,0.0,0.0,0.0,0.0,0.0,0.0,0.0,-79.0,-79.0,0.0,0.0,0.0,0.0,0.0,0.0,-84.0,-85.0,0.0,-78.0,-95.0,-95.0,-71.0,-71.0,-82.0,-82.0,-49.0,-49.0,-62.0,-62.0,-78.0,0.0,-78.0,-78.0,0.0,0.0,0.0,0.0,0.0,0.0,0.0,0.0,0.0,0.0,0.0,0.0,0.0,0.0,0.0,0.0,0.0,0.0,0.0,0.0,0.0,0.0,0.0,0.0,0.0,0.0,0.0,0.0,0.0,0.0,0.0,0.0,0.0,0.0,0.0,0.0,0.0,0.0,0.0,0.0,0.0,0.0,0.0,0.0,Aula26
334,0.0,0.0,0.0,0.0,0.0,0.0,0.0,0.0,0.0,0.0,0.0,-84.0,0.0,0.0,0.0,0.0,0.0,0.0,0.0,0.0,0.0,0.0,0.0,0.0,0.0,0.0,0.0,0.0,0.0,0.0,-84.0,-85.0,0.0,0.0,0.0,0.0,0.0,0.0,0.0,0.0,0.0,0.0,0.0,0.0,0.0,0.0,0.0,0.0,-84.0,-85.0,0.0,0.0,-95.0,-95.0,-72.0,-72.0,-81.0,-80.0,-50.0,-50.0,-62.0,-62.0,-80.0,-79.0,-79.0,-79.0,0.0,0.0,0.0,0.0,0.0,0.0,0.0,0.0,0.0,0.0,0.0,0.0,0.0,0.0,0.0,0.0,0.0,0.0,0.0,0.0,0.0,0.0,0.0,0.0,0.0,0.0,0.0,0.0,0.0,0.0,0.0,0.0,0.0,0.0,0.0,0.0,-87.0,0.0,0.0,0.0,0.0,0.0,0.0,0.0,Aula26
335,-91.0,-81.0,0.0,0.0,0.0,0.0,0.0,0.0,0.0,0.0,0.0,-85.0,-85.0,0.0,0.0,0.0,0.0,0.0,0.0,0.0,0.0,0.0,0.0,0.0,0.0,0.0,0.0,0.0,0.0,-82.0,-85.0,-85.0,0.0,0.0,0.0,0.0,0.0,0.0,0.0,0.0,-79.0,-79.0,0.0,0.0,0.0,0.0,0.0,0.0,-85.0,0.0,-80.0,-79.0,0.0,0.0,-70.0,-72.0,-82.0,-81.0,0.0,0.0,-63.0,-62.0,-79.0,0.0,-81.0,-81.0,0.0,0.0,0.0,0.0,0.0,0.0,0.0,0.0,0.0,0.0,0.0,0.0,0.0,0.0,0.0,0.0,0.0,0.0,0.0,0.0,0.0,0.0,0.0,0.0,0.0,0.0,0.0,0.0,0.0,0.0,0.0,0.0,0.0,0.0,0.0,0.0,-88.0,0.0,0.0,0.0,0.0,0.0,0.0,0.0,Aula26
336,0.0,0.0,0.0,0.0,0.0,0.0,0.0,0.0,0.0,0.0,0.0,0.0,0.0,0.0,0.0,0.0,0.0,0.0,0.0,0.0,0.0,0.0,0.0,0.0,0.0,0.0,0.0,0.0,0.0,0.0,-85.0,-85.0,0.0,0.0,0.0,0.0,0.0,0.0,0.0,0.0,0.0,0.0,0.0,0.0,0.0,0.0,0.0,0.0,0.0,0.0,0.0,0.0,-96.0,-96.0,-71.0,-71.0,-81.0,-81.0,-49.0,-49.0,-63.0,-63.0,-82.0,-79.0,-86.0,-85.0,0.0,0.0,0.0,0.0,0.0,0.0,0.0,0.0,0.0,0.0,0.0,0.0,0.0,0.0,0.0,0.0,0.0,0.0,0.0,0.0,0.0,0.0,0.0,0.0,0.0,0.0,0.0,0.0,0.0,0.0,0.0,0.0,0.0,0.0,0.0,0.0,0.0,0.0,0.0,0.0,0.0,0.0,0.0,0.0,Aula26
337,0.0,-81.0,0.0,0.0,0.0,0.0,0.0,0.0,0.0,0.0,0.0,0.0,0.0,0.0,0.0,0.0,0.0,0.0,0.0,0.0,0.0,0.0,0.0,0.0,0.0,0.0,0.0,0.0,0.0,0.0,-84.0,-84.0,0.0,0.0,0.0,0.0,0.0,0.0,0.0,0.0,0.0,0.0,0.0,0.0,0.0,0.0,0.0,0.0,-85.0,-85.0,0.0,0.0,0.0,0.0,-72.0,-72.0,-81.0,-81.0,-49.0,-49.0,-62.0,-62.0,0.0,0.0,-82.0,-82.0,0.0,0.0,0.0,0.0,0.0,0.0,0.0,0.0,0.0,0.0,0.0,0.0,0.0,0.0,0.0,0.0,0.0,0.0,0.0,0.0,0.0,0.0,0.0,0.0,0.0,-92.0,0.0,0.0,0.0,0.0,0.0,0.0,0.0,0.0,0.0,0.0,0.0,0.0,0.0,0.0,0.0,0.0,0.0,0.0,Aula26
338,0.0,0.0,0.0,0.0,0.0,0.0,0.0,0.0,0.0,0.0,0.0,-83.0,0.0,0.0,0.0,0.0,0.0,0.0,0.0,0.0,0.0,0.0,0.0,0.0,0.0,0.0,0.0,0.0,-84.0,-84.0,-84.0,-84.0,0.0,0.0,0.0,0.0,0.0,0.0,0.0,0.0,-79.0,-79.0,0.0,0.0,0.0,0.0,0.0,0.0,-84.0,-84.0,0.0,0.0,0.0,-96.0,-70.0,-71.0,-81.0,-81.0,-49.0,-49.0,-59.0,-59.0,-79.0,-80.0,-78.0,-78.0,0.0,0.0,0.0,0.0,0.0,0.0,0.0,0.0,0.0,0.0,0.0,0.0,0.0,0.0,0.0,0.0,0.0,0.0,0.0,0.0,0.0,0.0,0.0,0.0,0.0,0.0,0.0,0.0,0.0,0.0,0.0,0.0,0.0,0.0,0.0,0.0,-85.0,0.0,0.0,0.0,0.0,0.0,0.0,0.0,Aula26
339,0.0,0.0,0.0,0.0,0.0,0.0,0.0,0.0,0.0,-90.0,0.0,-83.0,0.0,0.0,0.0,0.0,0.0,0.0,0.0,0.0,0.0,0.0,0.0,0.0,-86.0,-86.0,0.0,0.0,-85.0,-84.0,-87.0,-88.0,0.0,0.0,0.0,0.0,0.0,0.0,0.0,0.0,-81.0,-80.0,0.0,0.0,0.0,0.0,0.0,0.0,-83.0,0.0,0.0,-76.0,0.0,0.0,0.0,-71.0,0.0,-89.0,0.0,0.0,-61.0,-60.0,-77.0,0.0,-79.0,-78.0,0.0,0.0,0.0,0.0,0.0,0.0,0.0,0.0,0.0,0.0,0.0,0.0,0.0,0.0,0.0,0.0,0.0,0.0,0.0,0.0,0.0,0.0,0.0,0.0,0.0,0.0,0.0,0.0,0.0,0.0,0.0,0.0,0.0,0.0,0.0,0.0,0.0,0.0,0.0,0.0,0.0,0.0,0.0,0.0,Aula26
340,-90.0,0.0,0.0,0.0,0.0,0.0,0.0,0.0,0.0,0.0,0.0,0.0,0.0,0.0,0.0,0.0,0.0,0.0,0.0,0.0,0.0,0.0,0.0,0.0,0.0,0.0,0.0,0.0,0.0,0.0,0.0,0.0,0.0,0.0,0.0,0.0,0.0,0.0,0.0,0.0,-80.0,-80.0,0.0,0.0,0.0,0.0,0.0,0.0,0.0,0.0,-80.0,-79.0,0.0,0.0,-69.0,-69.0,-85.0,-85.0,-61.0,-61.0,-58.0,-58.0,-72.0,-71.0,-78.0,-78.0,0.0,0.0,0.0,0.0,0.0,0.0,0.0,0.0,0.0,0.0,0.0,0.0,0.0,0.0,0.0,0.0,0.0,0.0,0.0,0.0,0.0,0.0,0.0,0.0,0.0,0.0,0.0,0.0,0.0,0.0,0.0,0.0,0.0,0.0,0.0,0.0,0.0,0.0,0.0,0.0,0.0,0.0,0.0,0.0,Aula26
341,0.0,-84.0,0.0,0.0,0.0,0.0,0.0,0.0,0.0,-95.0,0.0,0.0,0.0,0.0,0.0,0.0,0.0,0.0,0.0,0.0,0.0,0.0,0.0,0.0,0.0,0.0,0.0,0.0,-84.0,0.0,0.0,0.0,0.0,0.0,0.0,0.0,0.0,0.0,0.0,0.0,0.0,0.0,0.0,0.0,0.0,0.0,0.0,0.0,0.0,0.0,0.0,0.0,0.0,0.0,0.0,0.0,-80.0,-80.0,-48.0,-49.0,-58.0,-58.0,0.0,0.0,-76.0,-77.0,0.0,0.0,0.0,0.0,0.0,0.0,-86.0,0.0,0.0,0.0,0.0,0.0,0.0,0.0,0.0,-94.0,0.0,0.0,0.0,0.0,0.0,0.0,0.0,0.0,0.0,0.0,0.0,0.0,0.0,0.0,0.0,0.0,0.0,0.0,0.0,0.0,0.0,0.0,0.0,0.0,0.0,0.0,0.0,0.0,Aula26
342,0.0,0.0,0.0,0.0,0.0,0.0,0.0,0.0,0.0,0.0,0.0,0.0,0.0,0.0,0.0,0.0,0.0,0.0,0.0,0.0,0.0,0.0,0.0,0.0,0.0,0.0,0.0,0.0,0.0,0.0,0.0,0.0,0.0,0.0,0.0,0.0,0.0,0.0,0.0,0.0,0.0,0.0,0.0,0.0,0.0,0.0,0.0,0.0,0.0,0.0,0.0,0.0,-88.0,-88.0,-73.0,-70.0,-80.0,-80.0,-48.0,-48.0,-57.0,-57.0,-69.0,-69.0,-79.0,-79.0,0.0,0.0,0.0,0.0,0.0,0.0,0.0,0.0,0.0,0.0,0.0,0.0,0.0,0.0,0.0,0.0,0.0,0.0,0.0,0.0,0.0,0.0,0.0,0.0,0.0,0.0,0.0,0.0,0.0,0.0,0.0,0.0,0.0,0.0,0.0,0.0,0.0,0.0,0.0,0.0,0.0,0.0,0.0,0.0,Aula26
343,0.0,0.0,0.0,0.0,0.0,0.0,0.0,0.0,0.0,0.0,0.0,0.0,0.0,0.0,0.0,0.0,0.0,0.0,0.0,0.0,0.0,0.0,0.0,0.0,0.0,0.0,0.0,0.0,-81.0,-82.0,0.0,0.0,0.0,0.0,0.0,0.0,0.0,0.0,0.0,0.0,0.0,0.0,0.0,0.0,0.0,0.0,0.0,0.0,0.0,0.0,0.0,0.0,0.0,0.0,0.0,-70.0,-80.0,-80.0,-48.0,-49.0,-58.0,-58.0,-68.0,-68.0,-79.0,-79.0,0.0,0.0,0.0,0.0,0.0,0.0,-94.0,0.0,0.0,0.0,0.0,0.0,0.0,0.0,0.0,0.0,0.0,0.0,0.0,0.0,0.0,0.0,0.0,0.0,0.0,0.0,0.0,0.0,0.0,0.0,0.0,0.0,0.0,0.0,0.0,0.0,0.0,0.0,0.0,0.0,0.0,0.0,0.0,0.0,Aula26
344,0.0,0.0,0.0,0.0,0.0,0.0,0.0,0.0,0.0,0.0,0.0,0.0,0.0,0.0,0.0,0.0,0.0,0.0,0.0,0.0,0.0,0.0,0.0,0.0,0.0,0.0,0.0,0.0,-82.0,0.0,0.0,0.0,0.0,0.0,0.0,0.0,0.0,0.0,0.0,0.0,0.0,0.0,0.0,0.0,0.0,0.0,0.0,0.0,0.0,0.0,0.0,0.0,-89.0,-88.0,0.0,-71.0,-80.0,-80.0,-48.0,-49.0,-58.0,-58.0,-68.0,-68.0,-79.0,-79.0,0.0,0.0,0.0,0.0,0.0,0.0,-89.0,0.0,0.0,0.0,0.0,0.0,0.0,0.0,0.0,0.0,0.0,0.0,0.0,0.0,0.0,0.0,0.0,0.0,0.0,0.0,0.0,0.0,0.0,0.0,0.0,0.0,0.0,0.0,0.0,0.0,0.0,0.0,0.0,0.0,0.0,0.0,0.0,0.0,Aula26
345,0.0,0.0,0.0,0.0,0.0,0.0,0.0,0.0,0.0,0.0,0.0,0.0,0.0,0.0,0.0,0.0,0.0,0.0,0.0,0.0,0.0,0.0,0.0,0.0,0.0,0.0,0.0,0.0,0.0,0.0,0.0,0.0,0.0,0.0,0.0,0.0,0.0,0.0,0.0,0.0,0.0,0.0,0.0,0.0,0.0,0.0,0.0,0.0,0.0,0.0,-82.0,-82.0,-87.0,0.0,-73.0,-71.0,-80.0,-80.0,-49.0,-48.0,-58.0,-58.0,-69.0,-69.0,-78.0,-78.0,0.0,0.0,0.0,0.0,0.0,0.0,0.0,0.0,0.0,0.0,0.0,0.0,0.0,0.0,0.0,0.0,0.0,0.0,0.0,0.0,0.0,0.0,0.0,0.0,0.0,0.0,0.0,0.0,0.0,0.0,0.0,0.0,0.0,0.0,0.0,0.0,0.0,0.0,0.0,0.0,0.0,0.0,0.0,0.0,Aula26
346,0.0,0.0,0.0,0.0,0.0,0.0,0.0,0.0,0.0,0.0,0.0,0.0,0.0,0.0,0.0,0.0,0.0,0.0,0.0,0.0,0.0,0.0,0.0,0.0,0.0,0.0,0.0,0.0,0.0,0.0,-91.0,-91.0,0.0,0.0,0.0,0.0,0.0,0.0,0.0,0.0,0.0,0.0,0.0,0.0,0.0,0.0,0.0,0.0,0.0,0.0,0.0,0.0,0.0,-87.0,-71.0,-71.0,-81.0,-81.0,-49.0,-49.0,-57.0,-58.0,-68.0,-69.0,-79.0,-79.0,0.0,0.0,0.0,0.0,0.0,0.0,0.0,0.0,0.0,0.0,0.0,0.0,0.0,0.0,0.0,0.0,0.0,0.0,0.0,0.0,0.0,0.0,0.0,0.0,0.0,0.0,0.0,0.0,0.0,0.0,0.0,0.0,0.0,0.0,0.0,0.0,0.0,0.0,0.0,0.0,0.0,0.0,0.0,0.0,Aula26
347,0.0,-81.0,0.0,0.0,0.0,0.0,0.0,0.0,0.0,-92.0,0.0,0.0,0.0,0.0,0.0,0.0,0.0,0.0,0.0,0.0,0.0,0.0,0.0,0.0,-85.0,-86.0,0.0,0.0,0.0,0.0,-91.0,-92.0,0.0,0.0,0.0,0.0,0.0,0.0,0.0,0.0,0.0,0.0,0.0,0.0,0.0,0.0,0.0,0.0,0.0,0.0,-81.0,-79.0,0.0,0.0,0.0,0.0,-81.0,-81.0,-49.0,-50.0,-57.0,-57.0,0.0,0.0,-79.0,-78.0,0.0,0.0,0.0,0.0,0.0,0.0,0.0,0.0,0.0,0.0,0.0,0.0,0.0,0.0,0.0,0.0,0.0,0.0,0.0,0.0,0.0,0.0,0.0,0.0,0.0,0.0,0.0,0.0,0.0,0.0,0.0,0.0,0.0,0.0,0.0,0.0,0.0,0.0,0.0,0.0,0.0,0.0,0.0,0.0,Aula26
348,0.0,0.0,0.0,0.0,0.0,0.0,0.0,0.0,0.0,0.0,0.0,0.0,0.0,0.0,0.0,0.0,0.0,0.0,0.0,0.0,0.0,0.0,0.0,0.0,-86.0,-86.0,0.0,0.0,0.0,-83.0,0.0,0.0,0.0,0.0,0.0,0.0,0.0,0.0,0.0,0.0,0.0,0.0,0.0,0.0,0.0,0.0,0.0,0.0,0.0,0.0,0.0,-82.0,0.0,0.0,-71.0,-71.0,-81.0,-80.0,0.0,0.0,-58.0,-57.0,-70.0,-70.0,-78.0,-78.0,0.0,0.0,0.0,0.0,0.0,0.0,0.0,0.0,0.0,0.0,0.0,0.0,0.0,0.0,0.0,0.0,0.0,0.0,0.0,0.0,0.0,0.0,0.0,0.0,0.0,0.0,0.0,0.0,0.0,0.0,0.0,0.0,0.0,0.0,0.0,0.0,0.0,0.0,0.0,0.0,0.0,0.0,0.0,0.0,Aula26
349,0.0,0.0,0.0,0.0,0.0,0.0,0.0,0.0,0.0,0.0,0.0,0.0,0.0,0.0,0.0,0.0,0.0,0.0,0.0,0.0,0.0,0.0,0.0,0.0,-86.0,-85.0,0.0,0.0,0.0,-85.0,0.0,0.0,0.0,0.0,0.0,0.0,0.0,0.0,0.0,0.0,0.0,0.0,0.0,0.0,0.0,0.0,0.0,0.0,0.0,0.0,0.0,0.0,0.0,0.0,-73.0,-73.0,-81.0,-81.0,0.0,0.0,-58.0,-58.0,0.0,0.0,-78.0,-78.0,0.0,0.0,0.0,0.0,0.0,0.0,0.0,0.0,0.0,0.0,0.0,0.0,0.0,0.0,0.0,0.0,0.0,0.0,0.0,0.0,0.0,0.0,0.0,0.0,0.0,0.0,0.0,0.0,0.0,0.0,0.0,0.0,0.0,0.0,0.0,0.0,0.0,0.0,0.0,0.0,0.0,0.0,0.0,0.0,Aula26
350,0.0,0.0,0.0,0.0,0.0,0.0,0.0,0.0,0.0,0.0,0.0,0.0,0.0,0.0,0.0,0.0,0.0,0.0,0.0,0.0,0.0,0.0,0.0,0.0,-86.0,0.0,0.0,0.0,-82.0,-82.0,-92.0,-92.0,0.0,0.0,0.0,0.0,0.0,0.0,0.0,0.0,0.0,0.0,0.0,0.0,0.0,0.0,0.0,0.0,0.0,0.0,-82.0,-82.0,-90.0,-91.0,0.0,0.0,-81.0,-81.0,-51.0,-50.0,-58.0,-58.0,0.0,0.0,-78.0,-78.0,0.0,0.0,0.0,0.0,0.0,0.0,-94.0,0.0,0.0,0.0,0.0,0.0,0.0,0.0,0.0,0.0,0.0,0.0,0.0,0.0,0.0,0.0,0.0,0.0,0.0,0.0,0.0,0.0,0.0,0.0,0.0,0.0,0.0,0.0,0.0,0.0,0.0,0.0,0.0,0.0,0.0,0.0,0.0,0.0,Aula26
351,0.0,0.0,0.0,0.0,0.0,0.0,0.0,0.0,0.0,0.0,0.0,0.0,0.0,0.0,0.0,0.0,0.0,0.0,0.0,0.0,0.0,0.0,0.0,0.0,0.0,0.0,0.0,0.0,0.0,0.0,-94.0,-94.0,0.0,0.0,0.0,0.0,0.0,0.0,0.0,0.0,0.0,0.0,0.0,0.0,0.0,0.0,0.0,0.0,-88.0,-89.0,0.0,0.0,-90.0,-91.0,0.0,0.0,-80.0,-80.0,0.0,0.0,-58.0,-58.0,-70.0,-70.0,-78.0,-78.0,0.0,0.0,0.0,0.0,0.0,0.0,0.0,0.0,0.0,0.0,0.0,0.0,0.0,0.0,0.0,0.0,0.0,0.0,0.0,0.0,0.0,0.0,0.0,0.0,0.0,0.0,0.0,0.0,0.0,0.0,0.0,0.0,0.0,0.0,0.0,0.0,0.0,0.0,0.0,0.0,0.0,0.0,0.0,0.0,Aula26
352,0.0,0.0,0.0,0.0,0.0,0.0,0.0,0.0,0.0,0.0,0.0,0.0,0.0,0.0,0.0,0.0,0.0,0.0,0.0,0.0,0.0,0.0,0.0,0.0,0.0,0.0,0.0,0.0,0.0,0.0,0.0,0.0,0.0,0.0,0.0,0.0,0.0,0.0,0.0,0.0,0.0,0.0,0.0,0.0,0.0,0.0,0.0,0.0,-88.0,0.0,0.0,0.0,-90.0,0.0,-73.0,-70.0,-81.0,-81.0,-49.0,-49.0,-58.0,-58.0,-69.0,-68.0,-79.0,-79.0,0.0,0.0,0.0,0.0,0.0,0.0,0.0,0.0,0.0,0.0,0.0,0.0,0.0,0.0,0.0,0.0,0.0,0.0,0.0,0.0,0.0,0.0,0.0,0.0,0.0,0.0,0.0,0.0,0.0,0.0,0.0,0.0,0.0,0.0,0.0,0.0,0.0,0.0,0.0,0.0,0.0,0.0,0.0,0.0,Aula26
353,0.0,-79.0,0.0,0.0,0.0,0.0,0.0,0.0,0.0,0.0,0.0,0.0,0.0,0.0,0.0,0.0,0.0,0.0,0.0,0.0,0.0,0.0,0.0,0.0,0.0,0.0,0.0,0.0,0.0,0.0,-92.0,-91.0,0.0,0.0,0.0,0.0,0.0,0.0,0.0,0.0,0.0,0.0,0.0,0.0,0.0,0.0,0.0,0.0,0.0,0.0,0.0,0.0,0.0,0.0,-72.0,-72.0,-81.0,-81.0,0.0,0.0,-57.0,-58.0,-69.0,-70.0,-78.0,-77.0,0.0,0.0,0.0,0.0,0.0,0.0,0.0,0.0,0.0,0.0,0.0,0.0,0.0,0.0,0.0,0.0,0.0,0.0,0.0,0.0,0.0,0.0,0.0,0.0,0.0,0.0,0.0,0.0,0.0,0.0,0.0,0.0,0.0,0.0,0.0,0.0,0.0,0.0,0.0,0.0,0.0,0.0,0.0,0.0,Aula26
354,-93.0,-78.0,0.0,0.0,0.0,0.0,0.0,0.0,0.0,-94.0,0.0,0.0,0.0,0.0,0.0,0.0,0.0,0.0,0.0,0.0,0.0,0.0,0.0,0.0,0.0,0.0,0.0,0.0,-81.0,-81.0,0.0,0.0,0.0,0.0,0.0,0.0,0.0,0.0,0.0,0.0,0.0,0.0,0.0,0.0,0.0,0.0,0.0,0.0,0.0,0.0,-84.0,-83.0,0.0,0.0,0.0,-70.0,-81.0,-80.0,-49.0,-49.0,-57.0,-57.0,0.0,-70.0,-77.0,-76.0,0.0,0.0,0.0,0.0,0.0,0.0,0.0,0.0,0.0,0.0,0.0,0.0,0.0,0.0,0.0,0.0,0.0,0.0,0.0,0.0,0.0,0.0,0.0,0.0,0.0,0.0,0.0,0.0,0.0,0.0,0.0,0.0,0.0,0.0,0.0,0.0,0.0,0.0,0.0,0.0,0.0,0.0,0.0,0.0,Aula26
355,-94.0,-79.0,0.0,0.0,0.0,0.0,0.0,0.0,0.0,0.0,0.0,0.0,-87.0,0.0,0.0,0.0,0.0,0.0,0.0,0.0,0.0,0.0,0.0,0.0,0.0,0.0,0.0,0.0,0.0,0.0,-91.0,0.0,0.0,0.0,0.0,0.0,0.0,0.0,0.0,0.0,0.0,-83.0,0.0,0.0,0.0,0.0,0.0,0.0,0.0,0.0,0.0,0.0,0.0,0.0,-72.0,0.0,-81.0,-81.0,0.0,0.0,-57.0,-57.0,-69.0,-70.0,-77.0,-77.0,0.0,0.0,0.0,0.0,0.0,0.0,0.0,0.0,0.0,0.0,0.0,0.0,0.0,0.0,0.0,0.0,0.0,0.0,0.0,0.0,0.0,0.0,0.0,0.0,0.0,0.0,0.0,0.0,0.0,0.0,0.0,0.0,0.0,0.0,0.0,0.0,0.0,0.0,0.0,0.0,0.0,0.0,0.0,0.0,Aula26
356,0.0,-78.0,0.0,0.0,0.0,0.0,0.0,0.0,0.0,0.0,0.0,0.0,0.0,0.0,0.0,0.0,0.0,0.0,0.0,0.0,0.0,0.0,0.0,0.0,0.0,0.0,0.0,0.0,0.0,0.0,0.0,0.0,0.0,0.0,0.0,0.0,0.0,0.0,0.0,0.0,0.0,0.0,0.0,0.0,0.0,0.0,0.0,0.0,0.0,0.0,0.0,0.0,-94.0,-94.0,0.0,0.0,-82.0,-82.0,-49.0,-50.0,-58.0,-58.0,-70.0,-71.0,-76.0,-76.0,0.0,0.0,0.0,0.0,0.0,0.0,0.0,0.0,0.0,0.0,0.0,0.0,0.0,0.0,0.0,0.0,0.0,0.0,0.0,0.0,0.0,0.0,0.0,0.0,0.0,0.0,0.0,0.0,0.0,0.0,0.0,0.0,0.0,0.0,0.0,0.0,0.0,0.0,0.0,0.0,0.0,0.0,0.0,0.0,Aula26
357,0.0,0.0,0.0,0.0,0.0,0.0,0.0,0.0,0.0,0.0,0.0,0.0,0.0,0.0,0.0,0.0,0.0,0.0,0.0,0.0,0.0,0.0,0.0,0.0,0.0,-86.0,0.0,0.0,0.0,0.0,0.0,0.0,0.0,0.0,0.0,0.0,0.0,0.0,0.0,0.0,-82.0,-82.0,0.0,0.0,0.0,0.0,0.0,0.0,0.0,0.0,0.0,-84.0,0.0,0.0,-73.0,0.0,-82.0,-82.0,0.0,0.0,-57.0,-57.0,-69.0,-70.0,-77.0,-77.0,0.0,0.0,0.0,0.0,0.0,0.0,0.0,0.0,0.0,0.0,0.0,0.0,0.0,0.0,0.0,0.0,0.0,0.0,0.0,0.0,0.0,0.0,0.0,0.0,0.0,0.0,0.0,0.0,0.0,0.0,0.0,0.0,0.0,0.0,0.0,0.0,0.0,0.0,0.0,0.0,0.0,0.0,0.0,0.0,Aula26
358,0.0,0.0,0.0,0.0,0.0,0.0,0.0,0.0,0.0,0.0,0.0,0.0,0.0,0.0,0.0,0.0,0.0,0.0,0.0,0.0,0.0,0.0,0.0,0.0,0.0,-86.0,0.0,0.0,0.0,0.0,0.0,0.0,0.0,0.0,0.0,0.0,0.0,0.0,0.0,0.0,0.0,0.0,0.0,0.0,0.0,0.0,0.0,0.0,0.0,0.0,-84.0,-84.0,0.0,0.0,-72.0,0.0,-82.0,-82.0,0.0,0.0,-58.0,-57.0,-70.0,-70.0,-76.0,-76.0,0.0,0.0,0.0,0.0,0.0,0.0,0.0,0.0,0.0,0.0,0.0,0.0,0.0,0.0,0.0,-94.0,0.0,0.0,0.0,0.0,0.0,0.0,0.0,0.0,0.0,0.0,0.0,0.0,0.0,0.0,0.0,0.0,0.0,0.0,0.0,0.0,0.0,0.0,0.0,0.0,0.0,0.0,0.0,0.0,Aula26
359,0.0,-80.0,0.0,0.0,0.0,0.0,0.0,0.0,0.0,0.0,0.0,0.0,0.0,0.0,0.0,0.0,0.0,0.0,0.0,0.0,0.0,0.0,0.0,0.0,-86.0,-86.0,0.0,0.0,0.0,0.0,0.0,0.0,0.0,0.0,0.0,0.0,0.0,0.0,0.0,0.0,0.0,0.0,0.0,0.0,0.0,0.0,0.0,0.0,0.0,0.0,0.0,0.0,0.0,0.0,0.0,0.0,-82.0,-82.0,-50.0,-50.0,-57.0,-57.0,-70.0,-70.0,-77.0,-78.0,0.0,0.0,0.0,0.0,0.0,0.0,0.0,0.0,0.0,0.0,0.0,0.0,0.0,0.0,0.0,0.0,0.0,0.0,0.0,0.0,0.0,0.0,0.0,0.0,0.0,0.0,0.0,0.0,0.0,0.0,0.0,0.0,0.0,0.0,0.0,0.0,0.0,0.0,0.0,0.0,0.0,0.0,0.0,0.0,Aula26
360,0.0,0.0,0.0,0.0,0.0,0.0,0.0,0.0,0.0,0.0,0.0,0.0,0.0,0.0,0.0,0.0,0.0,0.0,0.0,0.0,0.0,0.0,0.0,0.0,0.0,0.0,0.0,0.0,0.0,0.0,-91.0,-92.0,0.0,0.0,0.0,0.0,0.0,0.0,0.0,0.0,-82.0,0.0,0.0,0.0,0.0,0.0,0.0,0.0,0.0,-90.0,0.0,0.0,-92.0,-92.0,-74.0,-72.0,-82.0,-82.0,-49.0,-49.0,-58.0,-57.0,-70.0,0.0,-77.0,-78.0,0.0,0.0,0.0,0.0,0.0,0.0,0.0,0.0,0.0,0.0,0.0,0.0,0.0,0.0,0.0,0.0,0.0,0.0,0.0,0.0,0.0,0.0,0.0,0.0,0.0,0.0,0.0,0.0,0.0,0.0,0.0,0.0,0.0,0.0,0.0,0.0,0.0,0.0,0.0,0.0,0.0,0.0,0.0,0.0,Aula26
361,-95.0,0.0,0.0,0.0,0.0,0.0,0.0,0.0,0.0,0.0,0.0,0.0,0.0,0.0,0.0,0.0,0.0,0.0,0.0,0.0,0.0,0.0,0.0,0.0,-86.0,-86.0,0.0,0.0,-84.0,-82.0,0.0,0.0,0.0,0.0,0.0,0.0,0.0,0.0,0.0,0.0,0.0,0.0,0.0,0.0,0.0,0.0,0.0,0.0,0.0,0.0,0.0,0.0,0.0,0.0,0.0,-72.0,-82.0,-82.0,-49.0,-50.0,-58.0,-57.0,0.0,-69.0,-77.0,-77.0,0.0,0.0,0.0,0.0,0.0,0.0,0.0,0.0,0.0,0.0,0.0,0.0,0.0,0.0,0.0,-94.0,0.0,0.0,0.0,0.0,0.0,0.0,0.0,0.0,0.0,0.0,0.0,0.0,0.0,0.0,0.0,0.0,0.0,0.0,0.0,0.0,0.0,0.0,0.0,0.0,0.0,0.0,0.0,0.0,Aula26
362,0.0,0.0,0.0,0.0,0.0,0.0,0.0,0.0,0.0,0.0,0.0,0.0,0.0,0.0,0.0,0.0,0.0,0.0,0.0,0.0,0.0,0.0,0.0,0.0,0.0,0.0,0.0,0.0,0.0,0.0,-92.0,-92.0,0.0,0.0,0.0,0.0,0.0,0.0,0.0,0.0,0.0,0.0,0.0,0.0,0.0,0.0,0.0,0.0,0.0,0.0,0.0,-83.0,-92.0,-92.0,0.0,0.0,-83.0,-83.0,-49.0,-50.0,-57.0,-58.0,0.0,-70.0,-77.0,-77.0,0.0,0.0,0.0,0.0,0.0,0.0,0.0,0.0,0.0,0.0,0.0,0.0,0.0,0.0,0.0,0.0,0.0,0.0,0.0,0.0,0.0,0.0,0.0,0.0,0.0,0.0,0.0,0.0,0.0,0.0,0.0,0.0,0.0,0.0,0.0,0.0,0.0,0.0,0.0,0.0,0.0,0.0,0.0,0.0,Aula26
363,-94.0,0.0,0.0,0.0,0.0,0.0,0.0,0.0,0.0,0.0,0.0,0.0,0.0,0.0,0.0,0.0,0.0,0.0,0.0,0.0,0.0,0.0,0.0,0.0,-86.0,-87.0,0.0,0.0,0.0,0.0,0.0,-88.0,0.0,0.0,0.0,0.0,0.0,0.0,0.0,0.0,0.0,0.0,0.0,0.0,0.0,0.0,0.0,0.0,0.0,0.0,-85.0,-85.0,0.0,0.0,0.0,-73.0,-83.0,-83.0,-49.0,-49.0,-58.0,-58.0,-69.0,0.0,-77.0,-77.0,0.0,0.0,0.0,0.0,0.0,0.0,0.0,0.0,0.0,0.0,0.0,0.0,0.0,0.0,0.0,0.0,0.0,0.0,0.0,0.0,0.0,0.0,0.0,0.0,0.0,0.0,0.0,0.0,0.0,0.0,0.0,0.0,0.0,0.0,0.0,0.0,0.0,0.0,0.0,0.0,0.0,0.0,0.0,0.0,Aula26
364,-94.0,0.0,0.0,0.0,0.0,0.0,0.0,0.0,0.0,0.0,0.0,0.0,0.0,0.0,0.0,0.0,0.0,0.0,0.0,0.0,0.0,0.0,0.0,0.0,0.0,0.0,0.0,0.0,-82.0,-81.0,-92.0,-91.0,0.0,0.0,0.0,0.0,0.0,0.0,0.0,0.0,0.0,0.0,0.0,0.0,0.0,0.0,0.0,0.0,0.0,0.0,0.0,0.0,-91.0,-92.0,-72.0,-72.0,-82.0,-82.0,-49.0,-49.0,-57.0,-57.0,-70.0,-70.0,-77.0,-77.0,0.0,0.0,0.0,0.0,0.0,0.0,0.0,0.0,0.0,0.0,0.0,0.0,0.0,0.0,0.0,0.0,0.0,0.0,0.0,0.0,0.0,0.0,0.0,0.0,0.0,0.0,0.0,0.0,0.0,0.0,0.0,0.0,0.0,0.0,0.0,0.0,-89.0,0.0,0.0,0.0,0.0,0.0,0.0,0.0,Aula26
365,-94.0,-80.0,0.0,0.0,0.0,0.0,0.0,0.0,0.0,0.0,0.0,0.0,0.0,0.0,0.0,0.0,0.0,0.0,0.0,0.0,0.0,0.0,0.0,0.0,0.0,0.0,0.0,0.0,0.0,0.0,0.0,0.0,0.0,0.0,0.0,0.0,0.0,0.0,0.0,0.0,0.0,0.0,0.0,0.0,0.0,0.0,0.0,0.0,0.0,0.0,0.0,0.0,0.0,0.0,-72.0,-74.0,-81.0,-81.0,-49.0,-49.0,-59.0,-59.0,-70.0,0.0,-78.0,-78.0,0.0,0.0,0.0,0.0,0.0,0.0,0.0,0.0,0.0,0.0,0.0,0.0,0.0,0.0,0.0,0.0,0.0,0.0,0.0,0.0,0.0,0.0,0.0,0.0,0.0,0.0,0.0,0.0,0.0,0.0,0.0,0.0,0.0,0.0,0.0,0.0,0.0,0.0,0.0,0.0,0.0,0.0,0.0,0.0,Aula26
366,0.0,-88.0,0.0,0.0,0.0,0.0,0.0,0.0,0.0,-92.0,0.0,0.0,0.0,0.0,0.0,0.0,0.0,0.0,0.0,0.0,0.0,0.0,0.0,0.0,0.0,0.0,0.0,0.0,-80.0,0.0,-93.0,-95.0,0.0,0.0,0.0,0.0,0.0,0.0,0.0,0.0,0.0,-85.0,0.0,0.0,0.0,0.0,0.0,0.0,0.0,-89.0,0.0,0.0,-88.0,-86.0,-71.0,-72.0,-85.0,-85.0,-51.0,-51.0,-59.0,-59.0,-72.0,0.0,-77.0,-77.0,0.0,0.0,0.0,0.0,0.0,0.0,0.0,0.0,0.0,0.0,0.0,0.0,0.0,0.0,0.0,0.0,0.0,0.0,0.0,0.0,0.0,0.0,0.0,0.0,0.0,0.0,0.0,0.0,0.0,0.0,0.0,0.0,0.0,0.0,0.0,0.0,-88.0,0.0,0.0,0.0,0.0,0.0,0.0,0.0,Aula26
367,0.0,0.0,0.0,0.0,0.0,0.0,0.0,0.0,0.0,0.0,0.0,0.0,0.0,0.0,0.0,0.0,0.0,0.0,0.0,0.0,0.0,0.0,0.0,0.0,-88.0,0.0,0.0,0.0,0.0,0.0,0.0,0.0,0.0,0.0,0.0,0.0,0.0,0.0,0.0,0.0,0.0,0.0,0.0,0.0,0.0,0.0,0.0,0.0,0.0,0.0,0.0,0.0,0.0,-88.0,0.0,-72.0,-86.0,-86.0,-53.0,-53.0,-59.0,-59.0,-72.0,-71.0,-77.0,-77.0,0.0,0.0,0.0,0.0,0.0,0.0,0.0,0.0,0.0,0.0,0.0,0.0,0.0,0.0,0.0,0.0,0.0,0.0,0.0,0.0,0.0,0.0,0.0,0.0,0.0,0.0,0.0,0.0,0.0,0.0,0.0,0.0,0.0,0.0,0.0,0.0,0.0,0.0,0.0,0.0,0.0,0.0,0.0,0.0,Aula26
368,-96.0,-87.0,0.0,0.0,0.0,0.0,0.0,0.0,0.0,-95.0,0.0,0.0,0.0,0.0,0.0,0.0,0.0,0.0,0.0,0.0,0.0,0.0,0.0,0.0,0.0,0.0,0.0,0.0,-82.0,-82.0,0.0,0.0,0.0,0.0,0.0,0.0,0.0,0.0,0.0,0.0,0.0,0.0,0.0,0.0,0.0,0.0,0.0,0.0,0.0,0.0,0.0,0.0,-89.0,-87.0,-72.0,0.0,-86.0,-86.0,-55.0,-55.0,-59.0,-60.0,-71.0,-72.0,-78.0,-78.0,0.0,0.0,0.0,0.0,0.0,0.0,0.0,0.0,0.0,0.0,0.0,0.0,0.0,0.0,0.0,0.0,0.0,0.0,0.0,0.0,0.0,0.0,0.0,0.0,0.0,0.0,0.0,0.0,0.0,0.0,0.0,0.0,0.0,0.0,0.0,0.0,-85.0,0.0,0.0,0.0,0.0,0.0,0.0,0.0,Aula26
369,0.0,0.0,0.0,0.0,0.0,0.0,0.0,0.0,0.0,0.0,0.0,0.0,0.0,0.0,0.0,0.0,0.0,0.0,0.0,0.0,0.0,0.0,0.0,0.0,0.0,-87.0,0.0,0.0,0.0,0.0,-91.0,-91.0,0.0,0.0,0.0,0.0,0.0,0.0,0.0,0.0,0.0,0.0,0.0,0.0,0.0,0.0,0.0,0.0,0.0,0.0,-84.0,-84.0,0.0,-91.0,0.0,-70.0,-86.0,-86.0,0.0,0.0,-58.0,-58.0,-74.0,-72.0,-78.0,-78.0,0.0,0.0,0.0,0.0,0.0,0.0,0.0,0.0,0.0,0.0,0.0,0.0,0.0,0.0,0.0,0.0,0.0,0.0,0.0,0.0,0.0,0.0,0.0,0.0,0.0,0.0,0.0,0.0,0.0,0.0,0.0,0.0,0.0,0.0,0.0,0.0,0.0,0.0,0.0,0.0,0.0,0.0,0.0,0.0,Aula26
370,0.0,0.0,0.0,0.0,0.0,0.0,0.0,0.0,0.0,0.0,0.0,0.0,0.0,0.0,0.0,0.0,0.0,0.0,0.0,0.0,0.0,0.0,0.0,0.0,0.0,-86.0,0.0,0.0,0.0,-82.0,0.0,0.0,0.0,0.0,0.0,0.0,0.0,0.0,0.0,0.0,0.0,0.0,0.0,0.0,0.0,0.0,0.0,0.0,0.0,0.0,-83.0,-84.0,0.0,0.0,0.0,-71.0,-87.0,-87.0,0.0,0.0,-59.0,-59.0,-72.0,-72.0,-79.0,-78.0,0.0,0.0,0.0,0.0,0.0,0.0,0.0,0.0,0.0,0.0,0.0,0.0,0.0,0.0,0.0,0.0,0.0,0.0,0.0,0.0,0.0,0.0,0.0,0.0,0.0,0.0,0.0,0.0,0.0,0.0,0.0,0.0,0.0,0.0,0.0,0.0,0.0,0.0,0.0,0.0,0.0,0.0,0.0,0.0,Aula26
371,0.0,-84.0,0.0,0.0,0.0,0.0,0.0,0.0,0.0,-94.0,0.0,0.0,0.0,0.0,0.0,0.0,0.0,0.0,0.0,0.0,0.0,0.0,0.0,0.0,0.0,-87.0,0.0,0.0,-82.0,-82.0,0.0,0.0,0.0,0.0,0.0,0.0,0.0,0.0,0.0,0.0,0.0,0.0,0.0,0.0,0.0,0.0,0.0,0.0,0.0,-91.0,0.0,0.0,0.0,0.0,-72.0,-72.0,-85.0,-85.0,0.0,0.0,-59.0,-59.0,0.0,-71.0,-78.0,-78.0,0.0,0.0,0.0,0.0,0.0,0.0,0.0,0.0,0.0,0.0,0.0,0.0,0.0,0.0,0.0,0.0,0.0,0.0,0.0,0.0,0.0,0.0,0.0,0.0,0.0,0.0,0.0,0.0,0.0,0.0,0.0,0.0,0.0,0.0,0.0,0.0,0.0,0.0,0.0,0.0,0.0,0.0,0.0,0.0,Aula26
372,0.0,0.0,0.0,0.0,0.0,0.0,0.0,0.0,0.0,0.0,0.0,0.0,0.0,0.0,0.0,0.0,0.0,0.0,0.0,0.0,0.0,0.0,0.0,0.0,0.0,0.0,0.0,0.0,-81.0,-81.0,0.0,0.0,0.0,0.0,0.0,0.0,0.0,0.0,0.0,0.0,0.0,0.0,0.0,0.0,0.0,0.0,0.0,0.0,0.0,0.0,-85.0,-84.0,0.0,0.0,0.0,-72.0,-85.0,-85.0,-55.0,-55.0,-59.0,-59.0,0.0,0.0,-77.0,-77.0,0.0,0.0,0.0,0.0,0.0,0.0,-93.0,0.0,0.0,0.0,0.0,0.0,0.0,0.0,0.0,0.0,0.0,0.0,0.0,0.0,0.0,0.0,0.0,0.0,0.0,0.0,0.0,0.0,0.0,0.0,0.0,0.0,0.0,0.0,0.0,0.0,-85.0,0.0,0.0,0.0,0.0,0.0,0.0,0.0,Aula26
373,0.0,-87.0,0.0,0.0,0.0,0.0,0.0,0.0,0.0,0.0,0.0,0.0,0.0,0.0,0.0,0.0,0.0,0.0,0.0,0.0,0.0,0.0,0.0,0.0,0.0,-87.0,0.0,0.0,0.0,0.0,-91.0,-92.0,0.0,0.0,0.0,0.0,-92.0,0.0,0.0,0.0,0.0,0.0,0.0,0.0,0.0,0.0,0.0,0.0,0.0,0.0,-77.0,-77.0,-91.0,-91.0,-77.0,-77.0,-85.0,-85.0,-56.0,-56.0,-57.0,-57.0,-68.0,-69.0,-82.0,-81.0,0.0,0.0,0.0,0.0,0.0,0.0,0.0,0.0,0.0,0.0,0.0,0.0,0.0,0.0,0.0,0.0,0.0,0.0,0.0,0.0,0.0,0.0,0.0,0.0,0.0,0.0,0.0,0.0,0.0,0.0,0.0,0.0,0.0,0.0,0.0,0.0,0.0,0.0,0.0,0.0,0.0,0.0,0.0,0.0,Aula26
374,0.0,0.0,0.0,0.0,0.0,0.0,0.0,0.0,0.0,-92.0,0.0,0.0,0.0,0.0,0.0,0.0,0.0,0.0,0.0,0.0,0.0,0.0,0.0,0.0,0.0,0.0,0.0,0.0,-85.0,-86.0,0.0,-88.0,0.0,0.0,0.0,0.0,0.0,0.0,0.0,0.0,-85.0,-85.0,0.0,0.0,0.0,0.0,0.0,0.0,0.0,0.0,-77.0,-78.0,0.0,0.0,-74.0,0.0,-85.0,-85.0,-54.0,-55.0,-56.0,-56.0,-71.0,0.0,-75.0,-75.0,0.0,0.0,0.0,0.0,0.0,0.0,0.0,0.0,0.0,0.0,0.0,0.0,0.0,0.0,0.0,0.0,0.0,0.0,0.0,0.0,0.0,0.0,-91.0,0.0,0.0,0.0,0.0,0.0,0.0,0.0,0.0,0.0,0.0,0.0,0.0,0.0,0.0,0.0,0.0,0.0,0.0,0.0,0.0,0.0,Aula26
375,0.0,0.0,0.0,0.0,0.0,0.0,0.0,0.0,0.0,0.0,0.0,0.0,0.0,0.0,0.0,0.0,0.0,0.0,0.0,0.0,0.0,0.0,0.0,0.0,0.0,0.0,0.0,0.0,0.0,0.0,-91.0,-90.0,0.0,0.0,0.0,0.0,0.0,0.0,0.0,0.0,0.0,0.0,0.0,0.0,0.0,0.0,0.0,0.0,0.0,0.0,-79.0,-79.0,-91.0,-92.0,0.0,-74.0,-85.0,-85.0,-54.0,-54.0,-56.0,-56.0,-71.0,-71.0,-79.0,-79.0,0.0,0.0,0.0,0.0,0.0,0.0,0.0,0.0,0.0,0.0,0.0,0.0,0.0,0.0,0.0,0.0,0.0,0.0,0.0,0.0,0.0,0.0,0.0,0.0,0.0,-93.0,0.0,0.0,0.0,0.0,0.0,0.0,0.0,0.0,0.0,0.0,0.0,0.0,0.0,0.0,0.0,0.0,0.0,0.0,Aula26
376,0.0,0.0,0.0,0.0,0.0,0.0,0.0,0.0,0.0,0.0,0.0,0.0,0.0,0.0,0.0,0.0,0.0,0.0,0.0,0.0,0.0,0.0,0.0,0.0,0.0,0.0,0.0,0.0,0.0,0.0,-91.0,-89.0,0.0,0.0,0.0,0.0,-90.0,0.0,0.0,0.0,0.0,0.0,0.0,0.0,0.0,0.0,0.0,0.0,0.0,0.0,0.0,-79.0,-91.0,-91.0,-74.0,-74.0,-86.0,-86.0,-54.0,-56.0,-56.0,-57.0,-71.0,-71.0,-78.0,-78.0,0.0,0.0,0.0,0.0,0.0,0.0,0.0,0.0,0.0,0.0,0.0,0.0,0.0,0.0,0.0,0.0,0.0,0.0,0.0,0.0,0.0,0.0,0.0,0.0,0.0,0.0,0.0,0.0,0.0,0.0,0.0,0.0,0.0,0.0,0.0,0.0,0.0,0.0,0.0,0.0,0.0,0.0,0.0,0.0,Aula26
377,0.0,0.0,0.0,0.0,0.0,0.0,0.0,0.0,0.0,-92.0,0.0,0.0,0.0,0.0,0.0,0.0,0.0,0.0,0.0,0.0,0.0,0.0,0.0,0.0,0.0,0.0,0.0,0.0,-82.0,0.0,0.0,0.0,0.0,0.0,0.0,0.0,0.0,0.0,0.0,0.0,0.0,0.0,0.0,0.0,0.0,0.0,0.0,0.0,0.0,0.0,-80.0,0.0,0.0,0.0,0.0,-73.0,-91.0,-91.0,-54.0,-55.0,-58.0,-58.0,0.0,-70.0,0.0,-78.0,0.0,0.0,0.0,0.0,0.0,0.0,-90.0,0.0,0.0,0.0,0.0,0.0,0.0,0.0,0.0,0.0,0.0,0.0,0.0,0.0,0.0,0.0,0.0,0.0,0.0,0.0,0.0,0.0,0.0,0.0,0.0,0.0,0.0,0.0,0.0,0.0,0.0,0.0,0.0,0.0,0.0,0.0,0.0,0.0,Aula26
378,0.0,0.0,0.0,0.0,0.0,0.0,0.0,0.0,0.0,-92.0,0.0,0.0,0.0,0.0,0.0,0.0,0.0,0.0,0.0,0.0,0.0,0.0,0.0,0.0,-89.0,0.0,0.0,0.0,-82.0,-85.0,0.0,0.0,0.0,0.0,0.0,0.0,0.0,0.0,0.0,0.0,0.0,0.0,0.0,0.0,0.0,0.0,0.0,0.0,0.0,0.0,0.0,0.0,0.0,-89.0,-74.0,0.0,-88.0,-89.0,-54.0,-54.0,-58.0,-58.0,-71.0,-71.0,-78.0,-78.0,0.0,0.0,0.0,0.0,0.0,0.0,0.0,0.0,0.0,0.0,0.0,0.0,0.0,0.0,0.0,0.0,0.0,0.0,0.0,0.0,0.0,0.0,0.0,0.0,0.0,0.0,0.0,0.0,0.0,0.0,0.0,0.0,0.0,0.0,0.0,0.0,0.0,0.0,0.0,0.0,0.0,0.0,0.0,0.0,Aula26
379,0.0,-86.0,0.0,0.0,0.0,0.0,0.0,0.0,0.0,0.0,0.0,0.0,0.0,0.0,0.0,0.0,0.0,0.0,0.0,0.0,0.0,0.0,0.0,0.0,-87.0,0.0,0.0,0.0,0.0,0.0,0.0,0.0,0.0,0.0,0.0,0.0,0.0,0.0,0.0,0.0,0.0,0.0,0.0,0.0,0.0,0.0,0.0,0.0,0.0,0.0,-80.0,0.0,-91.0,0.0,-74.0,0.0,-87.0,-87.0,-55.0,-54.0,-58.0,-58.0,-71.0,-71.0,-78.0,-79.0,0.0,0.0,0.0,0.0,0.0,0.0,0.0,0.0,0.0,0.0,0.0,0.0,0.0,0.0,0.0,0.0,0.0,0.0,0.0,0.0,0.0,0.0,0.0,0.0,0.0,0.0,0.0,0.0,0.0,0.0,0.0,0.0,0.0,0.0,0.0,0.0,0.0,0.0,0.0,0.0,0.0,0.0,0.0,0.0,Aula26
380,0.0,0.0,0.0,0.0,0.0,0.0,0.0,0.0,0.0,0.0,0.0,0.0,0.0,0.0,0.0,0.0,0.0,0.0,0.0,0.0,0.0,0.0,0.0,0.0,0.0,0.0,0.0,0.0,0.0,0.0,-90.0,0.0,0.0,0.0,0.0,0.0,0.0,0.0,0.0,0.0,0.0,0.0,0.0,0.0,0.0,0.0,0.0,0.0,0.0,0.0,0.0,0.0,0.0,-94.0,0.0,0.0,-87.0,-87.0,-54.0,-54.0,-57.0,-57.0,0.0,0.0,-78.0,-78.0,0.0,0.0,0.0,0.0,0.0,0.0,0.0,0.0,0.0,0.0,0.0,0.0,0.0,0.0,0.0,0.0,0.0,0.0,0.0,0.0,0.0,0.0,0.0,0.0,0.0,-91.0,0.0,0.0,0.0,0.0,0.0,0.0,0.0,0.0,0.0,0.0,0.0,0.0,0.0,0.0,0.0,0.0,0.0,0.0,Aula26
381,0.0,0.0,0.0,0.0,0.0,0.0,0.0,0.0,-68.0,-62.0,0.0,-72.0,0.0,-74.0,-73.0,0.0,-75.0,0.0,0.0,0.0,0.0,0.0,0.0,0.0,-64.0,-63.0,-79.0,-78.0,-71.0,0.0,-76.0,-75.0,0.0,-68.0,-80.0,-80.0,0.0,0.0,0.0,0.0,0.0,0.0,-88.0,-88.0,0.0,0.0,0.0,0.0,0.0,0.0,0.0,0.0,0.0,0.0,0.0,0.0,0.0,0.0,-86.0,-86.0,0.0,0.0,0.0,0.0,-94.0,-92.0,0.0,0.0,0.0,0.0,0.0,0.0,0.0,0.0,0.0,0.0,0.0,0.0,0.0,0.0,0.0,0.0,0.0,0.0,0.0,0.0,0.0,0.0,0.0,0.0,0.0,0.0,0.0,0.0,0.0,0.0,0.0,0.0,0.0,0.0,0.0,0.0,0.0,0.0,0.0,-87.0,0.0,0.0,0.0,0.0,Aula20
382,0.0,0.0,0.0,0.0,0.0,0.0,0.0,0.0,-67.0,-62.0,0.0,-71.0,0.0,-72.0,-72.0,-76.0,-76.0,0.0,0.0,0.0,0.0,0.0,0.0,0.0,-64.0,-64.0,-79.0,-79.0,-69.0,-68.0,-74.0,-74.0,-73.0,-73.0,-76.0,-77.0,0.0,0.0,0.0,0.0,-78.0,-79.0,-85.0,-86.0,-87.0,-88.0,0.0,0.0,0.0,0.0,0.0,0.0,0.0,0.0,0.0,0.0,0.0,0.0,0.0,-86.0,0.0,0.0,0.0,0.0,0.0,0.0,0.0,0.0,0.0,0.0,0.0,0.0,0.0,0.0,0.0,0.0,0.0,0.0,0.0,0.0,0.0,0.0,0.0,0.0,0.0,0.0,0.0,0.0,0.0,0.0,0.0,0.0,0.0,0.0,0.0,0.0,0.0,0.0,0.0,0.0,0.0,0.0,-81.0,0.0,0.0,0.0,0.0,0.0,0.0,0.0,Aula20
383,0.0,-73.0,0.0,0.0,0.0,0.0,0.0,0.0,-76.0,-63.0,0.0,0.0,-68.0,-73.0,-73.0,-84.0,-84.0,0.0,0.0,0.0,0.0,-85.0,0.0,0.0,-64.0,-63.0,-77.0,-78.0,-76.0,-76.0,-78.0,-79.0,-73.0,-72.0,-83.0,-83.0,0.0,0.0,0.0,0.0,-77.0,-77.0,-91.0,-91.0,0.0,0.0,0.0,0.0,0.0,0.0,0.0,0.0,0.0,0.0,0.0,0.0,0.0,0.0,0.0,-80.0,-94.0,-92.0,0.0,0.0,0.0,0.0,0.0,0.0,0.0,0.0,0.0,0.0,0.0,0.0,0.0,0.0,0.0,0.0,0.0,0.0,0.0,0.0,0.0,0.0,0.0,0.0,0.0,0.0,0.0,0.0,0.0,0.0,0.0,0.0,0.0,0.0,0.0,0.0,0.0,0.0,0.0,0.0,0.0,0.0,0.0,0.0,0.0,0.0,0.0,0.0,Aula20
384,0.0,0.0,0.0,0.0,0.0,0.0,0.0,0.0,-74.0,-64.0,0.0,0.0,0.0,-75.0,-75.0,-82.0,-81.0,0.0,0.0,0.0,-82.0,-82.0,0.0,0.0,-68.0,-70.0,-80.0,-80.0,0.0,-77.0,-68.0,-68.0,-69.0,-69.0,0.0,-81.0,0.0,0.0,-96.0,-96.0,0.0,0.0,-89.0,-89.0,0.0,-80.0,0.0,0.0,0.0,0.0,0.0,0.0,0.0,0.0,0.0,0.0,0.0,0.0,0.0,-80.0,0.0,-92.0,0.0,0.0,0.0,0.0,0.0,0.0,-82.0,0.0,0.0,0.0,0.0,-91.0,-92.0,0.0,0.0,0.0,0.0,0.0,0.0,0.0,0.0,0.0,0.0,0.0,0.0,0.0,0.0,0.0,0.0,0.0,0.0,0.0,0.0,0.0,0.0,0.0,0.0,0.0,0.0,0.0,0.0,-91.0,0.0,-86.0,0.0,0.0,0.0,0.0,Aula20
385,0.0,-81.0,0.0,0.0,0.0,0.0,0.0,0.0,-69.0,-56.0,0.0,0.0,0.0,-71.0,-71.0,0.0,0.0,0.0,0.0,0.0,0.0,-86.0,0.0,-95.0,-58.0,-58.0,-74.0,-74.0,-73.0,-73.0,-72.0,-72.0,-64.0,-65.0,-76.0,-77.0,0.0,0.0,0.0,-93.0,-79.0,-80.0,-89.0,-90.0,-79.0,0.0,0.0,0.0,0.0,0.0,0.0,0.0,0.0,0.0,0.0,0.0,0.0,0.0,0.0,-82.0,-91.0,-91.0,0.0,0.0,0.0,0.0,0.0,0.0,0.0,0.0,-86.0,0.0,0.0,0.0,0.0,0.0,0.0,0.0,0.0,0.0,0.0,0.0,0.0,0.0,-85.0,0.0,0.0,0.0,0.0,0.0,0.0,0.0,0.0,0.0,0.0,0.0,0.0,0.0,0.0,0.0,0.0,0.0,0.0,0.0,0.0,-85.0,0.0,0.0,0.0,0.0,Aula20
386,0.0,-80.0,0.0,0.0,0.0,0.0,0.0,0.0,-69.0,-56.0,0.0,0.0,0.0,-70.0,-70.0,0.0,0.0,0.0,0.0,0.0,-80.0,-80.0,0.0,0.0,-60.0,-60.0,-76.0,-76.0,0.0,0.0,-72.0,-72.0,0.0,0.0,-76.0,-76.0,0.0,0.0,-94.0,-91.0,0.0,0.0,0.0,-91.0,-77.0,-79.0,0.0,0.0,0.0,0.0,0.0,0.0,0.0,0.0,0.0,0.0,0.0,0.0,0.0,0.0,0.0,0.0,0.0,0.0,0.0,0.0,0.0,0.0,0.0,0.0,0.0,0.0,0.0,0.0,0.0,0.0,0.0,0.0,0.0,0.0,0.0,0.0,0.0,0.0,0.0,0.0,0.0,0.0,0.0,0.0,0.0,-87.0,0.0,0.0,0.0,0.0,0.0,0.0,0.0,0.0,0.0,0.0,0.0,0.0,0.0,-86.0,0.0,0.0,0.0,0.0,Aula20
387,0.0,0.0,0.0,0.0,0.0,0.0,0.0,0.0,-70.0,-55.0,0.0,0.0,0.0,-70.0,-70.0,-80.0,-80.0,0.0,0.0,0.0,0.0,-80.0,0.0,0.0,-62.0,-62.0,-75.0,-75.0,0.0,-77.0,-70.0,-70.0,-66.0,0.0,-75.0,-75.0,-86.0,0.0,-94.0,-94.0,0.0,0.0,-89.0,0.0,-78.0,0.0,0.0,0.0,0.0,0.0,0.0,0.0,0.0,0.0,0.0,0.0,0.0,0.0,0.0,0.0,-92.0,-91.0,0.0,0.0,0.0,0.0,-94.0,0.0,0.0,0.0,0.0,0.0,0.0,0.0,0.0,0.0,0.0,0.0,0.0,0.0,0.0,0.0,0.0,0.0,-84.0,0.0,0.0,0.0,0.0,0.0,0.0,0.0,0.0,0.0,0.0,0.0,0.0,0.0,0.0,0.0,0.0,0.0,0.0,0.0,0.0,-87.0,0.0,0.0,0.0,0.0,Aula20
388,0.0,0.0,0.0,0.0,0.0,0.0,0.0,0.0,-70.0,-55.0,0.0,-70.0,-69.0,-70.0,-70.0,0.0,0.0,0.0,0.0,0.0,-78.0,-81.0,0.0,0.0,-59.0,-59.0,-75.0,-75.0,0.0,-76.0,-70.0,-70.0,-64.0,-64.0,-74.0,-75.0,0.0,0.0,0.0,0.0,0.0,0.0,-86.0,-86.0,-79.0,-77.0,0.0,0.0,0.0,0.0,0.0,0.0,0.0,0.0,0.0,0.0,0.0,0.0,-84.0,0.0,0.0,0.0,0.0,0.0,0.0,0.0,0.0,0.0,0.0,0.0,-91.0,0.0,0.0,0.0,0.0,0.0,0.0,0.0,0.0,0.0,0.0,0.0,0.0,0.0,-84.0,0.0,0.0,0.0,0.0,0.0,0.0,-85.0,0.0,0.0,0.0,0.0,0.0,0.0,0.0,0.0,0.0,0.0,-87.0,0.0,0.0,0.0,0.0,0.0,0.0,0.0,Aula20
389,0.0,-77.0,0.0,0.0,0.0,0.0,0.0,0.0,-71.0,-56.0,0.0,-69.0,0.0,-69.0,-69.0,-81.0,-78.0,0.0,0.0,0.0,0.0,-82.0,0.0,0.0,-60.0,-61.0,-71.0,-72.0,-74.0,-74.0,-76.0,-75.0,-67.0,-66.0,-71.0,-71.0,-85.0,-85.0,0.0,0.0,0.0,0.0,-88.0,-87.0,-80.0,-80.0,0.0,0.0,0.0,0.0,0.0,0.0,0.0,0.0,0.0,0.0,0.0,0.0,-84.0,0.0,-91.0,-92.0,0.0,0.0,0.0,0.0,0.0,0.0,0.0,0.0,0.0,0.0,0.0,0.0,0.0,0.0,0.0,0.0,0.0,0.0,0.0,0.0,0.0,0.0,-84.0,0.0,0.0,0.0,0.0,0.0,0.0,0.0,0.0,0.0,0.0,0.0,0.0,0.0,0.0,0.0,0.0,0.0,0.0,0.0,0.0,0.0,0.0,0.0,0.0,0.0,Aula20
390,0.0,0.0,0.0,0.0,0.0,0.0,0.0,0.0,-70.0,-55.0,0.0,0.0,0.0,-73.0,-73.0,-76.0,-77.0,0.0,0.0,0.0,0.0,0.0,0.0,0.0,-61.0,-61.0,-72.0,-71.0,0.0,-72.0,-69.0,-70.0,-61.0,-61.0,-76.0,-77.0,0.0,0.0,0.0,0.0,0.0,0.0,-86.0,-86.0,0.0,-82.0,0.0,0.0,0.0,0.0,0.0,0.0,0.0,0.0,0.0,0.0,0.0,0.0,-80.0,-81.0,-91.0,-89.0,0.0,0.0,0.0,0.0,0.0,0.0,0.0,0.0,0.0,0.0,0.0,0.0,0.0,0.0,0.0,0.0,0.0,0.0,0.0,0.0,0.0,0.0,-85.0,0.0,0.0,0.0,-87.0,0.0,0.0,0.0,0.0,0.0,0.0,0.0,0.0,0.0,0.0,0.0,0.0,0.0,0.0,0.0,0.0,0.0,0.0,0.0,0.0,0.0,Aula20
391,0.0,0.0,0.0,0.0,0.0,0.0,0.0,0.0,-71.0,0.0,0.0,0.0,0.0,-72.0,0.0,0.0,0.0,0.0,0.0,0.0,-84.0,-84.0,0.0,0.0,-60.0,-60.0,-72.0,-72.0,0.0,-71.0,-72.0,-72.0,-62.0,-62.0,-75.0,-75.0,0.0,0.0,0.0,0.0,0.0,0.0,-85.0,-85.0,0.0,-80.0,0.0,0.0,0.0,0.0,0.0,0.0,0.0,0.0,0.0,0.0,0.0,0.0,0.0,0.0,0.0,-91.0,0.0,0.0,-94.0,-92.0,0.0,0.0,0.0,0.0,0.0,0.0,0.0,0.0,0.0,0.0,0.0,0.0,0.0,0.0,0.0,0.0,0.0,0.0,-85.0,0.0,0.0,0.0,0.0,0.0,0.0,0.0,0.0,0.0,0.0,0.0,0.0,0.0,0.0,0.0,0.0,0.0,0.0,0.0,0.0,0.0,0.0,0.0,0.0,0.0,Aula20
392,0.0,0.0,0.0,0.0,0.0,0.0,0.0,0.0,-71.0,-56.0,0.0,-66.0,0.0,-72.0,-72.0,-79.0,-78.0,0.0,0.0,0.0,0.0,-82.0,0.0,0.0,0.0,-60.0,-72.0,-72.0,0.0,0.0,-72.0,-72.0,-61.0,-62.0,-76.0,-76.0,0.0,0.0,0.0,0.0,-76.0,0.0,-86.0,-86.0,-81.0,-82.0,0.0,0.0,0.0,0.0,0.0,0.0,0.0,0.0,0.0,0.0,0.0,0.0,-81.0,-81.0,-94.0,-94.0,0.0,0.0,-92.0,-93.0,0.0,0.0,-88.0,0.0,0.0,0.0,0.0,0.0,0.0,0.0,0.0,0.0,0.0,-91.0,0.0,0.0,0.0,0.0,-84.0,0.0,0.0,0.0,0.0,0.0,0.0,0.0,0.0,0.0,0.0,0.0,0.0,0.0,0.0,0.0,0.0,0.0,0.0,0.0,0.0,0.0,0.0,0.0,0.0,0.0,Aula20
393,0.0,0.0,0.0,0.0,0.0,0.0,0.0,0.0,-72.0,-56.0,0.0,-66.0,-65.0,-72.0,-72.0,0.0,0.0,0.0,0.0,0.0,0.0,0.0,0.0,0.0,0.0,-61.0,-71.0,-72.0,-73.0,-73.0,-72.0,-73.0,-63.0,-62.0,-78.0,-77.0,0.0,0.0,0.0,0.0,0.0,0.0,-87.0,-86.0,0.0,-82.0,0.0,0.0,0.0,0.0,0.0,0.0,0.0,0.0,0.0,0.0,0.0,0.0,0.0,0.0,-92.0,0.0,0.0,0.0,0.0,0.0,0.0,0.0,0.0,0.0,0.0,0.0,0.0,0.0,0.0,0.0,0.0,0.0,-77.0,0.0,0.0,0.0,0.0,0.0,-84.0,0.0,0.0,0.0,0.0,0.0,0.0,-86.0,0.0,0.0,0.0,0.0,0.0,0.0,0.0,0.0,0.0,0.0,0.0,0.0,0.0,-87.0,0.0,0.0,0.0,0.0,Aula20
394,0.0,-80.0,0.0,0.0,0.0,0.0,0.0,0.0,-72.0,-57.0,0.0,0.0,0.0,-73.0,-73.0,0.0,0.0,0.0,0.0,0.0,-80.0,-81.0,0.0,0.0,-60.0,-60.0,-73.0,-73.0,0.0,-72.0,-71.0,-72.0,-63.0,-63.0,-78.0,-78.0,0.0,0.0,-96.0,-96.0,0.0,0.0,-86.0,0.0,-81.0,-81.0,0.0,0.0,0.0,0.0,0.0,0.0,0.0,0.0,0.0,0.0,0.0,0.0,0.0,0.0,0.0,0.0,0.0,0.0,-92.0,-91.0,0.0,0.0,-86.0,0.0,0.0,0.0,0.0,0.0,0.0,0.0,0.0,0.0,0.0,0.0,0.0,0.0,0.0,0.0,-85.0,0.0,0.0,0.0,0.0,0.0,0.0,-86.0,0.0,0.0,0.0,0.0,0.0,0.0,0.0,0.0,0.0,0.0,0.0,0.0,0.0,-86.0,0.0,0.0,0.0,0.0,Aula20
395,0.0,-79.0,0.0,0.0,0.0,0.0,0.0,0.0,-72.0,-56.0,0.0,0.0,-67.0,-72.0,-72.0,-77.0,-77.0,0.0,0.0,0.0,0.0,-80.0,0.0,0.0,-59.0,-59.0,-73.0,-74.0,-72.0,-72.0,-72.0,-72.0,-62.0,-62.0,-77.0,-76.0,0.0,0.0,-96.0,-96.0,0.0,0.0,-89.0,0.0,0.0,-80.0,0.0,0.0,0.0,0.0,0.0,0.0,0.0,0.0,0.0,0.0,0.0,0.0,0.0,0.0,-94.0,0.0,0.0,0.0,-91.0,-92.0,0.0,0.0,-86.0,0.0,0.0,0.0,0.0,0.0,0.0,0.0,0.0,0.0,0.0,0.0,0.0,0.0,0.0,0.0,0.0,0.0,0.0,0.0,0.0,0.0,0.0,0.0,0.0,0.0,0.0,0.0,0.0,0.0,0.0,0.0,0.0,0.0,0.0,0.0,0.0,0.0,0.0,0.0,0.0,0.0,Aula20
396,0.0,-79.0,0.0,0.0,0.0,0.0,0.0,0.0,-71.0,-56.0,0.0,0.0,0.0,-74.0,-74.0,0.0,0.0,0.0,0.0,0.0,0.0,-79.0,0.0,0.0,-61.0,-61.0,-74.0,-73.0,0.0,-73.0,-72.0,-72.0,-63.0,-63.0,-77.0,-77.0,0.0,0.0,0.0,0.0,0.0,0.0,-88.0,-87.0,0.0,-82.0,0.0,0.0,0.0,0.0,0.0,0.0,0.0,0.0,0.0,0.0,0.0,0.0,0.0,0.0,0.0,0.0,0.0,0.0,0.0,0.0,0.0,0.0,0.0,0.0,0.0,0.0,0.0,0.0,0.0,0.0,0.0,0.0,-80.0,0.0,0.0,0.0,0.0,0.0,-85.0,0.0,0.0,0.0,0.0,0.0,0.0,-87.0,0.0,0.0,0.0,0.0,0.0,0.0,0.0,0.0,0.0,0.0,0.0,0.0,0.0,0.0,0.0,0.0,0.0,0.0,Aula20
397,0.0,0.0,0.0,0.0,0.0,0.0,0.0,0.0,-71.0,-56.0,0.0,0.0,0.0,-73.0,-73.0,-77.0,0.0,0.0,0.0,0.0,0.0,-78.0,-96.0,0.0,-60.0,-59.0,-74.0,-74.0,0.0,-74.0,-72.0,-71.0,-62.0,-62.0,-75.0,-75.0,0.0,0.0,-94.0,-94.0,0.0,0.0,-88.0,-87.0,-80.0,0.0,0.0,0.0,0.0,0.0,0.0,0.0,0.0,0.0,0.0,0.0,0.0,0.0,0.0,-82.0,0.0,0.0,0.0,0.0,0.0,-93.0,0.0,0.0,0.0,0.0,0.0,0.0,0.0,0.0,0.0,0.0,0.0,0.0,0.0,0.0,0.0,0.0,0.0,0.0,-85.0,0.0,0.0,0.0,0.0,0.0,0.0,-86.0,0.0,0.0,0.0,0.0,0.0,0.0,0.0,0.0,0.0,0.0,0.0,0.0,0.0,0.0,0.0,0.0,0.0,0.0,Aula20
398,0.0,-80.0,0.0,0.0,0.0,0.0,0.0,0.0,-70.0,-56.0,0.0,0.0,-67.0,-73.0,-73.0,-77.0,-77.0,0.0,0.0,0.0,-79.0,-79.0,0.0,0.0,-59.0,-60.0,-75.0,-74.0,0.0,0.0,-72.0,-71.0,-62.0,-62.0,0.0,0.0,-84.0,0.0,0.0,-96.0,0.0,0.0,-87.0,-86.0,-82.0,-82.0,0.0,0.0,0.0,0.0,0.0,0.0,0.0,0.0,0.0,0.0,0.0,0.0,-82.0,-81.0,0.0,0.0,0.0,0.0,-91.0,-92.0,0.0,0.0,0.0,0.0,0.0,0.0,0.0,0.0,0.0,0.0,0.0,0.0,0.0,0.0,0.0,0.0,0.0,0.0,-85.0,0.0,0.0,0.0,0.0,0.0,0.0,0.0,0.0,0.0,0.0,0.0,0.0,0.0,0.0,0.0,0.0,0.0,0.0,0.0,0.0,0.0,0.0,0.0,0.0,0.0,Aula20
399,0.0,0.0,0.0,0.0,0.0,0.0,0.0,0.0,-70.0,0.0,0.0,0.0,0.0,-74.0,-74.0,0.0,0.0,0.0,0.0,0.0,0.0,0.0,0.0,0.0,-60.0,-60.0,-76.0,-75.0,-74.0,-74.0,-71.0,-72.0,-62.0,-62.0,-75.0,-75.0,-87.0,0.0,0.0,0.0,0.0,0.0,-87.0,-87.0,0.0,0.0,0.0,0.0,0.0,0.0,0.0,0.0,0.0,0.0,0.0,0.0,0.0,0.0,0.0,-82.0,-94.0,-94.0,0.0,0.0,0.0,0.0,0.0,0.0,0.0,0.0,0.0,0.0,0.0,0.0,0.0,0.0,0.0,0.0,-75.0,0.0,0.0,0.0,0.0,0.0,-85.0,0.0,0.0,0.0,0.0,0.0,0.0,0.0,0.0,0.0,0.0,0.0,0.0,0.0,0.0,0.0,0.0,0.0,0.0,0.0,0.0,0.0,0.0,0.0,0.0,0.0,Aula20
400,0.0,0.0,0.0,0.0,0.0,0.0,0.0,0.0,-70.0,-56.0,0.0,-66.0,-66.0,-74.0,-73.0,-77.0,-77.0,0.0,0.0,0.0,-79.0,-79.0,0.0,0.0,-62.0,-62.0,-74.0,-74.0,-74.0,-74.0,-71.0,-72.0,-63.0,-63.0,-77.0,-77.0,0.0,0.0,0.0,-94.0,-75.0,-76.0,-88.0,-89.0,-82.0,-82.0,0.0,0.0,0.0,0.0,0.0,0.0,0.0,0.0,0.0,0.0,0.0,0.0,-82.0,-82.0,-95.0,0.0,0.0,0.0,0.0,0.0,0.0,0.0,-87.0,0.0,0.0,0.0,0.0,0.0,0.0,0.0,0.0,0.0,0.0,0.0,0.0,0.0,0.0,0.0,0.0,0.0,0.0,0.0,0.0,0.0,0.0,0.0,0.0,0.0,0.0,0.0,0.0,0.0,0.0,0.0,0.0,0.0,0.0,0.0,0.0,0.0,0.0,0.0,0.0,0.0,Aula20
401,0.0,-80.0,0.0,0.0,0.0,0.0,0.0,0.0,-70.0,-56.0,0.0,0.0,0.0,-74.0,-75.0,0.0,0.0,0.0,0.0,0.0,-80.0,-80.0,0.0,0.0,0.0,-60.0,-75.0,-76.0,-73.0,-73.0,-72.0,-72.0,-62.0,-62.0,-75.0,-75.0,0.0,0.0,0.0,0.0,-76.0,-76.0,-87.0,-87.0,0.0,0.0,0.0,0.0,0.0,0.0,0.0,0.0,0.0,0.0,0.0,0.0,0.0,0.0,0.0,0.0,0.0,0.0,0.0,0.0,0.0,0.0,0.0,0.0,0.0,0.0,0.0,0.0,0.0,0.0,0.0,0.0,0.0,0.0,0.0,0.0,0.0,0.0,0.0,0.0,-85.0,0.0,0.0,0.0,0.0,0.0,0.0,0.0,0.0,0.0,0.0,0.0,0.0,0.0,0.0,0.0,0.0,0.0,0.0,0.0,0.0,0.0,0.0,0.0,0.0,0.0,Aula20
402,0.0,0.0,0.0,0.0,0.0,0.0,0.0,0.0,-71.0,-56.0,0.0,0.0,0.0,-73.0,-73.0,-77.0,-77.0,0.0,0.0,0.0,-80.0,-80.0,0.0,0.0,-61.0,-61.0,-77.0,-78.0,-73.0,0.0,-71.0,-71.0,-62.0,-62.0,0.0,0.0,0.0,0.0,0.0,0.0,-76.0,-76.0,0.0,0.0,-83.0,-79.0,0.0,0.0,0.0,0.0,0.0,0.0,0.0,0.0,0.0,0.0,0.0,0.0,-81.0,-81.0,0.0,0.0,0.0,0.0,-91.0,-91.0,0.0,0.0,-89.0,0.0,-91.0,0.0,0.0,0.0,0.0,0.0,0.0,0.0,0.0,0.0,0.0,0.0,0.0,0.0,-85.0,0.0,0.0,0.0,0.0,0.0,0.0,0.0,0.0,0.0,0.0,0.0,0.0,0.0,0.0,0.0,0.0,0.0,-84.0,0.0,0.0,0.0,0.0,0.0,0.0,0.0,Aula20
403,0.0,-84.0,0.0,0.0,0.0,0.0,0.0,0.0,-71.0,-55.0,0.0,-66.0,-66.0,-70.0,-70.0,-76.0,-77.0,0.0,0.0,0.0,0.0,-80.0,0.0,0.0,-61.0,0.0,0.0,0.0,0.0,0.0,-72.0,-72.0,-62.0,-62.0,-72.0,-72.0,0.0,0.0,0.0,0.0,0.0,0.0,-88.0,-88.0,0.0,0.0,0.0,0.0,0.0,0.0,0.0,0.0,0.0,0.0,0.0,0.0,0.0,0.0,-80.0,-81.0,0.0,-94.0,0.0,0.0,-92.0,-92.0,0.0,0.0,0.0,0.0,-87.0,0.0,0.0,0.0,0.0,0.0,0.0,0.0,0.0,-90.0,0.0,0.0,0.0,0.0,-85.0,0.0,0.0,0.0,0.0,0.0,0.0,0.0,0.0,0.0,0.0,0.0,0.0,0.0,0.0,0.0,0.0,0.0,-83.0,0.0,0.0,0.0,0.0,0.0,0.0,0.0,Aula20
404,0.0,0.0,0.0,0.0,0.0,0.0,0.0,0.0,-71.0,-55.0,0.0,0.0,0.0,-71.0,-71.0,0.0,0.0,0.0,0.0,0.0,-82.0,-81.0,0.0,0.0,-61.0,-62.0,-78.0,-78.0,0.0,-74.0,-72.0,-72.0,-62.0,0.0,-73.0,-73.0,0.0,0.0,0.0,0.0,0.0,0.0,-89.0,-89.0,0.0,0.0,0.0,0.0,0.0,0.0,0.0,0.0,0.0,0.0,0.0,0.0,0.0,0.0,0.0,0.0,0.0,0.0,0.0,0.0,0.0,0.0,0.0,0.0,0.0,0.0,-87.0,0.0,0.0,0.0,0.0,0.0,0.0,0.0,0.0,0.0,0.0,0.0,0.0,0.0,-85.0,0.0,0.0,0.0,0.0,0.0,0.0,0.0,0.0,0.0,0.0,0.0,0.0,0.0,0.0,0.0,0.0,0.0,0.0,0.0,0.0,0.0,0.0,0.0,0.0,0.0,Aula20
405,0.0,0.0,0.0,0.0,0.0,0.0,0.0,0.0,-72.0,-56.0,0.0,0.0,0.0,-71.0,-71.0,0.0,0.0,0.0,0.0,0.0,0.0,-81.0,0.0,0.0,-61.0,-61.0,-78.0,-78.0,0.0,-73.0,-72.0,-72.0,-62.0,-62.0,-73.0,-73.0,0.0,0.0,0.0,0.0,0.0,0.0,-87.0,-87.0,0.0,0.0,0.0,0.0,0.0,0.0,0.0,0.0,0.0,0.0,0.0,0.0,0.0,0.0,0.0,0.0,0.0,0.0,0.0,0.0,0.0,0.0,0.0,0.0,0.0,0.0,0.0,0.0,0.0,0.0,0.0,0.0,0.0,0.0,-77.0,0.0,0.0,0.0,0.0,0.0,-83.0,0.0,0.0,0.0,0.0,0.0,0.0,0.0,0.0,0.0,0.0,0.0,0.0,0.0,0.0,0.0,0.0,0.0,-82.0,0.0,0.0,0.0,0.0,0.0,0.0,0.0,Aula20
406,0.0,0.0,0.0,0.0,0.0,0.0,0.0,0.0,-71.0,-56.0,0.0,0.0,0.0,-72.0,-72.0,-77.0,0.0,0.0,0.0,0.0,0.0,-79.0,-96.0,0.0,0.0,-62.0,-76.0,-76.0,-75.0,-74.0,-71.0,-71.0,-63.0,-63.0,-74.0,-74.0,-87.0,-87.0,0.0,0.0,0.0,0.0,-88.0,-88.0,-82.0,-82.0,0.0,0.0,0.0,0.0,0.0,0.0,0.0,0.0,0.0,0.0,0.0,0.0,0.0,0.0,0.0,0.0,0.0,0.0,0.0,0.0,0.0,0.0,0.0,0.0,0.0,0.0,0.0,0.0,0.0,0.0,0.0,0.0,0.0,0.0,0.0,0.0,0.0,0.0,-86.0,0.0,0.0,0.0,0.0,0.0,0.0,0.0,0.0,0.0,0.0,0.0,0.0,0.0,0.0,0.0,0.0,0.0,0.0,0.0,0.0,0.0,0.0,0.0,0.0,0.0,Aula20
407,0.0,0.0,0.0,0.0,0.0,0.0,0.0,0.0,-70.0,-55.0,0.0,0.0,0.0,-71.0,-71.0,-77.0,-77.0,0.0,0.0,0.0,-80.0,0.0,0.0,0.0,-61.0,-61.0,-78.0,-78.0,0.0,0.0,-71.0,-71.0,-62.0,-62.0,-73.0,-73.0,0.0,0.0,0.0,0.0,-76.0,0.0,-87.0,-87.0,0.0,0.0,-96.0,0.0,0.0,0.0,0.0,0.0,0.0,0.0,0.0,0.0,0.0,0.0,0.0,-81.0,-94.0,-95.0,0.0,0.0,0.0,0.0,0.0,0.0,0.0,0.0,0.0,0.0,0.0,0.0,0.0,0.0,0.0,0.0,0.0,0.0,0.0,0.0,0.0,0.0,-86.0,0.0,0.0,0.0,0.0,0.0,0.0,0.0,0.0,0.0,0.0,0.0,0.0,0.0,0.0,0.0,0.0,0.0,0.0,0.0,0.0,0.0,0.0,0.0,0.0,0.0,Aula20
408,0.0,0.0,0.0,0.0,0.0,0.0,0.0,0.0,-71.0,-55.0,0.0,-66.0,-66.0,-70.0,-70.0,-78.0,-77.0,0.0,0.0,0.0,0.0,0.0,0.0,0.0,0.0,-61.0,-77.0,-78.0,-74.0,-74.0,-72.0,-72.0,-62.0,-62.0,-74.0,-74.0,0.0,0.0,0.0,0.0,-77.0,-77.0,-88.0,-88.0,0.0,0.0,0.0,0.0,0.0,0.0,0.0,0.0,0.0,0.0,0.0,0.0,0.0,0.0,0.0,0.0,0.0,0.0,0.0,0.0,-92.0,-92.0,0.0,0.0,0.0,0.0,0.0,0.0,0.0,0.0,0.0,0.0,0.0,0.0,0.0,0.0,0.0,0.0,0.0,0.0,-83.0,0.0,0.0,0.0,0.0,0.0,0.0,0.0,0.0,0.0,0.0,0.0,0.0,0.0,0.0,0.0,0.0,0.0,-82.0,0.0,0.0,0.0,0.0,0.0,0.0,0.0,Aula20
409,0.0,0.0,0.0,0.0,0.0,0.0,0.0,0.0,-71.0,-55.0,0.0,-66.0,-66.0,-72.0,-72.0,-77.0,-76.0,0.0,0.0,0.0,-79.0,-80.0,0.0,0.0,-62.0,-62.0,-77.0,-77.0,0.0,0.0,-71.0,-71.0,-62.0,-62.0,-73.0,-74.0,0.0,0.0,0.0,0.0,-77.0,-77.0,-87.0,-88.0,-82.0,-83.0,0.0,0.0,0.0,0.0,0.0,0.0,0.0,0.0,0.0,0.0,0.0,0.0,0.0,0.0,-95.0,-96.0,0.0,0.0,0.0,0.0,0.0,0.0,0.0,0.0,0.0,0.0,0.0,0.0,0.0,0.0,0.0,0.0,0.0,0.0,0.0,0.0,0.0,0.0,-85.0,0.0,0.0,0.0,0.0,0.0,0.0,0.0,0.0,0.0,0.0,0.0,0.0,0.0,0.0,0.0,0.0,0.0,-81.0,0.0,0.0,0.0,0.0,0.0,0.0,0.0,Aula20
410,0.0,-81.0,0.0,0.0,0.0,0.0,0.0,0.0,-71.0,-56.0,0.0,0.0,-66.0,-72.0,-71.0,-77.0,0.0,0.0,0.0,0.0,0.0,-79.0,0.0,0.0,0.0,-60.0,-77.0,-77.0,0.0,0.0,-71.0,-71.0,-62.0,-62.0,-74.0,-73.0,0.0,-85.0,0.0,0.0,0.0,0.0,-87.0,-88.0,0.0,-82.0,0.0,0.0,0.0,0.0,0.0,0.0,0.0,0.0,0.0,0.0,0.0,0.0,0.0,0.0,0.0,-95.0,0.0,0.0,0.0,0.0,0.0,0.0,-86.0,0.0,0.0,0.0,0.0,0.0,0.0,0.0,0.0,0.0,-74.0,0.0,0.0,0.0,0.0,0.0,-85.0,0.0,0.0,0.0,0.0,0.0,0.0,0.0,0.0,0.0,0.0,0.0,0.0,0.0,0.0,0.0,0.0,0.0,0.0,0.0,0.0,0.0,0.0,0.0,0.0,0.0,Aula20
411,0.0,-83.0,0.0,0.0,0.0,0.0,0.0,0.0,-71.0,-55.0,0.0,-66.0,-66.0,-71.0,-71.0,-77.0,-76.0,0.0,0.0,0.0,-80.0,-80.0,0.0,0.0,0.0,0.0,-79.0,-79.0,-74.0,-75.0,-72.0,-72.0,-61.0,-61.0,-73.0,-73.0,0.0,0.0,0.0,0.0,-77.0,-77.0,-88.0,-89.0,-84.0,0.0,0.0,0.0,0.0,0.0,0.0,0.0,0.0,0.0,0.0,0.0,0.0,0.0,-81.0,-81.0,0.0,0.0,0.0,0.0,0.0,0.0,0.0,0.0,-92.0,0.0,0.0,0.0,0.0,0.0,0.0,0.0,0.0,0.0,-70.0,0.0,0.0,0.0,0.0,0.0,-85.0,0.0,0.0,0.0,0.0,0.0,0.0,0.0,0.0,0.0,0.0,0.0,0.0,0.0,0.0,0.0,0.0,0.0,-82.0,0.0,0.0,0.0,0.0,0.0,0.0,0.0,Aula20
412,0.0,-82.0,0.0,0.0,0.0,0.0,0.0,0.0,-69.0,-56.0,0.0,0.0,0.0,-71.0,-71.0,-77.0,-77.0,0.0,0.0,0.0,-80.0,-80.0,0.0,0.0,-59.0,-60.0,-79.0,-78.0,0.0,-74.0,-72.0,-72.0,-62.0,-62.0,-73.0,-73.0,-85.0,0.0,-93.0,-93.0,-76.0,-77.0,-87.0,-88.0,-82.0,-82.0,0.0,0.0,0.0,0.0,0.0,0.0,0.0,0.0,0.0,0.0,0.0,0.0,0.0,-81.0,-93.0,-94.0,0.0,0.0,0.0,0.0,0.0,0.0,0.0,0.0,0.0,0.0,0.0,0.0,0.0,0.0,0.0,0.0,0.0,0.0,0.0,0.0,0.0,0.0,-86.0,0.0,0.0,0.0,0.0,0.0,0.0,0.0,0.0,0.0,0.0,0.0,0.0,0.0,0.0,0.0,0.0,0.0,0.0,0.0,0.0,0.0,0.0,0.0,0.0,0.0,Aula20
413,0.0,-83.0,0.0,0.0,0.0,0.0,0.0,0.0,-71.0,-55.0,0.0,-66.0,-66.0,-71.0,-72.0,-77.0,-77.0,0.0,0.0,0.0,-80.0,-81.0,0.0,0.0,-62.0,-62.0,-76.0,0.0,0.0,-76.0,-71.0,-71.0,-62.0,-62.0,-74.0,-74.0,-86.0,0.0,0.0,0.0,0.0,0.0,-86.0,-86.0,-83.0,-82.0,0.0,0.0,0.0,0.0,0.0,0.0,0.0,0.0,0.0,0.0,0.0,0.0,-81.0,-82.0,0.0,0.0,0.0,0.0,0.0,-91.0,0.0,0.0,0.0,0.0,0.0,0.0,0.0,0.0,0.0,0.0,0.0,0.0,0.0,0.0,0.0,0.0,0.0,0.0,-85.0,0.0,0.0,0.0,0.0,0.0,0.0,0.0,0.0,0.0,0.0,0.0,0.0,0.0,0.0,0.0,0.0,0.0,0.0,0.0,0.0,0.0,0.0,0.0,0.0,0.0,Aula20
414,0.0,0.0,0.0,0.0,0.0,0.0,0.0,0.0,-71.0,-55.0,0.0,0.0,0.0,-72.0,-72.0,0.0,0.0,0.0,0.0,0.0,-80.0,-80.0,0.0,0.0,-60.0,-60.0,-78.0,-77.0,-73.0,-73.0,-72.0,-72.0,-61.0,-62.0,-74.0,-74.0,-82.0,-82.0,0.0,0.0,0.0,0.0,-87.0,-88.0,-80.0,0.0,0.0,0.0,0.0,0.0,0.0,0.0,0.0,0.0,0.0,0.0,0.0,0.0,0.0,-81.0,0.0,0.0,0.0,0.0,0.0,0.0,0.0,0.0,-88.0,0.0,0.0,0.0,0.0,0.0,0.0,0.0,0.0,0.0,0.0,0.0,0.0,0.0,0.0,0.0,0.0,0.0,0.0,0.0,0.0,0.0,0.0,-85.0,0.0,0.0,0.0,0.0,0.0,0.0,0.0,0.0,0.0,0.0,0.0,0.0,0.0,-88.0,0.0,0.0,0.0,0.0,Aula20
415,0.0,0.0,0.0,0.0,0.0,0.0,0.0,0.0,-72.0,-55.0,0.0,0.0,0.0,-71.0,-70.0,0.0,0.0,0.0,0.0,0.0,-79.0,-79.0,0.0,0.0,-60.0,-61.0,-78.0,-78.0,-74.0,-74.0,-72.0,-72.0,0.0,-61.0,-72.0,-73.0,0.0,0.0,0.0,0.0,-77.0,0.0,-88.0,-87.0,-81.0,-81.0,0.0,0.0,0.0,0.0,0.0,0.0,0.0,0.0,0.0,0.0,0.0,0.0,0.0,-81.0,0.0,0.0,0.0,0.0,0.0,0.0,0.0,0.0,0.0,0.0,0.0,0.0,0.0,0.0,0.0,0.0,0.0,0.0,0.0,0.0,0.0,0.0,0.0,0.0,-85.0,0.0,0.0,0.0,0.0,0.0,0.0,0.0,0.0,0.0,0.0,0.0,0.0,0.0,0.0,0.0,0.0,0.0,0.0,0.0,0.0,0.0,0.0,0.0,0.0,0.0,Aula20
416,0.0,0.0,0.0,0.0,0.0,0.0,0.0,0.0,-74.0,-57.0,0.0,0.0,0.0,-71.0,-71.0,0.0,-77.0,0.0,0.0,0.0,-81.0,-81.0,0.0,0.0,-59.0,-59.0,-77.0,-77.0,0.0,-73.0,-73.0,-73.0,-62.0,-62.0,-74.0,-73.0,0.0,0.0,0.0,0.0,0.0,0.0,-88.0,-89.0,-82.0,-82.0,0.0,0.0,0.0,0.0,0.0,0.0,0.0,0.0,0.0,0.0,0.0,0.0,-80.0,-81.0,0.0,0.0,0.0,0.0,0.0,0.0,0.0,0.0,0.0,0.0,0.0,0.0,0.0,0.0,0.0,0.0,0.0,0.0,0.0,0.0,0.0,0.0,0.0,0.0,-82.0,0.0,0.0,0.0,0.0,0.0,0.0,-86.0,0.0,0.0,0.0,0.0,0.0,0.0,0.0,0.0,-93.0,0.0,-80.0,0.0,0.0,-89.0,0.0,0.0,0.0,0.0,Aula20
417,0.0,0.0,0.0,0.0,0.0,0.0,0.0,0.0,-70.0,-56.0,0.0,-66.0,-67.0,-71.0,-71.0,-75.0,-76.0,0.0,0.0,0.0,-80.0,-80.0,0.0,0.0,-60.0,-60.0,-78.0,-78.0,0.0,-74.0,-72.0,-72.0,-62.0,-62.0,-74.0,-74.0,0.0,0.0,0.0,0.0,-76.0,-76.0,-88.0,-87.0,-83.0,-82.0,0.0,0.0,0.0,0.0,0.0,0.0,0.0,0.0,0.0,0.0,0.0,0.0,-80.0,-81.0,0.0,0.0,0.0,0.0,0.0,0.0,0.0,0.0,-87.0,0.0,0.0,0.0,0.0,0.0,0.0,0.0,0.0,0.0,0.0,0.0,0.0,0.0,0.0,0.0,-85.0,0.0,0.0,0.0,0.0,0.0,0.0,0.0,0.0,0.0,0.0,0.0,0.0,0.0,0.0,0.0,0.0,0.0,-82.0,0.0,0.0,0.0,0.0,0.0,0.0,0.0,Aula20
418,0.0,0.0,0.0,0.0,0.0,0.0,0.0,0.0,-70.0,-56.0,0.0,0.0,0.0,-71.0,-71.0,0.0,-75.0,0.0,0.0,0.0,-80.0,-80.0,0.0,0.0,-61.0,-59.0,-78.0,-78.0,0.0,0.0,-72.0,-72.0,-62.0,-62.0,-74.0,-73.0,-84.0,-85.0,0.0,0.0,-76.0,0.0,-87.0,-88.0,0.0,0.0,0.0,0.0,0.0,0.0,0.0,0.0,0.0,0.0,0.0,0.0,0.0,0.0,0.0,0.0,0.0,0.0,0.0,0.0,0.0,0.0,0.0,0.0,0.0,0.0,0.0,0.0,0.0,0.0,0.0,0.0,0.0,0.0,0.0,0.0,0.0,0.0,0.0,0.0,-85.0,0.0,0.0,0.0,0.0,0.0,0.0,0.0,0.0,0.0,0.0,0.0,0.0,0.0,0.0,0.0,0.0,0.0,0.0,0.0,0.0,0.0,0.0,0.0,0.0,0.0,Aula20
419,0.0,0.0,0.0,0.0,0.0,0.0,0.0,0.0,-72.0,-55.0,0.0,-66.0,-67.0,-71.0,-71.0,-76.0,0.0,0.0,0.0,0.0,-81.0,-80.0,0.0,0.0,-58.0,-60.0,-78.0,-78.0,0.0,-74.0,-72.0,-73.0,-61.0,-62.0,-72.0,-73.0,0.0,0.0,0.0,0.0,-77.0,-76.0,-88.0,-89.0,-83.0,-82.0,0.0,0.0,0.0,0.0,0.0,0.0,0.0,0.0,0.0,0.0,0.0,0.0,-81.0,-79.0,0.0,0.0,0.0,0.0,0.0,0.0,0.0,0.0,0.0,0.0,0.0,0.0,0.0,0.0,0.0,0.0,0.0,0.0,0.0,-90.0,0.0,0.0,0.0,0.0,-84.0,0.0,0.0,0.0,0.0,0.0,0.0,-87.0,0.0,0.0,0.0,0.0,0.0,0.0,0.0,0.0,0.0,0.0,-82.0,0.0,0.0,0.0,0.0,0.0,0.0,0.0,Aula20
420,0.0,-88.0,0.0,0.0,0.0,0.0,0.0,0.0,-70.0,-54.0,0.0,-65.0,-67.0,-70.0,-70.0,0.0,0.0,0.0,0.0,0.0,-80.0,-80.0,0.0,0.0,-60.0,-60.0,-79.0,-79.0,-74.0,-75.0,-72.0,-72.0,-62.0,-62.0,-73.0,-73.0,0.0,-86.0,0.0,0.0,0.0,0.0,-88.0,-89.0,-82.0,-82.0,0.0,0.0,0.0,0.0,0.0,0.0,0.0,0.0,0.0,0.0,0.0,0.0,-80.0,-80.0,0.0,-95.0,0.0,0.0,0.0,0.0,0.0,0.0,0.0,0.0,-86.0,0.0,0.0,0.0,0.0,0.0,0.0,0.0,-79.0,0.0,0.0,0.0,0.0,0.0,-86.0,0.0,0.0,0.0,0.0,0.0,0.0,0.0,0.0,0.0,0.0,0.0,0.0,0.0,0.0,0.0,0.0,0.0,0.0,0.0,0.0,0.0,0.0,0.0,0.0,0.0,Aula20
421,0.0,0.0,0.0,0.0,0.0,0.0,0.0,0.0,-70.0,-56.0,0.0,0.0,0.0,-70.0,-70.0,-76.0,0.0,0.0,0.0,0.0,-78.0,-79.0,-96.0,0.0,-59.0,-58.0,-79.0,-79.0,0.0,-75.0,-72.0,-72.0,0.0,0.0,-73.0,-74.0,0.0,-87.0,-96.0,-96.0,0.0,0.0,-87.0,0.0,-82.0,-82.0,-96.0,0.0,0.0,0.0,0.0,0.0,0.0,0.0,0.0,0.0,0.0,0.0,0.0,0.0,0.0,0.0,0.0,0.0,0.0,0.0,0.0,0.0,0.0,0.0,0.0,0.0,0.0,0.0,0.0,0.0,0.0,0.0,0.0,0.0,0.0,0.0,0.0,0.0,-85.0,0.0,0.0,0.0,0.0,0.0,0.0,0.0,0.0,0.0,0.0,0.0,0.0,0.0,0.0,0.0,0.0,0.0,0.0,0.0,0.0,0.0,0.0,0.0,0.0,0.0,Aula20
422,0.0,0.0,0.0,0.0,0.0,0.0,0.0,0.0,-70.0,-55.0,0.0,-67.0,-67.0,-70.0,-70.0,-77.0,-78.0,0.0,0.0,0.0,-80.0,-79.0,0.0,0.0,-58.0,-59.0,-79.0,-79.0,0.0,-74.0,-72.0,-72.0,-61.0,-61.0,-73.0,-73.0,0.0,0.0,-94.0,-96.0,-75.0,-76.0,-88.0,-88.0,-82.0,-82.0,0.0,0.0,0.0,0.0,0.0,0.0,0.0,0.0,0.0,0.0,0.0,0.0,-81.0,-80.0,0.0,0.0,0.0,0.0,0.0,0.0,0.0,0.0,-87.0,0.0,0.0,0.0,0.0,0.0,0.0,0.0,0.0,0.0,0.0,0.0,0.0,0.0,0.0,0.0,-82.0,0.0,0.0,0.0,0.0,0.0,0.0,-82.0,0.0,0.0,0.0,0.0,0.0,0.0,0.0,0.0,0.0,0.0,-80.0,0.0,0.0,0.0,0.0,0.0,0.0,0.0,Aula20
423,0.0,0.0,0.0,0.0,0.0,0.0,0.0,0.0,-70.0,-56.0,0.0,-67.0,-66.0,-71.0,-72.0,-76.0,-77.0,0.0,0.0,0.0,0.0,0.0,0.0,0.0,-60.0,0.0,-79.0,-79.0,0.0,0.0,-71.0,-72.0,-62.0,-62.0,-74.0,-75.0,0.0,0.0,0.0,0.0,-75.0,-75.0,-88.0,-88.0,-82.0,-82.0,0.0,0.0,0.0,0.0,0.0,0.0,0.0,0.0,0.0,0.0,0.0,0.0,-80.0,-80.0,0.0,0.0,0.0,0.0,0.0,0.0,0.0,0.0,-90.0,0.0,0.0,0.0,0.0,0.0,0.0,0.0,0.0,0.0,-77.0,0.0,0.0,0.0,0.0,0.0,0.0,0.0,0.0,0.0,0.0,0.0,0.0,0.0,0.0,0.0,0.0,0.0,0.0,0.0,0.0,0.0,0.0,0.0,-80.0,0.0,0.0,0.0,0.0,0.0,0.0,0.0,Aula20
424,0.0,-82.0,0.0,0.0,0.0,0.0,0.0,0.0,-71.0,0.0,0.0,-66.0,-66.0,-72.0,-72.0,-77.0,-77.0,0.0,0.0,0.0,0.0,0.0,0.0,-94.0,0.0,0.0,0.0,-80.0,-74.0,-74.0,-72.0,-72.0,-62.0,-62.0,-74.0,-74.0,-86.0,0.0,0.0,0.0,0.0,0.0,-87.0,-88.0,0.0,-82.0,0.0,0.0,0.0,0.0,0.0,0.0,0.0,0.0,0.0,0.0,0.0,0.0,0.0,0.0,-93.0,-95.0,0.0,0.0,0.0,0.0,0.0,0.0,-92.0,0.0,0.0,0.0,0.0,0.0,0.0,0.0,0.0,0.0,-75.0,0.0,0.0,0.0,0.0,0.0,-85.0,0.0,0.0,0.0,0.0,0.0,0.0,-82.0,0.0,0.0,0.0,0.0,0.0,0.0,0.0,0.0,0.0,0.0,0.0,0.0,0.0,0.0,0.0,0.0,0.0,0.0,Aula20
425,0.0,-84.0,0.0,0.0,0.0,0.0,0.0,0.0,-71.0,-56.0,0.0,-67.0,0.0,-71.0,-71.0,-73.0,-77.0,0.0,0.0,0.0,0.0,0.0,0.0,0.0,0.0,-60.0,-79.0,-78.0,-73.0,-73.0,-73.0,-72.0,-61.0,-62.0,-73.0,-73.0,-85.0,-84.0,0.0,0.0,0.0,0.0,-89.0,-89.0,0.0,0.0,0.0,0.0,0.0,0.0,0.0,0.0,0.0,0.0,0.0,0.0,0.0,0.0,0.0,0.0,0.0,0.0,0.0,0.0,0.0,0.0,0.0,0.0,0.0,0.0,0.0,0.0,0.0,0.0,0.0,0.0,0.0,0.0,-78.0,0.0,0.0,0.0,0.0,0.0,-82.0,0.0,0.0,0.0,0.0,0.0,0.0,-81.0,0.0,0.0,0.0,0.0,0.0,0.0,0.0,0.0,0.0,0.0,0.0,0.0,0.0,0.0,0.0,0.0,0.0,0.0,Aula20
426,0.0,-83.0,0.0,0.0,0.0,0.0,0.0,0.0,-70.0,-56.0,0.0,-67.0,-67.0,-72.0,-72.0,-77.0,-77.0,0.0,0.0,0.0,0.0,0.0,0.0,0.0,0.0,-60.0,-79.0,0.0,-75.0,-75.0,-72.0,-72.0,-61.0,-62.0,-73.0,-74.0,-86.0,-86.0,0.0,0.0,0.0,0.0,-87.0,-88.0,0.0,0.0,0.0,0.0,0.0,0.0,0.0,0.0,0.0,0.0,0.0,0.0,0.0,0.0,0.0,0.0,0.0,-95.0,0.0,0.0,0.0,0.0,0.0,0.0,0.0,0.0,0.0,0.0,0.0,0.0,0.0,0.0,0.0,0.0,0.0,0.0,0.0,0.0,0.0,0.0,-85.0,0.0,0.0,0.0,0.0,0.0,0.0,0.0,0.0,0.0,0.0,0.0,0.0,0.0,0.0,0.0,0.0,0.0,0.0,0.0,0.0,0.0,0.0,0.0,0.0,0.0,Aula20
427,0.0,0.0,0.0,0.0,0.0,0.0,0.0,0.0,-71.0,-56.0,0.0,0.0,0.0,-72.0,-72.0,0.0,0.0,0.0,0.0,0.0,-79.0,-78.0,0.0,-95.0,-60.0,-61.0,-78.0,-79.0,0.0,-74.0,-72.0,-72.0,-62.0,-62.0,-73.0,-73.0,0.0,0.0,0.0,0.0,-77.0,-76.0,-88.0,-89.0,0.0,-83.0,0.0,0.0,0.0,0.0,0.0,0.0,0.0,0.0,0.0,0.0,0.0,0.0,-80.0,-81.0,0.0,0.0,0.0,0.0,0.0,0.0,0.0,0.0,-89.0,0.0,0.0,0.0,0.0,0.0,0.0,0.0,0.0,0.0,0.0,0.0,0.0,0.0,0.0,0.0,-82.0,0.0,0.0,0.0,0.0,0.0,0.0,0.0,0.0,0.0,0.0,0.0,0.0,0.0,0.0,0.0,0.0,0.0,-82.0,0.0,0.0,0.0,0.0,0.0,0.0,0.0,Aula20
428,0.0,0.0,0.0,0.0,0.0,0.0,0.0,0.0,-71.0,-61.0,0.0,0.0,0.0,-71.0,-71.0,-76.0,-77.0,0.0,0.0,0.0,-79.0,-78.0,0.0,0.0,-60.0,0.0,-79.0,-80.0,-73.0,-74.0,-72.0,-72.0,-61.0,-61.0,-73.0,-73.0,0.0,0.0,0.0,0.0,-77.0,-77.0,-88.0,-88.0,-84.0,-83.0,0.0,0.0,0.0,0.0,0.0,0.0,0.0,0.0,0.0,0.0,0.0,0.0,-77.0,-80.0,0.0,0.0,0.0,0.0,0.0,0.0,0.0,0.0,-86.0,0.0,-88.0,0.0,0.0,0.0,0.0,0.0,0.0,0.0,-80.0,0.0,0.0,0.0,0.0,0.0,-85.0,0.0,0.0,0.0,0.0,0.0,0.0,-81.0,0.0,0.0,0.0,0.0,0.0,0.0,0.0,0.0,0.0,0.0,-81.0,0.0,0.0,0.0,0.0,0.0,0.0,0.0,Aula20
429,0.0,0.0,0.0,0.0,0.0,0.0,0.0,0.0,-72.0,-57.0,0.0,0.0,0.0,-71.0,-72.0,-77.0,0.0,0.0,0.0,0.0,-79.0,0.0,0.0,0.0,-59.0,-59.0,-79.0,-79.0,-73.0,-73.0,-72.0,-73.0,-61.0,-61.0,-72.0,-73.0,0.0,0.0,0.0,0.0,-75.0,-74.0,-89.0,-89.0,0.0,-84.0,0.0,0.0,0.0,0.0,0.0,0.0,0.0,0.0,0.0,0.0,0.0,0.0,0.0,0.0,0.0,0.0,0.0,0.0,0.0,0.0,0.0,0.0,0.0,0.0,0.0,0.0,0.0,0.0,0.0,0.0,0.0,0.0,-76.0,0.0,0.0,0.0,0.0,0.0,-85.0,0.0,0.0,0.0,0.0,0.0,0.0,0.0,0.0,0.0,0.0,0.0,0.0,0.0,0.0,0.0,0.0,0.0,0.0,0.0,0.0,0.0,0.0,0.0,0.0,0.0,Aula20
430,0.0,-81.0,0.0,0.0,0.0,0.0,0.0,0.0,-71.0,-56.0,0.0,0.0,0.0,-70.0,-70.0,-77.0,0.0,0.0,0.0,0.0,0.0,-80.0,0.0,0.0,-60.0,-59.0,-78.0,0.0,0.0,-74.0,-74.0,-74.0,-62.0,-62.0,-73.0,-72.0,-84.0,-85.0,0.0,0.0,0.0,0.0,-89.0,-89.0,0.0,0.0,0.0,0.0,0.0,0.0,0.0,0.0,0.0,0.0,0.0,0.0,0.0,0.0,0.0,0.0,-94.0,-95.0,0.0,0.0,0.0,0.0,0.0,0.0,0.0,0.0,0.0,0.0,0.0,0.0,0.0,0.0,0.0,0.0,0.0,0.0,0.0,0.0,0.0,0.0,-86.0,0.0,0.0,0.0,0.0,0.0,0.0,-82.0,0.0,0.0,0.0,0.0,0.0,0.0,0.0,0.0,0.0,0.0,0.0,0.0,0.0,0.0,0.0,0.0,0.0,0.0,Aula20
431,0.0,0.0,0.0,0.0,0.0,0.0,0.0,0.0,-71.0,-55.0,0.0,0.0,-67.0,-72.0,-72.0,0.0,-76.0,0.0,0.0,0.0,-80.0,0.0,0.0,0.0,-60.0,-60.0,-77.0,-78.0,0.0,-76.0,-72.0,-72.0,-62.0,-63.0,-74.0,-74.0,0.0,0.0,0.0,0.0,0.0,0.0,-89.0,-89.0,0.0,0.0,0.0,0.0,0.0,0.0,0.0,0.0,0.0,0.0,0.0,0.0,0.0,0.0,0.0,0.0,-94.0,-94.0,0.0,0.0,0.0,0.0,0.0,0.0,0.0,0.0,0.0,0.0,0.0,0.0,0.0,0.0,0.0,0.0,-78.0,0.0,0.0,0.0,0.0,0.0,-85.0,0.0,0.0,0.0,0.0,0.0,0.0,0.0,0.0,0.0,0.0,0.0,0.0,0.0,0.0,0.0,0.0,0.0,0.0,0.0,0.0,0.0,0.0,0.0,0.0,0.0,Aula20
432,0.0,0.0,0.0,0.0,0.0,0.0,0.0,0.0,-71.0,-56.0,0.0,0.0,-66.0,-72.0,-73.0,0.0,0.0,0.0,0.0,0.0,0.0,0.0,0.0,0.0,-61.0,-61.0,-79.0,-79.0,0.0,0.0,-72.0,-71.0,-62.0,-62.0,-73.0,-73.0,0.0,-86.0,0.0,0.0,-77.0,0.0,-88.0,-89.0,0.0,-82.0,0.0,0.0,0.0,0.0,0.0,0.0,0.0,0.0,0.0,0.0,0.0,0.0,0.0,0.0,0.0,0.0,0.0,0.0,0.0,0.0,0.0,0.0,-87.0,0.0,0.0,0.0,0.0,0.0,0.0,0.0,0.0,0.0,0.0,0.0,0.0,0.0,0.0,0.0,-82.0,0.0,0.0,0.0,0.0,0.0,0.0,0.0,0.0,0.0,0.0,0.0,0.0,0.0,0.0,0.0,0.0,0.0,0.0,0.0,0.0,-88.0,0.0,0.0,0.0,0.0,Aula20
433,0.0,0.0,0.0,0.0,0.0,0.0,0.0,0.0,-71.0,-55.0,0.0,-66.0,0.0,-72.0,-72.0,-77.0,0.0,0.0,0.0,0.0,-79.0,-79.0,0.0,0.0,-61.0,-61.0,-78.0,-78.0,0.0,-75.0,-72.0,-71.0,-62.0,-62.0,-73.0,-73.0,0.0,0.0,0.0,0.0,0.0,0.0,-87.0,-87.0,0.0,0.0,0.0,0.0,0.0,0.0,0.0,0.0,0.0,0.0,0.0,0.0,0.0,0.0,0.0,0.0,0.0,0.0,0.0,0.0,-92.0,-93.0,0.0,0.0,0.0,0.0,0.0,0.0,0.0,0.0,0.0,0.0,0.0,0.0,0.0,0.0,0.0,0.0,0.0,0.0,-87.0,0.0,0.0,0.0,0.0,0.0,0.0,0.0,0.0,0.0,0.0,0.0,0.0,0.0,0.0,0.0,0.0,0.0,-81.0,0.0,0.0,0.0,0.0,0.0,0.0,0.0,Aula20
434,0.0,0.0,0.0,0.0,0.0,0.0,0.0,0.0,-70.0,-55.0,0.0,0.0,0.0,-72.0,-72.0,0.0,0.0,0.0,0.0,0.0,0.0,0.0,0.0,0.0,-60.0,-60.0,-78.0,-79.0,0.0,-73.0,-72.0,-72.0,-63.0,-63.0,-73.0,-73.0,0.0,0.0,0.0,0.0,-79.0,-78.0,-90.0,-90.0,0.0,-82.0,0.0,0.0,0.0,0.0,0.0,0.0,0.0,0.0,0.0,0.0,0.0,0.0,0.0,0.0,0.0,0.0,0.0,0.0,0.0,0.0,0.0,0.0,-87.0,0.0,0.0,0.0,0.0,0.0,0.0,0.0,0.0,0.0,-78.0,0.0,0.0,0.0,0.0,0.0,-87.0,0.0,0.0,0.0,0.0,0.0,0.0,-82.0,0.0,0.0,0.0,0.0,0.0,0.0,0.0,0.0,0.0,0.0,-84.0,0.0,0.0,0.0,0.0,0.0,0.0,0.0,Aula20
435,0.0,-80.0,0.0,0.0,0.0,0.0,0.0,0.0,-71.0,-55.0,0.0,0.0,0.0,-71.0,-71.0,0.0,0.0,0.0,0.0,0.0,0.0,0.0,0.0,0.0,-60.0,-61.0,-78.0,-79.0,-75.0,-74.0,-72.0,-72.0,-62.0,-62.0,-73.0,-73.0,0.0,0.0,0.0,0.0,-77.0,-77.0,-90.0,-91.0,0.0,0.0,0.0,0.0,0.0,0.0,0.0,0.0,0.0,0.0,0.0,0.0,0.0,0.0,0.0,-79.0,-94.0,-94.0,0.0,0.0,0.0,0.0,0.0,0.0,0.0,0.0,-87.0,0.0,0.0,0.0,0.0,0.0,0.0,0.0,0.0,-89.0,0.0,0.0,0.0,0.0,-84.0,0.0,0.0,0.0,0.0,0.0,0.0,0.0,0.0,0.0,0.0,0.0,0.0,0.0,0.0,0.0,0.0,0.0,0.0,0.0,0.0,0.0,0.0,0.0,0.0,0.0,Aula20
436,0.0,-81.0,0.0,0.0,0.0,0.0,0.0,0.0,-71.0,-56.0,0.0,0.0,0.0,-73.0,-73.0,0.0,0.0,0.0,0.0,0.0,0.0,-79.0,-94.0,-96.0,0.0,-60.0,-78.0,-78.0,0.0,0.0,-71.0,-72.0,-62.0,-62.0,-73.0,-73.0,0.0,0.0,0.0,0.0,0.0,0.0,-87.0,0.0,0.0,0.0,0.0,0.0,0.0,0.0,0.0,0.0,0.0,0.0,0.0,0.0,0.0,0.0,0.0,0.0,-95.0,-96.0,0.0,0.0,-94.0,-93.0,0.0,0.0,-80.0,0.0,0.0,0.0,0.0,0.0,0.0,0.0,0.0,0.0,0.0,0.0,0.0,0.0,0.0,0.0,-84.0,0.0,0.0,0.0,0.0,0.0,0.0,0.0,0.0,0.0,0.0,0.0,0.0,0.0,0.0,0.0,0.0,0.0,0.0,0.0,0.0,0.0,0.0,0.0,0.0,0.0,Aula20
437,0.0,0.0,0.0,0.0,0.0,0.0,0.0,0.0,-70.0,-56.0,0.0,0.0,0.0,-71.0,-71.0,-77.0,0.0,0.0,0.0,0.0,0.0,-79.0,0.0,0.0,-59.0,-59.0,-79.0,-79.0,-74.0,-74.0,-71.0,-71.0,-62.0,-61.0,-73.0,-73.0,-84.0,0.0,0.0,0.0,0.0,0.0,-86.0,-86.0,0.0,0.0,0.0,0.0,0.0,0.0,0.0,0.0,0.0,0.0,0.0,0.0,0.0,0.0,0.0,0.0,-96.0,-94.0,0.0,0.0,0.0,0.0,0.0,0.0,-86.0,0.0,0.0,0.0,0.0,0.0,0.0,0.0,0.0,0.0,0.0,0.0,0.0,0.0,0.0,0.0,-86.0,0.0,0.0,0.0,0.0,0.0,0.0,0.0,0.0,0.0,0.0,0.0,0.0,0.0,0.0,0.0,0.0,0.0,0.0,0.0,0.0,0.0,0.0,0.0,0.0,0.0,Aula20
438,0.0,-83.0,0.0,0.0,0.0,0.0,0.0,0.0,-71.0,-55.0,0.0,-66.0,0.0,-71.0,-71.0,-77.0,-77.0,0.0,0.0,0.0,-80.0,-80.0,0.0,0.0,-61.0,-60.0,-78.0,-78.0,0.0,-75.0,-72.0,-72.0,-61.0,-62.0,-72.0,-72.0,0.0,0.0,0.0,0.0,0.0,-77.0,-88.0,-89.0,-82.0,-82.0,0.0,0.0,0.0,0.0,0.0,0.0,0.0,0.0,0.0,0.0,0.0,0.0,-81.0,-81.0,-94.0,-95.0,0.0,0.0,0.0,0.0,0.0,0.0,0.0,0.0,-87.0,0.0,0.0,0.0,0.0,0.0,0.0,0.0,-79.0,0.0,0.0,0.0,0.0,0.0,-86.0,0.0,0.0,0.0,0.0,0.0,0.0,-82.0,0.0,0.0,0.0,0.0,0.0,0.0,0.0,0.0,0.0,0.0,0.0,0.0,0.0,0.0,0.0,0.0,0.0,0.0,Aula20
439,0.0,-83.0,0.0,0.0,0.0,0.0,0.0,0.0,-71.0,-56.0,0.0,0.0,0.0,-70.0,-70.0,-77.0,-76.0,0.0,0.0,0.0,-80.0,-81.0,0.0,0.0,-59.0,-58.0,-78.0,-78.0,0.0,0.0,-73.0,-72.0,-61.0,-62.0,-72.0,-72.0,0.0,0.0,0.0,0.0,0.0,0.0,-88.0,-88.0,-83.0,-83.0,0.0,0.0,0.0,0.0,0.0,0.0,0.0,0.0,0.0,0.0,0.0,0.0,-81.0,-81.0,0.0,0.0,0.0,0.0,0.0,0.0,0.0,0.0,0.0,0.0,-85.0,0.0,0.0,0.0,0.0,0.0,0.0,0.0,0.0,0.0,0.0,0.0,0.0,0.0,-85.0,0.0,0.0,0.0,0.0,0.0,0.0,0.0,0.0,0.0,0.0,0.0,0.0,0.0,0.0,0.0,0.0,0.0,0.0,0.0,0.0,0.0,0.0,0.0,0.0,0.0,Aula20
440,0.0,0.0,0.0,0.0,0.0,0.0,0.0,0.0,-71.0,-56.0,0.0,0.0,0.0,-70.0,-70.0,0.0,0.0,0.0,0.0,0.0,0.0,0.0,0.0,0.0,-59.0,0.0,-78.0,-77.0,-74.0,-75.0,-72.0,-73.0,-61.0,-61.0,-72.0,-73.0,0.0,0.0,0.0,0.0,-76.0,-77.0,-88.0,-89.0,0.0,-82.0,0.0,0.0,0.0,0.0,0.0,0.0,0.0,0.0,0.0,0.0,0.0,0.0,0.0,0.0,-93.0,-94.0,0.0,0.0,0.0,0.0,0.0,0.0,0.0,0.0,-86.0,0.0,0.0,0.0,0.0,0.0,0.0,0.0,0.0,0.0,0.0,0.0,0.0,0.0,0.0,0.0,0.0,0.0,0.0,0.0,0.0,0.0,0.0,0.0,0.0,0.0,0.0,0.0,0.0,0.0,0.0,0.0,-81.0,0.0,0.0,0.0,0.0,0.0,0.0,0.0,Aula20
441,0.0,0.0,0.0,0.0,0.0,0.0,0.0,0.0,-74.0,-56.0,0.0,0.0,0.0,-70.0,-71.0,0.0,0.0,0.0,0.0,0.0,0.0,0.0,0.0,0.0,-58.0,-57.0,-79.0,-79.0,0.0,-73.0,-72.0,-72.0,-62.0,-62.0,-72.0,-72.0,0.0,0.0,0.0,0.0,-76.0,-76.0,-89.0,-88.0,0.0,0.0,0.0,0.0,0.0,0.0,0.0,0.0,0.0,0.0,0.0,0.0,0.0,0.0,0.0,0.0,-94.0,-94.0,0.0,0.0,0.0,0.0,0.0,0.0,0.0,0.0,-87.0,0.0,0.0,0.0,0.0,0.0,0.0,0.0,0.0,0.0,0.0,0.0,0.0,0.0,-86.0,0.0,0.0,0.0,0.0,0.0,0.0,0.0,0.0,0.0,0.0,0.0,0.0,0.0,0.0,0.0,0.0,0.0,-81.0,0.0,0.0,0.0,0.0,0.0,0.0,0.0,Aula20
442,0.0,0.0,0.0,0.0,0.0,0.0,0.0,0.0,-71.0,-56.0,0.0,0.0,-67.0,-71.0,-71.0,0.0,0.0,0.0,0.0,0.0,-79.0,-80.0,-94.0,0.0,0.0,-61.0,-78.0,-78.0,-77.0,-78.0,-70.0,-70.0,-62.0,-62.0,-73.0,-73.0,0.0,0.0,0.0,0.0,-76.0,-76.0,-87.0,-87.0,0.0,0.0,0.0,0.0,0.0,0.0,0.0,0.0,0.0,0.0,0.0,0.0,0.0,0.0,0.0,0.0,0.0,0.0,0.0,0.0,0.0,0.0,0.0,0.0,0.0,0.0,0.0,0.0,0.0,0.0,0.0,0.0,0.0,0.0,0.0,0.0,0.0,0.0,0.0,0.0,0.0,0.0,0.0,0.0,0.0,0.0,0.0,0.0,0.0,0.0,0.0,0.0,0.0,0.0,0.0,0.0,0.0,0.0,-87.0,0.0,0.0,-85.0,0.0,0.0,0.0,0.0,Aula20
443,0.0,0.0,0.0,0.0,0.0,0.0,0.0,0.0,-71.0,-56.0,0.0,-67.0,-66.0,-71.0,-70.0,-77.0,-77.0,0.0,0.0,0.0,-79.0,-79.0,0.0,0.0,-59.0,-60.0,-77.0,-78.0,0.0,-75.0,-72.0,-72.0,-62.0,-62.0,-74.0,-74.0,-83.0,0.0,0.0,0.0,0.0,-78.0,-88.0,-89.0,-81.0,-82.0,0.0,0.0,0.0,0.0,0.0,0.0,0.0,0.0,0.0,0.0,0.0,0.0,0.0,0.0,-94.0,-94.0,0.0,0.0,0.0,0.0,0.0,0.0,0.0,0.0,0.0,0.0,0.0,0.0,0.0,0.0,0.0,0.0,-81.0,0.0,0.0,0.0,0.0,0.0,-86.0,0.0,0.0,0.0,0.0,0.0,0.0,0.0,0.0,0.0,0.0,0.0,0.0,0.0,0.0,0.0,0.0,0.0,0.0,0.0,0.0,0.0,0.0,0.0,0.0,0.0,Aula20
444,0.0,0.0,0.0,0.0,0.0,0.0,0.0,0.0,-72.0,-55.0,0.0,-67.0,-67.0,-70.0,-70.0,-76.0,-76.0,0.0,0.0,0.0,-77.0,-79.0,0.0,0.0,-59.0,-59.0,-78.0,-78.0,-74.0,-75.0,-72.0,-72.0,-62.0,-62.0,-72.0,-73.0,0.0,0.0,0.0,0.0,-77.0,-77.0,-90.0,0.0,-82.0,-82.0,0.0,0.0,0.0,0.0,0.0,0.0,0.0,0.0,0.0,0.0,0.0,0.0,-83.0,-81.0,0.0,0.0,0.0,0.0,0.0,0.0,0.0,0.0,0.0,0.0,-86.0,0.0,0.0,0.0,0.0,0.0,0.0,0.0,-81.0,-89.0,0.0,0.0,0.0,0.0,-82.0,0.0,0.0,0.0,0.0,0.0,0.0,0.0,0.0,0.0,0.0,0.0,0.0,0.0,0.0,0.0,0.0,0.0,-83.0,0.0,0.0,0.0,0.0,0.0,0.0,0.0,Aula20
445,0.0,0.0,0.0,0.0,0.0,0.0,0.0,0.0,-71.0,-55.0,0.0,0.0,0.0,-71.0,-72.0,-77.0,-77.0,0.0,0.0,0.0,0.0,0.0,0.0,-96.0,-59.0,-60.0,-78.0,-78.0,-76.0,-76.0,-73.0,-73.0,-62.0,-63.0,-73.0,-73.0,0.0,0.0,0.0,0.0,0.0,0.0,0.0,-89.0,-82.0,-82.0,0.0,0.0,0.0,0.0,0.0,0.0,0.0,0.0,0.0,0.0,0.0,0.0,-82.0,-83.0,0.0,0.0,0.0,0.0,0.0,0.0,0.0,0.0,0.0,0.0,0.0,0.0,0.0,0.0,0.0,0.0,0.0,0.0,-80.0,0.0,0.0,0.0,0.0,0.0,-85.0,0.0,0.0,0.0,0.0,0.0,0.0,-84.0,0.0,0.0,0.0,0.0,0.0,0.0,0.0,0.0,0.0,0.0,0.0,0.0,0.0,0.0,0.0,0.0,0.0,0.0,Aula20
446,0.0,0.0,0.0,0.0,0.0,0.0,0.0,0.0,-71.0,-60.0,0.0,0.0,0.0,-71.0,-71.0,0.0,-79.0,0.0,0.0,0.0,0.0,0.0,0.0,0.0,-60.0,-59.0,-76.0,-76.0,-75.0,-76.0,-71.0,-71.0,-63.0,-63.0,-73.0,-74.0,0.0,0.0,0.0,0.0,0.0,0.0,0.0,-87.0,0.0,0.0,0.0,0.0,0.0,0.0,0.0,0.0,0.0,0.0,0.0,0.0,0.0,0.0,0.0,0.0,0.0,0.0,0.0,0.0,-93.0,-93.0,0.0,0.0,0.0,0.0,0.0,0.0,0.0,0.0,0.0,0.0,0.0,0.0,0.0,0.0,0.0,0.0,0.0,0.0,-85.0,0.0,0.0,0.0,0.0,0.0,0.0,0.0,0.0,0.0,0.0,0.0,0.0,0.0,0.0,0.0,0.0,0.0,0.0,0.0,0.0,-89.0,0.0,0.0,0.0,0.0,Aula20
447,0.0,0.0,0.0,0.0,0.0,0.0,0.0,0.0,-71.0,-55.0,0.0,0.0,0.0,-71.0,-71.0,0.0,0.0,0.0,0.0,0.0,0.0,-80.0,0.0,0.0,-59.0,-59.0,-76.0,-76.0,-74.0,-75.0,-72.0,-72.0,-62.0,-62.0,-72.0,-73.0,-85.0,0.0,0.0,0.0,-75.0,-75.0,-89.0,-88.0,0.0,-82.0,0.0,0.0,0.0,0.0,0.0,0.0,0.0,0.0,0.0,0.0,0.0,0.0,0.0,0.0,-94.0,-94.0,0.0,0.0,0.0,0.0,0.0,0.0,0.0,0.0,0.0,0.0,0.0,0.0,0.0,0.0,0.0,0.0,0.0,0.0,0.0,0.0,0.0,0.0,-85.0,0.0,0.0,0.0,0.0,0.0,0.0,0.0,0.0,0.0,0.0,0.0,0.0,0.0,0.0,0.0,0.0,0.0,0.0,0.0,0.0,0.0,0.0,0.0,0.0,0.0,Aula20
448,0.0,-80.0,0.0,0.0,0.0,0.0,0.0,0.0,-71.0,-55.0,0.0,-67.0,-67.0,-72.0,-72.0,-77.0,-77.0,0.0,0.0,0.0,0.0,-80.0,0.0,0.0,-60.0,0.0,-79.0,-79.0,-76.0,-75.0,-72.0,-72.0,-63.0,-63.0,-73.0,-73.0,0.0,0.0,0.0,0.0,0.0,0.0,-89.0,-89.0,-83.0,0.0,0.0,0.0,0.0,0.0,0.0,0.0,0.0,0.0,0.0,0.0,0.0,0.0,-79.0,-79.0,-94.0,-93.0,0.0,0.0,0.0,0.0,0.0,0.0,0.0,0.0,0.0,0.0,0.0,0.0,0.0,0.0,0.0,0.0,0.0,0.0,0.0,0.0,0.0,0.0,0.0,0.0,0.0,0.0,0.0,0.0,0.0,-83.0,0.0,0.0,0.0,0.0,0.0,0.0,0.0,0.0,0.0,0.0,0.0,0.0,0.0,0.0,0.0,0.0,0.0,0.0,Aula20
449,0.0,0.0,0.0,0.0,0.0,0.0,0.0,0.0,-72.0,-55.0,0.0,-66.0,0.0,-70.0,-70.0,-77.0,0.0,0.0,0.0,0.0,0.0,-79.0,0.0,0.0,-60.0,-59.0,-79.0,-79.0,-76.0,0.0,-72.0,-72.0,-62.0,-63.0,-73.0,-74.0,-83.0,0.0,0.0,0.0,-77.0,-77.0,0.0,-87.0,0.0,0.0,0.0,0.0,0.0,0.0,0.0,0.0,0.0,0.0,0.0,0.0,0.0,0.0,0.0,0.0,0.0,0.0,0.0,0.0,0.0,0.0,0.0,0.0,0.0,0.0,0.0,0.0,0.0,0.0,0.0,0.0,0.0,0.0,0.0,0.0,0.0,0.0,0.0,0.0,-82.0,0.0,0.0,0.0,0.0,0.0,0.0,0.0,0.0,0.0,0.0,0.0,0.0,0.0,0.0,0.0,-95.0,0.0,-82.0,0.0,0.0,0.0,0.0,0.0,0.0,0.0,Aula20
450,0.0,-77.0,0.0,0.0,0.0,0.0,0.0,0.0,-72.0,0.0,0.0,0.0,0.0,-70.0,-70.0,0.0,-76.0,0.0,0.0,0.0,-79.0,0.0,0.0,0.0,-59.0,-58.0,-78.0,-78.0,-77.0,-75.0,-73.0,-73.0,-63.0,-63.0,-74.0,-74.0,0.0,-83.0,0.0,0.0,0.0,-75.0,-87.0,-87.0,-81.0,0.0,0.0,0.0,0.0,0.0,0.0,0.0,0.0,0.0,0.0,0.0,0.0,0.0,0.0,0.0,-92.0,-94.0,0.0,0.0,0.0,0.0,0.0,0.0,0.0,0.0,0.0,0.0,0.0,0.0,0.0,0.0,0.0,0.0,-78.0,0.0,0.0,0.0,0.0,0.0,-85.0,0.0,0.0,0.0,0.0,0.0,0.0,0.0,0.0,0.0,0.0,0.0,0.0,0.0,0.0,0.0,0.0,0.0,0.0,0.0,0.0,0.0,0.0,0.0,0.0,0.0,Aula20
451,0.0,-78.0,0.0,0.0,0.0,0.0,0.0,0.0,-71.0,-55.0,0.0,-66.0,-67.0,-70.0,-70.0,-78.0,-76.0,0.0,0.0,0.0,-80.0,-79.0,0.0,0.0,-59.0,0.0,-77.0,-78.0,0.0,-75.0,-72.0,-72.0,-62.0,-63.0,-74.0,-74.0,0.0,0.0,0.0,0.0,0.0,0.0,0.0,-86.0,-81.0,-82.0,0.0,0.0,0.0,0.0,0.0,0.0,0.0,0.0,0.0,0.0,0.0,0.0,-81.0,-81.0,0.0,0.0,0.0,0.0,-92.0,-92.0,0.0,0.0,0.0,0.0,0.0,0.0,0.0,0.0,0.0,0.0,0.0,0.0,0.0,-88.0,0.0,0.0,0.0,0.0,-86.0,0.0,0.0,0.0,0.0,0.0,0.0,0.0,0.0,0.0,0.0,0.0,0.0,0.0,0.0,0.0,0.0,0.0,-86.0,0.0,0.0,0.0,0.0,0.0,0.0,0.0,Aula20
452,0.0,0.0,0.0,0.0,0.0,0.0,0.0,0.0,-72.0,-55.0,0.0,-66.0,-66.0,-70.0,-70.0,0.0,0.0,0.0,0.0,0.0,-80.0,0.0,0.0,0.0,-59.0,-58.0,-79.0,-78.0,-75.0,-76.0,-72.0,-72.0,-62.0,-61.0,-73.0,-73.0,0.0,0.0,0.0,0.0,-76.0,-75.0,-88.0,-88.0,0.0,-81.0,0.0,0.0,0.0,0.0,0.0,0.0,0.0,0.0,0.0,0.0,0.0,0.0,0.0,0.0,-96.0,-94.0,0.0,0.0,0.0,0.0,0.0,0.0,0.0,0.0,0.0,0.0,0.0,0.0,0.0,0.0,0.0,0.0,0.0,0.0,0.0,0.0,0.0,0.0,0.0,0.0,0.0,0.0,0.0,0.0,0.0,0.0,0.0,0.0,0.0,0.0,0.0,0.0,0.0,0.0,0.0,0.0,0.0,0.0,0.0,-89.0,0.0,0.0,0.0,0.0,Aula20
453,0.0,0.0,0.0,0.0,0.0,0.0,0.0,0.0,-73.0,-55.0,0.0,0.0,-67.0,-70.0,-70.0,-76.0,0.0,0.0,0.0,0.0,0.0,0.0,0.0,0.0,-58.0,-58.0,-78.0,-78.0,-75.0,0.0,-72.0,-72.0,-62.0,-62.0,-74.0,-73.0,-83.0,-83.0,0.0,0.0,-75.0,-73.0,-88.0,-87.0,0.0,0.0,0.0,0.0,0.0,0.0,0.0,0.0,0.0,0.0,0.0,0.0,0.0,0.0,0.0,0.0,-94.0,-94.0,0.0,0.0,-93.0,-94.0,0.0,0.0,0.0,-89.0,0.0,0.0,0.0,0.0,0.0,0.0,0.0,0.0,-80.0,0.0,0.0,0.0,0.0,0.0,-85.0,0.0,0.0,0.0,0.0,0.0,0.0,0.0,0.0,0.0,0.0,0.0,0.0,0.0,0.0,0.0,0.0,0.0,0.0,0.0,0.0,-88.0,0.0,0.0,0.0,0.0,Aula20
454,0.0,-83.0,0.0,0.0,0.0,0.0,0.0,0.0,-74.0,-55.0,0.0,-67.0,-66.0,-70.0,-70.0,0.0,0.0,0.0,0.0,0.0,0.0,0.0,0.0,0.0,-59.0,-58.0,-78.0,0.0,-76.0,-75.0,-72.0,-72.0,-62.0,-62.0,-73.0,-74.0,0.0,0.0,0.0,0.0,-77.0,-77.0,0.0,-89.0,0.0,-82.0,0.0,0.0,0.0,0.0,0.0,0.0,0.0,0.0,0.0,0.0,0.0,0.0,0.0,0.0,0.0,0.0,0.0,0.0,0.0,0.0,0.0,0.0,0.0,0.0,0.0,0.0,0.0,0.0,0.0,0.0,0.0,-94.0,0.0,0.0,0.0,0.0,0.0,0.0,-81.0,0.0,0.0,0.0,0.0,0.0,0.0,0.0,0.0,0.0,0.0,0.0,0.0,0.0,0.0,0.0,-94.0,0.0,-84.0,0.0,0.0,-87.0,0.0,0.0,0.0,0.0,Aula20
455,0.0,-81.0,0.0,0.0,0.0,0.0,0.0,0.0,-73.0,-55.0,0.0,0.0,0.0,-69.0,-70.0,-76.0,-76.0,0.0,0.0,0.0,0.0,-78.0,0.0,0.0,-57.0,-57.0,-78.0,-78.0,0.0,-75.0,-72.0,-72.0,-62.0,-62.0,-74.0,-74.0,-84.0,-83.0,0.0,0.0,0.0,0.0,-90.0,-90.0,-82.0,-82.0,0.0,0.0,0.0,0.0,0.0,0.0,0.0,0.0,0.0,0.0,0.0,0.0,-82.0,-82.0,-94.0,-93.0,0.0,0.0,0.0,0.0,0.0,0.0,0.0,0.0,0.0,0.0,0.0,0.0,0.0,0.0,0.0,0.0,-74.0,0.0,0.0,0.0,0.0,0.0,-85.0,0.0,0.0,0.0,0.0,0.0,0.0,-83.0,0.0,0.0,0.0,0.0,0.0,0.0,0.0,0.0,0.0,0.0,0.0,0.0,0.0,0.0,0.0,0.0,0.0,0.0,Aula20
456,0.0,0.0,0.0,0.0,0.0,0.0,0.0,0.0,-73.0,-55.0,0.0,0.0,-67.0,-70.0,-70.0,0.0,0.0,0.0,0.0,0.0,0.0,0.0,0.0,0.0,0.0,0.0,-78.0,-78.0,-74.0,-74.0,-72.0,-73.0,-62.0,-62.0,-74.0,-74.0,0.0,0.0,0.0,0.0,-77.0,-76.0,-89.0,-90.0,0.0,0.0,0.0,0.0,0.0,0.0,0.0,0.0,0.0,0.0,0.0,0.0,0.0,0.0,0.0,0.0,0.0,0.0,0.0,0.0,0.0,0.0,0.0,0.0,0.0,0.0,-84.0,0.0,0.0,0.0,0.0,0.0,0.0,0.0,-80.0,0.0,0.0,0.0,0.0,0.0,-86.0,0.0,0.0,0.0,0.0,0.0,0.0,0.0,0.0,0.0,0.0,0.0,0.0,0.0,0.0,0.0,0.0,0.0,-82.0,0.0,0.0,-91.0,0.0,0.0,0.0,0.0,Aula20
457,0.0,0.0,0.0,0.0,0.0,0.0,0.0,0.0,-72.0,-54.0,0.0,0.0,0.0,-70.0,-70.0,0.0,0.0,0.0,0.0,0.0,0.0,0.0,0.0,0.0,-59.0,-58.0,-78.0,-78.0,0.0,-75.0,-72.0,-72.0,-61.0,-62.0,-73.0,-73.0,-84.0,0.0,0.0,0.0,-77.0,-77.0,0.0,-87.0,0.0,0.0,0.0,0.0,0.0,0.0,0.0,0.0,0.0,0.0,0.0,0.0,0.0,0.0,0.0,0.0,0.0,0.0,0.0,0.0,0.0,0.0,0.0,0.0,0.0,0.0,0.0,0.0,0.0,0.0,0.0,0.0,0.0,0.0,0.0,0.0,0.0,0.0,0.0,0.0,-84.0,0.0,0.0,0.0,0.0,0.0,0.0,0.0,0.0,0.0,0.0,0.0,0.0,0.0,0.0,0.0,-94.0,0.0,0.0,0.0,0.0,-90.0,0.0,0.0,0.0,0.0,Aula20
458,0.0,0.0,0.0,0.0,0.0,0.0,0.0,0.0,-73.0,-54.0,0.0,-66.0,-66.0,-70.0,-70.0,0.0,0.0,0.0,0.0,0.0,0.0,-82.0,0.0,0.0,-58.0,-58.0,-77.0,-77.0,0.0,-76.0,-72.0,-72.0,-61.0,-61.0,-73.0,-73.0,0.0,0.0,0.0,0.0,-75.0,-75.0,-89.0,0.0,-82.0,-84.0,0.0,0.0,0.0,0.0,0.0,0.0,0.0,0.0,0.0,0.0,0.0,0.0,-81.0,0.0,0.0,0.0,0.0,0.0,0.0,0.0,0.0,0.0,0.0,0.0,-85.0,0.0,0.0,0.0,0.0,0.0,0.0,-92.0,0.0,0.0,0.0,0.0,0.0,0.0,-83.0,0.0,0.0,0.0,0.0,0.0,0.0,-83.0,0.0,0.0,0.0,0.0,0.0,0.0,0.0,0.0,-92.0,0.0,-80.0,0.0,0.0,0.0,0.0,0.0,0.0,0.0,Aula20
459,0.0,-80.0,0.0,0.0,0.0,0.0,0.0,0.0,-73.0,-54.0,0.0,-67.0,0.0,-70.0,-70.0,0.0,0.0,0.0,0.0,0.0,0.0,0.0,0.0,0.0,-58.0,-58.0,-78.0,-77.0,-76.0,-76.0,-72.0,-72.0,-61.0,-61.0,-75.0,-74.0,0.0,0.0,0.0,0.0,-74.0,-76.0,-89.0,-89.0,0.0,-81.0,0.0,0.0,0.0,0.0,0.0,0.0,0.0,0.0,0.0,0.0,0.0,0.0,0.0,-81.0,0.0,0.0,0.0,0.0,-94.0,-93.0,0.0,0.0,0.0,0.0,0.0,0.0,0.0,0.0,0.0,0.0,0.0,0.0,-80.0,0.0,0.0,0.0,0.0,0.0,-85.0,0.0,0.0,0.0,0.0,0.0,0.0,0.0,0.0,0.0,0.0,0.0,0.0,0.0,0.0,0.0,0.0,0.0,0.0,0.0,0.0,0.0,0.0,0.0,0.0,0.0,Aula20
460,0.0,0.0,0.0,0.0,0.0,0.0,0.0,0.0,-72.0,-55.0,0.0,-68.0,-68.0,-69.0,-69.0,-77.0,-77.0,0.0,0.0,0.0,-82.0,-81.0,0.0,0.0,-58.0,-57.0,-78.0,-80.0,-75.0,-75.0,-72.0,-71.0,-61.0,-61.0,-75.0,-75.0,0.0,0.0,0.0,0.0,0.0,0.0,-89.0,-89.0,-83.0,-83.0,0.0,0.0,0.0,0.0,0.0,0.0,0.0,0.0,0.0,0.0,0.0,0.0,-81.0,-80.0,0.0,-94.0,0.0,0.0,0.0,0.0,0.0,0.0,0.0,0.0,0.0,0.0,0.0,0.0,0.0,0.0,0.0,0.0,0.0,-87.0,0.0,0.0,0.0,0.0,-81.0,0.0,0.0,0.0,0.0,0.0,0.0,-82.0,0.0,0.0,0.0,0.0,0.0,0.0,0.0,0.0,-95.0,0.0,-84.0,0.0,0.0,0.0,0.0,0.0,0.0,0.0,Aula20
461,0.0,0.0,0.0,0.0,0.0,0.0,0.0,0.0,-74.0,-54.0,0.0,0.0,0.0,-70.0,-70.0,-77.0,-76.0,0.0,0.0,0.0,0.0,0.0,0.0,0.0,-58.0,-58.0,-77.0,-77.0,-76.0,-76.0,-72.0,-72.0,-61.0,-61.0,-74.0,-74.0,-85.0,-84.0,0.0,0.0,-74.0,-76.0,0.0,-88.0,0.0,-82.0,0.0,0.0,0.0,0.0,0.0,0.0,0.0,0.0,0.0,0.0,0.0,0.0,0.0,0.0,-92.0,-94.0,0.0,0.0,0.0,0.0,0.0,0.0,0.0,0.0,0.0,0.0,0.0,0.0,0.0,0.0,0.0,0.0,0.0,0.0,0.0,0.0,0.0,0.0,-85.0,0.0,0.0,0.0,0.0,0.0,0.0,0.0,0.0,0.0,0.0,0.0,0.0,0.0,0.0,0.0,0.0,0.0,0.0,0.0,0.0,0.0,0.0,0.0,0.0,0.0,Aula20
462,0.0,-81.0,0.0,0.0,0.0,0.0,0.0,0.0,-72.0,-56.0,0.0,0.0,-67.0,-70.0,-70.0,0.0,0.0,0.0,0.0,0.0,-81.0,-81.0,0.0,0.0,-59.0,-58.0,-78.0,-79.0,-75.0,-77.0,-74.0,-74.0,-61.0,-62.0,-73.0,-73.0,0.0,0.0,0.0,0.0,-74.0,-75.0,-89.0,-88.0,0.0,0.0,0.0,0.0,0.0,0.0,0.0,0.0,0.0,0.0,0.0,0.0,0.0,0.0,0.0,0.0,-92.0,-94.0,0.0,0.0,0.0,0.0,0.0,0.0,0.0,0.0,0.0,0.0,0.0,0.0,0.0,0.0,0.0,0.0,-78.0,0.0,0.0,0.0,0.0,0.0,-82.0,0.0,0.0,0.0,0.0,0.0,0.0,0.0,0.0,0.0,0.0,0.0,0.0,0.0,0.0,0.0,0.0,0.0,0.0,0.0,0.0,0.0,0.0,0.0,0.0,0.0,Aula20
463,0.0,0.0,0.0,0.0,0.0,0.0,0.0,0.0,-73.0,-59.0,0.0,0.0,0.0,-70.0,-70.0,-77.0,-77.0,0.0,0.0,0.0,-80.0,-80.0,0.0,0.0,-58.0,-59.0,-78.0,-79.0,-75.0,-75.0,-73.0,-73.0,-61.0,-61.0,-72.0,-72.0,-83.0,-82.0,0.0,0.0,0.0,0.0,-89.0,-88.0,-82.0,-82.0,0.0,0.0,0.0,0.0,0.0,0.0,0.0,0.0,0.0,0.0,0.0,0.0,-79.0,-81.0,-94.0,0.0,0.0,0.0,-94.0,-94.0,0.0,0.0,0.0,0.0,0.0,0.0,0.0,0.0,0.0,0.0,0.0,0.0,0.0,0.0,0.0,0.0,0.0,0.0,-86.0,0.0,0.0,0.0,0.0,0.0,0.0,0.0,0.0,0.0,0.0,0.0,0.0,0.0,0.0,0.0,0.0,0.0,-82.0,0.0,0.0,0.0,0.0,0.0,0.0,0.0,Aula20
464,0.0,0.0,0.0,0.0,0.0,0.0,0.0,0.0,-73.0,-54.0,0.0,-66.0,0.0,-71.0,-70.0,-76.0,0.0,0.0,0.0,0.0,-81.0,-81.0,0.0,0.0,-59.0,-59.0,-79.0,-78.0,-75.0,-75.0,-73.0,-73.0,-61.0,-61.0,0.0,0.0,0.0,0.0,0.0,0.0,-77.0,-76.0,-89.0,-89.0,0.0,-81.0,0.0,0.0,0.0,0.0,0.0,0.0,0.0,0.0,0.0,0.0,0.0,0.0,0.0,0.0,0.0,0.0,0.0,0.0,0.0,0.0,0.0,0.0,0.0,0.0,0.0,0.0,0.0,0.0,0.0,0.0,0.0,0.0,0.0,0.0,0.0,0.0,0.0,0.0,-85.0,0.0,0.0,0.0,0.0,0.0,0.0,0.0,0.0,0.0,0.0,0.0,0.0,0.0,0.0,0.0,0.0,0.0,-81.0,0.0,0.0,0.0,0.0,0.0,0.0,0.0,Aula20
465,0.0,0.0,0.0,0.0,0.0,0.0,0.0,0.0,-73.0,-55.0,0.0,0.0,-65.0,-70.0,-70.0,0.0,-77.0,0.0,0.0,0.0,-80.0,0.0,0.0,0.0,-58.0,-58.0,-77.0,-77.0,-75.0,-75.0,-73.0,-73.0,-62.0,-61.0,-73.0,-73.0,-82.0,0.0,-95.0,-96.0,0.0,0.0,-88.0,-88.0,0.0,0.0,0.0,0.0,0.0,0.0,0.0,0.0,0.0,0.0,0.0,0.0,0.0,0.0,0.0,0.0,0.0,0.0,0.0,0.0,0.0,0.0,0.0,0.0,0.0,0.0,0.0,0.0,0.0,0.0,-96.0,0.0,0.0,-94.0,0.0,0.0,0.0,0.0,0.0,0.0,-84.0,0.0,0.0,0.0,0.0,0.0,0.0,0.0,0.0,0.0,0.0,0.0,0.0,0.0,0.0,0.0,-92.0,0.0,0.0,-95.0,0.0,0.0,0.0,0.0,0.0,0.0,Aula20
466,0.0,0.0,0.0,0.0,0.0,0.0,0.0,0.0,-73.0,0.0,0.0,-67.0,-67.0,-70.0,-70.0,-76.0,-77.0,0.0,0.0,0.0,-80.0,-81.0,0.0,0.0,-58.0,-58.0,-78.0,-77.0,-75.0,-75.0,-73.0,-73.0,-63.0,-63.0,-73.0,-73.0,0.0,-84.0,0.0,0.0,0.0,0.0,-88.0,-88.0,-82.0,-82.0,0.0,0.0,0.0,0.0,0.0,0.0,0.0,0.0,0.0,0.0,0.0,0.0,-81.0,-81.0,-94.0,-92.0,0.0,0.0,0.0,0.0,0.0,0.0,0.0,0.0,0.0,0.0,0.0,0.0,0.0,0.0,0.0,0.0,0.0,-89.0,0.0,0.0,0.0,0.0,-85.0,0.0,0.0,0.0,0.0,0.0,0.0,0.0,0.0,0.0,0.0,0.0,0.0,0.0,0.0,0.0,0.0,0.0,-82.0,0.0,0.0,0.0,0.0,0.0,0.0,0.0,Aula20
467,0.0,-81.0,0.0,0.0,0.0,0.0,0.0,0.0,-73.0,-61.0,0.0,-68.0,-67.0,-70.0,-70.0,-77.0,-76.0,0.0,0.0,0.0,0.0,0.0,0.0,0.0,-58.0,-58.0,-78.0,-78.0,-74.0,-75.0,-73.0,-73.0,-62.0,-61.0,-73.0,-72.0,0.0,0.0,0.0,0.0,0.0,0.0,-89.0,-89.0,0.0,0.0,0.0,0.0,0.0,0.0,0.0,0.0,0.0,0.0,0.0,0.0,0.0,0.0,0.0,-81.0,-93.0,-92.0,0.0,0.0,0.0,0.0,0.0,0.0,0.0,0.0,0.0,0.0,0.0,-94.0,0.0,0.0,0.0,0.0,-74.0,0.0,0.0,0.0,0.0,0.0,-85.0,0.0,0.0,0.0,0.0,0.0,0.0,-83.0,0.0,0.0,0.0,0.0,0.0,0.0,0.0,0.0,0.0,0.0,0.0,-96.0,0.0,0.0,0.0,0.0,0.0,0.0,Aula20
468,0.0,0.0,0.0,0.0,0.0,-95.0,0.0,0.0,-73.0,-55.0,0.0,0.0,0.0,-70.0,-70.0,-76.0,-77.0,0.0,0.0,0.0,-79.0,-80.0,0.0,0.0,-58.0,-58.0,-78.0,-78.0,0.0,-76.0,-72.0,-72.0,-62.0,-62.0,-73.0,-73.0,0.0,0.0,-95.0,0.0,0.0,-77.0,-89.0,-89.0,-82.0,-81.0,0.0,0.0,0.0,0.0,0.0,0.0,0.0,0.0,0.0,0.0,0.0,0.0,-81.0,0.0,-93.0,0.0,0.0,0.0,0.0,0.0,0.0,0.0,0.0,0.0,0.0,0.0,0.0,0.0,0.0,0.0,0.0,0.0,-78.0,0.0,0.0,0.0,0.0,0.0,-85.0,0.0,0.0,0.0,0.0,0.0,0.0,0.0,0.0,0.0,0.0,0.0,0.0,0.0,0.0,0.0,0.0,0.0,0.0,0.0,0.0,0.0,0.0,0.0,0.0,0.0,Aula20
469,0.0,0.0,0.0,0.0,0.0,0.0,0.0,0.0,-73.0,-55.0,0.0,-67.0,0.0,-70.0,-70.0,0.0,0.0,0.0,0.0,0.0,-80.0,-80.0,0.0,0.0,-58.0,-58.0,-78.0,-78.0,-75.0,0.0,-72.0,-72.0,-62.0,-62.0,-75.0,-74.0,0.0,-84.0,0.0,0.0,-77.0,-76.0,-87.0,-88.0,0.0,-82.0,0.0,0.0,0.0,0.0,0.0,0.0,0.0,0.0,0.0,0.0,0.0,0.0,0.0,0.0,0.0,0.0,0.0,0.0,-94.0,-92.0,0.0,0.0,0.0,0.0,-89.0,0.0,0.0,0.0,0.0,0.0,0.0,0.0,0.0,0.0,0.0,0.0,0.0,0.0,-84.0,0.0,0.0,0.0,0.0,0.0,0.0,0.0,0.0,0.0,0.0,0.0,0.0,0.0,0.0,0.0,0.0,0.0,0.0,0.0,0.0,0.0,0.0,0.0,0.0,0.0,Aula20
470,0.0,0.0,0.0,0.0,0.0,0.0,0.0,0.0,-74.0,-54.0,0.0,-67.0,-67.0,-70.0,-70.0,0.0,0.0,0.0,0.0,0.0,0.0,0.0,0.0,0.0,0.0,-59.0,-78.0,-78.0,0.0,0.0,-73.0,-73.0,-61.0,-62.0,-74.0,-73.0,0.0,0.0,0.0,0.0,-75.0,-76.0,-89.0,-88.0,0.0,0.0,0.0,0.0,0.0,0.0,0.0,0.0,0.0,0.0,0.0,0.0,0.0,0.0,0.0,0.0,0.0,-93.0,0.0,0.0,0.0,0.0,0.0,0.0,0.0,0.0,-86.0,0.0,0.0,0.0,0.0,0.0,0.0,0.0,0.0,0.0,0.0,0.0,0.0,0.0,-85.0,0.0,0.0,0.0,0.0,0.0,0.0,0.0,0.0,0.0,-96.0,0.0,0.0,0.0,0.0,0.0,0.0,0.0,-84.0,0.0,0.0,-87.0,0.0,0.0,0.0,0.0,Aula20
471,0.0,-81.0,0.0,0.0,0.0,0.0,0.0,0.0,-73.0,-55.0,0.0,-68.0,-64.0,-69.0,-69.0,-76.0,-76.0,0.0,0.0,0.0,-80.0,-80.0,0.0,0.0,-58.0,-59.0,-79.0,-79.0,-73.0,-75.0,-73.0,-73.0,-61.0,-61.0,-72.0,-73.0,0.0,0.0,0.0,0.0,0.0,0.0,-88.0,-89.0,-81.0,-82.0,0.0,0.0,0.0,0.0,0.0,0.0,0.0,0.0,0.0,0.0,0.0,0.0,-81.0,-81.0,0.0,0.0,0.0,0.0,0.0,0.0,0.0,0.0,0.0,0.0,-87.0,0.0,0.0,0.0,0.0,0.0,0.0,0.0,0.0,0.0,0.0,0.0,0.0,0.0,-85.0,0.0,0.0,0.0,0.0,0.0,0.0,0.0,0.0,0.0,0.0,0.0,0.0,0.0,0.0,0.0,0.0,0.0,-82.0,0.0,0.0,0.0,0.0,0.0,0.0,0.0,Aula20
472,0.0,-81.0,0.0,0.0,0.0,0.0,0.0,0.0,-72.0,-55.0,0.0,-66.0,0.0,-70.0,-69.0,0.0,0.0,0.0,0.0,0.0,-79.0,0.0,0.0,0.0,-58.0,-58.0,-79.0,-79.0,0.0,-76.0,-73.0,-73.0,-62.0,-61.0,-72.0,-72.0,-85.0,-84.0,0.0,0.0,0.0,0.0,-88.0,-88.0,0.0,0.0,0.0,0.0,0.0,0.0,0.0,0.0,0.0,0.0,0.0,0.0,0.0,0.0,0.0,0.0,-94.0,-94.0,0.0,0.0,0.0,0.0,0.0,0.0,0.0,0.0,0.0,0.0,0.0,-97.0,0.0,0.0,0.0,0.0,-79.0,0.0,0.0,0.0,0.0,0.0,-82.0,0.0,0.0,0.0,0.0,0.0,0.0,0.0,0.0,0.0,0.0,0.0,0.0,0.0,0.0,0.0,0.0,0.0,0.0,0.0,0.0,0.0,0.0,0.0,0.0,0.0,Aula20
473,0.0,0.0,0.0,0.0,0.0,0.0,0.0,0.0,-73.0,-54.0,0.0,0.0,0.0,-70.0,-70.0,-75.0,-76.0,0.0,0.0,0.0,0.0,0.0,0.0,0.0,-60.0,-59.0,-78.0,-78.0,-75.0,0.0,-74.0,-74.0,-63.0,-61.0,-72.0,-73.0,-83.0,-84.0,0.0,0.0,0.0,0.0,-88.0,-89.0,-83.0,-83.0,0.0,0.0,0.0,0.0,0.0,0.0,0.0,0.0,0.0,0.0,0.0,0.0,-81.0,-81.0,-94.0,-92.0,0.0,0.0,-92.0,-92.0,0.0,0.0,0.0,0.0,0.0,0.0,0.0,0.0,0.0,0.0,0.0,0.0,-79.0,0.0,0.0,0.0,0.0,0.0,0.0,0.0,0.0,0.0,0.0,0.0,0.0,0.0,0.0,0.0,0.0,0.0,0.0,0.0,0.0,0.0,0.0,0.0,0.0,0.0,0.0,0.0,0.0,0.0,0.0,0.0,Aula20
474,0.0,-81.0,0.0,0.0,0.0,0.0,0.0,0.0,-73.0,-61.0,0.0,0.0,0.0,-71.0,-71.0,-76.0,-77.0,0.0,0.0,0.0,-80.0,-80.0,0.0,0.0,-58.0,-58.0,-78.0,-78.0,-75.0,-76.0,-72.0,-72.0,-61.0,-62.0,-75.0,-75.0,-83.0,-84.0,0.0,0.0,0.0,0.0,-90.0,-89.0,-82.0,-82.0,0.0,0.0,0.0,0.0,0.0,0.0,0.0,0.0,0.0,0.0,0.0,0.0,-81.0,-80.0,-93.0,-94.0,0.0,0.0,-94.0,-94.0,0.0,0.0,0.0,0.0,0.0,0.0,0.0,0.0,0.0,0.0,0.0,0.0,0.0,0.0,0.0,0.0,0.0,0.0,-82.0,0.0,0.0,0.0,0.0,0.0,0.0,-82.0,0.0,0.0,0.0,0.0,0.0,0.0,0.0,0.0,-94.0,0.0,0.0,0.0,0.0,0.0,0.0,0.0,0.0,0.0,Aula20
475,0.0,-82.0,0.0,0.0,0.0,0.0,0.0,0.0,-73.0,-54.0,0.0,0.0,0.0,-71.0,-71.0,0.0,0.0,0.0,0.0,0.0,0.0,0.0,0.0,0.0,-60.0,-60.0,-78.0,-78.0,-76.0,-77.0,-72.0,-72.0,-61.0,-62.0,-73.0,-73.0,-84.0,-84.0,0.0,0.0,0.0,-75.0,-89.0,-88.0,0.0,0.0,0.0,0.0,0.0,0.0,0.0,0.0,0.0,0.0,0.0,0.0,0.0,0.0,0.0,0.0,-91.0,-92.0,0.0,0.0,0.0,0.0,0.0,0.0,0.0,0.0,0.0,0.0,0.0,0.0,0.0,0.0,0.0,0.0,-80.0,0.0,0.0,0.0,0.0,0.0,-85.0,0.0,0.0,0.0,0.0,0.0,0.0,0.0,0.0,0.0,0.0,0.0,0.0,0.0,0.0,0.0,0.0,0.0,0.0,0.0,0.0,0.0,0.0,0.0,0.0,0.0,Aula20
476,0.0,-81.0,0.0,0.0,0.0,0.0,0.0,0.0,-73.0,-54.0,0.0,0.0,-67.0,-71.0,-70.0,-75.0,-76.0,0.0,0.0,0.0,-81.0,-81.0,0.0,0.0,-58.0,-59.0,-77.0,-77.0,-77.0,0.0,-72.0,-72.0,-61.0,-61.0,-73.0,-73.0,-82.0,-83.0,0.0,0.0,0.0,-75.0,-89.0,-89.0,0.0,-82.0,0.0,0.0,0.0,0.0,0.0,0.0,0.0,0.0,0.0,0.0,0.0,0.0,-81.0,-82.0,-92.0,-91.0,0.0,0.0,0.0,0.0,0.0,0.0,0.0,0.0,0.0,0.0,0.0,0.0,0.0,0.0,0.0,0.0,-79.0,0.0,0.0,0.0,0.0,0.0,-85.0,0.0,0.0,0.0,0.0,0.0,0.0,-82.0,0.0,0.0,0.0,0.0,0.0,0.0,0.0,0.0,0.0,0.0,0.0,0.0,0.0,0.0,0.0,0.0,0.0,0.0,Aula20
477,0.0,0.0,0.0,0.0,0.0,0.0,0.0,0.0,-73.0,-55.0,0.0,-66.0,-67.0,-70.0,-70.0,-76.0,-77.0,0.0,0.0,0.0,-81.0,-79.0,0.0,0.0,-61.0,-60.0,-79.0,-79.0,-77.0,-77.0,-72.0,-72.0,-62.0,-62.0,-73.0,-72.0,0.0,0.0,0.0,0.0,0.0,0.0,-89.0,-89.0,-82.0,-81.0,0.0,0.0,0.0,0.0,0.0,0.0,0.0,0.0,0.0,0.0,0.0,0.0,-81.0,-82.0,-94.0,-94.0,0.0,0.0,0.0,0.0,0.0,0.0,0.0,0.0,-86.0,0.0,0.0,0.0,0.0,0.0,0.0,0.0,0.0,0.0,0.0,0.0,0.0,0.0,-85.0,0.0,0.0,0.0,0.0,0.0,0.0,0.0,0.0,0.0,0.0,0.0,0.0,0.0,0.0,0.0,0.0,0.0,-82.0,0.0,0.0,0.0,0.0,0.0,0.0,0.0,Aula20
478,0.0,0.0,0.0,0.0,0.0,0.0,0.0,0.0,-74.0,0.0,0.0,0.0,-67.0,-71.0,-71.0,-76.0,-77.0,0.0,0.0,0.0,-80.0,-80.0,0.0,0.0,-57.0,-58.0,-77.0,-77.0,-76.0,-76.0,-73.0,-73.0,-62.0,-63.0,-74.0,-73.0,0.0,0.0,0.0,0.0,0.0,0.0,-88.0,-89.0,-82.0,-82.0,0.0,0.0,0.0,0.0,0.0,0.0,0.0,0.0,0.0,0.0,0.0,0.0,-82.0,-82.0,-94.0,-94.0,0.0,0.0,0.0,0.0,-89.0,0.0,0.0,-92.0,0.0,0.0,0.0,0.0,0.0,0.0,0.0,0.0,0.0,-88.0,0.0,0.0,0.0,0.0,0.0,0.0,0.0,0.0,0.0,0.0,0.0,-82.0,0.0,0.0,0.0,0.0,0.0,0.0,0.0,0.0,0.0,0.0,0.0,0.0,0.0,0.0,0.0,0.0,0.0,0.0,Aula20
479,0.0,-82.0,0.0,0.0,0.0,0.0,0.0,0.0,-73.0,-54.0,0.0,0.0,-67.0,-70.0,-70.0,-76.0,-76.0,0.0,0.0,0.0,0.0,0.0,0.0,0.0,-58.0,-58.0,-79.0,-79.0,0.0,-76.0,-72.0,-72.0,-61.0,-62.0,-73.0,-73.0,0.0,0.0,0.0,0.0,0.0,-76.0,-88.0,0.0,-82.0,-82.0,0.0,0.0,0.0,0.0,0.0,0.0,0.0,0.0,0.0,0.0,0.0,0.0,-81.0,-81.0,0.0,0.0,0.0,0.0,0.0,-93.0,0.0,0.0,0.0,0.0,0.0,0.0,0.0,0.0,0.0,0.0,0.0,-95.0,0.0,0.0,0.0,0.0,0.0,0.0,-87.0,0.0,0.0,0.0,0.0,0.0,0.0,0.0,0.0,0.0,0.0,0.0,0.0,0.0,0.0,0.0,0.0,0.0,0.0,0.0,0.0,0.0,0.0,0.0,0.0,0.0,Aula20
480,0.0,-85.0,0.0,0.0,0.0,0.0,0.0,0.0,-72.0,-55.0,0.0,0.0,0.0,-70.0,-70.0,-77.0,-77.0,0.0,0.0,0.0,-82.0,-82.0,0.0,0.0,-59.0,-59.0,-78.0,-78.0,-76.0,-76.0,-73.0,-73.0,-61.0,-62.0,-73.0,-73.0,0.0,-85.0,0.0,0.0,0.0,0.0,-88.0,-87.0,-82.0,-81.0,0.0,0.0,0.0,0.0,0.0,0.0,0.0,0.0,0.0,0.0,0.0,0.0,0.0,-81.0,-92.0,-94.0,0.0,0.0,-91.0,-92.0,0.0,0.0,0.0,0.0,0.0,0.0,0.0,0.0,0.0,0.0,0.0,0.0,-77.0,0.0,0.0,0.0,0.0,0.0,-84.0,0.0,0.0,0.0,0.0,0.0,0.0,-82.0,0.0,0.0,0.0,0.0,0.0,0.0,0.0,0.0,0.0,0.0,0.0,0.0,0.0,0.0,0.0,0.0,0.0,0.0,Aula20
481,0.0,-83.0,0.0,0.0,0.0,0.0,0.0,0.0,-73.0,0.0,0.0,0.0,-67.0,-70.0,-70.0,0.0,0.0,0.0,0.0,0.0,0.0,0.0,0.0,0.0,-59.0,-58.0,-79.0,-79.0,-77.0,-77.0,-72.0,-72.0,-62.0,-62.0,-73.0,-73.0,-85.0,-85.0,0.0,0.0,-76.0,-77.0,-89.0,-88.0,0.0,-81.0,0.0,0.0,0.0,0.0,0.0,0.0,0.0,0.0,0.0,0.0,0.0,0.0,0.0,0.0,-94.0,0.0,0.0,0.0,-93.0,-92.0,0.0,0.0,0.0,0.0,0.0,0.0,0.0,0.0,0.0,0.0,0.0,0.0,0.0,0.0,0.0,0.0,0.0,0.0,-85.0,0.0,0.0,0.0,0.0,0.0,0.0,-84.0,0.0,0.0,0.0,0.0,0.0,0.0,0.0,0.0,0.0,0.0,-81.0,0.0,0.0,0.0,0.0,0.0,0.0,0.0,Aula20
482,0.0,-85.0,0.0,0.0,0.0,0.0,0.0,0.0,-73.0,0.0,0.0,-67.0,-67.0,-70.0,-70.0,-76.0,0.0,0.0,0.0,0.0,0.0,0.0,0.0,0.0,-58.0,-58.0,-77.0,-78.0,0.0,-77.0,-73.0,-73.0,-62.0,-62.0,-73.0,-73.0,0.0,0.0,0.0,0.0,-76.0,-77.0,-87.0,0.0,0.0,0.0,0.0,0.0,0.0,0.0,0.0,0.0,0.0,0.0,0.0,0.0,0.0,0.0,0.0,0.0,0.0,0.0,0.0,0.0,0.0,0.0,0.0,0.0,0.0,0.0,0.0,0.0,0.0,0.0,0.0,0.0,0.0,0.0,-79.0,0.0,0.0,0.0,0.0,0.0,-85.0,0.0,0.0,0.0,0.0,0.0,0.0,-84.0,0.0,0.0,0.0,0.0,0.0,0.0,0.0,0.0,0.0,0.0,-82.0,0.0,0.0,0.0,0.0,0.0,0.0,0.0,Aula20
483,0.0,0.0,0.0,0.0,0.0,0.0,0.0,0.0,-73.0,-54.0,0.0,-68.0,-67.0,-71.0,-71.0,-76.0,-77.0,0.0,0.0,0.0,-80.0,-81.0,0.0,-94.0,0.0,0.0,-79.0,-79.0,-77.0,-76.0,-73.0,-73.0,-61.0,-62.0,-73.0,-73.0,0.0,0.0,0.0,0.0,0.0,0.0,-88.0,-88.0,-84.0,-82.0,0.0,0.0,0.0,0.0,0.0,0.0,0.0,0.0,0.0,0.0,0.0,0.0,-81.0,-81.0,-92.0,-94.0,0.0,0.0,0.0,0.0,0.0,0.0,0.0,0.0,-82.0,0.0,0.0,0.0,0.0,0.0,0.0,0.0,-81.0,0.0,0.0,0.0,0.0,0.0,-84.0,0.0,0.0,0.0,0.0,0.0,0.0,0.0,0.0,0.0,0.0,0.0,0.0,0.0,0.0,0.0,0.0,0.0,-82.0,0.0,0.0,0.0,0.0,0.0,0.0,0.0,Aula20
484,0.0,-84.0,0.0,0.0,0.0,0.0,0.0,0.0,-74.0,-61.0,0.0,-66.0,-67.0,-70.0,-71.0,-75.0,-76.0,0.0,0.0,0.0,0.0,0.0,0.0,0.0,-59.0,-58.0,-79.0,-79.0,-77.0,-75.0,-71.0,-71.0,-62.0,-61.0,-72.0,-72.0,0.0,0.0,0.0,0.0,-76.0,-77.0,-88.0,-87.0,-82.0,-82.0,0.0,0.0,0.0,0.0,0.0,0.0,0.0,0.0,0.0,0.0,0.0,0.0,-80.0,-80.0,-96.0,-94.0,0.0,0.0,0.0,0.0,0.0,0.0,0.0,0.0,0.0,0.0,0.0,0.0,0.0,0.0,0.0,0.0,0.0,0.0,0.0,0.0,0.0,0.0,0.0,0.0,0.0,0.0,0.0,0.0,0.0,-84.0,0.0,0.0,0.0,0.0,0.0,0.0,0.0,0.0,0.0,0.0,-81.0,0.0,0.0,0.0,0.0,0.0,0.0,0.0,Aula20
485,0.0,0.0,0.0,0.0,0.0,0.0,0.0,0.0,-72.0,-55.0,0.0,-66.0,-66.0,-73.0,-72.0,-77.0,-79.0,0.0,0.0,0.0,0.0,0.0,0.0,0.0,-61.0,0.0,-75.0,-75.0,-74.0,-76.0,-74.0,-74.0,-60.0,-60.0,-74.0,-74.0,0.0,0.0,0.0,0.0,-76.0,-76.0,-89.0,-89.0,0.0,0.0,0.0,0.0,0.0,0.0,0.0,0.0,0.0,0.0,0.0,0.0,0.0,0.0,-79.0,-79.0,-94.0,0.0,0.0,0.0,0.0,0.0,0.0,0.0,0.0,0.0,-85.0,0.0,0.0,0.0,0.0,0.0,0.0,0.0,0.0,0.0,0.0,0.0,0.0,0.0,-86.0,0.0,0.0,0.0,0.0,0.0,0.0,0.0,0.0,0.0,0.0,0.0,0.0,0.0,0.0,0.0,0.0,0.0,-81.0,0.0,0.0,0.0,0.0,0.0,0.0,0.0,Aula20
486,0.0,0.0,0.0,0.0,0.0,0.0,0.0,0.0,-71.0,-55.0,0.0,0.0,0.0,-73.0,-73.0,-77.0,-77.0,0.0,0.0,0.0,-81.0,-81.0,0.0,0.0,-60.0,-60.0,-76.0,0.0,0.0,-75.0,-73.0,-73.0,-60.0,-60.0,-74.0,-73.0,-83.0,0.0,0.0,0.0,0.0,0.0,-88.0,-88.0,-83.0,0.0,0.0,0.0,0.0,0.0,0.0,0.0,0.0,0.0,0.0,0.0,0.0,0.0,-81.0,-81.0,-94.0,-94.0,0.0,0.0,0.0,0.0,0.0,0.0,0.0,0.0,0.0,0.0,0.0,0.0,0.0,0.0,0.0,0.0,0.0,0.0,0.0,0.0,0.0,0.0,0.0,0.0,0.0,0.0,0.0,0.0,0.0,0.0,0.0,0.0,0.0,0.0,0.0,0.0,0.0,0.0,0.0,0.0,0.0,0.0,0.0,0.0,0.0,0.0,0.0,0.0,Aula20
487,0.0,-81.0,0.0,0.0,0.0,0.0,0.0,0.0,-70.0,-56.0,0.0,0.0,-66.0,-72.0,-72.0,-76.0,-76.0,0.0,0.0,0.0,-80.0,-79.0,0.0,0.0,-60.0,0.0,-75.0,0.0,0.0,0.0,-73.0,-73.0,-59.0,-59.0,-74.0,-75.0,-82.0,-82.0,0.0,0.0,-75.0,0.0,-89.0,-88.0,0.0,-82.0,0.0,0.0,0.0,0.0,0.0,0.0,0.0,0.0,0.0,0.0,0.0,0.0,-80.0,-80.0,-94.0,-96.0,0.0,0.0,0.0,0.0,0.0,0.0,0.0,0.0,0.0,0.0,0.0,0.0,0.0,0.0,0.0,0.0,0.0,0.0,0.0,0.0,0.0,0.0,-85.0,0.0,0.0,0.0,0.0,0.0,0.0,-82.0,0.0,0.0,0.0,0.0,0.0,0.0,0.0,0.0,0.0,0.0,0.0,0.0,0.0,0.0,0.0,0.0,0.0,0.0,Aula20
488,0.0,0.0,0.0,0.0,0.0,0.0,0.0,0.0,-74.0,-56.0,0.0,-66.0,0.0,-71.0,-71.0,0.0,0.0,0.0,0.0,0.0,-81.0,-83.0,0.0,0.0,-55.0,-56.0,-73.0,-73.0,-76.0,-76.0,0.0,0.0,-60.0,-60.0,-75.0,-75.0,0.0,-83.0,-96.0,0.0,0.0,0.0,-88.0,0.0,-86.0,-85.0,0.0,0.0,0.0,0.0,0.0,0.0,0.0,0.0,0.0,0.0,0.0,0.0,-77.0,-77.0,0.0,-94.0,0.0,0.0,0.0,0.0,0.0,0.0,0.0,0.0,-83.0,0.0,0.0,0.0,0.0,0.0,0.0,-92.0,0.0,0.0,0.0,0.0,0.0,0.0,0.0,0.0,0.0,0.0,0.0,0.0,0.0,0.0,0.0,0.0,0.0,0.0,0.0,0.0,0.0,0.0,-91.0,0.0,0.0,0.0,0.0,0.0,0.0,0.0,0.0,0.0,Aula20
489,0.0,0.0,0.0,0.0,0.0,0.0,0.0,0.0,-74.0,-56.0,0.0,-66.0,0.0,-71.0,-71.0,0.0,0.0,0.0,0.0,0.0,-81.0,-83.0,0.0,0.0,-55.0,-56.0,-73.0,-73.0,-76.0,-76.0,0.0,0.0,-60.0,-60.0,-75.0,-75.0,0.0,-83.0,-96.0,0.0,0.0,0.0,-88.0,0.0,-86.0,-85.0,0.0,0.0,0.0,0.0,0.0,0.0,0.0,0.0,0.0,0.0,0.0,0.0,-77.0,-77.0,0.0,-94.0,0.0,0.0,0.0,0.0,0.0,0.0,0.0,0.0,-83.0,0.0,0.0,0.0,0.0,0.0,0.0,-92.0,0.0,0.0,0.0,0.0,0.0,0.0,0.0,0.0,0.0,0.0,0.0,0.0,0.0,0.0,0.0,0.0,0.0,0.0,0.0,0.0,0.0,0.0,-91.0,0.0,0.0,0.0,0.0,0.0,0.0,0.0,0.0,0.0,Aula20
490,0.0,-86.0,0.0,0.0,0.0,0.0,0.0,0.0,-73.0,-55.0,0.0,0.0,0.0,-71.0,-71.0,-77.0,-77.0,0.0,0.0,0.0,-81.0,-80.0,-97.0,-96.0,-62.0,-62.0,-77.0,-77.0,-77.0,-76.0,-74.0,-73.0,-59.0,-59.0,-74.0,-74.0,-84.0,0.0,0.0,0.0,0.0,0.0,-88.0,-89.0,-84.0,-84.0,0.0,0.0,0.0,0.0,0.0,0.0,0.0,0.0,0.0,0.0,0.0,0.0,-81.0,-81.0,-94.0,0.0,0.0,0.0,-94.0,0.0,0.0,0.0,0.0,0.0,0.0,0.0,0.0,0.0,0.0,0.0,0.0,0.0,-80.0,0.0,0.0,0.0,0.0,0.0,-85.0,0.0,0.0,0.0,0.0,0.0,0.0,-83.0,0.0,0.0,0.0,0.0,0.0,0.0,0.0,0.0,0.0,0.0,-81.0,0.0,0.0,0.0,0.0,0.0,0.0,0.0,Aula20
491,0.0,-86.0,0.0,0.0,0.0,0.0,0.0,0.0,-73.0,-55.0,0.0,0.0,0.0,-71.0,-71.0,-77.0,-77.0,0.0,0.0,0.0,-81.0,-80.0,-97.0,-96.0,-62.0,-62.0,-77.0,-77.0,-77.0,-76.0,-74.0,-73.0,-59.0,-59.0,-74.0,-74.0,-84.0,0.0,0.0,0.0,0.0,0.0,-88.0,-89.0,-84.0,-84.0,0.0,0.0,0.0,0.0,0.0,0.0,0.0,0.0,0.0,0.0,0.0,0.0,-81.0,-81.0,-94.0,0.0,0.0,0.0,-94.0,0.0,0.0,0.0,0.0,0.0,0.0,0.0,0.0,0.0,0.0,0.0,0.0,0.0,-80.0,0.0,0.0,0.0,0.0,0.0,-85.0,0.0,0.0,0.0,0.0,0.0,0.0,-83.0,0.0,0.0,0.0,0.0,0.0,0.0,0.0,0.0,0.0,0.0,-81.0,0.0,0.0,0.0,0.0,0.0,0.0,0.0,Aula20
492,0.0,0.0,0.0,0.0,0.0,0.0,0.0,0.0,-73.0,-55.0,0.0,0.0,0.0,-69.0,-68.0,-76.0,-77.0,0.0,0.0,0.0,0.0,-87.0,0.0,-94.0,-62.0,-62.0,-74.0,-74.0,-72.0,-71.0,-72.0,-72.0,-60.0,-59.0,-73.0,-73.0,0.0,-85.0,0.0,0.0,0.0,0.0,-86.0,-86.0,-81.0,-81.0,0.0,0.0,0.0,0.0,0.0,0.0,0.0,0.0,0.0,0.0,0.0,0.0,-80.0,-79.0,-94.0,-94.0,0.0,0.0,0.0,0.0,0.0,0.0,0.0,0.0,0.0,0.0,0.0,0.0,0.0,0.0,0.0,0.0,0.0,0.0,0.0,0.0,0.0,0.0,-81.0,0.0,0.0,0.0,0.0,0.0,0.0,0.0,0.0,0.0,0.0,0.0,0.0,0.0,0.0,0.0,0.0,0.0,0.0,0.0,0.0,0.0,0.0,0.0,0.0,0.0,Aula20
493,0.0,0.0,0.0,0.0,0.0,0.0,0.0,0.0,-67.0,-67.0,0.0,0.0,0.0,0.0,0.0,-69.0,-70.0,-79.0,-79.0,0.0,0.0,0.0,0.0,0.0,-69.0,-70.0,-76.0,-75.0,0.0,0.0,0.0,0.0,-76.0,0.0,0.0,0.0,0.0,-86.0,0.0,0.0,0.0,0.0,0.0,0.0,0.0,0.0,0.0,0.0,0.0,0.0,0.0,0.0,0.0,0.0,0.0,0.0,0.0,0.0,0.0,0.0,0.0,0.0,0.0,0.0,0.0,0.0,0.0,0.0,0.0,0.0,-61.0,-79.0,0.0,0.0,0.0,-78.0,0.0,0.0,0.0,0.0,0.0,0.0,0.0,0.0,0.0,0.0,0.0,0.0,0.0,0.0,0.0,0.0,0.0,0.0,0.0,0.0,0.0,0.0,0.0,0.0,0.0,0.0,0.0,0.0,0.0,0.0,0.0,0.0,0.0,0.0,Sala profes
494,0.0,0.0,0.0,0.0,0.0,0.0,0.0,0.0,-69.0,-57.0,0.0,0.0,0.0,0.0,0.0,-74.0,-75.0,-81.0,-82.0,0.0,0.0,0.0,0.0,0.0,-66.0,-65.0,-76.0,-76.0,0.0,0.0,0.0,0.0,0.0,-74.0,0.0,0.0,0.0,0.0,-91.0,-91.0,0.0,0.0,0.0,0.0,0.0,0.0,0.0,0.0,0.0,0.0,0.0,0.0,0.0,0.0,0.0,0.0,0.0,0.0,0.0,0.0,0.0,0.0,0.0,0.0,0.0,0.0,0.0,0.0,0.0,0.0,-67.0,0.0,0.0,0.0,0.0,0.0,0.0,0.0,0.0,0.0,0.0,0.0,0.0,0.0,0.0,0.0,0.0,0.0,0.0,0.0,0.0,0.0,0.0,0.0,0.0,0.0,0.0,0.0,0.0,0.0,0.0,0.0,0.0,0.0,0.0,0.0,0.0,0.0,0.0,0.0,Sala profes
495,0.0,0.0,0.0,0.0,0.0,0.0,0.0,0.0,-68.0,-58.0,0.0,0.0,0.0,0.0,0.0,-73.0,-73.0,-81.0,-82.0,0.0,0.0,0.0,0.0,0.0,0.0,0.0,-75.0,-75.0,0.0,0.0,0.0,0.0,-75.0,-75.0,0.0,0.0,0.0,0.0,-91.0,-91.0,0.0,0.0,0.0,0.0,0.0,0.0,0.0,0.0,0.0,0.0,0.0,0.0,0.0,0.0,0.0,0.0,0.0,0.0,0.0,0.0,0.0,0.0,0.0,0.0,0.0,0.0,0.0,0.0,0.0,0.0,-66.0,-77.0,0.0,0.0,0.0,-77.0,0.0,0.0,0.0,0.0,0.0,0.0,0.0,0.0,0.0,0.0,0.0,0.0,0.0,0.0,0.0,0.0,0.0,0.0,0.0,0.0,0.0,0.0,0.0,0.0,0.0,0.0,0.0,0.0,0.0,0.0,0.0,0.0,0.0,0.0,Sala profes
496,0.0,0.0,0.0,0.0,0.0,0.0,0.0,0.0,-67.0,-52.0,0.0,0.0,0.0,0.0,0.0,-70.0,-71.0,-82.0,-81.0,0.0,0.0,0.0,0.0,0.0,-63.0,-64.0,0.0,-85.0,0.0,0.0,0.0,0.0,0.0,-80.0,-95.0,-95.0,-80.0,0.0,-94.0,-92.0,0.0,0.0,0.0,0.0,0.0,0.0,0.0,0.0,0.0,0.0,0.0,0.0,0.0,0.0,0.0,0.0,0.0,0.0,0.0,0.0,0.0,0.0,0.0,0.0,0.0,0.0,0.0,0.0,0.0,0.0,-67.0,0.0,0.0,0.0,0.0,-76.0,0.0,0.0,0.0,0.0,0.0,0.0,0.0,0.0,0.0,0.0,0.0,0.0,0.0,0.0,0.0,0.0,0.0,0.0,0.0,0.0,0.0,0.0,0.0,0.0,0.0,0.0,0.0,0.0,0.0,0.0,0.0,0.0,0.0,0.0,Sala profes
497,0.0,0.0,0.0,0.0,0.0,0.0,0.0,0.0,-66.0,-56.0,0.0,0.0,0.0,0.0,0.0,-73.0,0.0,-82.0,-81.0,0.0,0.0,-89.0,0.0,0.0,-65.0,0.0,-84.0,0.0,0.0,0.0,0.0,0.0,0.0,-74.0,-92.0,-91.0,0.0,0.0,-89.0,-90.0,0.0,0.0,0.0,0.0,0.0,0.0,0.0,0.0,0.0,0.0,0.0,0.0,0.0,0.0,0.0,0.0,0.0,0.0,0.0,0.0,0.0,0.0,0.0,0.0,0.0,0.0,0.0,0.0,0.0,0.0,-67.0,0.0,0.0,0.0,0.0,-78.0,0.0,0.0,0.0,0.0,0.0,0.0,0.0,0.0,0.0,0.0,0.0,0.0,0.0,0.0,0.0,0.0,0.0,0.0,0.0,0.0,0.0,0.0,0.0,0.0,0.0,0.0,-85.0,0.0,0.0,0.0,0.0,0.0,0.0,0.0,Sala profes
498,0.0,0.0,0.0,0.0,0.0,0.0,-97.0,-98.0,-66.0,-53.0,0.0,0.0,0.0,0.0,0.0,-72.0,-72.0,-80.0,-80.0,0.0,0.0,0.0,0.0,0.0,-66.0,-66.0,0.0,0.0,0.0,0.0,0.0,0.0,-74.0,-74.0,-91.0,-92.0,0.0,0.0,-89.0,-89.0,0.0,0.0,0.0,0.0,0.0,0.0,0.0,0.0,0.0,0.0,0.0,0.0,0.0,0.0,0.0,0.0,0.0,0.0,0.0,0.0,0.0,0.0,0.0,0.0,0.0,0.0,0.0,0.0,0.0,0.0,-68.0,-78.0,0.0,0.0,0.0,-78.0,0.0,0.0,0.0,0.0,0.0,0.0,0.0,0.0,0.0,0.0,0.0,0.0,0.0,0.0,0.0,0.0,0.0,0.0,0.0,0.0,0.0,0.0,0.0,0.0,0.0,0.0,0.0,0.0,0.0,0.0,0.0,0.0,0.0,0.0,Sala profes
499,0.0,0.0,0.0,0.0,0.0,0.0,-94.0,0.0,-67.0,-53.0,-88.0,0.0,0.0,0.0,0.0,-73.0,-73.0,-80.0,-80.0,0.0,0.0,0.0,0.0,0.0,-66.0,0.0,0.0,0.0,0.0,0.0,0.0,0.0,-73.0,-74.0,-92.0,-92.0,0.0,0.0,-89.0,-89.0,0.0,0.0,0.0,0.0,0.0,0.0,0.0,0.0,0.0,0.0,0.0,0.0,0.0,0.0,0.0,0.0,0.0,0.0,0.0,0.0,0.0,0.0,0.0,0.0,0.0,0.0,0.0,0.0,0.0,0.0,-69.0,0.0,0.0,0.0,0.0,-80.0,0.0,0.0,0.0,0.0,0.0,0.0,0.0,0.0,0.0,0.0,0.0,0.0,0.0,0.0,0.0,0.0,0.0,0.0,0.0,0.0,-91.0,0.0,0.0,0.0,0.0,0.0,-84.0,0.0,0.0,0.0,0.0,0.0,0.0,0.0,Sala profes
500,0.0,0.0,0.0,0.0,0.0,0.0,0.0,0.0,-67.0,-54.0,0.0,0.0,0.0,0.0,0.0,-74.0,-74.0,-80.0,-80.0,0.0,0.0,0.0,0.0,0.0,-67.0,-67.0,-85.0,-85.0,0.0,0.0,0.0,0.0,-75.0,-74.0,-93.0,-94.0,0.0,-85.0,0.0,-89.0,0.0,0.0,0.0,0.0,0.0,0.0,0.0,0.0,0.0,0.0,0.0,0.0,0.0,0.0,0.0,0.0,0.0,0.0,0.0,0.0,0.0,0.0,0.0,0.0,0.0,0.0,0.0,0.0,0.0,0.0,-70.0,0.0,0.0,0.0,0.0,-79.0,0.0,0.0,0.0,0.0,0.0,0.0,0.0,0.0,0.0,0.0,0.0,0.0,0.0,0.0,0.0,0.0,0.0,0.0,0.0,0.0,0.0,0.0,0.0,0.0,0.0,0.0,0.0,0.0,0.0,0.0,0.0,0.0,0.0,0.0,Sala profes
501,0.0,0.0,0.0,0.0,0.0,-83.0,-96.0,-96.0,-67.0,-56.0,0.0,0.0,0.0,0.0,0.0,-73.0,0.0,-81.0,-81.0,0.0,0.0,0.0,0.0,0.0,-67.0,0.0,-84.0,0.0,0.0,0.0,0.0,0.0,-75.0,0.0,-94.0,0.0,0.0,0.0,0.0,-89.0,0.0,0.0,0.0,0.0,0.0,0.0,0.0,0.0,0.0,0.0,0.0,0.0,0.0,0.0,0.0,0.0,0.0,0.0,0.0,0.0,0.0,0.0,0.0,0.0,0.0,0.0,0.0,0.0,0.0,0.0,0.0,-79.0,0.0,0.0,0.0,-78.0,0.0,0.0,0.0,0.0,0.0,0.0,0.0,0.0,0.0,0.0,0.0,0.0,0.0,0.0,0.0,0.0,0.0,0.0,0.0,0.0,0.0,0.0,0.0,0.0,0.0,0.0,0.0,0.0,0.0,0.0,0.0,0.0,0.0,0.0,Sala profes
502,0.0,0.0,0.0,0.0,0.0,0.0,0.0,0.0,-68.0,-51.0,0.0,0.0,0.0,0.0,0.0,-73.0,-74.0,-79.0,-79.0,0.0,0.0,0.0,0.0,0.0,-65.0,0.0,0.0,-82.0,0.0,0.0,0.0,0.0,-72.0,-72.0,0.0,0.0,0.0,0.0,-89.0,-89.0,0.0,0.0,0.0,0.0,0.0,0.0,0.0,0.0,0.0,0.0,0.0,0.0,0.0,0.0,0.0,0.0,0.0,0.0,0.0,0.0,0.0,0.0,0.0,0.0,0.0,0.0,0.0,0.0,0.0,0.0,-71.0,-82.0,0.0,0.0,0.0,-82.0,0.0,0.0,0.0,0.0,0.0,0.0,0.0,0.0,0.0,0.0,0.0,0.0,0.0,0.0,0.0,0.0,0.0,0.0,0.0,0.0,0.0,0.0,0.0,0.0,0.0,-86.0,0.0,0.0,0.0,0.0,0.0,0.0,0.0,0.0,Sala profes
503,0.0,0.0,0.0,0.0,0.0,0.0,-96.0,0.0,-67.0,-53.0,0.0,0.0,0.0,0.0,0.0,-74.0,-74.0,-81.0,-80.0,0.0,0.0,0.0,0.0,0.0,-66.0,-66.0,-82.0,-83.0,0.0,0.0,0.0,0.0,-73.0,-73.0,-93.0,-92.0,0.0,0.0,0.0,-89.0,0.0,0.0,0.0,0.0,0.0,0.0,0.0,0.0,0.0,0.0,0.0,0.0,0.0,0.0,0.0,0.0,0.0,0.0,0.0,0.0,0.0,0.0,0.0,0.0,0.0,0.0,0.0,0.0,0.0,0.0,0.0,0.0,0.0,0.0,0.0,-82.0,0.0,0.0,0.0,0.0,0.0,0.0,0.0,0.0,0.0,0.0,0.0,0.0,0.0,0.0,0.0,0.0,0.0,0.0,0.0,0.0,0.0,0.0,0.0,0.0,0.0,0.0,-87.0,0.0,0.0,0.0,0.0,0.0,0.0,0.0,Sala profes
504,0.0,0.0,0.0,0.0,0.0,-82.0,0.0,0.0,-68.0,-53.0,0.0,0.0,0.0,0.0,0.0,-71.0,-72.0,-80.0,-80.0,0.0,0.0,0.0,0.0,0.0,0.0,-65.0,-82.0,-82.0,0.0,0.0,0.0,0.0,-72.0,-72.0,0.0,0.0,-83.0,0.0,0.0,-90.0,0.0,0.0,0.0,0.0,0.0,0.0,0.0,0.0,0.0,0.0,0.0,0.0,0.0,0.0,0.0,0.0,0.0,0.0,0.0,0.0,0.0,0.0,0.0,0.0,0.0,0.0,0.0,0.0,0.0,0.0,-71.0,0.0,0.0,0.0,0.0,-82.0,0.0,0.0,0.0,0.0,0.0,0.0,0.0,0.0,0.0,0.0,0.0,0.0,0.0,0.0,0.0,-81.0,0.0,0.0,0.0,0.0,0.0,0.0,0.0,0.0,0.0,0.0,0.0,0.0,0.0,0.0,0.0,0.0,0.0,0.0,Sala profes
505,0.0,0.0,0.0,0.0,0.0,0.0,-97.0,0.0,-67.0,-57.0,0.0,0.0,0.0,0.0,0.0,-73.0,-73.0,-80.0,-80.0,0.0,0.0,0.0,0.0,0.0,-66.0,-66.0,-83.0,0.0,-89.0,0.0,0.0,0.0,-74.0,-72.0,-93.0,0.0,0.0,0.0,-88.0,-89.0,0.0,0.0,0.0,0.0,0.0,0.0,0.0,0.0,0.0,0.0,0.0,0.0,0.0,0.0,0.0,0.0,0.0,0.0,0.0,0.0,0.0,0.0,0.0,0.0,0.0,0.0,0.0,0.0,0.0,0.0,-70.0,-82.0,0.0,0.0,0.0,-82.0,0.0,0.0,0.0,0.0,0.0,0.0,0.0,0.0,0.0,0.0,0.0,0.0,0.0,0.0,0.0,0.0,0.0,0.0,0.0,0.0,0.0,0.0,0.0,0.0,0.0,0.0,0.0,0.0,0.0,0.0,0.0,0.0,0.0,0.0,Sala profes
506,0.0,0.0,0.0,0.0,0.0,-79.0,0.0,0.0,-65.0,-52.0,0.0,0.0,0.0,0.0,0.0,-75.0,0.0,-81.0,-80.0,0.0,0.0,0.0,0.0,0.0,-67.0,-66.0,-82.0,-82.0,0.0,0.0,0.0,0.0,-73.0,-74.0,-94.0,-92.0,-84.0,-84.0,-92.0,0.0,0.0,0.0,0.0,0.0,0.0,0.0,0.0,0.0,0.0,0.0,0.0,0.0,0.0,0.0,0.0,0.0,0.0,0.0,0.0,0.0,0.0,0.0,0.0,0.0,0.0,0.0,0.0,0.0,0.0,0.0,0.0,0.0,0.0,0.0,0.0,-78.0,0.0,0.0,0.0,0.0,0.0,0.0,0.0,0.0,0.0,0.0,0.0,0.0,0.0,0.0,0.0,0.0,0.0,0.0,0.0,0.0,0.0,0.0,0.0,0.0,0.0,0.0,0.0,0.0,0.0,0.0,0.0,0.0,0.0,0.0,Sala profes
507,0.0,0.0,0.0,0.0,0.0,0.0,0.0,0.0,-65.0,-52.0,-89.0,0.0,0.0,0.0,0.0,-74.0,-75.0,-80.0,-81.0,0.0,-92.0,0.0,0.0,0.0,-67.0,-66.0,-81.0,-81.0,0.0,0.0,0.0,0.0,-74.0,-73.0,-93.0,-92.0,0.0,0.0,-91.0,-91.0,0.0,0.0,0.0,0.0,0.0,0.0,0.0,0.0,0.0,0.0,0.0,0.0,0.0,0.0,0.0,0.0,0.0,0.0,0.0,0.0,0.0,0.0,0.0,0.0,0.0,0.0,0.0,0.0,0.0,0.0,0.0,-77.0,0.0,0.0,0.0,-77.0,0.0,0.0,0.0,0.0,0.0,0.0,0.0,0.0,0.0,0.0,0.0,0.0,0.0,0.0,0.0,0.0,0.0,0.0,0.0,0.0,0.0,0.0,0.0,0.0,0.0,0.0,0.0,0.0,0.0,0.0,0.0,0.0,0.0,0.0,Sala profes
508,0.0,0.0,0.0,0.0,0.0,0.0,0.0,0.0,-64.0,-53.0,-88.0,0.0,0.0,0.0,0.0,-76.0,-76.0,-81.0,-81.0,0.0,0.0,0.0,0.0,0.0,-66.0,-66.0,-81.0,-81.0,0.0,0.0,0.0,0.0,-74.0,-74.0,-94.0,-94.0,0.0,0.0,0.0,0.0,0.0,0.0,0.0,0.0,0.0,0.0,0.0,0.0,0.0,0.0,0.0,0.0,0.0,0.0,0.0,0.0,0.0,0.0,0.0,0.0,0.0,0.0,0.0,0.0,0.0,0.0,0.0,0.0,0.0,0.0,0.0,0.0,0.0,0.0,0.0,-78.0,0.0,0.0,0.0,0.0,0.0,0.0,0.0,0.0,0.0,0.0,0.0,0.0,0.0,0.0,0.0,-79.0,0.0,0.0,0.0,0.0,0.0,0.0,0.0,0.0,0.0,-85.0,0.0,0.0,0.0,0.0,0.0,0.0,0.0,0.0,Sala profes
509,0.0,0.0,0.0,0.0,0.0,-84.0,0.0,0.0,-65.0,-55.0,-86.0,0.0,0.0,0.0,0.0,-75.0,-75.0,-81.0,-81.0,0.0,0.0,0.0,0.0,0.0,-69.0,-67.0,-82.0,-81.0,0.0,0.0,0.0,0.0,0.0,0.0,0.0,0.0,0.0,0.0,-91.0,-90.0,0.0,0.0,0.0,0.0,0.0,0.0,0.0,0.0,0.0,0.0,0.0,0.0,0.0,0.0,0.0,0.0,0.0,0.0,0.0,0.0,0.0,0.0,0.0,0.0,0.0,0.0,0.0,0.0,0.0,0.0,0.0,-78.0,0.0,0.0,0.0,-77.0,0.0,0.0,0.0,0.0,0.0,0.0,0.0,0.0,0.0,0.0,0.0,0.0,0.0,0.0,0.0,0.0,0.0,0.0,0.0,0.0,0.0,0.0,0.0,0.0,0.0,0.0,0.0,0.0,0.0,0.0,0.0,0.0,0.0,0.0,Sala profes
510,0.0,0.0,0.0,0.0,0.0,0.0,0.0,0.0,-64.0,-51.0,0.0,0.0,0.0,0.0,0.0,-73.0,-74.0,-81.0,-81.0,0.0,0.0,0.0,0.0,0.0,-66.0,0.0,-81.0,-81.0,0.0,0.0,0.0,0.0,-72.0,0.0,-94.0,-96.0,-84.0,0.0,-91.0,-91.0,0.0,0.0,0.0,0.0,0.0,0.0,0.0,0.0,0.0,0.0,0.0,0.0,0.0,0.0,0.0,0.0,0.0,0.0,0.0,0.0,0.0,0.0,0.0,0.0,0.0,0.0,0.0,0.0,0.0,0.0,-69.0,-77.0,0.0,0.0,0.0,-77.0,0.0,0.0,0.0,0.0,0.0,0.0,0.0,0.0,0.0,0.0,0.0,0.0,0.0,0.0,0.0,0.0,0.0,0.0,0.0,0.0,0.0,0.0,0.0,0.0,0.0,-84.0,0.0,0.0,0.0,0.0,0.0,0.0,0.0,0.0,Sala profes
511,0.0,0.0,0.0,0.0,0.0,0.0,0.0,0.0,-64.0,-52.0,0.0,0.0,0.0,0.0,0.0,-74.0,-74.0,-80.0,-80.0,0.0,0.0,0.0,0.0,0.0,-65.0,-66.0,0.0,-82.0,0.0,0.0,0.0,0.0,-73.0,-73.0,-94.0,-95.0,0.0,0.0,-90.0,-90.0,0.0,0.0,0.0,0.0,0.0,0.0,0.0,0.0,0.0,0.0,0.0,0.0,0.0,0.0,0.0,0.0,0.0,0.0,0.0,0.0,0.0,0.0,0.0,0.0,0.0,0.0,0.0,0.0,0.0,0.0,-71.0,-79.0,0.0,0.0,0.0,-79.0,0.0,0.0,0.0,0.0,0.0,0.0,0.0,0.0,0.0,0.0,0.0,0.0,0.0,0.0,0.0,0.0,0.0,0.0,0.0,0.0,0.0,0.0,0.0,0.0,0.0,0.0,0.0,0.0,0.0,0.0,0.0,0.0,0.0,0.0,Sala profes
512,0.0,0.0,0.0,0.0,0.0,0.0,0.0,0.0,-64.0,-51.0,0.0,0.0,0.0,0.0,0.0,-73.0,-72.0,-80.0,-80.0,0.0,0.0,0.0,0.0,0.0,0.0,0.0,-81.0,-81.0,0.0,0.0,0.0,0.0,0.0,-74.0,0.0,0.0,-82.0,-83.0,0.0,0.0,0.0,0.0,0.0,0.0,0.0,0.0,0.0,0.0,0.0,0.0,0.0,0.0,0.0,0.0,0.0,0.0,0.0,0.0,0.0,0.0,0.0,0.0,0.0,0.0,0.0,0.0,0.0,0.0,0.0,0.0,-73.0,0.0,0.0,0.0,0.0,-78.0,0.0,0.0,0.0,0.0,0.0,0.0,0.0,0.0,0.0,0.0,0.0,0.0,0.0,0.0,0.0,0.0,0.0,0.0,0.0,0.0,0.0,0.0,0.0,0.0,0.0,0.0,0.0,0.0,0.0,0.0,0.0,0.0,0.0,0.0,Sala profes
513,0.0,0.0,0.0,0.0,0.0,0.0,0.0,0.0,-64.0,-51.0,0.0,0.0,0.0,0.0,0.0,0.0,0.0,-81.0,-81.0,0.0,0.0,0.0,0.0,0.0,-68.0,-67.0,-81.0,-81.0,0.0,0.0,0.0,0.0,-73.0,-72.0,0.0,-94.0,-83.0,0.0,0.0,0.0,0.0,0.0,0.0,0.0,0.0,0.0,0.0,0.0,0.0,0.0,0.0,0.0,0.0,0.0,0.0,0.0,0.0,0.0,0.0,0.0,0.0,0.0,0.0,0.0,0.0,0.0,0.0,0.0,0.0,0.0,-74.0,0.0,0.0,0.0,0.0,-79.0,0.0,0.0,0.0,0.0,0.0,0.0,0.0,0.0,0.0,0.0,0.0,0.0,0.0,0.0,0.0,0.0,0.0,0.0,0.0,0.0,0.0,0.0,0.0,0.0,0.0,0.0,0.0,0.0,0.0,0.0,0.0,0.0,0.0,0.0,Sala profes
514,0.0,0.0,0.0,0.0,0.0,0.0,0.0,0.0,-64.0,-53.0,0.0,0.0,0.0,0.0,0.0,-73.0,-74.0,-80.0,-80.0,0.0,0.0,0.0,0.0,0.0,-68.0,-68.0,-80.0,-80.0,0.0,0.0,0.0,0.0,-72.0,-72.0,-94.0,-94.0,0.0,0.0,-90.0,-90.0,0.0,0.0,0.0,0.0,0.0,0.0,0.0,0.0,0.0,0.0,0.0,0.0,0.0,0.0,0.0,0.0,0.0,0.0,0.0,0.0,0.0,0.0,0.0,0.0,0.0,0.0,0.0,0.0,0.0,0.0,-73.0,0.0,0.0,0.0,0.0,0.0,0.0,0.0,0.0,0.0,0.0,0.0,0.0,0.0,0.0,0.0,0.0,0.0,0.0,0.0,0.0,0.0,0.0,0.0,0.0,0.0,0.0,0.0,0.0,0.0,0.0,0.0,0.0,0.0,0.0,0.0,0.0,0.0,0.0,0.0,Sala profes
515,0.0,0.0,0.0,0.0,0.0,-78.0,0.0,0.0,-64.0,-55.0,0.0,0.0,0.0,0.0,0.0,-74.0,-73.0,-81.0,-81.0,0.0,0.0,0.0,0.0,0.0,-66.0,-66.0,-82.0,-82.0,0.0,-87.0,0.0,0.0,-75.0,-75.0,-91.0,-91.0,0.0,0.0,0.0,0.0,0.0,0.0,0.0,0.0,0.0,0.0,0.0,0.0,0.0,0.0,0.0,0.0,0.0,0.0,0.0,0.0,0.0,0.0,0.0,0.0,0.0,0.0,0.0,0.0,0.0,0.0,0.0,0.0,0.0,0.0,0.0,0.0,0.0,0.0,0.0,-75.0,0.0,0.0,0.0,0.0,0.0,0.0,0.0,0.0,0.0,0.0,0.0,0.0,0.0,0.0,0.0,0.0,0.0,0.0,0.0,0.0,0.0,0.0,0.0,0.0,0.0,0.0,0.0,0.0,0.0,0.0,0.0,0.0,0.0,0.0,Sala profes
516,0.0,0.0,0.0,0.0,0.0,0.0,0.0,0.0,-64.0,-57.0,0.0,0.0,0.0,0.0,0.0,-75.0,-74.0,-80.0,-81.0,0.0,0.0,0.0,0.0,0.0,-67.0,-66.0,0.0,-82.0,0.0,0.0,0.0,0.0,-74.0,-74.0,-91.0,-91.0,-82.0,0.0,0.0,0.0,0.0,0.0,0.0,0.0,0.0,0.0,0.0,0.0,0.0,0.0,0.0,0.0,0.0,0.0,0.0,0.0,0.0,0.0,0.0,0.0,0.0,0.0,0.0,0.0,0.0,0.0,0.0,0.0,0.0,0.0,-71.0,-76.0,0.0,0.0,0.0,-76.0,0.0,0.0,0.0,0.0,0.0,0.0,0.0,0.0,0.0,0.0,0.0,0.0,0.0,0.0,0.0,0.0,0.0,0.0,0.0,0.0,0.0,0.0,0.0,0.0,0.0,0.0,-83.0,0.0,0.0,0.0,0.0,0.0,0.0,0.0,Sala profes
517,0.0,0.0,0.0,0.0,0.0,0.0,0.0,0.0,-64.0,-52.0,0.0,0.0,0.0,0.0,0.0,-73.0,-73.0,-81.0,-82.0,0.0,0.0,0.0,0.0,0.0,-67.0,-67.0,-83.0,0.0,0.0,0.0,0.0,0.0,-74.0,-75.0,-92.0,-91.0,0.0,0.0,-94.0,-94.0,0.0,0.0,0.0,0.0,0.0,0.0,0.0,0.0,0.0,0.0,0.0,0.0,0.0,0.0,0.0,0.0,0.0,0.0,0.0,0.0,0.0,0.0,0.0,0.0,0.0,0.0,0.0,0.0,0.0,0.0,-77.0,0.0,0.0,0.0,0.0,-75.0,0.0,0.0,0.0,0.0,0.0,0.0,0.0,0.0,0.0,0.0,0.0,0.0,0.0,0.0,0.0,-74.0,0.0,0.0,0.0,0.0,0.0,0.0,0.0,0.0,0.0,0.0,0.0,0.0,0.0,0.0,0.0,0.0,0.0,0.0,Sala profes
518,0.0,0.0,0.0,0.0,0.0,0.0,0.0,0.0,-63.0,-58.0,0.0,0.0,0.0,0.0,0.0,-74.0,-74.0,-81.0,-81.0,0.0,0.0,0.0,0.0,0.0,-65.0,-66.0,-84.0,-85.0,0.0,0.0,0.0,0.0,0.0,0.0,-91.0,-91.0,0.0,0.0,0.0,0.0,0.0,0.0,0.0,0.0,0.0,0.0,0.0,0.0,0.0,0.0,0.0,0.0,0.0,0.0,0.0,0.0,0.0,0.0,0.0,0.0,0.0,0.0,0.0,0.0,0.0,0.0,0.0,0.0,0.0,0.0,-69.0,0.0,0.0,0.0,0.0,-75.0,0.0,0.0,0.0,0.0,0.0,0.0,0.0,0.0,0.0,0.0,0.0,0.0,0.0,0.0,0.0,0.0,0.0,0.0,0.0,0.0,0.0,0.0,0.0,0.0,0.0,0.0,-79.0,0.0,0.0,0.0,0.0,0.0,0.0,0.0,Sala profes
519,0.0,0.0,0.0,0.0,0.0,0.0,0.0,0.0,-63.0,-60.0,0.0,0.0,0.0,0.0,0.0,-73.0,-74.0,-81.0,-80.0,0.0,0.0,0.0,0.0,0.0,-65.0,-65.0,-82.0,-83.0,0.0,0.0,0.0,0.0,-74.0,-74.0,-92.0,-91.0,-83.0,-83.0,0.0,0.0,0.0,0.0,0.0,0.0,0.0,0.0,0.0,0.0,0.0,0.0,0.0,0.0,0.0,0.0,0.0,0.0,0.0,0.0,0.0,0.0,0.0,0.0,0.0,0.0,0.0,0.0,0.0,0.0,0.0,0.0,-72.0,0.0,0.0,0.0,0.0,-75.0,0.0,0.0,0.0,0.0,0.0,0.0,0.0,0.0,0.0,0.0,0.0,0.0,0.0,0.0,0.0,0.0,0.0,0.0,0.0,0.0,0.0,0.0,0.0,0.0,0.0,0.0,0.0,0.0,0.0,0.0,0.0,0.0,0.0,0.0,Sala profes
520,0.0,0.0,0.0,0.0,0.0,0.0,0.0,0.0,-64.0,-54.0,0.0,0.0,0.0,0.0,0.0,-73.0,-73.0,-81.0,-81.0,0.0,0.0,0.0,0.0,0.0,-68.0,-68.0,-83.0,-83.0,0.0,0.0,0.0,0.0,-77.0,-76.0,-91.0,-92.0,-85.0,0.0,0.0,0.0,0.0,0.0,0.0,0.0,0.0,0.0,0.0,0.0,0.0,0.0,0.0,0.0,0.0,0.0,0.0,0.0,0.0,0.0,0.0,0.0,0.0,0.0,0.0,0.0,0.0,0.0,0.0,0.0,0.0,0.0,0.0,0.0,0.0,0.0,0.0,-76.0,0.0,0.0,0.0,0.0,0.0,0.0,0.0,0.0,0.0,0.0,0.0,0.0,0.0,0.0,0.0,-75.0,0.0,0.0,0.0,0.0,0.0,0.0,0.0,0.0,0.0,0.0,0.0,0.0,0.0,0.0,0.0,0.0,0.0,0.0,Sala profes
521,0.0,0.0,0.0,0.0,0.0,0.0,0.0,0.0,-64.0,-56.0,0.0,0.0,0.0,0.0,0.0,-74.0,-73.0,-82.0,-82.0,0.0,0.0,-89.0,0.0,0.0,-67.0,-67.0,-82.0,-82.0,0.0,0.0,0.0,0.0,-75.0,-75.0,-91.0,-91.0,0.0,0.0,0.0,-92.0,0.0,0.0,0.0,0.0,0.0,0.0,0.0,0.0,0.0,0.0,0.0,0.0,0.0,0.0,0.0,0.0,0.0,0.0,0.0,0.0,0.0,0.0,0.0,0.0,0.0,0.0,0.0,0.0,0.0,0.0,0.0,0.0,0.0,0.0,0.0,-75.0,0.0,0.0,0.0,0.0,0.0,0.0,0.0,0.0,0.0,0.0,0.0,0.0,0.0,0.0,0.0,0.0,0.0,0.0,0.0,0.0,0.0,0.0,0.0,0.0,0.0,0.0,0.0,0.0,0.0,0.0,0.0,0.0,0.0,0.0,Sala profes
522,0.0,0.0,0.0,0.0,0.0,-85.0,0.0,0.0,-64.0,-57.0,0.0,0.0,0.0,0.0,0.0,-75.0,-75.0,-82.0,-81.0,0.0,0.0,0.0,0.0,0.0,0.0,0.0,-82.0,-83.0,0.0,0.0,0.0,0.0,-74.0,-74.0,-92.0,-91.0,-83.0,0.0,0.0,-94.0,0.0,0.0,0.0,0.0,0.0,0.0,0.0,0.0,0.0,0.0,0.0,0.0,0.0,0.0,0.0,0.0,0.0,0.0,0.0,0.0,0.0,0.0,0.0,0.0,0.0,0.0,0.0,0.0,0.0,0.0,0.0,0.0,0.0,0.0,0.0,-75.0,0.0,0.0,0.0,0.0,0.0,0.0,0.0,0.0,0.0,0.0,0.0,0.0,0.0,0.0,0.0,0.0,0.0,0.0,0.0,0.0,0.0,0.0,0.0,0.0,0.0,0.0,0.0,0.0,0.0,0.0,0.0,0.0,0.0,0.0,Sala profes
523,0.0,0.0,0.0,0.0,0.0,0.0,0.0,0.0,-64.0,-50.0,0.0,0.0,0.0,0.0,0.0,-73.0,-73.0,-82.0,-82.0,0.0,0.0,0.0,0.0,0.0,-68.0,-68.0,-82.0,-83.0,0.0,0.0,0.0,0.0,0.0,0.0,0.0,0.0,0.0,-82.0,-94.0,-94.0,0.0,0.0,0.0,0.0,0.0,0.0,0.0,0.0,0.0,0.0,0.0,0.0,0.0,0.0,0.0,0.0,0.0,0.0,0.0,0.0,0.0,0.0,0.0,0.0,0.0,0.0,-86.0,0.0,0.0,0.0,0.0,-75.0,0.0,0.0,0.0,-75.0,0.0,0.0,0.0,0.0,0.0,0.0,0.0,0.0,0.0,0.0,0.0,0.0,0.0,0.0,0.0,0.0,0.0,0.0,0.0,0.0,0.0,0.0,0.0,0.0,0.0,0.0,0.0,0.0,0.0,0.0,0.0,0.0,0.0,0.0,Sala profes
524,0.0,0.0,0.0,0.0,0.0,-84.0,0.0,0.0,-64.0,-58.0,0.0,0.0,0.0,0.0,0.0,0.0,0.0,-83.0,-84.0,0.0,0.0,0.0,0.0,0.0,-66.0,0.0,-84.0,-83.0,0.0,-88.0,0.0,0.0,-75.0,-75.0,-92.0,0.0,0.0,-84.0,-95.0,-93.0,0.0,0.0,0.0,0.0,0.0,0.0,0.0,0.0,0.0,0.0,0.0,0.0,0.0,0.0,0.0,0.0,0.0,0.0,0.0,0.0,0.0,0.0,0.0,0.0,0.0,0.0,-85.0,-90.0,0.0,0.0,0.0,0.0,0.0,0.0,0.0,0.0,0.0,0.0,0.0,0.0,0.0,0.0,0.0,0.0,0.0,0.0,0.0,0.0,0.0,0.0,0.0,-72.0,0.0,0.0,0.0,0.0,0.0,0.0,0.0,0.0,0.0,0.0,0.0,0.0,0.0,0.0,0.0,0.0,0.0,0.0,Sala profes
525,0.0,0.0,0.0,0.0,0.0,-83.0,0.0,0.0,-64.0,-54.0,0.0,0.0,0.0,0.0,0.0,-73.0,-74.0,-82.0,-82.0,0.0,-88.0,0.0,0.0,0.0,0.0,0.0,-82.0,-82.0,0.0,0.0,0.0,0.0,0.0,-75.0,-91.0,-92.0,-84.0,0.0,0.0,0.0,0.0,0.0,0.0,0.0,0.0,0.0,0.0,0.0,0.0,0.0,0.0,0.0,0.0,0.0,0.0,0.0,0.0,0.0,0.0,0.0,0.0,0.0,0.0,0.0,0.0,0.0,0.0,0.0,0.0,0.0,0.0,0.0,0.0,0.0,0.0,-76.0,0.0,0.0,0.0,0.0,0.0,0.0,0.0,0.0,0.0,0.0,0.0,0.0,0.0,0.0,0.0,-73.0,0.0,0.0,0.0,0.0,0.0,0.0,0.0,0.0,0.0,0.0,0.0,0.0,0.0,0.0,0.0,0.0,0.0,0.0,Sala profes
526,0.0,0.0,0.0,0.0,0.0,0.0,0.0,0.0,-64.0,-52.0,0.0,0.0,0.0,0.0,0.0,-75.0,-75.0,-82.0,-82.0,0.0,0.0,0.0,0.0,0.0,-69.0,-69.0,-82.0,-82.0,0.0,0.0,0.0,0.0,-72.0,-73.0,-91.0,-91.0,0.0,-82.0,0.0,0.0,0.0,0.0,0.0,0.0,0.0,0.0,0.0,0.0,0.0,0.0,0.0,0.0,0.0,0.0,0.0,0.0,0.0,0.0,0.0,0.0,0.0,0.0,0.0,0.0,0.0,0.0,0.0,0.0,0.0,0.0,0.0,-76.0,0.0,0.0,0.0,-76.0,0.0,0.0,0.0,0.0,0.0,0.0,0.0,0.0,0.0,0.0,0.0,0.0,0.0,0.0,0.0,0.0,0.0,0.0,0.0,0.0,0.0,0.0,0.0,0.0,0.0,0.0,0.0,0.0,0.0,0.0,0.0,0.0,0.0,0.0,Sala profes
527,0.0,0.0,0.0,0.0,0.0,-84.0,0.0,0.0,-64.0,-54.0,0.0,0.0,0.0,0.0,0.0,-74.0,-74.0,-82.0,-82.0,0.0,0.0,0.0,0.0,0.0,0.0,0.0,-83.0,-83.0,-87.0,-86.0,0.0,0.0,-76.0,-75.0,-92.0,-92.0,0.0,0.0,0.0,0.0,0.0,0.0,0.0,0.0,0.0,0.0,0.0,0.0,0.0,0.0,0.0,0.0,0.0,0.0,0.0,0.0,0.0,0.0,0.0,0.0,0.0,0.0,0.0,0.0,0.0,0.0,0.0,0.0,0.0,0.0,0.0,0.0,0.0,0.0,0.0,-75.0,0.0,0.0,0.0,0.0,0.0,0.0,0.0,0.0,0.0,0.0,-91.0,0.0,0.0,0.0,0.0,-75.0,0.0,0.0,0.0,0.0,0.0,0.0,0.0,0.0,0.0,0.0,0.0,0.0,0.0,0.0,0.0,0.0,0.0,0.0,Sala profes
528,0.0,0.0,0.0,0.0,0.0,0.0,0.0,0.0,-64.0,-53.0,0.0,0.0,0.0,0.0,0.0,-74.0,-74.0,-82.0,-82.0,0.0,0.0,0.0,0.0,0.0,0.0,0.0,-82.0,-82.0,0.0,0.0,0.0,0.0,0.0,0.0,-91.0,-91.0,0.0,0.0,0.0,-91.0,0.0,0.0,0.0,0.0,0.0,0.0,0.0,0.0,0.0,0.0,0.0,0.0,0.0,0.0,0.0,0.0,0.0,0.0,0.0,0.0,0.0,0.0,0.0,0.0,0.0,0.0,0.0,0.0,0.0,0.0,0.0,0.0,0.0,0.0,0.0,-75.0,0.0,0.0,0.0,0.0,0.0,0.0,0.0,0.0,0.0,0.0,0.0,0.0,0.0,0.0,0.0,0.0,0.0,0.0,0.0,0.0,0.0,0.0,0.0,0.0,0.0,0.0,-81.0,0.0,0.0,0.0,0.0,0.0,0.0,0.0,Sala profes
529,0.0,0.0,0.0,0.0,0.0,0.0,0.0,0.0,-65.0,-52.0,0.0,0.0,0.0,0.0,0.0,0.0,-73.0,-82.0,-82.0,0.0,0.0,-89.0,0.0,0.0,-68.0,-68.0,0.0,-82.0,0.0,0.0,0.0,0.0,-74.0,-74.0,-91.0,-91.0,-84.0,-85.0,-91.0,-91.0,0.0,0.0,0.0,0.0,0.0,0.0,0.0,0.0,0.0,0.0,0.0,0.0,0.0,0.0,0.0,0.0,0.0,0.0,0.0,0.0,0.0,0.0,0.0,0.0,0.0,0.0,0.0,0.0,0.0,0.0,0.0,-74.0,0.0,0.0,0.0,-75.0,0.0,0.0,0.0,0.0,0.0,0.0,0.0,0.0,0.0,0.0,0.0,0.0,0.0,0.0,0.0,0.0,0.0,0.0,0.0,0.0,0.0,0.0,0.0,0.0,0.0,0.0,0.0,0.0,0.0,0.0,0.0,0.0,0.0,0.0,Sala profes
530,0.0,0.0,0.0,0.0,0.0,-82.0,0.0,0.0,-64.0,-53.0,-88.0,0.0,0.0,0.0,0.0,-74.0,-74.0,-82.0,-82.0,0.0,0.0,0.0,0.0,0.0,0.0,-68.0,-82.0,-81.0,0.0,0.0,0.0,0.0,0.0,0.0,-91.0,-89.0,0.0,0.0,0.0,0.0,0.0,0.0,0.0,0.0,0.0,0.0,0.0,0.0,0.0,0.0,0.0,0.0,0.0,0.0,0.0,0.0,0.0,0.0,0.0,0.0,0.0,0.0,0.0,0.0,0.0,0.0,-79.0,0.0,0.0,0.0,0.0,-76.0,0.0,0.0,0.0,-75.0,0.0,0.0,0.0,0.0,0.0,0.0,0.0,0.0,0.0,0.0,0.0,0.0,0.0,0.0,0.0,0.0,0.0,0.0,0.0,0.0,0.0,0.0,0.0,0.0,0.0,0.0,0.0,0.0,0.0,0.0,0.0,0.0,0.0,0.0,Sala profes
531,0.0,0.0,0.0,0.0,0.0,0.0,0.0,0.0,-64.0,-54.0,0.0,0.0,0.0,0.0,0.0,-72.0,-74.0,-83.0,-82.0,0.0,0.0,0.0,0.0,0.0,-68.0,-67.0,-82.0,-82.0,0.0,0.0,0.0,0.0,-76.0,-75.0,-91.0,-91.0,0.0,-84.0,0.0,0.0,0.0,0.0,0.0,0.0,0.0,0.0,0.0,0.0,0.0,0.0,0.0,0.0,0.0,0.0,0.0,0.0,0.0,0.0,0.0,0.0,0.0,0.0,0.0,0.0,0.0,0.0,0.0,0.0,0.0,0.0,-73.0,0.0,0.0,0.0,0.0,-76.0,0.0,0.0,0.0,0.0,0.0,0.0,0.0,0.0,0.0,0.0,0.0,0.0,0.0,0.0,0.0,-71.0,0.0,0.0,0.0,0.0,0.0,0.0,0.0,0.0,0.0,0.0,-84.0,0.0,0.0,0.0,0.0,0.0,0.0,0.0,Sala profes
532,0.0,0.0,0.0,0.0,0.0,0.0,0.0,0.0,-63.0,-53.0,0.0,0.0,0.0,0.0,0.0,0.0,-73.0,-82.0,0.0,0.0,0.0,0.0,0.0,0.0,-68.0,-66.0,0.0,0.0,0.0,0.0,0.0,0.0,-75.0,-75.0,-91.0,-90.0,0.0,-83.0,0.0,0.0,0.0,0.0,0.0,0.0,0.0,0.0,0.0,0.0,0.0,0.0,0.0,0.0,0.0,0.0,0.0,0.0,0.0,0.0,0.0,0.0,0.0,0.0,0.0,0.0,0.0,0.0,-79.0,0.0,0.0,0.0,-73.0,0.0,0.0,0.0,0.0,-74.0,0.0,0.0,0.0,0.0,0.0,0.0,0.0,0.0,0.0,0.0,0.0,0.0,0.0,0.0,0.0,0.0,0.0,0.0,0.0,0.0,0.0,0.0,0.0,0.0,0.0,0.0,0.0,0.0,0.0,0.0,0.0,0.0,0.0,0.0,Sala profes
533,0.0,0.0,0.0,0.0,0.0,0.0,0.0,0.0,-64.0,-53.0,0.0,0.0,0.0,0.0,0.0,-74.0,-73.0,0.0,0.0,0.0,0.0,0.0,0.0,0.0,-69.0,-65.0,-82.0,-83.0,-86.0,-86.0,0.0,0.0,-76.0,-76.0,-90.0,-91.0,0.0,0.0,0.0,0.0,0.0,0.0,0.0,0.0,0.0,0.0,0.0,0.0,0.0,0.0,0.0,0.0,0.0,0.0,0.0,0.0,0.0,0.0,0.0,0.0,0.0,0.0,0.0,0.0,0.0,0.0,0.0,0.0,0.0,0.0,-73.0,0.0,0.0,0.0,0.0,-75.0,0.0,0.0,0.0,0.0,0.0,0.0,0.0,0.0,0.0,0.0,0.0,0.0,0.0,0.0,0.0,0.0,0.0,0.0,0.0,0.0,0.0,0.0,0.0,0.0,0.0,0.0,0.0,0.0,0.0,0.0,0.0,0.0,0.0,0.0,Sala profes
534,0.0,0.0,0.0,0.0,0.0,-83.0,0.0,0.0,-64.0,-54.0,0.0,0.0,0.0,0.0,0.0,0.0,-73.0,-81.0,-81.0,0.0,0.0,0.0,-96.0,0.0,-69.0,-68.0,-82.0,0.0,0.0,-86.0,0.0,0.0,-75.0,-75.0,-91.0,0.0,-84.0,0.0,-92.0,-91.0,0.0,0.0,0.0,0.0,0.0,0.0,0.0,0.0,0.0,0.0,0.0,0.0,0.0,0.0,0.0,0.0,0.0,0.0,0.0,0.0,0.0,0.0,0.0,0.0,0.0,0.0,-79.0,0.0,0.0,0.0,-72.0,-75.0,0.0,0.0,0.0,-75.0,0.0,0.0,0.0,0.0,0.0,0.0,0.0,0.0,0.0,0.0,0.0,0.0,0.0,0.0,0.0,0.0,0.0,0.0,0.0,0.0,0.0,0.0,0.0,0.0,0.0,0.0,0.0,0.0,0.0,0.0,0.0,0.0,0.0,0.0,Sala profes
535,0.0,0.0,0.0,0.0,0.0,0.0,0.0,0.0,-64.0,-53.0,0.0,0.0,0.0,0.0,0.0,-74.0,-73.0,-82.0,-82.0,0.0,0.0,0.0,0.0,0.0,-68.0,-68.0,0.0,0.0,0.0,0.0,0.0,0.0,-76.0,-76.0,-91.0,-91.0,0.0,0.0,-91.0,-91.0,0.0,0.0,0.0,0.0,0.0,0.0,0.0,0.0,0.0,0.0,0.0,0.0,0.0,0.0,0.0,0.0,0.0,0.0,0.0,0.0,0.0,0.0,0.0,0.0,0.0,0.0,0.0,0.0,0.0,0.0,0.0,-76.0,0.0,0.0,0.0,-76.0,0.0,0.0,0.0,0.0,0.0,0.0,0.0,0.0,0.0,0.0,0.0,0.0,0.0,0.0,0.0,0.0,0.0,0.0,0.0,0.0,0.0,0.0,0.0,0.0,0.0,0.0,0.0,0.0,0.0,0.0,0.0,0.0,0.0,0.0,Sala profes
536,0.0,0.0,0.0,0.0,0.0,0.0,0.0,0.0,-64.0,-51.0,0.0,0.0,0.0,0.0,0.0,-75.0,-74.0,-83.0,-82.0,0.0,0.0,0.0,0.0,0.0,-67.0,-68.0,-83.0,0.0,0.0,0.0,0.0,0.0,0.0,0.0,-90.0,-91.0,0.0,0.0,-91.0,-90.0,0.0,0.0,0.0,0.0,0.0,0.0,0.0,0.0,0.0,0.0,0.0,0.0,0.0,0.0,0.0,0.0,0.0,0.0,0.0,0.0,0.0,0.0,0.0,0.0,0.0,0.0,-81.0,0.0,0.0,0.0,0.0,0.0,0.0,0.0,0.0,-76.0,0.0,0.0,0.0,0.0,0.0,0.0,0.0,0.0,0.0,0.0,0.0,0.0,0.0,0.0,0.0,0.0,0.0,0.0,0.0,0.0,0.0,0.0,0.0,0.0,0.0,0.0,0.0,0.0,0.0,0.0,0.0,0.0,0.0,0.0,Sala profes
537,0.0,0.0,0.0,0.0,0.0,-83.0,0.0,0.0,-64.0,-53.0,0.0,0.0,0.0,0.0,0.0,-73.0,-73.0,-82.0,-82.0,0.0,0.0,0.0,0.0,0.0,-69.0,-69.0,-82.0,-82.0,0.0,0.0,0.0,0.0,-76.0,-76.0,-91.0,-91.0,0.0,0.0,0.0,0.0,0.0,0.0,0.0,0.0,0.0,0.0,0.0,0.0,0.0,0.0,0.0,0.0,0.0,0.0,0.0,0.0,0.0,0.0,0.0,0.0,0.0,0.0,0.0,0.0,0.0,0.0,0.0,-92.0,0.0,0.0,0.0,0.0,0.0,0.0,0.0,-75.0,0.0,0.0,0.0,0.0,0.0,0.0,0.0,0.0,0.0,0.0,0.0,0.0,0.0,0.0,0.0,0.0,0.0,0.0,0.0,0.0,0.0,0.0,0.0,0.0,0.0,0.0,0.0,0.0,0.0,0.0,0.0,0.0,0.0,0.0,Sala profes
538,0.0,0.0,0.0,0.0,0.0,0.0,0.0,0.0,-64.0,-52.0,0.0,0.0,0.0,0.0,0.0,-75.0,-75.0,-82.0,-82.0,0.0,0.0,0.0,0.0,0.0,0.0,0.0,-84.0,-82.0,0.0,0.0,0.0,0.0,0.0,0.0,-91.0,-91.0,0.0,0.0,0.0,-94.0,0.0,0.0,0.0,0.0,0.0,0.0,0.0,0.0,0.0,0.0,0.0,0.0,0.0,0.0,0.0,0.0,0.0,0.0,0.0,0.0,0.0,0.0,0.0,0.0,0.0,0.0,0.0,0.0,0.0,0.0,-74.0,0.0,0.0,0.0,0.0,-75.0,0.0,0.0,0.0,0.0,0.0,0.0,0.0,0.0,0.0,0.0,0.0,0.0,0.0,0.0,0.0,-71.0,0.0,0.0,0.0,0.0,0.0,0.0,0.0,0.0,0.0,0.0,0.0,0.0,0.0,0.0,0.0,0.0,0.0,0.0,Sala profes
539,0.0,0.0,0.0,0.0,0.0,-80.0,0.0,0.0,-65.0,-51.0,0.0,0.0,0.0,0.0,0.0,0.0,0.0,-82.0,-82.0,0.0,0.0,0.0,0.0,0.0,-68.0,-69.0,-83.0,-82.0,0.0,0.0,0.0,0.0,-76.0,-76.0,-91.0,-91.0,0.0,0.0,0.0,0.0,0.0,0.0,0.0,0.0,0.0,0.0,0.0,0.0,0.0,0.0,0.0,0.0,0.0,0.0,0.0,0.0,0.0,0.0,0.0,0.0,0.0,0.0,0.0,0.0,0.0,0.0,0.0,0.0,0.0,0.0,-77.0,0.0,0.0,0.0,0.0,-77.0,0.0,0.0,0.0,0.0,0.0,0.0,0.0,0.0,0.0,0.0,0.0,0.0,0.0,0.0,0.0,0.0,0.0,0.0,0.0,0.0,0.0,0.0,0.0,0.0,0.0,0.0,0.0,0.0,0.0,0.0,0.0,0.0,0.0,0.0,Sala profes
540,0.0,0.0,0.0,0.0,0.0,0.0,0.0,0.0,-65.0,-52.0,0.0,0.0,0.0,0.0,0.0,-75.0,0.0,-82.0,-82.0,0.0,0.0,0.0,0.0,0.0,-68.0,-68.0,-83.0,-83.0,0.0,0.0,0.0,0.0,0.0,0.0,-91.0,-91.0,0.0,0.0,0.0,0.0,0.0,0.0,0.0,0.0,0.0,0.0,0.0,0.0,0.0,0.0,0.0,0.0,0.0,0.0,0.0,0.0,0.0,0.0,0.0,0.0,0.0,0.0,0.0,0.0,0.0,0.0,0.0,0.0,0.0,0.0,-74.0,0.0,0.0,0.0,0.0,-76.0,0.0,0.0,0.0,0.0,0.0,0.0,0.0,0.0,0.0,0.0,0.0,0.0,0.0,0.0,0.0,-71.0,0.0,0.0,0.0,0.0,0.0,0.0,0.0,0.0,0.0,0.0,-76.0,0.0,0.0,0.0,0.0,0.0,0.0,0.0,Sala profes
541,0.0,0.0,0.0,0.0,0.0,-84.0,0.0,0.0,-65.0,-52.0,0.0,0.0,0.0,0.0,0.0,-74.0,-74.0,-82.0,-82.0,0.0,0.0,0.0,0.0,0.0,-68.0,-68.0,-82.0,-82.0,0.0,0.0,0.0,0.0,-75.0,-75.0,-90.0,-91.0,0.0,0.0,0.0,0.0,0.0,0.0,0.0,0.0,0.0,0.0,0.0,0.0,0.0,0.0,0.0,0.0,0.0,0.0,0.0,0.0,0.0,0.0,0.0,0.0,0.0,0.0,0.0,0.0,0.0,0.0,0.0,0.0,0.0,0.0,-73.0,0.0,0.0,0.0,0.0,0.0,0.0,0.0,0.0,0.0,0.0,0.0,0.0,0.0,0.0,0.0,0.0,0.0,0.0,0.0,0.0,0.0,0.0,0.0,0.0,0.0,0.0,0.0,0.0,0.0,0.0,0.0,0.0,0.0,0.0,0.0,0.0,0.0,0.0,0.0,Sala profes
542,0.0,0.0,0.0,0.0,0.0,0.0,0.0,0.0,-64.0,-52.0,-85.0,0.0,0.0,0.0,0.0,0.0,0.0,-82.0,-82.0,0.0,-89.0,0.0,0.0,0.0,0.0,0.0,-82.0,-84.0,0.0,0.0,0.0,0.0,-76.0,-76.0,-91.0,0.0,0.0,0.0,0.0,-93.0,0.0,0.0,0.0,0.0,0.0,0.0,0.0,0.0,0.0,0.0,0.0,0.0,0.0,0.0,0.0,0.0,0.0,0.0,0.0,0.0,0.0,0.0,0.0,0.0,0.0,0.0,-85.0,0.0,0.0,0.0,-75.0,0.0,0.0,0.0,0.0,-76.0,0.0,0.0,0.0,0.0,0.0,0.0,0.0,0.0,0.0,0.0,0.0,0.0,0.0,0.0,0.0,0.0,0.0,0.0,0.0,0.0,0.0,0.0,0.0,0.0,0.0,0.0,0.0,0.0,0.0,0.0,0.0,0.0,0.0,0.0,Sala profes
543,0.0,0.0,0.0,0.0,0.0,0.0,0.0,0.0,-65.0,-50.0,0.0,0.0,0.0,0.0,0.0,-75.0,-75.0,-82.0,-82.0,0.0,0.0,0.0,0.0,0.0,0.0,0.0,-81.0,-81.0,0.0,0.0,0.0,0.0,-76.0,-76.0,-91.0,-90.0,0.0,0.0,0.0,-94.0,0.0,0.0,0.0,0.0,0.0,0.0,0.0,0.0,0.0,0.0,0.0,0.0,0.0,0.0,0.0,0.0,0.0,0.0,0.0,0.0,0.0,0.0,0.0,0.0,0.0,0.0,0.0,0.0,0.0,0.0,-71.0,0.0,0.0,0.0,0.0,-77.0,0.0,0.0,0.0,0.0,0.0,0.0,0.0,0.0,0.0,0.0,0.0,0.0,0.0,0.0,0.0,-72.0,0.0,0.0,0.0,0.0,0.0,0.0,0.0,0.0,0.0,0.0,0.0,0.0,0.0,0.0,0.0,0.0,0.0,0.0,Sala profes
544,0.0,0.0,0.0,0.0,0.0,0.0,0.0,0.0,-65.0,-52.0,0.0,0.0,0.0,0.0,0.0,-73.0,-74.0,-82.0,-82.0,0.0,0.0,0.0,0.0,0.0,0.0,0.0,-81.0,-82.0,0.0,0.0,0.0,0.0,-75.0,-75.0,-91.0,-91.0,0.0,0.0,-94.0,-94.0,0.0,0.0,0.0,0.0,0.0,0.0,0.0,0.0,0.0,0.0,0.0,0.0,0.0,0.0,0.0,0.0,0.0,0.0,0.0,0.0,0.0,0.0,0.0,0.0,0.0,0.0,0.0,0.0,0.0,0.0,-74.0,-76.0,0.0,0.0,0.0,-76.0,0.0,0.0,0.0,0.0,0.0,0.0,0.0,0.0,0.0,0.0,0.0,0.0,0.0,0.0,0.0,0.0,0.0,0.0,0.0,0.0,0.0,0.0,0.0,0.0,0.0,0.0,-85.0,0.0,0.0,0.0,0.0,0.0,0.0,0.0,Sala profes
545,0.0,0.0,0.0,0.0,0.0,-79.0,0.0,0.0,-65.0,-52.0,0.0,0.0,0.0,0.0,0.0,-76.0,-75.0,-82.0,-82.0,0.0,0.0,0.0,0.0,0.0,0.0,0.0,-81.0,-81.0,0.0,0.0,0.0,0.0,-75.0,-75.0,-89.0,-91.0,0.0,0.0,0.0,0.0,0.0,0.0,0.0,0.0,0.0,0.0,0.0,0.0,0.0,0.0,0.0,0.0,0.0,0.0,0.0,0.0,0.0,0.0,0.0,0.0,0.0,0.0,0.0,0.0,0.0,0.0,0.0,0.0,0.0,0.0,0.0,0.0,0.0,0.0,0.0,-76.0,0.0,0.0,0.0,0.0,0.0,0.0,0.0,0.0,0.0,0.0,0.0,0.0,0.0,0.0,0.0,0.0,0.0,0.0,0.0,0.0,0.0,0.0,0.0,0.0,0.0,0.0,0.0,0.0,0.0,0.0,0.0,0.0,0.0,0.0,Sala profes
546,0.0,0.0,0.0,0.0,0.0,0.0,0.0,0.0,-65.0,-52.0,-87.0,0.0,0.0,0.0,0.0,-74.0,0.0,-82.0,-82.0,0.0,0.0,0.0,0.0,0.0,-68.0,0.0,-81.0,-81.0,0.0,0.0,0.0,0.0,0.0,0.0,-90.0,-91.0,0.0,0.0,0.0,0.0,0.0,0.0,0.0,0.0,0.0,0.0,0.0,0.0,0.0,0.0,0.0,0.0,0.0,0.0,0.0,0.0,0.0,0.0,0.0,0.0,0.0,0.0,0.0,0.0,0.0,0.0,0.0,0.0,0.0,0.0,-75.0,0.0,0.0,0.0,0.0,0.0,0.0,0.0,0.0,0.0,0.0,0.0,0.0,0.0,0.0,0.0,0.0,0.0,0.0,0.0,0.0,-73.0,0.0,0.0,0.0,0.0,0.0,0.0,0.0,0.0,0.0,0.0,-84.0,0.0,0.0,0.0,0.0,0.0,0.0,0.0,Sala profes
547,0.0,0.0,0.0,0.0,0.0,0.0,0.0,0.0,-65.0,-52.0,0.0,0.0,0.0,0.0,0.0,0.0,-73.0,-82.0,-82.0,0.0,0.0,0.0,0.0,0.0,0.0,0.0,-82.0,-81.0,0.0,0.0,0.0,0.0,-75.0,-75.0,-91.0,-91.0,0.0,0.0,0.0,-93.0,0.0,0.0,0.0,0.0,0.0,0.0,0.0,0.0,0.0,0.0,0.0,0.0,0.0,0.0,0.0,0.0,0.0,0.0,0.0,0.0,0.0,0.0,0.0,0.0,0.0,0.0,-82.0,0.0,0.0,0.0,0.0,0.0,0.0,0.0,0.0,-76.0,0.0,0.0,0.0,0.0,0.0,0.0,0.0,0.0,0.0,0.0,0.0,0.0,0.0,0.0,0.0,-71.0,0.0,0.0,0.0,0.0,0.0,0.0,0.0,0.0,0.0,0.0,0.0,0.0,0.0,0.0,0.0,0.0,0.0,0.0,Sala profes
548,0.0,0.0,0.0,0.0,0.0,0.0,-97.0,-98.0,-65.0,-50.0,0.0,0.0,0.0,0.0,0.0,-75.0,-74.0,-82.0,-82.0,0.0,0.0,0.0,0.0,0.0,-68.0,-68.0,-81.0,-81.0,0.0,0.0,0.0,0.0,-76.0,-76.0,-91.0,-91.0,0.0,0.0,0.0,0.0,0.0,0.0,0.0,0.0,0.0,0.0,0.0,0.0,0.0,0.0,0.0,0.0,0.0,0.0,0.0,0.0,0.0,0.0,0.0,0.0,0.0,0.0,0.0,0.0,0.0,0.0,0.0,0.0,0.0,0.0,-78.0,0.0,0.0,0.0,0.0,0.0,0.0,0.0,0.0,0.0,0.0,0.0,0.0,0.0,0.0,0.0,0.0,0.0,0.0,0.0,0.0,0.0,0.0,0.0,0.0,0.0,0.0,0.0,0.0,0.0,0.0,-90.0,0.0,0.0,0.0,0.0,0.0,0.0,0.0,0.0,Sala profes
549,0.0,0.0,0.0,0.0,0.0,0.0,0.0,0.0,-65.0,-52.0,0.0,0.0,0.0,0.0,0.0,-73.0,-73.0,-82.0,-82.0,0.0,0.0,0.0,0.0,0.0,0.0,0.0,-82.0,-81.0,0.0,0.0,0.0,0.0,-76.0,-76.0,-91.0,-90.0,0.0,-86.0,0.0,0.0,0.0,0.0,0.0,0.0,0.0,0.0,0.0,0.0,0.0,0.0,0.0,0.0,0.0,0.0,0.0,0.0,0.0,0.0,0.0,0.0,0.0,0.0,0.0,0.0,0.0,0.0,-81.0,0.0,0.0,0.0,0.0,0.0,0.0,0.0,0.0,-77.0,0.0,0.0,0.0,0.0,0.0,0.0,0.0,0.0,0.0,0.0,0.0,0.0,0.0,0.0,0.0,-72.0,0.0,0.0,0.0,0.0,0.0,0.0,0.0,0.0,0.0,0.0,0.0,0.0,0.0,0.0,0.0,0.0,0.0,0.0,Sala profes
550,0.0,0.0,0.0,0.0,0.0,0.0,0.0,0.0,-66.0,-53.0,0.0,0.0,0.0,0.0,0.0,-75.0,-74.0,-82.0,-82.0,0.0,0.0,0.0,0.0,0.0,0.0,-70.0,-82.0,-82.0,0.0,0.0,0.0,0.0,-76.0,-76.0,-89.0,-91.0,-85.0,0.0,0.0,0.0,0.0,0.0,0.0,0.0,0.0,0.0,0.0,0.0,0.0,0.0,0.0,0.0,0.0,0.0,0.0,0.0,0.0,0.0,0.0,0.0,0.0,0.0,0.0,0.0,0.0,0.0,0.0,0.0,0.0,0.0,0.0,0.0,0.0,0.0,0.0,-78.0,0.0,0.0,0.0,0.0,0.0,0.0,0.0,0.0,0.0,0.0,0.0,0.0,0.0,0.0,0.0,-71.0,0.0,0.0,0.0,0.0,0.0,0.0,0.0,0.0,0.0,0.0,-84.0,0.0,0.0,0.0,0.0,0.0,0.0,0.0,Sala profes
551,0.0,0.0,0.0,0.0,0.0,0.0,0.0,0.0,-66.0,-53.0,0.0,0.0,0.0,0.0,0.0,-75.0,-75.0,-82.0,-82.0,0.0,0.0,0.0,0.0,0.0,0.0,0.0,-82.0,-81.0,0.0,0.0,0.0,0.0,0.0,0.0,-89.0,-90.0,0.0,0.0,0.0,0.0,0.0,0.0,0.0,0.0,0.0,0.0,0.0,0.0,0.0,0.0,0.0,0.0,0.0,0.0,0.0,0.0,0.0,0.0,0.0,0.0,0.0,0.0,0.0,0.0,0.0,0.0,-84.0,0.0,0.0,0.0,-77.0,-76.0,0.0,0.0,0.0,-76.0,0.0,0.0,0.0,0.0,0.0,0.0,0.0,0.0,0.0,0.0,0.0,0.0,0.0,0.0,0.0,-71.0,0.0,0.0,0.0,0.0,0.0,0.0,0.0,0.0,0.0,0.0,0.0,0.0,0.0,0.0,0.0,0.0,0.0,0.0,Sala profes
552,0.0,0.0,0.0,0.0,0.0,-82.0,0.0,0.0,-66.0,-53.0,0.0,0.0,0.0,0.0,0.0,0.0,0.0,-82.0,-81.0,0.0,0.0,0.0,0.0,0.0,-69.0,0.0,-82.0,0.0,0.0,0.0,0.0,0.0,0.0,-75.0,-89.0,-90.0,0.0,0.0,-93.0,-92.0,0.0,0.0,0.0,0.0,0.0,0.0,0.0,0.0,0.0,0.0,0.0,0.0,0.0,0.0,0.0,0.0,0.0,0.0,0.0,0.0,0.0,0.0,0.0,0.0,0.0,0.0,0.0,0.0,0.0,0.0,-74.0,0.0,0.0,0.0,0.0,-77.0,0.0,0.0,0.0,0.0,0.0,0.0,0.0,0.0,0.0,0.0,0.0,0.0,0.0,0.0,0.0,-71.0,0.0,0.0,0.0,0.0,0.0,0.0,0.0,0.0,0.0,0.0,-85.0,0.0,0.0,0.0,0.0,0.0,0.0,0.0,Sala profes
553,0.0,0.0,0.0,0.0,0.0,-82.0,0.0,0.0,-66.0,-52.0,0.0,0.0,0.0,0.0,0.0,-75.0,-75.0,-81.0,-82.0,0.0,0.0,0.0,0.0,0.0,0.0,0.0,-82.0,-81.0,0.0,0.0,0.0,0.0,-76.0,-76.0,-91.0,-90.0,0.0,-86.0,0.0,0.0,0.0,0.0,0.0,0.0,0.0,0.0,0.0,0.0,0.0,0.0,0.0,0.0,0.0,0.0,0.0,0.0,0.0,0.0,0.0,0.0,0.0,0.0,0.0,0.0,0.0,0.0,0.0,0.0,0.0,0.0,-75.0,-76.0,0.0,0.0,0.0,-76.0,0.0,0.0,0.0,0.0,0.0,0.0,0.0,0.0,0.0,0.0,0.0,0.0,0.0,0.0,0.0,-73.0,0.0,0.0,0.0,0.0,0.0,0.0,0.0,0.0,0.0,0.0,0.0,0.0,0.0,0.0,0.0,0.0,0.0,0.0,Sala profes
554,0.0,0.0,0.0,0.0,0.0,0.0,-97.0,-98.0,-66.0,-53.0,0.0,0.0,0.0,0.0,0.0,-75.0,-75.0,-81.0,-81.0,0.0,0.0,0.0,0.0,0.0,-69.0,-69.0,-81.0,-81.0,0.0,0.0,0.0,0.0,-76.0,-75.0,-89.0,-90.0,0.0,0.0,0.0,0.0,0.0,0.0,0.0,0.0,0.0,0.0,0.0,0.0,0.0,0.0,0.0,0.0,0.0,0.0,0.0,0.0,0.0,0.0,0.0,0.0,0.0,0.0,0.0,0.0,0.0,0.0,0.0,0.0,0.0,0.0,-76.0,-77.0,0.0,0.0,0.0,-77.0,0.0,0.0,0.0,0.0,0.0,0.0,0.0,0.0,0.0,0.0,0.0,0.0,0.0,0.0,0.0,0.0,0.0,0.0,0.0,0.0,0.0,0.0,0.0,0.0,0.0,0.0,0.0,0.0,0.0,0.0,0.0,0.0,0.0,0.0,Sala profes
555,0.0,0.0,0.0,0.0,0.0,0.0,0.0,0.0,-66.0,-53.0,0.0,0.0,0.0,0.0,0.0,-75.0,-75.0,-81.0,-81.0,0.0,0.0,0.0,0.0,0.0,-71.0,-69.0,-81.0,0.0,-88.0,0.0,0.0,0.0,-73.0,-76.0,-90.0,-90.0,0.0,0.0,-93.0,-94.0,0.0,0.0,0.0,0.0,0.0,0.0,0.0,0.0,0.0,0.0,0.0,0.0,0.0,0.0,0.0,0.0,0.0,0.0,0.0,0.0,0.0,0.0,0.0,0.0,0.0,0.0,0.0,0.0,0.0,0.0,0.0,0.0,0.0,0.0,0.0,0.0,0.0,0.0,0.0,0.0,0.0,0.0,0.0,0.0,0.0,0.0,0.0,0.0,0.0,0.0,0.0,0.0,0.0,0.0,0.0,0.0,0.0,0.0,0.0,0.0,0.0,0.0,0.0,0.0,0.0,0.0,0.0,0.0,0.0,0.0,Sala profes
556,0.0,0.0,0.0,0.0,0.0,0.0,0.0,0.0,-66.0,-53.0,0.0,0.0,0.0,0.0,0.0,-73.0,-74.0,-81.0,-81.0,0.0,0.0,0.0,0.0,0.0,0.0,0.0,-82.0,-82.0,0.0,0.0,0.0,0.0,-75.0,-76.0,-90.0,-91.0,0.0,-86.0,0.0,0.0,0.0,0.0,0.0,0.0,0.0,0.0,0.0,0.0,0.0,0.0,0.0,0.0,0.0,0.0,0.0,0.0,0.0,0.0,0.0,0.0,0.0,0.0,0.0,0.0,0.0,0.0,0.0,0.0,0.0,0.0,-75.0,0.0,0.0,0.0,0.0,-75.0,0.0,0.0,0.0,0.0,0.0,0.0,0.0,0.0,0.0,0.0,0.0,0.0,0.0,0.0,0.0,0.0,0.0,0.0,0.0,0.0,0.0,0.0,0.0,0.0,0.0,0.0,-85.0,0.0,0.0,0.0,0.0,0.0,0.0,0.0,Sala profes
557,0.0,0.0,0.0,0.0,0.0,-81.0,0.0,0.0,-66.0,-53.0,0.0,0.0,0.0,0.0,0.0,-75.0,-75.0,-81.0,-81.0,0.0,0.0,0.0,0.0,0.0,0.0,-68.0,-82.0,0.0,0.0,0.0,0.0,0.0,0.0,0.0,-91.0,-91.0,0.0,-85.0,0.0,-92.0,0.0,0.0,0.0,0.0,0.0,0.0,0.0,0.0,0.0,0.0,0.0,0.0,0.0,0.0,0.0,0.0,0.0,0.0,0.0,0.0,0.0,0.0,0.0,0.0,0.0,0.0,0.0,0.0,0.0,0.0,0.0,-75.0,0.0,0.0,0.0,-75.0,0.0,0.0,0.0,0.0,0.0,0.0,0.0,0.0,0.0,0.0,0.0,0.0,0.0,0.0,0.0,0.0,0.0,0.0,0.0,0.0,0.0,0.0,0.0,0.0,0.0,0.0,0.0,0.0,0.0,0.0,0.0,0.0,0.0,0.0,Sala profes
558,0.0,0.0,0.0,0.0,0.0,0.0,0.0,0.0,-65.0,-53.0,0.0,0.0,0.0,0.0,0.0,-75.0,-75.0,-80.0,-80.0,0.0,0.0,0.0,0.0,0.0,0.0,0.0,-82.0,-82.0,0.0,0.0,0.0,0.0,-76.0,-75.0,-91.0,-90.0,0.0,0.0,0.0,-95.0,0.0,0.0,0.0,0.0,0.0,0.0,0.0,0.0,0.0,0.0,0.0,0.0,0.0,0.0,0.0,0.0,0.0,0.0,0.0,0.0,0.0,0.0,0.0,0.0,0.0,0.0,-85.0,0.0,0.0,0.0,0.0,0.0,0.0,0.0,0.0,-76.0,0.0,0.0,0.0,0.0,0.0,0.0,0.0,0.0,0.0,0.0,0.0,0.0,0.0,0.0,0.0,-70.0,0.0,0.0,0.0,0.0,0.0,0.0,0.0,0.0,0.0,0.0,0.0,0.0,0.0,0.0,0.0,0.0,0.0,0.0,Sala profes
559,0.0,0.0,0.0,0.0,0.0,0.0,0.0,0.0,-66.0,-52.0,0.0,0.0,0.0,0.0,0.0,0.0,-74.0,-82.0,-82.0,0.0,0.0,0.0,0.0,0.0,-70.0,-68.0,-84.0,-84.0,0.0,0.0,0.0,0.0,-77.0,-77.0,-91.0,-91.0,-83.0,0.0,0.0,0.0,0.0,0.0,0.0,0.0,0.0,0.0,0.0,0.0,0.0,0.0,0.0,0.0,0.0,0.0,0.0,0.0,0.0,0.0,0.0,0.0,0.0,0.0,0.0,0.0,0.0,0.0,0.0,0.0,0.0,0.0,-74.0,0.0,0.0,0.0,0.0,-77.0,0.0,0.0,0.0,0.0,0.0,0.0,0.0,0.0,0.0,0.0,0.0,0.0,0.0,0.0,0.0,0.0,0.0,0.0,0.0,0.0,0.0,0.0,0.0,0.0,0.0,-89.0,-84.0,0.0,0.0,0.0,0.0,0.0,0.0,0.0,Sala profes
560,0.0,0.0,0.0,0.0,0.0,0.0,-98.0,-95.0,-66.0,-54.0,0.0,0.0,0.0,0.0,0.0,-76.0,0.0,-82.0,-82.0,0.0,0.0,0.0,0.0,0.0,0.0,0.0,-82.0,-82.0,0.0,0.0,0.0,0.0,-75.0,-75.0,-91.0,-91.0,0.0,0.0,-92.0,-92.0,0.0,0.0,0.0,0.0,0.0,0.0,0.0,0.0,0.0,0.0,0.0,0.0,0.0,0.0,0.0,0.0,0.0,0.0,0.0,0.0,0.0,0.0,0.0,0.0,0.0,0.0,-85.0,0.0,0.0,0.0,-75.0,-76.0,0.0,0.0,0.0,-76.0,0.0,0.0,0.0,0.0,0.0,0.0,0.0,0.0,0.0,0.0,0.0,0.0,0.0,0.0,0.0,-72.0,0.0,0.0,0.0,0.0,0.0,0.0,0.0,0.0,0.0,0.0,0.0,0.0,0.0,0.0,0.0,0.0,0.0,0.0,Sala profes
561,0.0,0.0,0.0,0.0,0.0,0.0,-96.0,0.0,-66.0,-53.0,0.0,0.0,0.0,0.0,0.0,-74.0,-73.0,-82.0,-82.0,0.0,0.0,0.0,0.0,0.0,0.0,0.0,-83.0,-82.0,0.0,0.0,0.0,0.0,-76.0,-76.0,-91.0,0.0,0.0,0.0,-92.0,-92.0,0.0,0.0,0.0,0.0,0.0,0.0,0.0,0.0,0.0,0.0,0.0,0.0,0.0,0.0,0.0,0.0,0.0,0.0,0.0,0.0,0.0,0.0,0.0,0.0,0.0,0.0,0.0,0.0,0.0,0.0,-75.0,0.0,0.0,0.0,0.0,-76.0,0.0,0.0,0.0,0.0,0.0,0.0,0.0,0.0,0.0,0.0,0.0,0.0,0.0,0.0,0.0,-71.0,0.0,0.0,0.0,0.0,0.0,0.0,0.0,0.0,0.0,0.0,-84.0,0.0,0.0,0.0,0.0,0.0,0.0,0.0,Sala profes
562,0.0,0.0,0.0,0.0,0.0,0.0,0.0,0.0,-66.0,-52.0,0.0,0.0,0.0,0.0,0.0,-74.0,-76.0,-82.0,-82.0,0.0,0.0,0.0,0.0,0.0,-68.0,0.0,-83.0,-82.0,0.0,0.0,0.0,0.0,-75.0,-74.0,-91.0,-91.0,0.0,0.0,0.0,-94.0,0.0,0.0,0.0,0.0,0.0,0.0,0.0,0.0,0.0,0.0,0.0,0.0,0.0,0.0,0.0,0.0,0.0,0.0,0.0,0.0,0.0,0.0,0.0,0.0,0.0,0.0,-85.0,0.0,0.0,0.0,0.0,0.0,0.0,0.0,0.0,-76.0,0.0,0.0,0.0,0.0,0.0,0.0,0.0,0.0,0.0,0.0,0.0,0.0,0.0,0.0,0.0,0.0,0.0,0.0,0.0,0.0,0.0,0.0,0.0,0.0,0.0,0.0,0.0,0.0,0.0,0.0,0.0,0.0,0.0,0.0,Sala profes
563,0.0,0.0,0.0,0.0,0.0,0.0,0.0,-96.0,-66.0,-53.0,0.0,0.0,0.0,0.0,0.0,-73.0,-73.0,-81.0,-82.0,0.0,0.0,0.0,0.0,0.0,0.0,0.0,-84.0,0.0,0.0,0.0,0.0,0.0,0.0,0.0,-91.0,-90.0,0.0,0.0,0.0,-94.0,0.0,0.0,0.0,0.0,0.0,0.0,0.0,0.0,0.0,0.0,0.0,0.0,0.0,0.0,0.0,0.0,0.0,0.0,0.0,0.0,0.0,0.0,0.0,0.0,0.0,0.0,0.0,0.0,0.0,0.0,0.0,-76.0,0.0,0.0,0.0,-76.0,0.0,0.0,0.0,0.0,0.0,0.0,0.0,0.0,0.0,0.0,0.0,0.0,0.0,0.0,0.0,-70.0,0.0,0.0,0.0,0.0,0.0,0.0,0.0,0.0,0.0,0.0,0.0,0.0,0.0,0.0,0.0,0.0,0.0,0.0,Sala profes
564,0.0,0.0,0.0,0.0,0.0,0.0,0.0,0.0,-65.0,-53.0,0.0,0.0,0.0,0.0,0.0,-76.0,-75.0,-82.0,-82.0,0.0,0.0,0.0,0.0,0.0,0.0,-70.0,-82.0,-82.0,0.0,0.0,0.0,0.0,-75.0,-75.0,-91.0,-90.0,-85.0,0.0,0.0,-92.0,0.0,0.0,0.0,0.0,0.0,0.0,0.0,0.0,0.0,0.0,0.0,0.0,0.0,0.0,0.0,0.0,0.0,0.0,0.0,0.0,0.0,0.0,0.0,0.0,0.0,0.0,0.0,0.0,0.0,0.0,-75.0,0.0,0.0,0.0,0.0,-76.0,0.0,0.0,0.0,0.0,0.0,0.0,0.0,0.0,0.0,0.0,0.0,0.0,0.0,0.0,0.0,-70.0,0.0,0.0,0.0,0.0,0.0,0.0,0.0,0.0,0.0,0.0,0.0,0.0,0.0,0.0,0.0,0.0,0.0,0.0,Sala profes
565,0.0,0.0,0.0,0.0,0.0,0.0,0.0,0.0,-66.0,-54.0,0.0,0.0,0.0,0.0,0.0,-73.0,-74.0,-82.0,-82.0,0.0,0.0,0.0,0.0,0.0,-69.0,-71.0,-82.0,0.0,0.0,0.0,0.0,0.0,-74.0,-75.0,-91.0,-89.0,0.0,0.0,0.0,-92.0,0.0,0.0,0.0,0.0,0.0,0.0,0.0,0.0,0.0,0.0,0.0,0.0,0.0,0.0,0.0,0.0,0.0,0.0,0.0,0.0,0.0,0.0,0.0,0.0,0.0,0.0,0.0,0.0,0.0,0.0,0.0,-75.0,0.0,0.0,0.0,-76.0,0.0,0.0,0.0,0.0,0.0,0.0,0.0,0.0,0.0,0.0,0.0,0.0,0.0,0.0,0.0,-67.0,0.0,0.0,0.0,0.0,0.0,0.0,0.0,0.0,0.0,0.0,0.0,0.0,0.0,0.0,0.0,0.0,0.0,0.0,Sala profes
566,0.0,0.0,0.0,0.0,0.0,0.0,-96.0,-97.0,-66.0,-52.0,0.0,0.0,0.0,0.0,0.0,0.0,-74.0,-82.0,-81.0,0.0,0.0,0.0,0.0,0.0,0.0,0.0,-82.0,-82.0,0.0,0.0,0.0,0.0,0.0,0.0,-91.0,-90.0,0.0,0.0,-92.0,-91.0,0.0,0.0,0.0,0.0,0.0,0.0,0.0,0.0,0.0,0.0,0.0,0.0,0.0,0.0,0.0,0.0,0.0,0.0,0.0,0.0,0.0,0.0,0.0,0.0,0.0,0.0,0.0,0.0,0.0,0.0,0.0,-75.0,0.0,0.0,0.0,-75.0,0.0,0.0,0.0,0.0,0.0,0.0,0.0,0.0,0.0,0.0,0.0,0.0,0.0,0.0,0.0,-71.0,0.0,0.0,0.0,0.0,0.0,0.0,0.0,0.0,0.0,0.0,0.0,0.0,0.0,0.0,0.0,0.0,0.0,0.0,Sala profes
567,0.0,0.0,0.0,0.0,0.0,0.0,-96.0,-96.0,-65.0,-53.0,0.0,0.0,0.0,0.0,0.0,-74.0,-74.0,-82.0,-82.0,0.0,0.0,0.0,0.0,0.0,-68.0,-69.0,-82.0,-82.0,0.0,0.0,0.0,0.0,-75.0,-75.0,-91.0,-91.0,0.0,-85.0,0.0,-93.0,0.0,0.0,0.0,0.0,0.0,0.0,0.0,0.0,0.0,0.0,0.0,0.0,0.0,0.0,0.0,0.0,0.0,0.0,0.0,0.0,0.0,0.0,0.0,0.0,0.0,0.0,0.0,0.0,0.0,0.0,0.0,-76.0,0.0,0.0,0.0,-76.0,0.0,0.0,0.0,0.0,0.0,0.0,0.0,0.0,0.0,0.0,0.0,0.0,0.0,0.0,0.0,-69.0,0.0,0.0,0.0,0.0,0.0,0.0,0.0,0.0,0.0,0.0,0.0,0.0,0.0,0.0,0.0,0.0,0.0,0.0,Sala profes
568,0.0,0.0,0.0,0.0,0.0,-84.0,0.0,0.0,-65.0,-52.0,0.0,0.0,0.0,0.0,0.0,0.0,0.0,-82.0,-82.0,0.0,-87.0,0.0,0.0,0.0,0.0,0.0,-82.0,-82.0,0.0,0.0,0.0,0.0,0.0,0.0,-91.0,0.0,0.0,0.0,-96.0,-95.0,0.0,0.0,0.0,0.0,0.0,0.0,0.0,0.0,0.0,0.0,0.0,0.0,0.0,0.0,0.0,0.0,0.0,0.0,0.0,0.0,0.0,0.0,0.0,0.0,0.0,0.0,0.0,0.0,0.0,0.0,-76.0,-77.0,0.0,0.0,0.0,-77.0,0.0,0.0,0.0,0.0,0.0,0.0,0.0,0.0,0.0,0.0,0.0,0.0,0.0,0.0,0.0,-71.0,0.0,0.0,0.0,0.0,0.0,0.0,0.0,0.0,0.0,0.0,0.0,0.0,0.0,0.0,0.0,0.0,0.0,0.0,Sala profes
569,0.0,0.0,0.0,0.0,0.0,0.0,-96.0,0.0,-66.0,-52.0,0.0,0.0,0.0,0.0,0.0,-72.0,-71.0,-82.0,-82.0,0.0,0.0,0.0,0.0,0.0,0.0,0.0,-82.0,-82.0,0.0,0.0,0.0,0.0,0.0,0.0,-91.0,-91.0,0.0,0.0,-93.0,-92.0,0.0,0.0,0.0,0.0,0.0,0.0,0.0,0.0,0.0,0.0,0.0,0.0,0.0,0.0,0.0,0.0,0.0,0.0,0.0,0.0,0.0,0.0,0.0,0.0,0.0,0.0,0.0,0.0,0.0,0.0,0.0,0.0,0.0,0.0,0.0,-77.0,0.0,0.0,0.0,0.0,0.0,0.0,0.0,0.0,0.0,0.0,0.0,0.0,0.0,0.0,0.0,-71.0,0.0,0.0,0.0,0.0,0.0,0.0,0.0,0.0,0.0,0.0,0.0,0.0,0.0,0.0,0.0,0.0,0.0,0.0,Sala profes
570,0.0,0.0,0.0,0.0,0.0,0.0,0.0,0.0,-66.0,-52.0,0.0,0.0,0.0,0.0,0.0,-70.0,-70.0,-81.0,-81.0,0.0,0.0,0.0,0.0,0.0,-70.0,-67.0,-82.0,-83.0,0.0,0.0,0.0,0.0,-75.0,-76.0,-92.0,-91.0,-85.0,0.0,-92.0,-94.0,0.0,0.0,0.0,0.0,0.0,0.0,0.0,0.0,0.0,0.0,0.0,0.0,0.0,0.0,0.0,0.0,0.0,0.0,0.0,0.0,0.0,0.0,0.0,0.0,0.0,0.0,-83.0,0.0,0.0,0.0,-74.0,0.0,0.0,0.0,0.0,-77.0,0.0,0.0,0.0,0.0,0.0,0.0,0.0,0.0,0.0,0.0,0.0,0.0,0.0,0.0,0.0,-69.0,0.0,0.0,0.0,0.0,0.0,0.0,0.0,0.0,0.0,0.0,0.0,0.0,0.0,0.0,0.0,0.0,0.0,0.0,Sala profes
571,0.0,0.0,0.0,0.0,0.0,0.0,0.0,0.0,-66.0,-51.0,0.0,0.0,0.0,0.0,0.0,0.0,0.0,-80.0,-80.0,0.0,0.0,0.0,0.0,0.0,0.0,0.0,-82.0,-82.0,0.0,0.0,0.0,0.0,0.0,0.0,-91.0,-91.0,0.0,0.0,-91.0,-91.0,0.0,0.0,0.0,0.0,0.0,0.0,0.0,0.0,0.0,0.0,0.0,0.0,0.0,0.0,0.0,0.0,0.0,0.0,0.0,0.0,0.0,0.0,0.0,0.0,0.0,0.0,-83.0,0.0,0.0,0.0,0.0,0.0,0.0,0.0,0.0,-76.0,0.0,0.0,0.0,0.0,0.0,0.0,0.0,0.0,0.0,0.0,0.0,0.0,0.0,0.0,0.0,-74.0,0.0,0.0,0.0,0.0,0.0,0.0,0.0,0.0,0.0,0.0,0.0,0.0,0.0,0.0,0.0,0.0,0.0,0.0,Sala profes
572,0.0,0.0,0.0,0.0,0.0,0.0,0.0,0.0,-67.0,-57.0,0.0,0.0,0.0,0.0,0.0,-72.0,-70.0,-82.0,-82.0,0.0,0.0,0.0,0.0,0.0,0.0,-66.0,-82.0,-82.0,0.0,0.0,0.0,0.0,-76.0,-74.0,-92.0,-91.0,0.0,0.0,0.0,-92.0,0.0,0.0,0.0,0.0,0.0,0.0,0.0,0.0,0.0,0.0,0.0,0.0,0.0,0.0,0.0,0.0,0.0,0.0,0.0,0.0,0.0,0.0,0.0,0.0,0.0,0.0,-84.0,0.0,0.0,0.0,0.0,0.0,0.0,0.0,0.0,-77.0,0.0,0.0,0.0,0.0,0.0,0.0,0.0,0.0,0.0,0.0,0.0,0.0,0.0,0.0,0.0,-71.0,0.0,0.0,0.0,0.0,0.0,0.0,0.0,0.0,0.0,0.0,0.0,0.0,0.0,0.0,0.0,0.0,0.0,0.0,Sala profes
573,0.0,0.0,0.0,0.0,0.0,-85.0,-94.0,-94.0,-68.0,-54.0,0.0,0.0,0.0,0.0,0.0,-72.0,-71.0,-81.0,-82.0,0.0,0.0,0.0,0.0,0.0,0.0,-69.0,-83.0,-84.0,0.0,0.0,0.0,0.0,-76.0,-74.0,-92.0,-92.0,0.0,0.0,0.0,0.0,0.0,0.0,0.0,0.0,0.0,0.0,0.0,0.0,0.0,0.0,0.0,0.0,0.0,0.0,0.0,0.0,0.0,0.0,0.0,0.0,0.0,0.0,0.0,0.0,0.0,0.0,-81.0,0.0,0.0,0.0,0.0,-76.0,0.0,0.0,0.0,-76.0,0.0,0.0,0.0,0.0,0.0,0.0,0.0,0.0,0.0,0.0,0.0,0.0,0.0,0.0,0.0,-80.0,0.0,0.0,0.0,0.0,0.0,0.0,0.0,0.0,0.0,0.0,0.0,0.0,0.0,0.0,0.0,0.0,0.0,0.0,Sala profes
574,0.0,0.0,0.0,0.0,0.0,0.0,0.0,0.0,-66.0,-57.0,0.0,0.0,0.0,0.0,0.0,-72.0,-73.0,-82.0,-81.0,0.0,0.0,0.0,0.0,0.0,-67.0,-70.0,-83.0,-82.0,0.0,0.0,0.0,0.0,0.0,0.0,-91.0,-92.0,0.0,0.0,-91.0,-91.0,0.0,0.0,0.0,0.0,0.0,0.0,0.0,0.0,0.0,0.0,0.0,0.0,0.0,0.0,0.0,0.0,0.0,0.0,0.0,0.0,0.0,0.0,0.0,0.0,0.0,0.0,0.0,0.0,0.0,0.0,-72.0,-77.0,0.0,0.0,0.0,-76.0,0.0,0.0,0.0,0.0,0.0,0.0,0.0,0.0,0.0,0.0,0.0,0.0,0.0,0.0,0.0,0.0,0.0,0.0,0.0,0.0,0.0,0.0,0.0,0.0,0.0,0.0,-82.0,0.0,0.0,0.0,0.0,0.0,0.0,0.0,Sala profes
575,0.0,0.0,0.0,0.0,0.0,0.0,0.0,0.0,-66.0,-52.0,-81.0,0.0,0.0,0.0,0.0,-71.0,-70.0,-81.0,-81.0,0.0,0.0,0.0,0.0,0.0,0.0,-69.0,-81.0,-82.0,0.0,0.0,0.0,0.0,-75.0,-76.0,-91.0,-92.0,-85.0,0.0,-91.0,-91.0,0.0,0.0,0.0,0.0,0.0,0.0,0.0,0.0,0.0,0.0,0.0,0.0,0.0,0.0,0.0,0.0,0.0,0.0,0.0,0.0,0.0,0.0,0.0,0.0,0.0,0.0,-84.0,0.0,0.0,0.0,-72.0,0.0,0.0,0.0,0.0,-77.0,0.0,0.0,0.0,0.0,0.0,0.0,0.0,0.0,0.0,0.0,0.0,0.0,0.0,0.0,0.0,-70.0,0.0,0.0,0.0,0.0,0.0,0.0,0.0,0.0,0.0,0.0,0.0,0.0,0.0,0.0,0.0,0.0,0.0,0.0,Sala profes
576,0.0,0.0,0.0,0.0,0.0,0.0,-96.0,-96.0,-66.0,-51.0,0.0,0.0,0.0,0.0,0.0,-71.0,-72.0,-81.0,-81.0,0.0,0.0,0.0,0.0,0.0,0.0,0.0,-83.0,-83.0,0.0,0.0,0.0,0.0,-74.0,-76.0,-91.0,-92.0,0.0,0.0,0.0,-91.0,0.0,0.0,0.0,0.0,0.0,0.0,0.0,0.0,0.0,0.0,0.0,0.0,0.0,0.0,0.0,0.0,0.0,0.0,0.0,0.0,0.0,0.0,0.0,0.0,0.0,0.0,0.0,0.0,0.0,0.0,0.0,-77.0,0.0,0.0,0.0,-77.0,0.0,0.0,0.0,0.0,0.0,0.0,0.0,0.0,0.0,0.0,0.0,0.0,0.0,0.0,0.0,-71.0,0.0,0.0,0.0,0.0,0.0,0.0,0.0,0.0,0.0,0.0,0.0,0.0,0.0,0.0,0.0,0.0,0.0,0.0,Sala profes
577,0.0,0.0,0.0,0.0,0.0,0.0,0.0,0.0,-66.0,-53.0,0.0,0.0,0.0,0.0,0.0,-70.0,-70.0,-81.0,-81.0,0.0,0.0,0.0,0.0,0.0,0.0,0.0,0.0,-83.0,0.0,0.0,0.0,0.0,0.0,0.0,-92.0,-91.0,0.0,0.0,-92.0,-93.0,0.0,0.0,0.0,0.0,0.0,0.0,0.0,0.0,0.0,0.0,0.0,0.0,0.0,0.0,0.0,0.0,0.0,0.0,0.0,0.0,0.0,0.0,0.0,0.0,0.0,0.0,-81.0,0.0,0.0,0.0,-72.0,-78.0,0.0,0.0,0.0,-78.0,0.0,0.0,0.0,0.0,0.0,0.0,0.0,0.0,0.0,0.0,0.0,0.0,0.0,0.0,0.0,-71.0,0.0,0.0,0.0,0.0,0.0,0.0,0.0,0.0,0.0,0.0,0.0,0.0,0.0,0.0,0.0,0.0,0.0,0.0,Sala profes
578,0.0,0.0,0.0,0.0,0.0,0.0,0.0,0.0,-66.0,-52.0,0.0,0.0,0.0,0.0,0.0,0.0,0.0,-81.0,-82.0,0.0,0.0,0.0,0.0,0.0,0.0,0.0,-82.0,-82.0,0.0,0.0,0.0,0.0,-76.0,-76.0,-92.0,-91.0,-84.0,-85.0,0.0,0.0,0.0,0.0,0.0,0.0,0.0,0.0,0.0,0.0,0.0,0.0,0.0,0.0,0.0,0.0,0.0,0.0,0.0,0.0,0.0,0.0,0.0,0.0,0.0,0.0,0.0,0.0,0.0,0.0,0.0,0.0,-71.0,-77.0,0.0,0.0,0.0,-77.0,0.0,0.0,0.0,0.0,0.0,0.0,0.0,0.0,0.0,0.0,0.0,0.0,0.0,0.0,0.0,-70.0,0.0,0.0,0.0,0.0,0.0,0.0,0.0,0.0,0.0,0.0,-82.0,0.0,0.0,0.0,0.0,0.0,0.0,0.0,Sala profes
579,0.0,0.0,0.0,0.0,0.0,0.0,0.0,0.0,-66.0,-56.0,0.0,0.0,0.0,0.0,0.0,-70.0,-70.0,-81.0,-81.0,0.0,0.0,0.0,0.0,0.0,-70.0,-70.0,-83.0,-83.0,0.0,0.0,0.0,0.0,0.0,-75.0,-91.0,-91.0,0.0,0.0,0.0,-92.0,0.0,0.0,0.0,0.0,0.0,0.0,0.0,0.0,0.0,0.0,0.0,0.0,0.0,0.0,0.0,0.0,0.0,0.0,0.0,0.0,0.0,0.0,0.0,0.0,0.0,0.0,-82.0,0.0,0.0,0.0,-72.0,0.0,0.0,0.0,0.0,-77.0,0.0,0.0,0.0,0.0,0.0,0.0,0.0,0.0,0.0,0.0,0.0,0.0,0.0,0.0,0.0,-71.0,0.0,0.0,0.0,0.0,0.0,0.0,0.0,0.0,0.0,0.0,0.0,0.0,0.0,0.0,0.0,0.0,0.0,0.0,Sala profes
580,0.0,0.0,0.0,0.0,0.0,-82.0,-96.0,0.0,-66.0,-50.0,0.0,0.0,0.0,0.0,0.0,-70.0,-70.0,-81.0,-81.0,0.0,0.0,0.0,0.0,0.0,-69.0,-70.0,-83.0,-83.0,0.0,0.0,0.0,0.0,0.0,0.0,-92.0,-92.0,0.0,-86.0,0.0,0.0,0.0,0.0,0.0,0.0,0.0,0.0,0.0,0.0,0.0,0.0,0.0,0.0,0.0,0.0,0.0,0.0,0.0,0.0,0.0,0.0,0.0,0.0,0.0,0.0,0.0,0.0,0.0,0.0,0.0,0.0,-72.0,0.0,0.0,0.0,0.0,-78.0,0.0,0.0,0.0,0.0,0.0,0.0,0.0,0.0,0.0,0.0,0.0,0.0,0.0,0.0,0.0,0.0,0.0,0.0,0.0,0.0,0.0,0.0,0.0,0.0,0.0,0.0,0.0,0.0,0.0,0.0,0.0,0.0,0.0,0.0,Sala profes
581,0.0,0.0,0.0,0.0,0.0,-82.0,-96.0,0.0,-66.0,-50.0,0.0,0.0,0.0,0.0,0.0,-70.0,-70.0,-81.0,-81.0,0.0,0.0,0.0,0.0,0.0,-69.0,-70.0,-83.0,-83.0,0.0,0.0,0.0,0.0,0.0,0.0,-92.0,-92.0,0.0,-86.0,0.0,0.0,0.0,0.0,0.0,0.0,0.0,0.0,0.0,0.0,0.0,0.0,0.0,0.0,0.0,0.0,0.0,0.0,0.0,0.0,0.0,0.0,0.0,0.0,0.0,0.0,0.0,0.0,0.0,0.0,0.0,0.0,-72.0,0.0,0.0,0.0,0.0,-78.0,0.0,0.0,0.0,0.0,0.0,0.0,0.0,0.0,0.0,0.0,0.0,0.0,0.0,0.0,0.0,0.0,0.0,0.0,0.0,0.0,0.0,0.0,0.0,0.0,0.0,0.0,0.0,0.0,0.0,0.0,0.0,0.0,0.0,0.0,Sala profes
582,0.0,0.0,0.0,0.0,0.0,0.0,-97.0,0.0,-66.0,-51.0,0.0,0.0,0.0,0.0,0.0,-70.0,-71.0,-81.0,-81.0,0.0,0.0,0.0,0.0,0.0,-70.0,-69.0,-82.0,-82.0,-88.0,-88.0,0.0,0.0,-75.0,-76.0,-92.0,-92.0,-85.0,0.0,0.0,0.0,0.0,0.0,0.0,0.0,0.0,0.0,0.0,0.0,0.0,0.0,0.0,0.0,0.0,0.0,0.0,0.0,0.0,0.0,0.0,0.0,0.0,0.0,0.0,0.0,0.0,0.0,-86.0,0.0,0.0,0.0,-74.0,0.0,0.0,0.0,0.0,-77.0,0.0,0.0,0.0,0.0,0.0,0.0,0.0,0.0,0.0,0.0,0.0,0.0,0.0,0.0,0.0,-72.0,0.0,0.0,0.0,0.0,0.0,0.0,0.0,0.0,0.0,0.0,0.0,0.0,0.0,0.0,0.0,0.0,0.0,0.0,Sala profes
583,0.0,0.0,0.0,0.0,0.0,0.0,-97.0,0.0,-66.0,-51.0,0.0,0.0,0.0,0.0,0.0,-70.0,-71.0,-81.0,-81.0,0.0,0.0,0.0,0.0,0.0,-70.0,-69.0,-82.0,-82.0,-88.0,-88.0,0.0,0.0,-75.0,-76.0,-92.0,-92.0,-85.0,0.0,0.0,0.0,0.0,0.0,0.0,0.0,0.0,0.0,0.0,0.0,0.0,0.0,0.0,0.0,0.0,0.0,0.0,0.0,0.0,0.0,0.0,0.0,0.0,0.0,0.0,0.0,0.0,0.0,-86.0,0.0,0.0,0.0,-74.0,0.0,0.0,0.0,0.0,-77.0,0.0,0.0,0.0,0.0,0.0,0.0,0.0,0.0,0.0,0.0,0.0,0.0,0.0,0.0,0.0,-72.0,0.0,0.0,0.0,0.0,0.0,0.0,0.0,0.0,0.0,0.0,0.0,0.0,0.0,0.0,0.0,0.0,0.0,0.0,Sala profes
584,0.0,0.0,0.0,0.0,0.0,0.0,0.0,0.0,-66.0,-51.0,0.0,0.0,0.0,0.0,0.0,-70.0,-70.0,-81.0,-81.0,0.0,0.0,0.0,0.0,0.0,-69.0,-70.0,-82.0,-81.0,-86.0,-87.0,0.0,0.0,-75.0,-76.0,-91.0,-92.0,-86.0,-86.0,-91.0,-92.0,0.0,0.0,0.0,0.0,0.0,0.0,0.0,0.0,0.0,0.0,0.0,0.0,0.0,0.0,0.0,0.0,0.0,0.0,0.0,0.0,0.0,0.0,0.0,0.0,0.0,0.0,0.0,0.0,0.0,0.0,-74.0,0.0,0.0,0.0,0.0,-77.0,0.0,0.0,0.0,0.0,0.0,0.0,0.0,0.0,0.0,0.0,0.0,0.0,0.0,0.0,0.0,-71.0,0.0,0.0,0.0,0.0,0.0,0.0,0.0,0.0,0.0,0.0,-82.0,0.0,0.0,0.0,0.0,0.0,0.0,0.0,Sala profes
585,0.0,0.0,0.0,0.0,0.0,0.0,0.0,0.0,-66.0,-51.0,0.0,0.0,0.0,0.0,0.0,-70.0,-70.0,-81.0,-81.0,0.0,0.0,0.0,0.0,0.0,-69.0,-70.0,-82.0,-81.0,-86.0,-87.0,0.0,0.0,-75.0,-76.0,-91.0,-92.0,-86.0,-86.0,-91.0,-92.0,0.0,0.0,0.0,0.0,0.0,0.0,0.0,0.0,0.0,0.0,0.0,0.0,0.0,0.0,0.0,0.0,0.0,0.0,0.0,0.0,0.0,0.0,0.0,0.0,0.0,0.0,0.0,0.0,0.0,0.0,-74.0,0.0,0.0,0.0,0.0,-77.0,0.0,0.0,0.0,0.0,0.0,0.0,0.0,0.0,0.0,0.0,0.0,0.0,0.0,0.0,0.0,-71.0,0.0,0.0,0.0,0.0,0.0,0.0,0.0,0.0,0.0,0.0,-82.0,0.0,0.0,0.0,0.0,0.0,0.0,0.0,Sala profes
586,0.0,0.0,0.0,0.0,0.0,-82.0,-97.0,-98.0,-66.0,-52.0,0.0,0.0,0.0,0.0,0.0,-70.0,-70.0,-81.0,-81.0,0.0,0.0,0.0,0.0,0.0,-69.0,-69.0,0.0,-83.0,-87.0,-87.0,0.0,0.0,-76.0,-76.0,-91.0,-92.0,-85.0,-86.0,0.0,0.0,0.0,0.0,0.0,0.0,0.0,0.0,0.0,0.0,0.0,0.0,0.0,0.0,0.0,0.0,0.0,0.0,0.0,0.0,0.0,0.0,0.0,0.0,0.0,0.0,0.0,0.0,0.0,0.0,0.0,0.0,-71.0,0.0,0.0,0.0,0.0,-76.0,0.0,0.0,0.0,0.0,0.0,0.0,0.0,0.0,0.0,0.0,0.0,0.0,0.0,0.0,0.0,-69.0,0.0,0.0,0.0,0.0,0.0,0.0,0.0,0.0,0.0,0.0,-83.0,0.0,0.0,0.0,0.0,0.0,0.0,0.0,Sala profes
587,0.0,0.0,0.0,0.0,0.0,0.0,0.0,0.0,-66.0,-51.0,0.0,0.0,0.0,0.0,0.0,-69.0,-72.0,-81.0,-81.0,0.0,0.0,0.0,0.0,0.0,-67.0,-70.0,-82.0,-82.0,0.0,0.0,0.0,0.0,-77.0,-76.0,-91.0,-91.0,0.0,0.0,-91.0,-91.0,0.0,0.0,0.0,0.0,0.0,0.0,0.0,0.0,0.0,0.0,0.0,0.0,0.0,0.0,0.0,0.0,0.0,0.0,0.0,0.0,0.0,0.0,0.0,0.0,0.0,0.0,0.0,0.0,0.0,0.0,0.0,-76.0,0.0,0.0,0.0,-77.0,0.0,0.0,0.0,0.0,0.0,0.0,0.0,0.0,0.0,0.0,0.0,0.0,0.0,0.0,0.0,-71.0,0.0,0.0,0.0,0.0,0.0,0.0,0.0,0.0,0.0,0.0,0.0,0.0,0.0,0.0,0.0,0.0,0.0,0.0,Sala profes
588,0.0,0.0,0.0,0.0,0.0,-86.0,0.0,0.0,-66.0,-51.0,0.0,0.0,0.0,0.0,0.0,-70.0,-70.0,-81.0,-81.0,0.0,0.0,0.0,0.0,0.0,-70.0,0.0,-82.0,-82.0,0.0,0.0,0.0,0.0,-76.0,-77.0,-92.0,-91.0,0.0,0.0,0.0,-93.0,0.0,0.0,0.0,0.0,0.0,0.0,0.0,0.0,0.0,0.0,0.0,0.0,0.0,0.0,0.0,0.0,0.0,0.0,0.0,0.0,0.0,0.0,0.0,0.0,0.0,0.0,-82.0,0.0,0.0,0.0,-72.0,0.0,0.0,0.0,0.0,-78.0,0.0,0.0,0.0,0.0,0.0,0.0,0.0,0.0,0.0,0.0,0.0,0.0,0.0,0.0,0.0,0.0,0.0,0.0,0.0,0.0,0.0,0.0,0.0,0.0,0.0,-91.0,0.0,0.0,0.0,0.0,0.0,0.0,0.0,0.0,Sala profes
589,0.0,0.0,0.0,0.0,0.0,0.0,0.0,-97.0,-66.0,-51.0,-85.0,0.0,0.0,0.0,0.0,-70.0,-70.0,-81.0,-82.0,0.0,0.0,0.0,0.0,0.0,0.0,-71.0,-82.0,-82.0,0.0,0.0,0.0,0.0,0.0,0.0,-92.0,-91.0,0.0,0.0,0.0,0.0,0.0,0.0,0.0,0.0,0.0,0.0,0.0,0.0,0.0,0.0,0.0,0.0,0.0,0.0,0.0,0.0,0.0,0.0,0.0,0.0,0.0,0.0,0.0,0.0,0.0,0.0,0.0,0.0,0.0,0.0,0.0,-77.0,0.0,0.0,0.0,-77.0,0.0,0.0,0.0,0.0,0.0,0.0,0.0,0.0,0.0,0.0,0.0,0.0,0.0,0.0,0.0,0.0,0.0,0.0,0.0,0.0,0.0,0.0,0.0,0.0,0.0,0.0,0.0,0.0,0.0,0.0,0.0,0.0,0.0,0.0,Sala profes
590,0.0,0.0,0.0,0.0,0.0,0.0,0.0,0.0,-66.0,-52.0,0.0,0.0,0.0,0.0,0.0,-70.0,-70.0,-81.0,-81.0,0.0,0.0,0.0,0.0,0.0,-70.0,0.0,-82.0,0.0,0.0,0.0,0.0,0.0,0.0,-75.0,-92.0,-92.0,0.0,0.0,-92.0,-92.0,0.0,0.0,0.0,0.0,0.0,0.0,0.0,0.0,0.0,0.0,0.0,0.0,0.0,0.0,0.0,0.0,0.0,0.0,0.0,0.0,0.0,0.0,0.0,0.0,0.0,0.0,0.0,0.0,0.0,0.0,0.0,-77.0,0.0,0.0,0.0,-77.0,0.0,0.0,0.0,0.0,0.0,0.0,0.0,0.0,0.0,0.0,0.0,0.0,0.0,0.0,0.0,-71.0,0.0,0.0,0.0,0.0,0.0,0.0,0.0,0.0,0.0,0.0,0.0,0.0,0.0,0.0,0.0,0.0,0.0,0.0,Sala profes
591,0.0,0.0,0.0,0.0,0.0,0.0,0.0,0.0,-66.0,-52.0,0.0,0.0,0.0,0.0,0.0,-70.0,-70.0,-81.0,-81.0,0.0,0.0,0.0,0.0,0.0,0.0,-69.0,-82.0,-82.0,0.0,0.0,0.0,0.0,-76.0,-74.0,-91.0,-91.0,0.0,0.0,-92.0,-92.0,0.0,0.0,0.0,0.0,0.0,0.0,0.0,0.0,0.0,0.0,0.0,0.0,0.0,0.0,0.0,0.0,0.0,0.0,0.0,0.0,0.0,0.0,0.0,0.0,0.0,0.0,0.0,0.0,0.0,0.0,0.0,0.0,0.0,0.0,0.0,-77.0,0.0,0.0,0.0,0.0,0.0,0.0,0.0,0.0,0.0,0.0,0.0,0.0,0.0,0.0,0.0,-70.0,0.0,0.0,0.0,0.0,-89.0,0.0,0.0,0.0,0.0,0.0,0.0,0.0,0.0,0.0,0.0,0.0,0.0,0.0,Sala profes
592,0.0,0.0,0.0,0.0,0.0,0.0,0.0,0.0,-66.0,-53.0,0.0,0.0,0.0,0.0,0.0,-70.0,-70.0,-81.0,-81.0,0.0,0.0,0.0,0.0,0.0,0.0,0.0,-81.0,-82.0,0.0,0.0,0.0,0.0,-76.0,-76.0,-92.0,-91.0,0.0,0.0,0.0,0.0,0.0,0.0,0.0,0.0,0.0,0.0,0.0,0.0,0.0,0.0,0.0,0.0,0.0,0.0,0.0,0.0,0.0,0.0,0.0,0.0,0.0,0.0,0.0,0.0,0.0,0.0,0.0,0.0,0.0,0.0,0.0,0.0,0.0,0.0,0.0,-77.0,0.0,0.0,0.0,0.0,0.0,0.0,0.0,0.0,0.0,0.0,0.0,0.0,0.0,0.0,0.0,-75.0,0.0,0.0,0.0,0.0,0.0,0.0,0.0,0.0,0.0,0.0,0.0,0.0,0.0,0.0,0.0,0.0,0.0,0.0,Sala profes
593,0.0,0.0,0.0,0.0,0.0,-82.0,0.0,0.0,-66.0,-53.0,0.0,0.0,0.0,0.0,0.0,-70.0,-70.0,-80.0,-81.0,0.0,0.0,0.0,0.0,0.0,-70.0,-70.0,-82.0,0.0,-87.0,-87.0,0.0,0.0,-75.0,-77.0,-91.0,-91.0,0.0,0.0,-91.0,-93.0,0.0,0.0,0.0,0.0,0.0,0.0,0.0,0.0,0.0,0.0,0.0,0.0,0.0,0.0,0.0,0.0,0.0,0.0,0.0,0.0,0.0,0.0,0.0,0.0,0.0,0.0,-86.0,0.0,0.0,0.0,-72.0,-77.0,0.0,0.0,0.0,-77.0,0.0,0.0,0.0,0.0,0.0,0.0,0.0,0.0,0.0,0.0,0.0,0.0,0.0,0.0,0.0,-69.0,0.0,0.0,0.0,0.0,0.0,0.0,0.0,0.0,0.0,0.0,0.0,0.0,0.0,0.0,0.0,0.0,0.0,0.0,Sala profes
594,0.0,0.0,0.0,0.0,0.0,0.0,0.0,0.0,-67.0,-53.0,0.0,0.0,0.0,0.0,0.0,0.0,0.0,-82.0,-81.0,0.0,0.0,0.0,0.0,0.0,0.0,0.0,-82.0,-82.0,0.0,0.0,0.0,0.0,-75.0,-76.0,0.0,-91.0,0.0,0.0,0.0,0.0,0.0,0.0,0.0,0.0,0.0,0.0,0.0,0.0,0.0,0.0,0.0,0.0,0.0,0.0,0.0,0.0,0.0,0.0,0.0,0.0,0.0,0.0,0.0,0.0,0.0,0.0,-86.0,0.0,0.0,0.0,0.0,0.0,0.0,0.0,0.0,-77.0,0.0,0.0,0.0,0.0,0.0,0.0,0.0,0.0,0.0,0.0,0.0,0.0,0.0,0.0,0.0,0.0,0.0,0.0,0.0,0.0,0.0,0.0,0.0,0.0,0.0,0.0,0.0,0.0,0.0,0.0,0.0,0.0,0.0,0.0,Sala profes
595,0.0,0.0,0.0,0.0,0.0,-81.0,0.0,0.0,-67.0,-53.0,0.0,0.0,0.0,0.0,0.0,-71.0,-71.0,-81.0,-80.0,0.0,0.0,0.0,0.0,0.0,-70.0,-70.0,-83.0,-82.0,0.0,0.0,0.0,0.0,-76.0,-76.0,-91.0,-93.0,0.0,0.0,0.0,0.0,0.0,0.0,0.0,0.0,0.0,0.0,0.0,0.0,0.0,0.0,0.0,0.0,0.0,0.0,0.0,0.0,0.0,0.0,0.0,0.0,0.0,0.0,0.0,0.0,0.0,0.0,0.0,0.0,0.0,0.0,-70.0,0.0,0.0,0.0,0.0,-78.0,0.0,0.0,0.0,0.0,0.0,0.0,0.0,0.0,0.0,0.0,0.0,0.0,0.0,0.0,0.0,0.0,0.0,0.0,0.0,0.0,0.0,0.0,0.0,0.0,0.0,-89.0,0.0,0.0,0.0,0.0,0.0,0.0,0.0,0.0,Sala profes
596,0.0,0.0,0.0,0.0,0.0,0.0,0.0,0.0,-67.0,-53.0,0.0,0.0,0.0,0.0,0.0,-70.0,-70.0,-82.0,-82.0,0.0,0.0,0.0,0.0,0.0,0.0,-68.0,-82.0,-82.0,0.0,0.0,0.0,0.0,0.0,0.0,-92.0,-91.0,0.0,-86.0,0.0,0.0,0.0,0.0,0.0,0.0,0.0,0.0,0.0,0.0,0.0,0.0,0.0,0.0,0.0,0.0,0.0,0.0,0.0,0.0,0.0,0.0,0.0,0.0,0.0,0.0,0.0,0.0,0.0,0.0,0.0,0.0,0.0,0.0,0.0,0.0,0.0,-77.0,0.0,0.0,0.0,0.0,0.0,0.0,0.0,0.0,0.0,0.0,0.0,0.0,0.0,0.0,0.0,-71.0,0.0,0.0,0.0,0.0,0.0,0.0,0.0,0.0,0.0,-87.0,0.0,0.0,0.0,0.0,0.0,0.0,0.0,0.0,Sala profes
597,0.0,0.0,0.0,0.0,0.0,0.0,0.0,0.0,-66.0,-52.0,0.0,0.0,0.0,0.0,0.0,-71.0,-70.0,-81.0,-81.0,0.0,0.0,0.0,0.0,0.0,-68.0,-68.0,-82.0,-82.0,0.0,0.0,0.0,0.0,0.0,0.0,-91.0,-91.0,-85.0,-86.0,0.0,0.0,0.0,0.0,0.0,0.0,0.0,0.0,0.0,0.0,0.0,0.0,0.0,0.0,0.0,0.0,0.0,0.0,0.0,0.0,0.0,0.0,0.0,0.0,0.0,0.0,0.0,0.0,-83.0,0.0,0.0,0.0,-72.0,0.0,0.0,0.0,0.0,-76.0,0.0,0.0,0.0,0.0,0.0,0.0,0.0,0.0,0.0,0.0,0.0,0.0,0.0,0.0,0.0,-69.0,0.0,0.0,0.0,0.0,0.0,0.0,0.0,0.0,0.0,0.0,0.0,0.0,0.0,0.0,0.0,0.0,0.0,0.0,Sala profes
598,0.0,0.0,0.0,0.0,0.0,0.0,0.0,0.0,-66.0,-50.0,0.0,0.0,0.0,0.0,0.0,-71.0,-71.0,-81.0,-81.0,0.0,0.0,0.0,0.0,0.0,0.0,-69.0,-82.0,0.0,0.0,-86.0,0.0,0.0,0.0,-74.0,-92.0,-93.0,0.0,-85.0,-92.0,-91.0,0.0,0.0,0.0,0.0,0.0,0.0,0.0,0.0,0.0,0.0,0.0,0.0,0.0,0.0,0.0,0.0,0.0,0.0,0.0,0.0,0.0,0.0,0.0,0.0,0.0,0.0,-83.0,0.0,0.0,0.0,0.0,-78.0,0.0,0.0,0.0,-78.0,0.0,0.0,0.0,0.0,0.0,0.0,0.0,0.0,0.0,0.0,0.0,0.0,0.0,0.0,0.0,-70.0,0.0,0.0,0.0,0.0,0.0,0.0,0.0,0.0,0.0,0.0,0.0,0.0,0.0,0.0,0.0,0.0,0.0,0.0,Sala profes
599,0.0,0.0,0.0,0.0,0.0,0.0,0.0,0.0,-66.0,-52.0,-86.0,0.0,0.0,0.0,0.0,-69.0,-71.0,-81.0,-81.0,0.0,0.0,0.0,0.0,0.0,-69.0,-66.0,-82.0,-82.0,0.0,0.0,0.0,0.0,-77.0,-76.0,-91.0,-91.0,0.0,0.0,0.0,0.0,0.0,0.0,0.0,0.0,0.0,0.0,0.0,0.0,0.0,0.0,0.0,0.0,0.0,0.0,0.0,0.0,0.0,0.0,0.0,0.0,0.0,0.0,0.0,0.0,0.0,0.0,-85.0,0.0,0.0,0.0,-68.0,0.0,0.0,0.0,0.0,-76.0,0.0,0.0,0.0,0.0,0.0,0.0,0.0,0.0,0.0,0.0,0.0,0.0,0.0,0.0,0.0,0.0,0.0,0.0,0.0,0.0,0.0,0.0,0.0,0.0,0.0,0.0,0.0,0.0,0.0,0.0,0.0,0.0,0.0,0.0,Sala profes
600,0.0,0.0,0.0,0.0,0.0,0.0,0.0,0.0,-67.0,-49.0,0.0,0.0,0.0,0.0,0.0,-70.0,-70.0,-80.0,-79.0,0.0,0.0,0.0,0.0,0.0,-68.0,0.0,-81.0,-82.0,0.0,0.0,0.0,0.0,-76.0,-76.0,-92.0,-91.0,-85.0,0.0,-94.0,-94.0,0.0,0.0,0.0,0.0,0.0,0.0,0.0,0.0,0.0,0.0,0.0,0.0,0.0,0.0,0.0,0.0,0.0,0.0,0.0,0.0,0.0,0.0,0.0,0.0,0.0,0.0,0.0,0.0,0.0,0.0,-72.0,-76.0,0.0,0.0,0.0,-76.0,0.0,0.0,0.0,0.0,0.0,0.0,0.0,0.0,0.0,0.0,0.0,0.0,0.0,0.0,0.0,0.0,0.0,0.0,0.0,0.0,0.0,0.0,0.0,0.0,0.0,0.0,0.0,0.0,0.0,0.0,0.0,0.0,0.0,0.0,Sala profes
601,0.0,0.0,0.0,0.0,0.0,0.0,0.0,0.0,-67.0,-49.0,0.0,0.0,0.0,0.0,0.0,-70.0,-70.0,-80.0,-79.0,0.0,0.0,0.0,0.0,0.0,-68.0,0.0,-81.0,-82.0,0.0,0.0,0.0,0.0,-76.0,-76.0,-92.0,-91.0,-85.0,0.0,-94.0,-94.0,0.0,0.0,0.0,0.0,0.0,0.0,0.0,0.0,0.0,0.0,0.0,0.0,0.0,0.0,0.0,0.0,0.0,0.0,0.0,0.0,0.0,0.0,0.0,0.0,0.0,0.0,0.0,0.0,0.0,0.0,-72.0,-76.0,0.0,0.0,0.0,-76.0,0.0,0.0,0.0,0.0,0.0,0.0,0.0,0.0,0.0,0.0,0.0,0.0,0.0,0.0,0.0,0.0,0.0,0.0,0.0,0.0,0.0,0.0,0.0,0.0,0.0,0.0,0.0,0.0,0.0,0.0,0.0,0.0,0.0,0.0,Sala profes
602,0.0,0.0,0.0,0.0,0.0,0.0,-96.0,-97.0,-66.0,-53.0,0.0,0.0,0.0,0.0,0.0,-71.0,-70.0,-81.0,-81.0,0.0,0.0,0.0,0.0,0.0,-69.0,-69.0,-82.0,-81.0,0.0,0.0,0.0,0.0,-76.0,0.0,-91.0,-91.0,0.0,0.0,0.0,0.0,0.0,0.0,0.0,0.0,0.0,0.0,0.0,0.0,0.0,0.0,0.0,0.0,0.0,0.0,0.0,0.0,0.0,0.0,0.0,0.0,0.0,0.0,0.0,0.0,0.0,0.0,0.0,0.0,0.0,0.0,0.0,-76.0,0.0,0.0,0.0,-76.0,0.0,0.0,0.0,0.0,0.0,0.0,0.0,0.0,0.0,0.0,0.0,0.0,0.0,0.0,0.0,-71.0,0.0,0.0,0.0,0.0,0.0,0.0,0.0,0.0,0.0,0.0,0.0,0.0,0.0,0.0,0.0,0.0,0.0,0.0,Sala profes
603,0.0,0.0,0.0,0.0,0.0,0.0,-96.0,-97.0,-66.0,-53.0,0.0,0.0,0.0,0.0,0.0,-71.0,-70.0,-81.0,-81.0,0.0,0.0,0.0,0.0,0.0,-69.0,-69.0,-82.0,-81.0,0.0,0.0,0.0,0.0,-76.0,0.0,-91.0,-91.0,0.0,0.0,0.0,0.0,0.0,0.0,0.0,0.0,0.0,0.0,0.0,0.0,0.0,0.0,0.0,0.0,0.0,0.0,0.0,0.0,0.0,0.0,0.0,0.0,0.0,0.0,0.0,0.0,0.0,0.0,0.0,0.0,0.0,0.0,0.0,-76.0,0.0,0.0,0.0,-76.0,0.0,0.0,0.0,0.0,0.0,0.0,0.0,0.0,0.0,0.0,0.0,0.0,0.0,0.0,0.0,-71.0,0.0,0.0,0.0,0.0,0.0,0.0,0.0,0.0,0.0,0.0,0.0,0.0,0.0,0.0,0.0,0.0,0.0,0.0,Sala profes
604,0.0,0.0,0.0,0.0,0.0,-82.0,0.0,0.0,-66.0,-51.0,0.0,0.0,0.0,0.0,0.0,-72.0,-72.0,-83.0,-83.0,0.0,0.0,0.0,0.0,0.0,-68.0,-66.0,-82.0,-82.0,0.0,0.0,0.0,0.0,-74.0,-75.0,-91.0,-91.0,-84.0,0.0,-94.0,-94.0,0.0,0.0,0.0,0.0,0.0,0.0,0.0,0.0,0.0,0.0,0.0,0.0,0.0,0.0,0.0,0.0,0.0,0.0,0.0,0.0,0.0,0.0,0.0,0.0,0.0,0.0,0.0,0.0,0.0,0.0,0.0,0.0,0.0,0.0,0.0,-76.0,0.0,0.0,0.0,0.0,0.0,0.0,0.0,0.0,0.0,0.0,0.0,0.0,0.0,0.0,0.0,-71.0,0.0,0.0,0.0,0.0,0.0,0.0,0.0,0.0,0.0,0.0,0.0,0.0,0.0,0.0,0.0,0.0,0.0,0.0,Sala profes
605,0.0,0.0,0.0,0.0,0.0,-82.0,0.0,0.0,-66.0,-51.0,0.0,0.0,0.0,0.0,0.0,-72.0,-72.0,-83.0,-83.0,0.0,0.0,0.0,0.0,0.0,-68.0,-66.0,-82.0,-82.0,0.0,0.0,0.0,0.0,-74.0,-75.0,-91.0,-91.0,-84.0,0.0,-94.0,-94.0,0.0,0.0,0.0,0.0,0.0,0.0,0.0,0.0,0.0,0.0,0.0,0.0,0.0,0.0,0.0,0.0,0.0,0.0,0.0,0.0,0.0,0.0,0.0,0.0,0.0,0.0,0.0,0.0,0.0,0.0,0.0,0.0,0.0,0.0,0.0,-76.0,0.0,0.0,0.0,0.0,0.0,0.0,0.0,0.0,0.0,0.0,0.0,0.0,0.0,0.0,0.0,-71.0,0.0,0.0,0.0,0.0,0.0,0.0,0.0,0.0,0.0,0.0,0.0,0.0,0.0,0.0,0.0,0.0,0.0,0.0,Sala profes
606,0.0,0.0,0.0,0.0,0.0,0.0,0.0,0.0,-83.0,-69.0,0.0,0.0,0.0,-97.0,0.0,-77.0,-77.0,0.0,0.0,0.0,-71.0,-72.0,-80.0,-80.0,0.0,0.0,0.0,0.0,0.0,0.0,0.0,0.0,0.0,0.0,0.0,0.0,0.0,0.0,0.0,0.0,0.0,0.0,0.0,0.0,0.0,-79.0,-89.0,-89.0,0.0,0.0,0.0,0.0,0.0,0.0,0.0,0.0,0.0,0.0,0.0,0.0,0.0,0.0,0.0,0.0,0.0,0.0,0.0,0.0,0.0,0.0,0.0,0.0,0.0,0.0,0.0,0.0,-80.0,0.0,0.0,0.0,0.0,0.0,0.0,0.0,0.0,0.0,-88.0,-79.0,-88.0,-79.0,0.0,0.0,-69.0,0.0,0.0,0.0,0.0,0.0,0.0,0.0,0.0,0.0,0.0,0.0,0.0,0.0,-89.0,0.0,0.0,0.0,SalaVisitas
607,0.0,0.0,0.0,0.0,0.0,0.0,0.0,0.0,-84.0,-72.0,0.0,0.0,0.0,0.0,0.0,-75.0,-75.0,0.0,0.0,0.0,-70.0,-70.0,-80.0,-80.0,0.0,0.0,0.0,0.0,0.0,0.0,0.0,0.0,0.0,0.0,0.0,0.0,0.0,-80.0,0.0,0.0,0.0,0.0,0.0,0.0,-79.0,-79.0,-88.0,0.0,0.0,0.0,0.0,0.0,0.0,0.0,0.0,0.0,0.0,0.0,0.0,0.0,0.0,0.0,0.0,0.0,0.0,0.0,0.0,0.0,0.0,0.0,0.0,0.0,0.0,0.0,0.0,0.0,0.0,0.0,-74.0,0.0,0.0,0.0,0.0,0.0,0.0,-79.0,-80.0,-80.0,-80.0,-80.0,-80.0,0.0,-61.0,0.0,0.0,0.0,0.0,0.0,0.0,0.0,0.0,0.0,0.0,0.0,0.0,0.0,-89.0,0.0,0.0,0.0,SalaVisitas
608,0.0,0.0,0.0,0.0,0.0,0.0,0.0,0.0,-84.0,-69.0,0.0,0.0,0.0,0.0,0.0,-74.0,-75.0,0.0,0.0,0.0,-72.0,0.0,-81.0,-80.0,0.0,0.0,0.0,0.0,0.0,0.0,0.0,0.0,0.0,0.0,0.0,0.0,0.0,0.0,0.0,0.0,0.0,0.0,0.0,0.0,-79.0,0.0,-90.0,-89.0,0.0,0.0,0.0,0.0,0.0,0.0,0.0,0.0,0.0,0.0,0.0,0.0,0.0,0.0,0.0,0.0,0.0,0.0,0.0,0.0,0.0,-89.0,0.0,0.0,0.0,0.0,0.0,0.0,-80.0,0.0,-75.0,0.0,0.0,0.0,0.0,0.0,0.0,0.0,0.0,-79.0,0.0,-79.0,0.0,0.0,-59.0,0.0,0.0,0.0,0.0,0.0,0.0,0.0,0.0,0.0,-71.0,0.0,0.0,0.0,-91.0,0.0,0.0,0.0,SalaVisitas
609,0.0,0.0,0.0,0.0,0.0,0.0,0.0,0.0,-84.0,-68.0,0.0,0.0,0.0,0.0,0.0,0.0,-75.0,0.0,0.0,0.0,-72.0,-71.0,-78.0,-78.0,0.0,0.0,0.0,0.0,0.0,0.0,0.0,0.0,0.0,0.0,0.0,0.0,-80.0,-79.0,0.0,0.0,0.0,0.0,0.0,0.0,0.0,0.0,-89.0,-89.0,0.0,0.0,0.0,0.0,0.0,0.0,0.0,0.0,0.0,0.0,0.0,0.0,0.0,0.0,0.0,0.0,0.0,0.0,0.0,0.0,0.0,0.0,0.0,0.0,0.0,0.0,0.0,0.0,-80.0,0.0,-77.0,0.0,0.0,0.0,0.0,0.0,0.0,0.0,0.0,-80.0,0.0,-79.0,0.0,0.0,-59.0,0.0,0.0,0.0,0.0,0.0,0.0,0.0,0.0,0.0,0.0,0.0,0.0,0.0,-87.0,0.0,0.0,0.0,SalaVisitas
610,0.0,0.0,0.0,0.0,0.0,0.0,0.0,0.0,-84.0,-71.0,0.0,0.0,0.0,0.0,0.0,-75.0,-75.0,0.0,0.0,0.0,-71.0,0.0,-78.0,-78.0,0.0,0.0,0.0,0.0,0.0,0.0,0.0,0.0,0.0,0.0,0.0,0.0,-79.0,-79.0,0.0,0.0,0.0,0.0,0.0,0.0,0.0,0.0,-89.0,-90.0,0.0,0.0,0.0,0.0,0.0,0.0,0.0,0.0,0.0,0.0,0.0,0.0,0.0,0.0,0.0,0.0,0.0,0.0,0.0,0.0,0.0,0.0,0.0,0.0,0.0,0.0,0.0,0.0,0.0,0.0,0.0,0.0,0.0,0.0,0.0,0.0,0.0,-79.0,0.0,-79.0,0.0,-79.0,-79.0,0.0,-59.0,0.0,0.0,0.0,0.0,0.0,0.0,0.0,0.0,0.0,-70.0,0.0,0.0,0.0,-86.0,0.0,0.0,0.0,SalaVisitas
611,0.0,0.0,0.0,0.0,0.0,0.0,0.0,0.0,-85.0,-71.0,0.0,0.0,0.0,0.0,0.0,0.0,0.0,0.0,0.0,0.0,-71.0,-71.0,-79.0,-80.0,0.0,0.0,0.0,0.0,0.0,0.0,0.0,0.0,0.0,0.0,0.0,0.0,-79.0,-80.0,0.0,0.0,0.0,0.0,0.0,0.0,0.0,-78.0,-89.0,-91.0,0.0,0.0,0.0,0.0,0.0,0.0,0.0,0.0,0.0,0.0,0.0,0.0,0.0,0.0,0.0,0.0,0.0,0.0,0.0,0.0,0.0,0.0,0.0,0.0,0.0,0.0,0.0,0.0,0.0,0.0,0.0,0.0,0.0,0.0,0.0,0.0,0.0,0.0,0.0,-79.0,0.0,-79.0,0.0,0.0,-60.0,0.0,0.0,0.0,0.0,0.0,0.0,0.0,0.0,0.0,0.0,0.0,0.0,0.0,-87.0,0.0,0.0,0.0,SalaVisitas
612,0.0,0.0,0.0,0.0,0.0,0.0,0.0,0.0,-84.0,-68.0,0.0,0.0,0.0,0.0,0.0,-73.0,-73.0,0.0,0.0,0.0,0.0,-72.0,-80.0,-80.0,0.0,0.0,0.0,0.0,0.0,0.0,0.0,0.0,0.0,0.0,0.0,0.0,-80.0,0.0,0.0,-94.0,0.0,0.0,0.0,0.0,0.0,-78.0,-87.0,-89.0,0.0,0.0,0.0,0.0,0.0,0.0,0.0,0.0,0.0,0.0,0.0,0.0,0.0,0.0,0.0,0.0,0.0,0.0,0.0,0.0,0.0,0.0,0.0,0.0,0.0,0.0,0.0,0.0,-80.0,0.0,0.0,0.0,0.0,0.0,0.0,0.0,0.0,0.0,0.0,-80.0,0.0,-80.0,0.0,0.0,-59.0,0.0,0.0,0.0,0.0,0.0,0.0,0.0,0.0,0.0,-70.0,0.0,0.0,0.0,-88.0,0.0,0.0,0.0,SalaVisitas
613,0.0,0.0,0.0,0.0,0.0,0.0,0.0,0.0,-84.0,-70.0,0.0,0.0,0.0,0.0,0.0,-75.0,-74.0,0.0,0.0,0.0,-70.0,-71.0,-81.0,-81.0,0.0,0.0,0.0,0.0,0.0,0.0,0.0,0.0,0.0,0.0,0.0,0.0,-79.0,-80.0,-94.0,0.0,0.0,0.0,0.0,0.0,-78.0,-78.0,-89.0,-90.0,0.0,0.0,0.0,0.0,0.0,0.0,0.0,0.0,0.0,0.0,0.0,0.0,0.0,0.0,0.0,0.0,0.0,0.0,0.0,0.0,0.0,0.0,-83.0,0.0,0.0,-87.0,-87.0,0.0,0.0,0.0,0.0,0.0,0.0,0.0,0.0,0.0,0.0,0.0,0.0,-80.0,0.0,-80.0,0.0,0.0,-62.0,0.0,0.0,0.0,0.0,0.0,0.0,0.0,0.0,0.0,-70.0,0.0,0.0,0.0,-91.0,0.0,0.0,0.0,SalaVisitas
614,0.0,0.0,0.0,0.0,0.0,0.0,0.0,0.0,-84.0,-69.0,0.0,0.0,0.0,0.0,0.0,-74.0,-73.0,0.0,0.0,0.0,-70.0,-70.0,-79.0,-79.0,0.0,0.0,0.0,0.0,0.0,0.0,0.0,0.0,0.0,0.0,0.0,0.0,-80.0,-80.0,0.0,0.0,0.0,0.0,0.0,0.0,-76.0,-76.0,-88.0,-88.0,0.0,0.0,0.0,0.0,0.0,0.0,0.0,0.0,0.0,0.0,0.0,0.0,0.0,0.0,0.0,0.0,0.0,0.0,0.0,0.0,0.0,0.0,0.0,0.0,0.0,-85.0,0.0,0.0,0.0,0.0,0.0,0.0,0.0,0.0,0.0,0.0,0.0,0.0,-80.0,0.0,-81.0,0.0,0.0,0.0,-63.0,0.0,0.0,0.0,0.0,0.0,0.0,0.0,0.0,0.0,0.0,-85.0,0.0,0.0,-89.0,0.0,0.0,0.0,SalaVisitas
615,0.0,0.0,0.0,0.0,0.0,0.0,0.0,0.0,-84.0,-69.0,0.0,0.0,0.0,0.0,0.0,-74.0,-74.0,0.0,0.0,0.0,-68.0,-69.0,-80.0,-80.0,0.0,0.0,0.0,0.0,0.0,0.0,0.0,0.0,0.0,0.0,0.0,0.0,0.0,0.0,-92.0,-92.0,0.0,0.0,0.0,0.0,-77.0,-77.0,-89.0,-89.0,0.0,0.0,0.0,0.0,0.0,0.0,0.0,0.0,0.0,0.0,0.0,0.0,0.0,0.0,0.0,0.0,0.0,0.0,0.0,0.0,0.0,0.0,0.0,0.0,0.0,0.0,0.0,0.0,-80.0,0.0,-75.0,0.0,0.0,0.0,0.0,0.0,0.0,-80.0,-81.0,-80.0,-80.0,-80.0,-80.0,0.0,-65.0,0.0,0.0,0.0,0.0,0.0,0.0,0.0,0.0,0.0,0.0,0.0,0.0,0.0,-87.0,0.0,0.0,0.0,SalaVisitas
616,0.0,0.0,0.0,0.0,0.0,0.0,0.0,0.0,-83.0,-69.0,0.0,0.0,0.0,0.0,0.0,-73.0,-74.0,0.0,0.0,0.0,-69.0,0.0,-80.0,-81.0,0.0,0.0,0.0,0.0,0.0,0.0,0.0,0.0,0.0,0.0,0.0,0.0,-80.0,-79.0,-91.0,-92.0,0.0,0.0,0.0,0.0,-77.0,0.0,-91.0,-91.0,0.0,0.0,0.0,0.0,0.0,0.0,0.0,0.0,0.0,0.0,0.0,0.0,0.0,0.0,0.0,0.0,0.0,0.0,0.0,0.0,0.0,0.0,-86.0,0.0,0.0,-89.0,-89.0,0.0,0.0,0.0,0.0,0.0,0.0,0.0,0.0,0.0,0.0,0.0,0.0,-79.0,0.0,-80.0,0.0,0.0,-68.0,0.0,0.0,0.0,0.0,0.0,0.0,0.0,0.0,0.0,-71.0,-89.0,0.0,0.0,-90.0,0.0,0.0,0.0,SalaVisitas
617,0.0,0.0,0.0,0.0,0.0,0.0,0.0,0.0,-85.0,-69.0,0.0,0.0,0.0,0.0,0.0,-73.0,-74.0,0.0,0.0,0.0,0.0,-69.0,-80.0,-80.0,0.0,0.0,0.0,0.0,0.0,0.0,0.0,0.0,0.0,0.0,0.0,0.0,0.0,0.0,-92.0,-93.0,0.0,0.0,0.0,0.0,0.0,0.0,-91.0,-91.0,0.0,0.0,0.0,0.0,0.0,0.0,0.0,0.0,0.0,0.0,0.0,0.0,0.0,0.0,0.0,0.0,0.0,0.0,0.0,0.0,0.0,0.0,-85.0,0.0,0.0,-86.0,-85.0,0.0,-80.0,0.0,0.0,0.0,0.0,0.0,0.0,0.0,0.0,0.0,0.0,-79.0,0.0,-79.0,0.0,0.0,-68.0,0.0,0.0,0.0,0.0,0.0,0.0,0.0,0.0,0.0,0.0,-86.0,0.0,0.0,-89.0,0.0,0.0,0.0,SalaVisitas
618,0.0,0.0,0.0,0.0,0.0,0.0,0.0,0.0,-85.0,-69.0,0.0,0.0,0.0,0.0,0.0,-73.0,-73.0,0.0,0.0,0.0,-71.0,-71.0,-79.0,-79.0,0.0,0.0,0.0,0.0,0.0,0.0,0.0,0.0,0.0,0.0,0.0,0.0,0.0,0.0,-92.0,-91.0,0.0,0.0,0.0,0.0,-74.0,-73.0,-91.0,-89.0,0.0,0.0,0.0,0.0,0.0,0.0,0.0,0.0,0.0,0.0,0.0,0.0,0.0,0.0,0.0,0.0,0.0,0.0,0.0,0.0,0.0,-91.0,0.0,0.0,0.0,-89.0,-89.0,0.0,-78.0,0.0,-74.0,0.0,0.0,0.0,0.0,0.0,0.0,0.0,0.0,-79.0,0.0,-79.0,0.0,0.0,-66.0,0.0,0.0,0.0,0.0,0.0,0.0,0.0,0.0,0.0,0.0,-89.0,0.0,0.0,-91.0,0.0,0.0,0.0,SalaVisitas
619,0.0,0.0,0.0,0.0,0.0,0.0,0.0,0.0,-82.0,-69.0,0.0,0.0,0.0,0.0,0.0,-74.0,-75.0,0.0,0.0,0.0,-70.0,-71.0,-80.0,-80.0,0.0,0.0,0.0,0.0,0.0,0.0,0.0,0.0,0.0,0.0,0.0,0.0,-79.0,0.0,-91.0,-91.0,0.0,0.0,0.0,0.0,-74.0,-75.0,-89.0,-89.0,0.0,0.0,0.0,0.0,0.0,0.0,0.0,0.0,0.0,0.0,0.0,0.0,0.0,0.0,0.0,0.0,0.0,0.0,0.0,0.0,0.0,0.0,0.0,0.0,0.0,0.0,0.0,0.0,-92.0,0.0,-75.0,0.0,0.0,0.0,0.0,0.0,0.0,0.0,0.0,-81.0,0.0,-81.0,-81.0,0.0,-65.0,0.0,0.0,0.0,0.0,0.0,0.0,0.0,0.0,0.0,0.0,0.0,0.0,0.0,-91.0,0.0,0.0,0.0,SalaVisitas
620,0.0,0.0,0.0,0.0,0.0,0.0,0.0,0.0,-85.0,-69.0,0.0,0.0,0.0,0.0,0.0,-74.0,-74.0,0.0,0.0,0.0,-68.0,-68.0,-79.0,-80.0,0.0,0.0,0.0,0.0,0.0,0.0,0.0,0.0,0.0,0.0,0.0,0.0,0.0,-79.0,-91.0,-91.0,0.0,0.0,0.0,0.0,-73.0,-73.0,-89.0,-89.0,0.0,0.0,0.0,0.0,0.0,0.0,0.0,0.0,0.0,0.0,0.0,0.0,0.0,0.0,0.0,0.0,0.0,0.0,0.0,0.0,0.0,0.0,-84.0,0.0,0.0,0.0,0.0,0.0,0.0,0.0,0.0,0.0,0.0,0.0,0.0,0.0,0.0,-81.0,0.0,-81.0,0.0,-81.0,-81.0,0.0,-66.0,0.0,0.0,0.0,0.0,0.0,0.0,0.0,0.0,0.0,0.0,0.0,0.0,0.0,-92.0,0.0,0.0,0.0,SalaVisitas
621,0.0,0.0,0.0,0.0,0.0,0.0,0.0,0.0,-85.0,-70.0,0.0,0.0,0.0,0.0,-94.0,0.0,-74.0,0.0,0.0,0.0,-68.0,-68.0,-79.0,-79.0,0.0,0.0,0.0,0.0,0.0,0.0,0.0,0.0,0.0,0.0,0.0,0.0,-80.0,-80.0,-94.0,-92.0,0.0,0.0,0.0,0.0,-74.0,-73.0,-91.0,-90.0,0.0,0.0,0.0,0.0,0.0,0.0,0.0,0.0,0.0,0.0,0.0,0.0,0.0,0.0,0.0,0.0,0.0,0.0,0.0,0.0,0.0,-88.0,0.0,0.0,0.0,0.0,0.0,0.0,0.0,0.0,-76.0,0.0,0.0,0.0,0.0,0.0,0.0,-81.0,0.0,-81.0,0.0,-81.0,-81.0,0.0,-64.0,0.0,0.0,0.0,0.0,0.0,0.0,0.0,0.0,0.0,0.0,0.0,0.0,0.0,-92.0,0.0,0.0,0.0,SalaVisitas
622,0.0,0.0,0.0,0.0,0.0,0.0,0.0,0.0,-84.0,-69.0,0.0,0.0,0.0,0.0,0.0,0.0,-73.0,0.0,0.0,0.0,0.0,0.0,-79.0,-79.0,0.0,0.0,0.0,0.0,0.0,0.0,0.0,0.0,0.0,0.0,0.0,0.0,-80.0,-80.0,-91.0,-92.0,0.0,0.0,0.0,0.0,0.0,-73.0,-89.0,-89.0,0.0,0.0,0.0,0.0,0.0,0.0,0.0,0.0,0.0,0.0,0.0,0.0,0.0,0.0,0.0,0.0,0.0,0.0,0.0,0.0,0.0,0.0,0.0,0.0,0.0,0.0,-90.0,0.0,-81.0,-91.0,0.0,0.0,0.0,0.0,0.0,0.0,0.0,0.0,0.0,-81.0,0.0,-81.0,0.0,0.0,-68.0,0.0,0.0,0.0,0.0,0.0,0.0,0.0,0.0,0.0,-69.0,0.0,0.0,0.0,-88.0,0.0,0.0,0.0,SalaVisitas
623,0.0,0.0,0.0,0.0,0.0,0.0,0.0,0.0,-82.0,-69.0,0.0,0.0,0.0,-94.0,0.0,-74.0,-75.0,0.0,0.0,0.0,0.0,-69.0,-80.0,-79.0,0.0,0.0,0.0,0.0,0.0,0.0,0.0,0.0,0.0,0.0,0.0,0.0,0.0,0.0,-91.0,-91.0,0.0,0.0,0.0,0.0,-74.0,0.0,-91.0,-90.0,0.0,0.0,0.0,0.0,0.0,0.0,0.0,0.0,0.0,0.0,0.0,0.0,0.0,0.0,0.0,0.0,0.0,0.0,0.0,0.0,0.0,0.0,-82.0,0.0,0.0,-84.0,-84.0,0.0,0.0,0.0,-76.0,0.0,0.0,0.0,0.0,0.0,0.0,0.0,0.0,0.0,0.0,0.0,0.0,0.0,-69.0,0.0,0.0,0.0,0.0,0.0,0.0,0.0,0.0,0.0,-70.0,-84.0,0.0,0.0,-89.0,0.0,0.0,0.0,SalaVisitas
624,0.0,0.0,0.0,0.0,0.0,0.0,0.0,0.0,-83.0,0.0,0.0,0.0,0.0,0.0,0.0,0.0,0.0,0.0,0.0,0.0,-68.0,-69.0,-79.0,-79.0,0.0,0.0,0.0,0.0,0.0,0.0,0.0,0.0,0.0,0.0,0.0,0.0,-79.0,0.0,-89.0,-89.0,0.0,0.0,0.0,0.0,-73.0,-73.0,-89.0,-89.0,0.0,0.0,0.0,0.0,0.0,0.0,0.0,0.0,0.0,0.0,0.0,0.0,0.0,0.0,0.0,0.0,0.0,0.0,0.0,0.0,0.0,0.0,0.0,0.0,0.0,0.0,0.0,0.0,-79.0,0.0,0.0,0.0,0.0,0.0,0.0,0.0,0.0,0.0,0.0,0.0,0.0,0.0,0.0,0.0,-67.0,0.0,0.0,0.0,0.0,0.0,0.0,0.0,0.0,0.0,0.0,0.0,0.0,0.0,-91.0,0.0,0.0,0.0,SalaVisitas
625,0.0,0.0,0.0,0.0,0.0,0.0,0.0,0.0,-84.0,-68.0,0.0,0.0,0.0,0.0,-91.0,-74.0,-75.0,0.0,0.0,0.0,-69.0,-70.0,-79.0,-79.0,0.0,0.0,0.0,0.0,0.0,0.0,0.0,0.0,0.0,0.0,0.0,0.0,0.0,0.0,0.0,0.0,0.0,0.0,0.0,0.0,-73.0,-73.0,-89.0,-89.0,0.0,0.0,0.0,0.0,0.0,0.0,0.0,0.0,0.0,0.0,0.0,0.0,0.0,0.0,0.0,0.0,0.0,0.0,0.0,0.0,0.0,-89.0,0.0,0.0,0.0,0.0,0.0,0.0,0.0,0.0,0.0,0.0,0.0,0.0,0.0,0.0,0.0,-81.0,0.0,-81.0,0.0,-81.0,-81.0,0.0,-67.0,0.0,0.0,0.0,0.0,0.0,0.0,0.0,0.0,0.0,0.0,0.0,0.0,0.0,-94.0,0.0,0.0,0.0,SalaVisitas
626,0.0,0.0,0.0,0.0,0.0,0.0,0.0,0.0,-84.0,-68.0,0.0,0.0,0.0,0.0,0.0,0.0,-75.0,0.0,0.0,0.0,-71.0,-70.0,-79.0,-79.0,0.0,0.0,0.0,0.0,0.0,0.0,0.0,0.0,0.0,0.0,0.0,0.0,0.0,0.0,-92.0,0.0,0.0,0.0,0.0,0.0,-73.0,-73.0,-90.0,-89.0,0.0,0.0,0.0,0.0,0.0,0.0,0.0,0.0,0.0,0.0,0.0,0.0,0.0,0.0,0.0,0.0,0.0,0.0,0.0,0.0,0.0,0.0,0.0,0.0,0.0,0.0,0.0,0.0,-80.0,-92.0,-75.0,0.0,0.0,0.0,0.0,0.0,0.0,-80.0,0.0,-80.0,0.0,-79.0,-80.0,0.0,-64.0,0.0,0.0,0.0,0.0,0.0,0.0,0.0,0.0,0.0,0.0,0.0,0.0,0.0,0.0,0.0,0.0,0.0,SalaVisitas
627,0.0,0.0,0.0,0.0,0.0,0.0,0.0,0.0,-83.0,-68.0,0.0,0.0,0.0,0.0,0.0,0.0,0.0,0.0,0.0,0.0,-71.0,-70.0,-80.0,-80.0,0.0,0.0,0.0,0.0,0.0,0.0,0.0,0.0,0.0,0.0,0.0,0.0,0.0,0.0,0.0,0.0,0.0,0.0,0.0,0.0,-75.0,-75.0,-88.0,-89.0,0.0,0.0,0.0,0.0,0.0,0.0,0.0,0.0,0.0,0.0,0.0,0.0,0.0,0.0,0.0,0.0,0.0,0.0,0.0,0.0,0.0,0.0,0.0,0.0,0.0,0.0,0.0,0.0,-80.0,0.0,0.0,0.0,0.0,0.0,0.0,0.0,0.0,-81.0,-82.0,-81.0,-83.0,-81.0,-81.0,0.0,-68.0,0.0,0.0,0.0,0.0,0.0,0.0,0.0,0.0,0.0,0.0,0.0,0.0,0.0,-91.0,0.0,0.0,0.0,SalaVisitas
628,0.0,0.0,0.0,0.0,0.0,0.0,0.0,0.0,-82.0,-65.0,0.0,0.0,0.0,0.0,0.0,-74.0,0.0,-94.0,-96.0,0.0,-67.0,-67.0,-79.0,-79.0,0.0,0.0,0.0,0.0,0.0,0.0,0.0,0.0,0.0,0.0,0.0,0.0,0.0,0.0,-88.0,-88.0,0.0,0.0,0.0,0.0,0.0,-73.0,-91.0,-91.0,0.0,0.0,0.0,0.0,0.0,0.0,0.0,0.0,0.0,0.0,0.0,0.0,0.0,0.0,0.0,0.0,0.0,0.0,0.0,0.0,0.0,-88.0,0.0,0.0,0.0,0.0,0.0,0.0,-82.0,-89.0,0.0,0.0,0.0,0.0,0.0,0.0,0.0,0.0,0.0,-80.0,0.0,-80.0,0.0,0.0,-68.0,0.0,0.0,0.0,0.0,0.0,0.0,0.0,-90.0,0.0,-70.0,0.0,0.0,0.0,-94.0,0.0,0.0,0.0,SalaVisitas
629,0.0,0.0,0.0,0.0,0.0,0.0,0.0,0.0,-83.0,-69.0,0.0,0.0,0.0,-97.0,0.0,-77.0,-77.0,0.0,0.0,0.0,-71.0,-72.0,-80.0,-80.0,0.0,0.0,0.0,0.0,0.0,0.0,0.0,0.0,0.0,0.0,0.0,0.0,0.0,0.0,0.0,0.0,0.0,0.0,0.0,0.0,0.0,-79.0,-89.0,-89.0,0.0,0.0,0.0,0.0,0.0,0.0,0.0,0.0,0.0,0.0,0.0,0.0,0.0,0.0,0.0,0.0,0.0,0.0,0.0,0.0,0.0,0.0,0.0,0.0,0.0,0.0,0.0,0.0,-80.0,0.0,0.0,0.0,0.0,0.0,0.0,0.0,0.0,0.0,-88.0,-79.0,-88.0,-79.0,0.0,0.0,-69.0,0.0,0.0,0.0,0.0,0.0,0.0,0.0,0.0,0.0,0.0,0.0,0.0,0.0,-89.0,0.0,0.0,0.0,SalaVisitas
630,0.0,0.0,0.0,0.0,0.0,0.0,0.0,0.0,-84.0,-72.0,0.0,0.0,0.0,0.0,0.0,-75.0,-75.0,0.0,0.0,0.0,-70.0,-70.0,-80.0,-80.0,0.0,0.0,0.0,0.0,0.0,0.0,0.0,0.0,0.0,0.0,0.0,0.0,0.0,-80.0,0.0,0.0,0.0,0.0,0.0,0.0,-79.0,-79.0,-88.0,0.0,0.0,0.0,0.0,0.0,0.0,0.0,0.0,0.0,0.0,0.0,0.0,0.0,0.0,0.0,0.0,0.0,0.0,0.0,0.0,0.0,0.0,0.0,0.0,0.0,0.0,0.0,0.0,0.0,0.0,0.0,-74.0,0.0,0.0,0.0,0.0,0.0,0.0,-79.0,-80.0,-80.0,-80.0,-80.0,-80.0,0.0,-61.0,0.0,0.0,0.0,0.0,0.0,0.0,0.0,0.0,0.0,0.0,0.0,0.0,0.0,-89.0,0.0,0.0,0.0,SalaVisitas
631,0.0,0.0,0.0,0.0,0.0,0.0,0.0,0.0,-84.0,-69.0,0.0,0.0,0.0,0.0,0.0,-74.0,-75.0,0.0,0.0,0.0,-72.0,0.0,-81.0,-80.0,0.0,0.0,0.0,0.0,0.0,0.0,0.0,0.0,0.0,0.0,0.0,0.0,0.0,0.0,0.0,0.0,0.0,0.0,0.0,0.0,-79.0,0.0,-90.0,-89.0,0.0,0.0,0.0,0.0,0.0,0.0,0.0,0.0,0.0,0.0,0.0,0.0,0.0,0.0,0.0,0.0,0.0,0.0,0.0,0.0,0.0,-89.0,0.0,0.0,0.0,0.0,0.0,0.0,-80.0,0.0,-75.0,0.0,0.0,0.0,0.0,0.0,0.0,0.0,0.0,-79.0,0.0,-79.0,0.0,0.0,-59.0,0.0,0.0,0.0,0.0,0.0,0.0,0.0,0.0,0.0,-71.0,0.0,0.0,0.0,-91.0,0.0,0.0,0.0,SalaVisitas
632,0.0,0.0,0.0,0.0,0.0,0.0,0.0,0.0,-84.0,-68.0,0.0,0.0,0.0,0.0,0.0,0.0,-75.0,0.0,0.0,0.0,-72.0,-71.0,-78.0,-78.0,0.0,0.0,0.0,0.0,0.0,0.0,0.0,0.0,0.0,0.0,0.0,0.0,-80.0,-79.0,0.0,0.0,0.0,0.0,0.0,0.0,0.0,0.0,-89.0,-89.0,0.0,0.0,0.0,0.0,0.0,0.0,0.0,0.0,0.0,0.0,0.0,0.0,0.0,0.0,0.0,0.0,0.0,0.0,0.0,0.0,0.0,0.0,0.0,0.0,0.0,0.0,0.0,0.0,-80.0,0.0,-77.0,0.0,0.0,0.0,0.0,0.0,0.0,0.0,0.0,-80.0,0.0,-79.0,0.0,0.0,-59.0,0.0,0.0,0.0,0.0,0.0,0.0,0.0,0.0,0.0,0.0,0.0,0.0,0.0,-87.0,0.0,0.0,0.0,SalaVisitas
633,0.0,0.0,0.0,0.0,0.0,0.0,0.0,0.0,-84.0,-71.0,0.0,0.0,0.0,0.0,0.0,-75.0,-75.0,0.0,0.0,0.0,-71.0,0.0,-78.0,-78.0,0.0,0.0,0.0,0.0,0.0,0.0,0.0,0.0,0.0,0.0,0.0,0.0,-79.0,-79.0,0.0,0.0,0.0,0.0,0.0,0.0,0.0,0.0,-89.0,-90.0,0.0,0.0,0.0,0.0,0.0,0.0,0.0,0.0,0.0,0.0,0.0,0.0,0.0,0.0,0.0,0.0,0.0,0.0,0.0,0.0,0.0,0.0,0.0,0.0,0.0,0.0,0.0,0.0,0.0,0.0,0.0,0.0,0.0,0.0,0.0,0.0,0.0,-79.0,0.0,-79.0,0.0,-79.0,-79.0,0.0,-59.0,0.0,0.0,0.0,0.0,0.0,0.0,0.0,0.0,0.0,-70.0,0.0,0.0,0.0,-86.0,0.0,0.0,0.0,SalaVisitas
634,0.0,0.0,0.0,0.0,0.0,0.0,0.0,0.0,-85.0,-71.0,0.0,0.0,0.0,0.0,0.0,0.0,0.0,0.0,0.0,0.0,-71.0,-71.0,-79.0,-80.0,0.0,0.0,0.0,0.0,0.0,0.0,0.0,0.0,0.0,0.0,0.0,0.0,-79.0,-80.0,0.0,0.0,0.0,0.0,0.0,0.0,0.0,-78.0,-89.0,-91.0,0.0,0.0,0.0,0.0,0.0,0.0,0.0,0.0,0.0,0.0,0.0,0.0,0.0,0.0,0.0,0.0,0.0,0.0,0.0,0.0,0.0,0.0,0.0,0.0,0.0,0.0,0.0,0.0,0.0,0.0,0.0,0.0,0.0,0.0,0.0,0.0,0.0,0.0,0.0,-79.0,0.0,-79.0,0.0,0.0,-60.0,0.0,0.0,0.0,0.0,0.0,0.0,0.0,0.0,0.0,0.0,0.0,0.0,0.0,-87.0,0.0,0.0,0.0,SalaVisitas
635,0.0,0.0,0.0,0.0,0.0,0.0,0.0,0.0,-84.0,-68.0,0.0,0.0,0.0,0.0,0.0,-73.0,-73.0,0.0,0.0,0.0,0.0,-72.0,-80.0,-80.0,0.0,0.0,0.0,0.0,0.0,0.0,0.0,0.0,0.0,0.0,0.0,0.0,-80.0,0.0,0.0,-94.0,0.0,0.0,0.0,0.0,0.0,-78.0,-87.0,-89.0,0.0,0.0,0.0,0.0,0.0,0.0,0.0,0.0,0.0,0.0,0.0,0.0,0.0,0.0,0.0,0.0,0.0,0.0,0.0,0.0,0.0,0.0,0.0,0.0,0.0,0.0,0.0,0.0,-80.0,0.0,0.0,0.0,0.0,0.0,0.0,0.0,0.0,0.0,0.0,-80.0,0.0,-80.0,0.0,0.0,-59.0,0.0,0.0,0.0,0.0,0.0,0.0,0.0,0.0,0.0,-70.0,0.0,0.0,0.0,-88.0,0.0,0.0,0.0,SalaVisitas
636,0.0,0.0,0.0,0.0,0.0,0.0,0.0,0.0,-84.0,-70.0,0.0,0.0,0.0,0.0,0.0,-75.0,-74.0,0.0,0.0,0.0,-70.0,-71.0,-81.0,-81.0,0.0,0.0,0.0,0.0,0.0,0.0,0.0,0.0,0.0,0.0,0.0,0.0,-79.0,-80.0,-94.0,0.0,0.0,0.0,0.0,0.0,-78.0,-78.0,-89.0,-90.0,0.0,0.0,0.0,0.0,0.0,0.0,0.0,0.0,0.0,0.0,0.0,0.0,0.0,0.0,0.0,0.0,0.0,0.0,0.0,0.0,0.0,0.0,-83.0,0.0,0.0,-87.0,-87.0,0.0,0.0,0.0,0.0,0.0,0.0,0.0,0.0,0.0,0.0,0.0,0.0,-80.0,0.0,-80.0,0.0,0.0,-62.0,0.0,0.0,0.0,0.0,0.0,0.0,0.0,0.0,0.0,-70.0,0.0,0.0,0.0,-91.0,0.0,0.0,0.0,SalaVisitas
637,0.0,0.0,0.0,0.0,0.0,0.0,0.0,0.0,-84.0,-69.0,0.0,0.0,0.0,0.0,0.0,-74.0,-73.0,0.0,0.0,0.0,-70.0,-70.0,-79.0,-79.0,0.0,0.0,0.0,0.0,0.0,0.0,0.0,0.0,0.0,0.0,0.0,0.0,-80.0,-80.0,0.0,0.0,0.0,0.0,0.0,0.0,-76.0,-76.0,-88.0,-88.0,0.0,0.0,0.0,0.0,0.0,0.0,0.0,0.0,0.0,0.0,0.0,0.0,0.0,0.0,0.0,0.0,0.0,0.0,0.0,0.0,0.0,0.0,0.0,0.0,0.0,-85.0,0.0,0.0,0.0,0.0,0.0,0.0,0.0,0.0,0.0,0.0,0.0,0.0,-80.0,0.0,-81.0,0.0,0.0,0.0,-63.0,0.0,0.0,0.0,0.0,0.0,0.0,0.0,0.0,0.0,0.0,-85.0,0.0,0.0,-89.0,0.0,0.0,0.0,SalaVisitas
638,0.0,0.0,0.0,0.0,0.0,0.0,0.0,0.0,-84.0,-69.0,0.0,0.0,0.0,0.0,0.0,-74.0,-74.0,0.0,0.0,0.0,-68.0,-69.0,-80.0,-80.0,0.0,0.0,0.0,0.0,0.0,0.0,0.0,0.0,0.0,0.0,0.0,0.0,0.0,0.0,-92.0,-92.0,0.0,0.0,0.0,0.0,-77.0,-77.0,-89.0,-89.0,0.0,0.0,0.0,0.0,0.0,0.0,0.0,0.0,0.0,0.0,0.0,0.0,0.0,0.0,0.0,0.0,0.0,0.0,0.0,0.0,0.0,0.0,0.0,0.0,0.0,0.0,0.0,0.0,-80.0,0.0,-75.0,0.0,0.0,0.0,0.0,0.0,0.0,-80.0,-81.0,-80.0,-80.0,-80.0,-80.0,0.0,-65.0,0.0,0.0,0.0,0.0,0.0,0.0,0.0,0.0,0.0,0.0,0.0,0.0,0.0,-87.0,0.0,0.0,0.0,SalaVisitas
639,0.0,0.0,0.0,0.0,0.0,0.0,0.0,0.0,-83.0,-69.0,0.0,0.0,0.0,0.0,0.0,-73.0,-74.0,0.0,0.0,0.0,-69.0,0.0,-80.0,-81.0,0.0,0.0,0.0,0.0,0.0,0.0,0.0,0.0,0.0,0.0,0.0,0.0,-80.0,-79.0,-91.0,-92.0,0.0,0.0,0.0,0.0,-77.0,0.0,-91.0,-91.0,0.0,0.0,0.0,0.0,0.0,0.0,0.0,0.0,0.0,0.0,0.0,0.0,0.0,0.0,0.0,0.0,0.0,0.0,0.0,0.0,0.0,0.0,-86.0,0.0,0.0,-89.0,-89.0,0.0,0.0,0.0,0.0,0.0,0.0,0.0,0.0,0.0,0.0,0.0,0.0,-79.0,0.0,-80.0,0.0,0.0,-68.0,0.0,0.0,0.0,0.0,0.0,0.0,0.0,0.0,0.0,-71.0,-89.0,0.0,0.0,-90.0,0.0,0.0,0.0,SalaVisitas
640,0.0,0.0,0.0,0.0,0.0,0.0,0.0,0.0,-85.0,-69.0,0.0,0.0,0.0,0.0,0.0,-73.0,-74.0,0.0,0.0,0.0,0.0,-69.0,-80.0,-80.0,0.0,0.0,0.0,0.0,0.0,0.0,0.0,0.0,0.0,0.0,0.0,0.0,0.0,0.0,-92.0,-93.0,0.0,0.0,0.0,0.0,0.0,0.0,-91.0,-91.0,0.0,0.0,0.0,0.0,0.0,0.0,0.0,0.0,0.0,0.0,0.0,0.0,0.0,0.0,0.0,0.0,0.0,0.0,0.0,0.0,0.0,0.0,-85.0,0.0,0.0,-86.0,-85.0,0.0,-80.0,0.0,0.0,0.0,0.0,0.0,0.0,0.0,0.0,0.0,0.0,-79.0,0.0,-79.0,0.0,0.0,-68.0,0.0,0.0,0.0,0.0,0.0,0.0,0.0,0.0,0.0,0.0,-86.0,0.0,0.0,-89.0,0.0,0.0,0.0,SalaVisitas
641,0.0,0.0,0.0,0.0,0.0,0.0,0.0,0.0,-85.0,-69.0,0.0,0.0,0.0,0.0,0.0,-73.0,-73.0,0.0,0.0,0.0,-71.0,-71.0,-79.0,-79.0,0.0,0.0,0.0,0.0,0.0,0.0,0.0,0.0,0.0,0.0,0.0,0.0,0.0,0.0,-92.0,-91.0,0.0,0.0,0.0,0.0,-74.0,-73.0,-91.0,-89.0,0.0,0.0,0.0,0.0,0.0,0.0,0.0,0.0,0.0,0.0,0.0,0.0,0.0,0.0,0.0,0.0,0.0,0.0,0.0,0.0,0.0,-91.0,0.0,0.0,0.0,-89.0,-89.0,0.0,-78.0,0.0,-74.0,0.0,0.0,0.0,0.0,0.0,0.0,0.0,0.0,-79.0,0.0,-79.0,0.0,0.0,-66.0,0.0,0.0,0.0,0.0,0.0,0.0,0.0,0.0,0.0,0.0,-89.0,0.0,0.0,-91.0,0.0,0.0,0.0,SalaVisitas
642,0.0,0.0,0.0,0.0,0.0,0.0,0.0,0.0,-82.0,-69.0,0.0,0.0,0.0,0.0,0.0,-74.0,-75.0,0.0,0.0,0.0,-70.0,-71.0,-80.0,-80.0,0.0,0.0,0.0,0.0,0.0,0.0,0.0,0.0,0.0,0.0,0.0,0.0,-79.0,0.0,-91.0,-91.0,0.0,0.0,0.0,0.0,-74.0,-75.0,-89.0,-89.0,0.0,0.0,0.0,0.0,0.0,0.0,0.0,0.0,0.0,0.0,0.0,0.0,0.0,0.0,0.0,0.0,0.0,0.0,0.0,0.0,0.0,0.0,0.0,0.0,0.0,0.0,0.0,0.0,-92.0,0.0,-75.0,0.0,0.0,0.0,0.0,0.0,0.0,0.0,0.0,-81.0,0.0,-81.0,-81.0,0.0,-65.0,0.0,0.0,0.0,0.0,0.0,0.0,0.0,0.0,0.0,0.0,0.0,0.0,0.0,-91.0,0.0,0.0,0.0,SalaVisitas
643,0.0,0.0,0.0,0.0,0.0,0.0,0.0,0.0,-85.0,-69.0,0.0,0.0,0.0,0.0,0.0,-74.0,-74.0,0.0,0.0,0.0,-68.0,-68.0,-79.0,-80.0,0.0,0.0,0.0,0.0,0.0,0.0,0.0,0.0,0.0,0.0,0.0,0.0,0.0,-79.0,-91.0,-91.0,0.0,0.0,0.0,0.0,-73.0,-73.0,-89.0,-89.0,0.0,0.0,0.0,0.0,0.0,0.0,0.0,0.0,0.0,0.0,0.0,0.0,0.0,0.0,0.0,0.0,0.0,0.0,0.0,0.0,0.0,0.0,-84.0,0.0,0.0,0.0,0.0,0.0,0.0,0.0,0.0,0.0,0.0,0.0,0.0,0.0,0.0,-81.0,0.0,-81.0,0.0,-81.0,-81.0,0.0,-66.0,0.0,0.0,0.0,0.0,0.0,0.0,0.0,0.0,0.0,0.0,0.0,0.0,0.0,-92.0,0.0,0.0,0.0,SalaVisitas
644,0.0,0.0,0.0,0.0,0.0,0.0,0.0,0.0,-85.0,-70.0,0.0,0.0,0.0,0.0,-94.0,0.0,-74.0,0.0,0.0,0.0,-68.0,-68.0,-79.0,-79.0,0.0,0.0,0.0,0.0,0.0,0.0,0.0,0.0,0.0,0.0,0.0,0.0,-80.0,-80.0,-94.0,-92.0,0.0,0.0,0.0,0.0,-74.0,-73.0,-91.0,-90.0,0.0,0.0,0.0,0.0,0.0,0.0,0.0,0.0,0.0,0.0,0.0,0.0,0.0,0.0,0.0,0.0,0.0,0.0,0.0,0.0,0.0,-88.0,0.0,0.0,0.0,0.0,0.0,0.0,0.0,0.0,-76.0,0.0,0.0,0.0,0.0,0.0,0.0,-81.0,0.0,-81.0,0.0,-81.0,-81.0,0.0,-64.0,0.0,0.0,0.0,0.0,0.0,0.0,0.0,0.0,0.0,0.0,0.0,0.0,0.0,-92.0,0.0,0.0,0.0,SalaVisitas
645,0.0,0.0,0.0,0.0,0.0,0.0,0.0,0.0,-84.0,-69.0,0.0,0.0,0.0,0.0,0.0,0.0,-73.0,0.0,0.0,0.0,0.0,0.0,-79.0,-79.0,0.0,0.0,0.0,0.0,0.0,0.0,0.0,0.0,0.0,0.0,0.0,0.0,-80.0,-80.0,-91.0,-92.0,0.0,0.0,0.0,0.0,0.0,-73.0,-89.0,-89.0,0.0,0.0,0.0,0.0,0.0,0.0,0.0,0.0,0.0,0.0,0.0,0.0,0.0,0.0,0.0,0.0,0.0,0.0,0.0,0.0,0.0,0.0,0.0,0.0,0.0,0.0,-90.0,0.0,-81.0,-91.0,0.0,0.0,0.0,0.0,0.0,0.0,0.0,0.0,0.0,-81.0,0.0,-81.0,0.0,0.0,-68.0,0.0,0.0,0.0,0.0,0.0,0.0,0.0,0.0,0.0,-69.0,0.0,0.0,0.0,-88.0,0.0,0.0,0.0,SalaVisitas
646,0.0,0.0,0.0,0.0,0.0,0.0,0.0,0.0,-82.0,-69.0,0.0,0.0,0.0,-94.0,0.0,-74.0,-75.0,0.0,0.0,0.0,0.0,-69.0,-80.0,-79.0,0.0,0.0,0.0,0.0,0.0,0.0,0.0,0.0,0.0,0.0,0.0,0.0,0.0,0.0,-91.0,-91.0,0.0,0.0,0.0,0.0,-74.0,0.0,-91.0,-90.0,0.0,0.0,0.0,0.0,0.0,0.0,0.0,0.0,0.0,0.0,0.0,0.0,0.0,0.0,0.0,0.0,0.0,0.0,0.0,0.0,0.0,0.0,-82.0,0.0,0.0,-84.0,-84.0,0.0,0.0,0.0,-76.0,0.0,0.0,0.0,0.0,0.0,0.0,0.0,0.0,0.0,0.0,0.0,0.0,0.0,-69.0,0.0,0.0,0.0,0.0,0.0,0.0,0.0,0.0,0.0,-70.0,-84.0,0.0,0.0,-89.0,0.0,0.0,0.0,SalaVisitas
647,0.0,0.0,0.0,0.0,0.0,0.0,0.0,0.0,-83.0,0.0,0.0,0.0,0.0,0.0,0.0,0.0,0.0,0.0,0.0,0.0,-68.0,-69.0,-79.0,-79.0,0.0,0.0,0.0,0.0,0.0,0.0,0.0,0.0,0.0,0.0,0.0,0.0,-79.0,0.0,-89.0,-89.0,0.0,0.0,0.0,0.0,-73.0,-73.0,-89.0,-89.0,0.0,0.0,0.0,0.0,0.0,0.0,0.0,0.0,0.0,0.0,0.0,0.0,0.0,0.0,0.0,0.0,0.0,0.0,0.0,0.0,0.0,0.0,0.0,0.0,0.0,0.0,0.0,0.0,-79.0,0.0,0.0,0.0,0.0,0.0,0.0,0.0,0.0,0.0,0.0,0.0,0.0,0.0,0.0,0.0,-67.0,0.0,0.0,0.0,0.0,0.0,0.0,0.0,0.0,0.0,0.0,0.0,0.0,0.0,-91.0,0.0,0.0,0.0,SalaVisitas
648,0.0,0.0,0.0,0.0,0.0,0.0,0.0,0.0,-84.0,-68.0,0.0,0.0,0.0,0.0,-91.0,-74.0,-75.0,0.0,0.0,0.0,-69.0,-70.0,-79.0,-79.0,0.0,0.0,0.0,0.0,0.0,0.0,0.0,0.0,0.0,0.0,0.0,0.0,0.0,0.0,0.0,0.0,0.0,0.0,0.0,0.0,-73.0,-73.0,-89.0,-89.0,0.0,0.0,0.0,0.0,0.0,0.0,0.0,0.0,0.0,0.0,0.0,0.0,0.0,0.0,0.0,0.0,0.0,0.0,0.0,0.0,0.0,-89.0,0.0,0.0,0.0,0.0,0.0,0.0,0.0,0.0,0.0,0.0,0.0,0.0,0.0,0.0,0.0,-81.0,0.0,-81.0,0.0,-81.0,-81.0,0.0,-67.0,0.0,0.0,0.0,0.0,0.0,0.0,0.0,0.0,0.0,0.0,0.0,0.0,0.0,-94.0,0.0,0.0,0.0,SalaVisitas
649,0.0,0.0,0.0,0.0,0.0,0.0,0.0,0.0,-84.0,-68.0,0.0,0.0,0.0,0.0,0.0,0.0,-75.0,0.0,0.0,0.0,-71.0,-70.0,-79.0,-79.0,0.0,0.0,0.0,0.0,0.0,0.0,0.0,0.0,0.0,0.0,0.0,0.0,0.0,0.0,-92.0,0.0,0.0,0.0,0.0,0.0,-73.0,-73.0,-90.0,-89.0,0.0,0.0,0.0,0.0,0.0,0.0,0.0,0.0,0.0,0.0,0.0,0.0,0.0,0.0,0.0,0.0,0.0,0.0,0.0,0.0,0.0,0.0,0.0,0.0,0.0,0.0,0.0,0.0,-80.0,-92.0,-75.0,0.0,0.0,0.0,0.0,0.0,0.0,-80.0,0.0,-80.0,0.0,-79.0,-80.0,0.0,-64.0,0.0,0.0,0.0,0.0,0.0,0.0,0.0,0.0,0.0,0.0,0.0,0.0,0.0,0.0,0.0,0.0,0.0,SalaVisitas
650,0.0,0.0,0.0,0.0,0.0,0.0,0.0,0.0,-83.0,-68.0,0.0,0.0,0.0,0.0,0.0,0.0,0.0,0.0,0.0,0.0,-71.0,-70.0,-80.0,-80.0,0.0,0.0,0.0,0.0,0.0,0.0,0.0,0.0,0.0,0.0,0.0,0.0,0.0,0.0,0.0,0.0,0.0,0.0,0.0,0.0,-75.0,-75.0,-88.0,-89.0,0.0,0.0,0.0,0.0,0.0,0.0,0.0,0.0,0.0,0.0,0.0,0.0,0.0,0.0,0.0,0.0,0.0,0.0,0.0,0.0,0.0,0.0,0.0,0.0,0.0,0.0,0.0,0.0,-80.0,0.0,0.0,0.0,0.0,0.0,0.0,0.0,0.0,-81.0,-82.0,-81.0,-83.0,-81.0,-81.0,0.0,-68.0,0.0,0.0,0.0,0.0,0.0,0.0,0.0,0.0,0.0,0.0,0.0,0.0,0.0,-91.0,0.0,0.0,0.0,SalaVisitas
651,0.0,0.0,0.0,0.0,0.0,0.0,0.0,0.0,-82.0,-65.0,0.0,0.0,0.0,0.0,0.0,-74.0,0.0,-94.0,-96.0,0.0,-67.0,-67.0,-79.0,-79.0,0.0,0.0,0.0,0.0,0.0,0.0,0.0,0.0,0.0,0.0,0.0,0.0,0.0,0.0,-88.0,-88.0,0.0,0.0,0.0,0.0,0.0,-73.0,-91.0,-91.0,0.0,0.0,0.0,0.0,0.0,0.0,0.0,0.0,0.0,0.0,0.0,0.0,0.0,0.0,0.0,0.0,0.0,0.0,0.0,0.0,0.0,-88.0,0.0,0.0,0.0,0.0,0.0,0.0,-82.0,-89.0,0.0,0.0,0.0,0.0,0.0,0.0,0.0,0.0,0.0,-80.0,0.0,-80.0,0.0,0.0,-68.0,0.0,0.0,0.0,0.0,0.0,0.0,0.0,-90.0,0.0,-70.0,0.0,0.0,0.0,-94.0,0.0,0.0,0.0,SalaVisitas
