Lect,BSSid,Pot,Ubicacion
1,c0:51:5c:99:ca:64,-94,Administracion
1,ea:81:75:c6:b3:7b,-94,Administracion
1,56:59:19:bb:95:96,-85,Administracion
1,e2:41:36:c9:85:d0,-86,Administracion
1,3c:a7:ae:98:07:98,-81,Administracion
1,44:12:44:88:7e:a0,-82,Administracion
1,44:12:44:88:7e:a1,-81,Administracion
1,44:12:44:87:5d:c1,-80,Administracion
1,44:12:44:87:5d:c0,-82,Administracion
1,6a:8d:26:31:76:0e,-51,Administracion
1,d4:60:e3:94:cd:59,-94,Administracion
1,30:b5:c2:7f:37:94,-85,Administracion
1,b0:39:56:8b:d0:32,-94,Administracion
1,ee:68:68:81:71:29,-73,Administracion
1,44:12:44:87:5d:d1,-91,Administracion
1,44:12:44:87:5d:d0,-91,Administracion
1,60:8d:26:31:76:0d,-51,Administracion
1,44:12:44:88:c9:a0,-87,Administracion
1,60:8d:26:31:76:0c,-51,Administracion
1,44:12:44:88:c9:a1,-88,Administracion
1,30:b5:c2:7f:37:95,-67,Administracion
2,c0:51:5c:99:ca:64,-94,Administracion
2,ea:81:75:c6:b3:7b,-94,Administracion
2,56:59:19:bb:95:96,-85,Administracion
2,e2:41:36:c9:85:d0,-86,Administracion
2,3c:a7:ae:98:07:98,-81,Administracion
2,44:12:44:88:7e:a0,-82,Administracion
2,44:12:44:88:7e:a1,-81,Administracion
2,44:12:44:87:5d:c1,-80,Administracion
2,44:12:44:87:5d:c0,-82,Administracion
2,6a:8d:26:31:76:0e,-51,Administracion
2,d4:60:e3:94:cd:59,-94,Administracion
2,30:b5:c2:7f:37:94,-85,Administracion
2,b0:39:56:8b:d0:32,-94,Administracion
2,ee:68:68:81:71:29,-73,Administracion
2,44:12:44:87:5d:d1,-91,Administracion
2,44:12:44:87:5d:d0,-91,Administracion
2,60:8d:26:31:76:0d,-51,Administracion
2,44:12:44:88:c9:a0,-87,Administracion
2,60:8d:26:31:76:0c,-51,Administracion
2,44:12:44:88:c9:a1,-88,Administracion
2,30:b5:c2:7f:37:95,-67,Administracion
3,26:39:4e:c8:ed:3c,-91,Administracion
3,e8:48:b8:21:3f:b7,-82,Administracion
3,56:59:19:bb:95:96,-94,Administracion
3,44:12:44:87:89:61,-86,Administracion
3,6a:8d:26:31:76:0e,-52,Administracion
3,30:b5:c2:7f:37:94,-92,Administracion
3,ee:68:68:81:71:29,-81,Administracion
3,44:12:44:87:5d:d0,-92,Administracion
3,60:8d:26:31:76:0d,-53,Administracion
3,60:8d:26:31:76:0c,-57,Administracion
3,30:b5:c2:7f:37:95,-67,Administracion
4,26:39:4e:c8:ed:3c,-91,Administracion
4,e8:48:b8:21:3f:b7,-82,Administracion
4,56:59:19:bb:95:96,-94,Administracion
4,44:12:44:87:89:61,-86,Administracion
4,6a:8d:26:31:76:0e,-52,Administracion
4,30:b5:c2:7f:37:94,-92,Administracion
4,ee:68:68:81:71:29,-81,Administracion
4,44:12:44:87:5d:d0,-92,Administracion
4,60:8d:26:31:76:0d,-53,Administracion
4,60:8d:26:31:76:0c,-57,Administracion
4,30:b5:c2:7f:37:95,-67,Administracion
5,26:39:4e:c8:ed:3c,-91,Administracion
5,e8:48:b8:21:3f:b7,-82,Administracion
5,56:59:19:bb:95:96,-94,Administracion
5,44:12:44:87:89:61,-86,Administracion
5,6a:8d:26:31:76:0e,-52,Administracion
5,30:b5:c2:7f:37:94,-92,Administracion
5,ee:68:68:81:71:29,-81,Administracion
5,44:12:44:87:5d:d0,-92,Administracion
5,60:8d:26:31:76:0d,-53,Administracion
5,60:8d:26:31:76:0c,-57,Administracion
5,30:b5:c2:7f:37:95,-67,Administracion
6,26:39:4e:c8:ed:3c,-91,Administracion
6,e8:48:b8:21:3f:b7,-82,Administracion
6,56:59:19:bb:95:96,-94,Administracion
6,44:12:44:87:89:61,-86,Administracion
6,6a:8d:26:31:76:0e,-52,Administracion
6,30:b5:c2:7f:37:94,-92,Administracion
6,ee:68:68:81:71:29,-81,Administracion
6,44:12:44:87:5d:d0,-92,Administracion
6,60:8d:26:31:76:0d,-53,Administracion
6,60:8d:26:31:76:0c,-57,Administracion
6,30:b5:c2:7f:37:95,-67,Administracion
7,44:12:44:88:c9:a1,-88,Administracion
8,44:12:44:88:c9:a1,-88,Administracion
9,44:12:44:88:c9:a1,-88,Administracion
10,44:12:44:88:c9:a1,-88,Administracion
11,c0:51:5c:99:ca:65,-94,Administracion
11,fc:12:63:c2:13:1f,-89,Administracion
11,e8:48:b8:21:3f:b7,-85,Administracion
11,e8:48:b8:21:3f:b6,-92,Administracion
11,a0:18:42:05:9a:40,-96,Administracion
11,e4:3e:d7:a9:6a:bf,-90,Administracion
11,6a:8d:26:31:76:0e,-59,Administracion
11,98:9d:5d:2b:72:3d,-84,Administracion
11,c2:51:5c:49:ca:65,-94,Administracion
11,30:b5:c2:7f:37:94,-90,Administracion
11,ee:68:68:81:71:29,-77,Administracion
11,44:12:44:87:5d:d1,-94,Administracion
11,44:59:43:7a:ea:0c,-94,Administracion
11,44:12:44:87:5d:d0,-93,Administracion
11,60:8d:26:31:76:0d,-59,Administracion
11,60:8d:26:31:76:0c,-57,Administracion
11,30:b5:c2:7f:37:95,-67,Administracion
12,c0:51:5c:99:ca:65,-94,Administracion
12,fc:12:63:c2:13:1f,-89,Administracion
12,e8:48:b8:21:3f:b7,-85,Administracion
12,e8:48:b8:21:3f:b6,-92,Administracion
12,a0:18:42:05:9a:40,-96,Administracion
12,e4:3e:d7:a9:6a:bf,-90,Administracion
12,6a:8d:26:31:76:0e,-59,Administracion
12,98:9d:5d:2b:72:3d,-84,Administracion
12,c2:51:5c:49:ca:65,-94,Administracion
12,30:b5:c2:7f:37:94,-90,Administracion
12,ee:68:68:81:71:29,-77,Administracion
12,44:12:44:87:5d:d1,-94,Administracion
12,44:59:43:7a:ea:0c,-94,Administracion
12,44:12:44:87:5d:d0,-93,Administracion
12,60:8d:26:31:76:0d,-59,Administracion
12,60:8d:26:31:76:0c,-57,Administracion
12,30:b5:c2:7f:37:95,-67,Administracion
13,c0:51:5c:99:ca:65,-94,Administracion
13,fc:12:63:c2:13:1f,-89,Administracion
13,e8:48:b8:21:3f:b7,-85,Administracion
13,e8:48:b8:21:3f:b6,-92,Administracion
13,a0:18:42:05:9a:40,-96,Administracion
13,e4:3e:d7:a9:6a:bf,-90,Administracion
13,6a:8d:26:31:76:0e,-59,Administracion
13,98:9d:5d:2b:72:3d,-84,Administracion
13,c2:51:5c:49:ca:65,-94,Administracion
13,30:b5:c2:7f:37:94,-90,Administracion
13,ee:68:68:81:71:29,-77,Administracion
13,44:12:44:87:5d:d1,-94,Administracion
13,44:59:43:7a:ea:0c,-94,Administracion
13,44:12:44:87:5d:d0,-93,Administracion
13,60:8d:26:31:76:0d,-59,Administracion
13,60:8d:26:31:76:0c,-57,Administracion
13,30:b5:c2:7f:37:95,-67,Administracion
14,c0:51:5c:99:ca:65,-94,Administracion
14,fc:12:63:c2:13:1f,-89,Administracion
14,e8:48:b8:21:3f:b7,-85,Administracion
14,e8:48:b8:21:3f:b6,-92,Administracion
14,a0:18:42:05:9a:40,-96,Administracion
14,e4:3e:d7:a9:6a:bf,-90,Administracion
14,6a:8d:26:31:76:0e,-59,Administracion
14,98:9d:5d:2b:72:3d,-84,Administracion
14,c2:51:5c:49:ca:65,-94,Administracion
14,30:b5:c2:7f:37:94,-90,Administracion
14,ee:68:68:81:71:29,-77,Administracion
14,44:12:44:87:5d:d1,-94,Administracion
14,44:59:43:7a:ea:0c,-94,Administracion
14,44:12:44:87:5d:d0,-93,Administracion
14,60:8d:26:31:76:0c,-57,Administracion
14,60:8d:26:31:76:0d,-59,Administracion
14,30:b5:c2:7f:37:95,-67,Administracion
15,c0:51:5c:99:ca:65,-94,Administracion
15,fc:12:63:c2:13:1f,-89,Administracion
15,e8:48:b8:21:3f:b7,-85,Administracion
15,e8:48:b8:21:3f:b6,-92,Administracion
15,a0:18:42:05:9a:40,-96,Administracion
15,e4:3e:d7:a9:6a:bf,-90,Administracion
15,6a:8d:26:31:76:0e,-59,Administracion
15,98:9d:5d:2b:72:3d,-84,Administracion
15,c2:51:5c:49:ca:65,-94,Administracion
15,ee:68:68:81:71:29,-77,Administracion
15,30:b5:c2:7f:37:94,-90,Administracion
15,44:12:44:87:5d:d1,-94,Administracion
15,44:59:43:7a:ea:0c,-94,Administracion
15,44:12:44:87:5d:d0,-93,Administracion
15,60:8d:26:31:76:0d,-59,Administracion
15,60:8d:26:31:76:0c,-57,Administracion
15,30:b5:c2:7f:37:95,-67,Administracion
16,e8:48:b8:21:3f:b7,-87,Administracion
16,44:12:44:87:5d:c1,-78,Administracion
16,44:12:44:87:5d:c0,-77,Administracion
16,78:81:02:d2:2d:29,-85,Administracion
16,6a:8d:26:31:76:0e,-54,Administracion
16,30:b5:c2:7f:37:94,-91,Administracion
16,ee:68:68:81:71:29,-75,Administracion
16,44:12:44:87:5d:d1,-96,Administracion
16,44:12:44:87:5d:d0,-96,Administracion
16,44:12:44:88:c9:a0,-86,Administracion
16,60:8d:26:31:76:0c,-59,Administracion
16,44:12:44:88:c9:a1,-86,Administracion
16,30:b5:c2:7f:37:95,-74,Administracion
17,e8:48:b8:21:3f:b7,-87,Administracion
17,44:12:44:87:5d:c1,-78,Administracion
17,44:12:44:87:5d:c0,-77,Administracion
17,78:81:02:d2:2d:29,-85,Administracion
17,6a:8d:26:31:76:0e,-54,Administracion
17,30:b5:c2:7f:37:94,-91,Administracion
17,ee:68:68:81:71:29,-75,Administracion
17,44:12:44:87:5d:d1,-96,Administracion
17,44:12:44:87:5d:d0,-96,Administracion
17,44:12:44:88:c9:a0,-86,Administracion
17,60:8d:26:31:76:0c,-59,Administracion
17,44:12:44:88:c9:a1,-86,Administracion
17,30:b5:c2:7f:37:95,-74,Administracion
18,e8:48:b8:21:3f:b7,-87,Administracion
18,44:12:44:87:5d:c1,-78,Administracion
18,44:12:44:87:5d:c0,-77,Administracion
18,78:81:02:d2:2d:29,-85,Administracion
18,6a:8d:26:31:76:0e,-54,Administracion
18,30:b5:c2:7f:37:94,-91,Administracion
18,ee:68:68:81:71:29,-75,Administracion
18,44:12:44:87:5d:d1,-96,Administracion
18,44:12:44:87:5d:d0,-96,Administracion
18,44:12:44:88:c9:a0,-86,Administracion
18,60:8d:26:31:76:0c,-59,Administracion
18,44:12:44:88:c9:a1,-86,Administracion
18,30:b5:c2:7f:37:95,-74,Administracion
19,e8:48:b8:21:3f:b7,-87,Administracion
19,44:12:44:87:5d:c1,-78,Administracion
19,44:12:44:87:5d:c0,-77,Administracion
19,78:81:02:d2:2d:29,-85,Administracion
19,6a:8d:26:31:76:0e,-54,Administracion
19,30:b5:c2:7f:37:94,-91,Administracion
19,ee:68:68:81:71:29,-75,Administracion
19,44:12:44:87:5d:d1,-96,Administracion
19,44:12:44:87:5d:d0,-96,Administracion
19,44:12:44:88:c9:a0,-86,Administracion
19,60:8d:26:31:76:0c,-59,Administracion
19,44:12:44:88:c9:a1,-86,Administracion
19,30:b5:c2:7f:37:95,-74,Administracion
20,e8:48:b8:21:3f:b7,-87,Administracion
20,44:12:44:87:5d:c1,-78,Administracion
20,44:12:44:87:5d:c0,-77,Administracion
20,78:81:02:d2:2d:29,-85,Administracion
20,6a:8d:26:31:76:0e,-54,Administracion
20,30:b5:c2:7f:37:94,-91,Administracion
20,ee:68:68:81:71:29,-75,Administracion
20,44:12:44:87:5d:d1,-96,Administracion
20,44:12:44:87:5d:d0,-96,Administracion
20,44:12:44:88:c9:a0,-86,Administracion
20,60:8d:26:31:76:0c,-59,Administracion
20,44:12:44:88:c9:a1,-86,Administracion
20,30:b5:c2:7f:37:95,-74,Administracion
21,c0:51:5c:99:ca:65,-94,Administracion
21,fc:12:63:c2:13:1f,-89,Administracion
21,c0:51:5c:99:ca:64,-94,Administracion
21,26:39:4e:c8:ed:3c,-91,Administracion
21,e8:48:b8:21:3f:b7,-87,Administracion
21,ea:81:75:c6:b3:7b,-94,Administracion
21,e8:48:b8:21:3f:b6,-92,Administracion
21,a0:18:42:05:9a:40,-96,Administracion
21,56:59:19:bb:95:96,-94,Administracion
21,e2:41:36:c9:85:d0,-86,Administracion
21,3c:a7:ae:98:07:98,-81,Administracion
21,44:12:44:88:7e:a0,-82,Administracion
21,44:12:44:88:7e:a1,-81,Administracion
21,e4:3e:d7:a9:6a:bf,-90,Administracion
21,44:12:44:87:89:61,-86,Administracion
21,44:12:44:87:5d:c1,-78,Administracion
21,44:12:44:87:5d:c0,-77,Administracion
21,78:81:02:d2:2d:29,-85,Administracion
21,6a:8d:26:31:76:0e,-54,Administracion
21,98:9d:5d:2b:72:3d,-84,Administracion
21,d4:60:e3:94:cd:59,-94,Administracion
21,c2:51:5c:49:ca:65,-94,Administracion
21,30:b5:c2:7f:37:94,-91,Administracion
21,b0:39:56:8b:d0:32,-94,Administracion
21,ee:68:68:81:71:29,-75,Administracion
21,44:12:44:87:5d:d1,-96,Administracion
21,44:59:43:7a:ea:0c,-94,Administracion
21,44:12:44:87:5d:d0,-96,Administracion
21,60:8d:26:31:76:0d,-59,Administracion
21,44:12:44:88:c9:a0,-86,Administracion
21,60:8d:26:31:76:0c,-59,Administracion
21,44:12:44:88:c9:a1,-86,Administracion
21,30:b5:c2:7f:37:95,-74,Administracion
22,c0:51:5c:99:ca:65,-94,Administracion
22,fc:12:63:c2:13:1f,-89,Administracion
22,c0:51:5c:99:ca:64,-94,Administracion
22,26:39:4e:c8:ed:3c,-91,Administracion
22,e8:48:b8:21:3f:b7,-87,Administracion
22,ea:81:75:c6:b3:7b,-94,Administracion
22,e8:48:b8:21:3f:b6,-92,Administracion
22,a0:18:42:05:9a:40,-96,Administracion
22,56:59:19:bb:95:96,-94,Administracion
22,e2:41:36:c9:85:d0,-86,Administracion
22,3c:a7:ae:98:07:98,-81,Administracion
22,44:12:44:88:7e:a0,-82,Administracion
22,44:12:44:88:7e:a1,-81,Administracion
22,e4:3e:d7:a9:6a:bf,-90,Administracion
22,44:12:44:87:89:61,-86,Administracion
22,44:12:44:87:5d:c1,-78,Administracion
22,44:12:44:87:5d:c0,-77,Administracion
22,78:81:02:d2:2d:29,-85,Administracion
22,6a:8d:26:31:76:0e,-54,Administracion
22,98:9d:5d:2b:72:3d,-84,Administracion
22,d4:60:e3:94:cd:59,-94,Administracion
22,c2:51:5c:49:ca:65,-94,Administracion
22,30:b5:c2:7f:37:94,-91,Administracion
22,b0:39:56:8b:d0:32,-94,Administracion
22,ee:68:68:81:71:29,-75,Administracion
22,44:12:44:87:5d:d1,-96,Administracion
22,44:59:43:7a:ea:0c,-94,Administracion
22,44:12:44:87:5d:d0,-96,Administracion
22,60:8d:26:31:76:0d,-59,Administracion
22,44:12:44:88:c9:a0,-86,Administracion
22,60:8d:26:31:76:0c,-59,Administracion
22,44:12:44:88:c9:a1,-86,Administracion
22,30:b5:c2:7f:37:95,-74,Administracion
23,c0:51:5c:99:ca:65,-94,Administracion
23,fc:12:63:c2:13:1f,-89,Administracion
23,c0:51:5c:99:ca:64,-94,Administracion
23,26:39:4e:c8:ed:3c,-91,Administracion
23,e8:48:b8:21:3f:b7,-87,Administracion
23,ea:81:75:c6:b3:7b,-94,Administracion
23,e8:48:b8:21:3f:b6,-92,Administracion
23,a0:18:42:05:9a:40,-96,Administracion
23,56:59:19:bb:95:96,-94,Administracion
23,e2:41:36:c9:85:d0,-86,Administracion
23,3c:a7:ae:98:07:98,-81,Administracion
23,44:12:44:88:7e:a0,-82,Administracion
23,44:12:44:88:7e:a1,-81,Administracion
23,e4:3e:d7:a9:6a:bf,-90,Administracion
23,44:12:44:87:89:61,-86,Administracion
23,44:12:44:87:5d:c1,-78,Administracion
23,44:12:44:87:5d:c0,-77,Administracion
23,78:81:02:d2:2d:29,-85,Administracion
23,6a:8d:26:31:76:0e,-54,Administracion
23,98:9d:5d:2b:72:3d,-84,Administracion
23,d4:60:e3:94:cd:59,-94,Administracion
23,c2:51:5c:49:ca:65,-94,Administracion
23,30:b5:c2:7f:37:94,-91,Administracion
23,b0:39:56:8b:d0:32,-94,Administracion
23,ee:68:68:81:71:29,-75,Administracion
23,44:12:44:87:5d:d1,-96,Administracion
23,44:59:43:7a:ea:0c,-94,Administracion
23,44:12:44:87:5d:d0,-96,Administracion
23,60:8d:26:31:76:0d,-59,Administracion
23,44:12:44:88:c9:a0,-86,Administracion
23,60:8d:26:31:76:0c,-59,Administracion
23,44:12:44:88:c9:a1,-86,Administracion
23,30:b5:c2:7f:37:95,-74,Administracion
24,c0:51:5c:99:ca:65,-94,Administracion
24,fc:12:63:c2:13:1f,-89,Administracion
24,c0:51:5c:99:ca:64,-94,Administracion
24,26:39:4e:c8:ed:3c,-91,Administracion
24,e8:48:b8:21:3f:b7,-87,Administracion
24,ea:81:75:c6:b3:7b,-94,Administracion
24,e8:48:b8:21:3f:b6,-92,Administracion
24,a0:18:42:05:9a:40,-96,Administracion
24,56:59:19:bb:95:96,-94,Administracion
24,e2:41:36:c9:85:d0,-86,Administracion
24,3c:a7:ae:98:07:98,-81,Administracion
24,44:12:44:88:7e:a0,-82,Administracion
24,44:12:44:88:7e:a1,-81,Administracion
24,e4:3e:d7:a9:6a:bf,-90,Administracion
24,44:12:44:87:89:61,-86,Administracion
24,44:12:44:87:5d:c1,-78,Administracion
24,44:12:44:87:5d:c0,-77,Administracion
24,78:81:02:d2:2d:29,-85,Administracion
24,6a:8d:26:31:76:0e,-54,Administracion
24,98:9d:5d:2b:72:3d,-84,Administracion
24,d4:60:e3:94:cd:59,-94,Administracion
24,c2:51:5c:49:ca:65,-94,Administracion
24,30:b5:c2:7f:37:94,-91,Administracion
24,b0:39:56:8b:d0:32,-94,Administracion
24,ee:68:68:81:71:29,-75,Administracion
24,44:12:44:87:5d:d1,-96,Administracion
24,44:59:43:7a:ea:0c,-94,Administracion
24,44:12:44:87:5d:d0,-96,Administracion
24,60:8d:26:31:76:0d,-59,Administracion
24,44:12:44:88:c9:a0,-86,Administracion
24,60:8d:26:31:76:0c,-59,Administracion
24,44:12:44:88:c9:a1,-86,Administracion
24,30:b5:c2:7f:37:95,-74,Administracion
25,c0:51:5c:99:ca:65,-94,Administracion
25,fc:12:63:c2:13:1f,-89,Administracion
25,c0:51:5c:99:ca:64,-94,Administracion
25,26:39:4e:c8:ed:3c,-91,Administracion
25,e8:48:b8:21:3f:b7,-87,Administracion
25,ea:81:75:c6:b3:7b,-94,Administracion
25,e8:48:b8:21:3f:b6,-92,Administracion
25,a0:18:42:05:9a:40,-96,Administracion
25,56:59:19:bb:95:96,-94,Administracion
25,e2:41:36:c9:85:d0,-86,Administracion
25,3c:a7:ae:98:07:98,-81,Administracion
25,44:12:44:88:7e:a0,-82,Administracion
25,44:12:44:88:7e:a1,-81,Administracion
25,e4:3e:d7:a9:6a:bf,-90,Administracion
25,44:12:44:87:89:61,-86,Administracion
25,44:12:44:87:5d:c1,-78,Administracion
25,44:12:44:87:5d:c0,-77,Administracion
25,78:81:02:d2:2d:29,-85,Administracion
25,6a:8d:26:31:76:0e,-54,Administracion
25,98:9d:5d:2b:72:3d,-84,Administracion
25,d4:60:e3:94:cd:59,-94,Administracion
25,c2:51:5c:49:ca:65,-94,Administracion
25,30:b5:c2:7f:37:94,-91,Administracion
25,b0:39:56:8b:d0:32,-94,Administracion
25,ee:68:68:81:71:29,-75,Administracion
25,44:12:44:87:5d:d1,-96,Administracion
25,44:59:43:7a:ea:0c,-94,Administracion
25,44:12:44:87:5d:d0,-96,Administracion
25,60:8d:26:31:76:0d,-59,Administracion
25,44:12:44:88:c9:a0,-86,Administracion
25,60:8d:26:31:76:0c,-59,Administracion
25,44:12:44:88:c9:a1,-86,Administracion
25,30:b5:c2:7f:37:95,-74,Administracion
26,c0:51:5c:99:ca:65,-94,Administracion
26,fc:12:63:c2:13:1f,-89,Administracion
26,c0:51:5c:99:ca:64,-94,Administracion
26,26:39:4e:c8:ed:3c,-91,Administracion
26,e8:48:b8:21:3f:b7,-87,Administracion
26,ea:81:75:c6:b3:7b,-94,Administracion
26,e8:48:b8:21:3f:b6,-92,Administracion
26,a0:18:42:05:9a:40,-96,Administracion
26,56:59:19:bb:95:96,-94,Administracion
26,e2:41:36:c9:85:d0,-86,Administracion
26,3c:a7:ae:98:07:98,-81,Administracion
26,44:12:44:88:7e:a0,-82,Administracion
26,44:12:44:88:7e:a1,-81,Administracion
26,e4:3e:d7:a9:6a:bf,-90,Administracion
26,44:12:44:87:89:61,-86,Administracion
26,44:12:44:87:5d:c1,-78,Administracion
26,44:12:44:87:5d:c0,-77,Administracion
26,78:81:02:d2:2d:29,-85,Administracion
26,6a:8d:26:31:76:0e,-54,Administracion
26,98:9d:5d:2b:72:3d,-84,Administracion
26,d4:60:e3:94:cd:59,-94,Administracion
26,c2:51:5c:49:ca:65,-94,Administracion
26,30:b5:c2:7f:37:94,-91,Administracion
26,b0:39:56:8b:d0:32,-94,Administracion
26,ee:68:68:81:71:29,-75,Administracion
26,44:12:44:87:5d:d1,-96,Administracion
26,44:59:43:7a:ea:0c,-94,Administracion
26,44:12:44:87:5d:d0,-96,Administracion
26,60:8d:26:31:76:0d,-59,Administracion
26,44:12:44:88:c9:a0,-86,Administracion
26,60:8d:26:31:76:0c,-59,Administracion
26,44:12:44:88:c9:a1,-86,Administracion
26,30:b5:c2:7f:37:95,-74,Administracion
27,c0:51:5c:99:ca:65,-94,Administracion
27,fc:12:63:c2:13:1f,-89,Administracion
27,c0:51:5c:99:ca:64,-94,Administracion
27,26:39:4e:c8:ed:3c,-91,Administracion
27,e8:48:b8:21:3f:b7,-87,Administracion
27,ea:81:75:c6:b3:7b,-94,Administracion
27,e8:48:b8:21:3f:b6,-92,Administracion
27,a0:18:42:05:9a:40,-96,Administracion
27,56:59:19:bb:95:96,-94,Administracion
27,e2:41:36:c9:85:d0,-86,Administracion
27,3c:a7:ae:98:07:98,-81,Administracion
27,44:12:44:88:7e:a0,-82,Administracion
27,44:12:44:88:7e:a1,-81,Administracion
27,e4:3e:d7:a9:6a:bf,-90,Administracion
27,44:12:44:87:89:61,-86,Administracion
27,44:12:44:87:5d:c1,-78,Administracion
27,44:12:44:87:5d:c0,-77,Administracion
27,78:81:02:d2:2d:29,-85,Administracion
27,6a:8d:26:31:76:0e,-54,Administracion
27,98:9d:5d:2b:72:3d,-84,Administracion
27,d4:60:e3:94:cd:59,-94,Administracion
27,c2:51:5c:49:ca:65,-94,Administracion
27,30:b5:c2:7f:37:94,-91,Administracion
27,b0:39:56:8b:d0:32,-94,Administracion
27,ee:68:68:81:71:29,-75,Administracion
27,44:12:44:87:5d:d1,-96,Administracion
27,44:59:43:7a:ea:0c,-94,Administracion
27,44:12:44:87:5d:d0,-96,Administracion
27,60:8d:26:31:76:0d,-59,Administracion
27,44:12:44:88:c9:a0,-86,Administracion
27,60:8d:26:31:76:0c,-59,Administracion
27,44:12:44:88:c9:a1,-86,Administracion
27,30:b5:c2:7f:37:95,-74,Administracion
28,c0:51:5c:99:ca:65,-94,Administracion
28,fc:12:63:c2:13:1f,-89,Administracion
28,c0:51:5c:99:ca:64,-94,Administracion
28,26:39:4e:c8:ed:3c,-91,Administracion
28,e8:48:b8:21:3f:b7,-87,Administracion
28,ea:81:75:c6:b3:7b,-94,Administracion
28,e8:48:b8:21:3f:b6,-92,Administracion
28,a0:18:42:05:9a:40,-96,Administracion
28,56:59:19:bb:95:96,-94,Administracion
28,e2:41:36:c9:85:d0,-86,Administracion
28,3c:a7:ae:98:07:98,-81,Administracion
28,44:12:44:88:7e:a0,-82,Administracion
28,44:12:44:88:7e:a1,-81,Administracion
28,e4:3e:d7:a9:6a:bf,-90,Administracion
28,44:12:44:87:89:61,-86,Administracion
28,44:12:44:87:5d:c1,-78,Administracion
28,44:12:44:87:5d:c0,-77,Administracion
28,78:81:02:d2:2d:29,-85,Administracion
28,6a:8d:26:31:76:0e,-54,Administracion
28,98:9d:5d:2b:72:3d,-84,Administracion
28,d4:60:e3:94:cd:59,-94,Administracion
28,c2:51:5c:49:ca:65,-94,Administracion
28,30:b5:c2:7f:37:94,-91,Administracion
28,b0:39:56:8b:d0:32,-94,Administracion
28,ee:68:68:81:71:29,-75,Administracion
28,44:12:44:87:5d:d1,-96,Administracion
28,44:59:43:7a:ea:0c,-94,Administracion
28,44:12:44:87:5d:d0,-96,Administracion
28,60:8d:26:31:76:0d,-59,Administracion
28,44:12:44:88:c9:a0,-86,Administracion
28,60:8d:26:31:76:0c,-59,Administracion
28,44:12:44:88:c9:a1,-86,Administracion
28,30:b5:c2:7f:37:95,-74,Administracion
29,c0:51:5c:99:ca:65,-94,Administracion
29,fc:12:63:c2:13:1f,-89,Administracion
29,c0:51:5c:99:ca:64,-94,Administracion
29,26:39:4e:c8:ed:3c,-91,Administracion
29,e8:48:b8:21:3f:b7,-87,Administracion
29,ea:81:75:c6:b3:7b,-94,Administracion
29,e8:48:b8:21:3f:b6,-92,Administracion
29,a0:18:42:05:9a:40,-96,Administracion
29,56:59:19:bb:95:96,-94,Administracion
29,e2:41:36:c9:85:d0,-86,Administracion
29,3c:a7:ae:98:07:98,-81,Administracion
29,44:12:44:88:7e:a0,-82,Administracion
29,44:12:44:88:7e:a1,-81,Administracion
29,e4:3e:d7:a9:6a:bf,-90,Administracion
29,44:12:44:87:89:61,-86,Administracion
29,44:12:44:87:5d:c1,-78,Administracion
29,44:12:44:87:5d:c0,-77,Administracion
29,78:81:02:d2:2d:29,-85,Administracion
29,6a:8d:26:31:76:0e,-54,Administracion
29,98:9d:5d:2b:72:3d,-84,Administracion
29,d4:60:e3:94:cd:59,-94,Administracion
29,c2:51:5c:49:ca:65,-94,Administracion
29,30:b5:c2:7f:37:94,-91,Administracion
29,b0:39:56:8b:d0:32,-94,Administracion
29,ee:68:68:81:71:29,-75,Administracion
29,44:12:44:87:5d:d1,-96,Administracion
29,44:59:43:7a:ea:0c,-94,Administracion
29,44:12:44:87:5d:d0,-96,Administracion
29,60:8d:26:31:76:0d,-59,Administracion
29,44:12:44:88:c9:a0,-86,Administracion
29,60:8d:26:31:76:0c,-59,Administracion
29,44:12:44:88:c9:a1,-86,Administracion
29,30:b5:c2:7f:37:95,-74,Administracion
30,c0:51:5c:99:ca:65,-94,Administracion
30,fc:12:63:c2:13:1f,-89,Administracion
30,c0:51:5c:99:ca:64,-94,Administracion
30,26:39:4e:c8:ed:3c,-91,Administracion
30,e8:48:b8:21:3f:b7,-87,Administracion
30,ea:81:75:c6:b3:7b,-94,Administracion
30,e8:48:b8:21:3f:b6,-92,Administracion
30,a0:18:42:05:9a:40,-96,Administracion
30,56:59:19:bb:95:96,-94,Administracion
30,e2:41:36:c9:85:d0,-86,Administracion
30,3c:a7:ae:98:07:98,-81,Administracion
30,44:12:44:88:7e:a0,-82,Administracion
30,44:12:44:88:7e:a1,-81,Administracion
30,e4:3e:d7:a9:6a:bf,-90,Administracion
30,44:12:44:87:89:61,-86,Administracion
30,44:12:44:87:5d:c1,-78,Administracion
30,44:12:44:87:5d:c0,-77,Administracion
30,78:81:02:d2:2d:29,-85,Administracion
30,6a:8d:26:31:76:0e,-54,Administracion
30,98:9d:5d:2b:72:3d,-84,Administracion
30,d4:60:e3:94:cd:59,-94,Administracion
30,c2:51:5c:49:ca:65,-94,Administracion
30,30:b5:c2:7f:37:94,-91,Administracion
30,b0:39:56:8b:d0:32,-94,Administracion
30,ee:68:68:81:71:29,-75,Administracion
30,44:12:44:87:5d:d1,-96,Administracion
30,44:59:43:7a:ea:0c,-94,Administracion
30,44:12:44:87:5d:d0,-96,Administracion
30,60:8d:26:31:76:0d,-59,Administracion
30,44:12:44:88:c9:a0,-86,Administracion
30,60:8d:26:31:76:0c,-59,Administracion
30,44:12:44:88:c9:a1,-86,Administracion
30,30:b5:c2:7f:37:95,-74,Administracion
31,44:12:44:87:5d:c1,-73,Administracion
31,44:12:44:87:5d:c0,-72,Administracion
31,6a:8d:26:31:76:0e,-54,Administracion
31,04:f0:21:63:18:b2,-87,Administracion
31,30:b5:c2:7f:37:94,-89,Administracion
31,ee:68:68:81:71:29,-73,Administracion
31,44:12:44:87:5d:d1,-94,Administracion
31,78:81:02:d2:2d:2d,-94,Administracion
31,44:12:44:87:5d:d0,-95,Administracion
31,60:8d:26:31:76:0d,-54,Administracion
31,60:8d:26:31:76:0c,-58,Administracion
31,30:b5:c2:7f:37:95,-72,Administracion
32,44:12:44:87:5d:c1,-73,Administracion
32,44:12:44:87:5d:c0,-72,Administracion
32,6a:8d:26:31:76:0e,-54,Administracion
32,04:f0:21:63:18:b2,-87,Administracion
32,30:b5:c2:7f:37:94,-89,Administracion
32,ee:68:68:81:71:29,-73,Administracion
32,44:12:44:87:5d:d1,-94,Administracion
32,78:81:02:d2:2d:2d,-94,Administracion
32,44:12:44:87:5d:d0,-95,Administracion
32,60:8d:26:31:76:0d,-54,Administracion
32,60:8d:26:31:76:0c,-58,Administracion
32,30:b5:c2:7f:37:95,-72,Administracion
33,44:12:44:87:5d:c1,-73,Administracion
33,44:12:44:87:5d:c0,-72,Administracion
33,6a:8d:26:31:76:0e,-54,Administracion
33,04:f0:21:63:18:b2,-87,Administracion
33,30:b5:c2:7f:37:94,-89,Administracion
33,ee:68:68:81:71:29,-73,Administracion
33,44:12:44:87:5d:d1,-94,Administracion
33,78:81:02:d2:2d:2d,-94,Administracion
33,44:12:44:87:5d:d0,-95,Administracion
33,60:8d:26:31:76:0d,-54,Administracion
33,60:8d:26:31:76:0c,-58,Administracion
33,30:b5:c2:7f:37:95,-72,Administracion
34,44:12:44:87:5d:c1,-73,Administracion
34,44:12:44:87:5d:c0,-72,Administracion
34,6a:8d:26:31:76:0e,-54,Administracion
34,04:f0:21:63:18:b2,-87,Administracion
34,30:b5:c2:7f:37:94,-89,Administracion
34,ee:68:68:81:71:29,-73,Administracion
34,44:12:44:87:5d:d1,-94,Administracion
34,78:81:02:d2:2d:2d,-94,Administracion
34,44:12:44:87:5d:d0,-95,Administracion
34,60:8d:26:31:76:0d,-54,Administracion
34,60:8d:26:31:76:0c,-58,Administracion
34,30:b5:c2:7f:37:95,-72,Administracion
35,44:12:44:87:5d:c1,-73,Administracion
35,44:12:44:87:5d:c0,-72,Administracion
35,6a:8d:26:31:76:0e,-54,Administracion
35,04:f0:21:63:18:b2,-87,Administracion
35,30:b5:c2:7f:37:94,-89,Administracion
35,ee:68:68:81:71:29,-73,Administracion
35,44:12:44:87:5d:d1,-94,Administracion
35,78:81:02:d2:2d:2d,-94,Administracion
35,44:12:44:87:5d:d0,-95,Administracion
35,60:8d:26:31:76:0d,-54,Administracion
35,60:8d:26:31:76:0c,-58,Administracion
35,30:b5:c2:7f:37:95,-72,Administracion
36,c0:51:5c:99:ca:65,-94,Administracion
36,fc:12:63:c2:13:1f,-89,Administracion
36,c0:51:5c:99:ca:64,-94,Administracion
36,26:39:4e:c8:ed:3c,-91,Administracion
36,e8:48:b8:21:3f:b7,-87,Administracion
36,ea:81:75:c6:b3:7b,-94,Administracion
36,e8:48:b8:21:3f:b6,-92,Administracion
36,a0:18:42:05:9a:40,-96,Administracion
36,56:59:19:bb:95:96,-94,Administracion
36,e2:41:36:c9:85:d0,-86,Administracion
36,3c:a7:ae:98:07:98,-81,Administracion
36,44:12:44:88:7e:a0,-82,Administracion
36,44:12:44:88:7e:a1,-81,Administracion
36,e4:3e:d7:a9:6a:bf,-90,Administracion
36,44:12:44:87:89:61,-86,Administracion
36,44:12:44:87:5d:c1,-73,Administracion
36,44:12:44:87:5d:c0,-72,Administracion
36,78:81:02:d2:2d:29,-85,Administracion
36,6a:8d:26:31:76:0e,-54,Administracion
36,04:f0:21:63:18:b2,-87,Administracion
36,98:9d:5d:2b:72:3d,-84,Administracion
36,d4:60:e3:94:cd:59,-94,Administracion
36,c2:51:5c:49:ca:65,-94,Administracion
36,30:b5:c2:7f:37:94,-89,Administracion
36,b0:39:56:8b:d0:32,-94,Administracion
36,ee:68:68:81:71:29,-73,Administracion
36,44:12:44:87:5d:d1,-94,Administracion
36,44:59:43:7a:ea:0c,-94,Administracion
36,78:81:02:d2:2d:2d,-94,Administracion
36,44:12:44:87:5d:d0,-95,Administracion
36,60:8d:26:31:76:0d,-54,Administracion
36,44:12:44:88:c9:a0,-86,Administracion
36,60:8d:26:31:76:0c,-58,Administracion
36,44:12:44:88:c9:a1,-86,Administracion
36,30:b5:c2:7f:37:95,-72,Administracion
37,c0:51:5c:99:ca:65,-94,Administracion
37,fc:12:63:c2:13:1f,-89,Administracion
37,c0:51:5c:99:ca:64,-94,Administracion
37,26:39:4e:c8:ed:3c,-91,Administracion
37,e8:48:b8:21:3f:b7,-87,Administracion
37,ea:81:75:c6:b3:7b,-94,Administracion
37,e8:48:b8:21:3f:b6,-92,Administracion
37,a0:18:42:05:9a:40,-96,Administracion
37,56:59:19:bb:95:96,-94,Administracion
37,e2:41:36:c9:85:d0,-86,Administracion
37,3c:a7:ae:98:07:98,-81,Administracion
37,44:12:44:88:7e:a0,-82,Administracion
37,44:12:44:88:7e:a1,-81,Administracion
37,e4:3e:d7:a9:6a:bf,-90,Administracion
37,44:12:44:87:89:61,-86,Administracion
37,44:12:44:87:5d:c1,-73,Administracion
37,44:12:44:87:5d:c0,-72,Administracion
37,78:81:02:d2:2d:29,-85,Administracion
37,6a:8d:26:31:76:0e,-54,Administracion
37,04:f0:21:63:18:b2,-87,Administracion
37,98:9d:5d:2b:72:3d,-84,Administracion
37,d4:60:e3:94:cd:59,-94,Administracion
37,c2:51:5c:49:ca:65,-94,Administracion
37,30:b5:c2:7f:37:94,-89,Administracion
37,b0:39:56:8b:d0:32,-94,Administracion
37,ee:68:68:81:71:29,-73,Administracion
37,44:12:44:87:5d:d1,-94,Administracion
37,44:59:43:7a:ea:0c,-94,Administracion
37,78:81:02:d2:2d:2d,-94,Administracion
37,44:12:44:87:5d:d0,-95,Administracion
37,60:8d:26:31:76:0d,-54,Administracion
37,44:12:44:88:c9:a0,-86,Administracion
37,60:8d:26:31:76:0c,-58,Administracion
37,44:12:44:88:c9:a1,-86,Administracion
37,30:b5:c2:7f:37:95,-72,Administracion
38,c0:51:5c:99:ca:65,-94,Administracion
38,fc:12:63:c2:13:1f,-89,Administracion
38,c0:51:5c:99:ca:64,-94,Administracion
38,26:39:4e:c8:ed:3c,-91,Administracion
38,e8:48:b8:21:3f:b7,-87,Administracion
38,ea:81:75:c6:b3:7b,-94,Administracion
38,e8:48:b8:21:3f:b6,-92,Administracion
38,a0:18:42:05:9a:40,-96,Administracion
38,56:59:19:bb:95:96,-94,Administracion
38,e2:41:36:c9:85:d0,-86,Administracion
38,3c:a7:ae:98:07:98,-81,Administracion
38,44:12:44:88:7e:a0,-82,Administracion
38,44:12:44:88:7e:a1,-81,Administracion
38,e4:3e:d7:a9:6a:bf,-90,Administracion
38,44:12:44:87:89:61,-86,Administracion
38,44:12:44:87:5d:c1,-73,Administracion
38,44:12:44:87:5d:c0,-72,Administracion
38,78:81:02:d2:2d:29,-85,Administracion
38,6a:8d:26:31:76:0e,-54,Administracion
38,04:f0:21:63:18:b2,-87,Administracion
38,98:9d:5d:2b:72:3d,-84,Administracion
38,d4:60:e3:94:cd:59,-94,Administracion
38,c2:51:5c:49:ca:65,-94,Administracion
38,30:b5:c2:7f:37:94,-89,Administracion
38,b0:39:56:8b:d0:32,-94,Administracion
38,ee:68:68:81:71:29,-73,Administracion
38,44:12:44:87:5d:d1,-94,Administracion
38,44:59:43:7a:ea:0c,-94,Administracion
38,78:81:02:d2:2d:2d,-94,Administracion
38,44:12:44:87:5d:d0,-95,Administracion
38,60:8d:26:31:76:0d,-54,Administracion
38,44:12:44:88:c9:a0,-86,Administracion
38,60:8d:26:31:76:0c,-58,Administracion
38,44:12:44:88:c9:a1,-86,Administracion
38,30:b5:c2:7f:37:95,-72,Administracion
39,c0:51:5c:99:ca:65,-94,Administracion
39,fc:12:63:c2:13:1f,-89,Administracion
39,c0:51:5c:99:ca:64,-94,Administracion
39,26:39:4e:c8:ed:3c,-91,Administracion
39,e8:48:b8:21:3f:b7,-87,Administracion
39,ea:81:75:c6:b3:7b,-94,Administracion
39,e8:48:b8:21:3f:b6,-92,Administracion
39,a0:18:42:05:9a:40,-96,Administracion
39,56:59:19:bb:95:96,-94,Administracion
39,e2:41:36:c9:85:d0,-86,Administracion
39,3c:a7:ae:98:07:98,-81,Administracion
39,44:12:44:88:7e:a0,-82,Administracion
39,44:12:44:88:7e:a1,-81,Administracion
39,e4:3e:d7:a9:6a:bf,-90,Administracion
39,44:12:44:87:89:61,-86,Administracion
39,44:12:44:87:5d:c1,-73,Administracion
39,44:12:44:87:5d:c0,-72,Administracion
39,78:81:02:d2:2d:29,-85,Administracion
39,6a:8d:26:31:76:0e,-54,Administracion
39,04:f0:21:63:18:b2,-87,Administracion
39,98:9d:5d:2b:72:3d,-84,Administracion
39,d4:60:e3:94:cd:59,-94,Administracion
39,c2:51:5c:49:ca:65,-94,Administracion
39,30:b5:c2:7f:37:94,-89,Administracion
39,b0:39:56:8b:d0:32,-94,Administracion
39,ee:68:68:81:71:29,-73,Administracion
39,44:12:44:87:5d:d1,-94,Administracion
39,44:59:43:7a:ea:0c,-94,Administracion
39,78:81:02:d2:2d:2d,-94,Administracion
39,44:12:44:87:5d:d0,-95,Administracion
39,60:8d:26:31:76:0d,-54,Administracion
39,44:12:44:88:c9:a0,-86,Administracion
39,60:8d:26:31:76:0c,-58,Administracion
39,44:12:44:88:c9:a1,-86,Administracion
39,30:b5:c2:7f:37:95,-72,Administracion
40,c0:51:5c:99:ca:65,-94,Administracion
40,fc:12:63:c2:13:1f,-89,Administracion
40,c0:51:5c:99:ca:64,-94,Administracion
40,26:39:4e:c8:ed:3c,-91,Administracion
40,e8:48:b8:21:3f:b7,-87,Administracion
40,ea:81:75:c6:b3:7b,-94,Administracion
40,e8:48:b8:21:3f:b6,-92,Administracion
40,a0:18:42:05:9a:40,-96,Administracion
40,56:59:19:bb:95:96,-94,Administracion
40,e2:41:36:c9:85:d0,-86,Administracion
40,3c:a7:ae:98:07:98,-81,Administracion
40,44:12:44:88:7e:a0,-82,Administracion
40,44:12:44:88:7e:a1,-81,Administracion
40,e4:3e:d7:a9:6a:bf,-90,Administracion
40,44:12:44:87:89:61,-86,Administracion
40,44:12:44:87:5d:c1,-73,Administracion
40,44:12:44:87:5d:c0,-72,Administracion
40,78:81:02:d2:2d:29,-85,Administracion
40,6a:8d:26:31:76:0e,-54,Administracion
40,04:f0:21:63:18:b2,-87,Administracion
40,98:9d:5d:2b:72:3d,-84,Administracion
40,d4:60:e3:94:cd:59,-94,Administracion
40,c2:51:5c:49:ca:65,-94,Administracion
40,30:b5:c2:7f:37:94,-89,Administracion
40,b0:39:56:8b:d0:32,-94,Administracion
40,ee:68:68:81:71:29,-73,Administracion
40,44:12:44:87:5d:d1,-94,Administracion
40,44:59:43:7a:ea:0c,-94,Administracion
40,78:81:02:d2:2d:2d,-94,Administracion
40,44:12:44:87:5d:d0,-95,Administracion
40,60:8d:26:31:76:0d,-54,Administracion
40,44:12:44:88:c9:a0,-86,Administracion
40,60:8d:26:31:76:0c,-58,Administracion
40,44:12:44:88:c9:a1,-86,Administracion
40,30:b5:c2:7f:37:95,-72,Administracion
41,c0:51:5c:99:ca:65,-94,Administracion
41,fc:12:63:c2:13:1f,-89,Administracion
41,c0:51:5c:99:ca:64,-94,Administracion
41,26:39:4e:c8:ed:3c,-91,Administracion
41,e8:48:b8:21:3f:b7,-87,Administracion
41,ea:81:75:c6:b3:7b,-94,Administracion
41,e8:48:b8:21:3f:b6,-92,Administracion
41,a0:18:42:05:9a:40,-96,Administracion
41,56:59:19:bb:95:96,-94,Administracion
41,e2:41:36:c9:85:d0,-86,Administracion
41,3c:a7:ae:98:07:98,-81,Administracion
41,44:12:44:88:7e:a0,-82,Administracion
41,44:12:44:88:7e:a1,-81,Administracion
41,e4:3e:d7:a9:6a:bf,-90,Administracion
41,44:12:44:87:89:61,-86,Administracion
41,44:12:44:87:5d:c1,-73,Administracion
41,44:12:44:87:5d:c0,-72,Administracion
41,78:81:02:d2:2d:29,-85,Administracion
41,6a:8d:26:31:76:0e,-54,Administracion
41,04:f0:21:63:18:b2,-87,Administracion
41,98:9d:5d:2b:72:3d,-84,Administracion
41,d4:60:e3:94:cd:59,-94,Administracion
41,c2:51:5c:49:ca:65,-94,Administracion
41,30:b5:c2:7f:37:94,-89,Administracion
41,b0:39:56:8b:d0:32,-94,Administracion
41,ee:68:68:81:71:29,-73,Administracion
41,44:12:44:87:5d:d1,-94,Administracion
41,44:59:43:7a:ea:0c,-94,Administracion
41,78:81:02:d2:2d:2d,-94,Administracion
41,44:12:44:87:5d:d0,-95,Administracion
41,60:8d:26:31:76:0d,-54,Administracion
41,44:12:44:88:c9:a0,-86,Administracion
41,60:8d:26:31:76:0c,-58,Administracion
41,44:12:44:88:c9:a1,-86,Administracion
41,30:b5:c2:7f:37:95,-72,Administracion
42,c0:51:5c:99:ca:65,-94,Administracion
42,fc:12:63:c2:13:1f,-89,Administracion
42,c0:51:5c:99:ca:64,-94,Administracion
42,26:39:4e:c8:ed:3c,-91,Administracion
42,e8:48:b8:21:3f:b7,-87,Administracion
42,ea:81:75:c6:b3:7b,-94,Administracion
42,e8:48:b8:21:3f:b6,-92,Administracion
42,a0:18:42:05:9a:40,-96,Administracion
42,56:59:19:bb:95:96,-94,Administracion
42,e2:41:36:c9:85:d0,-86,Administracion
42,3c:a7:ae:98:07:98,-81,Administracion
42,44:12:44:88:7e:a0,-82,Administracion
42,44:12:44:88:7e:a1,-81,Administracion
42,e4:3e:d7:a9:6a:bf,-90,Administracion
42,44:12:44:87:89:61,-86,Administracion
42,44:12:44:87:5d:c1,-73,Administracion
42,44:12:44:87:5d:c0,-72,Administracion
42,78:81:02:d2:2d:29,-85,Administracion
42,6a:8d:26:31:76:0e,-54,Administracion
42,04:f0:21:63:18:b2,-87,Administracion
42,98:9d:5d:2b:72:3d,-84,Administracion
42,d4:60:e3:94:cd:59,-94,Administracion
42,c2:51:5c:49:ca:65,-94,Administracion
42,30:b5:c2:7f:37:94,-89,Administracion
42,b0:39:56:8b:d0:32,-94,Administracion
42,ee:68:68:81:71:29,-73,Administracion
42,44:12:44:87:5d:d1,-94,Administracion
42,44:59:43:7a:ea:0c,-94,Administracion
42,78:81:02:d2:2d:2d,-94,Administracion
42,44:12:44:87:5d:d0,-95,Administracion
42,60:8d:26:31:76:0d,-54,Administracion
42,44:12:44:88:c9:a0,-86,Administracion
42,60:8d:26:31:76:0c,-58,Administracion
42,44:12:44:88:c9:a1,-86,Administracion
42,30:b5:c2:7f:37:95,-72,Administracion
43,c0:51:5c:99:ca:65,-94,Administracion
43,fc:12:63:c2:13:1f,-89,Administracion
43,c0:51:5c:99:ca:64,-94,Administracion
43,26:39:4e:c8:ed:3c,-91,Administracion
43,e8:48:b8:21:3f:b7,-87,Administracion
43,ea:81:75:c6:b3:7b,-94,Administracion
43,e8:48:b8:21:3f:b6,-92,Administracion
43,a0:18:42:05:9a:40,-96,Administracion
43,56:59:19:bb:95:96,-94,Administracion
43,e2:41:36:c9:85:d0,-86,Administracion
43,3c:a7:ae:98:07:98,-81,Administracion
43,44:12:44:88:7e:a0,-82,Administracion
43,44:12:44:88:7e:a1,-81,Administracion
43,e4:3e:d7:a9:6a:bf,-90,Administracion
43,44:12:44:87:89:61,-86,Administracion
43,44:12:44:87:5d:c1,-73,Administracion
43,44:12:44:87:5d:c0,-72,Administracion
43,78:81:02:d2:2d:29,-85,Administracion
43,6a:8d:26:31:76:0e,-54,Administracion
43,04:f0:21:63:18:b2,-87,Administracion
43,98:9d:5d:2b:72:3d,-84,Administracion
43,d4:60:e3:94:cd:59,-94,Administracion
43,c2:51:5c:49:ca:65,-94,Administracion
43,30:b5:c2:7f:37:94,-89,Administracion
43,b0:39:56:8b:d0:32,-94,Administracion
43,ee:68:68:81:71:29,-73,Administracion
43,44:12:44:87:5d:d1,-94,Administracion
43,44:59:43:7a:ea:0c,-94,Administracion
43,78:81:02:d2:2d:2d,-94,Administracion
43,44:12:44:87:5d:d0,-95,Administracion
43,60:8d:26:31:76:0d,-54,Administracion
43,44:12:44:88:c9:a0,-86,Administracion
43,60:8d:26:31:76:0c,-58,Administracion
43,44:12:44:88:c9:a1,-86,Administracion
43,30:b5:c2:7f:37:95,-72,Administracion
44,c0:51:5c:99:ca:65,-94,Administracion
44,fc:12:63:c2:13:1f,-89,Administracion
44,c0:51:5c:99:ca:64,-94,Administracion
44,26:39:4e:c8:ed:3c,-91,Administracion
44,e8:48:b8:21:3f:b7,-87,Administracion
44,ea:81:75:c6:b3:7b,-94,Administracion
44,e8:48:b8:21:3f:b6,-92,Administracion
44,a0:18:42:05:9a:40,-96,Administracion
44,56:59:19:bb:95:96,-94,Administracion
44,e2:41:36:c9:85:d0,-86,Administracion
44,3c:a7:ae:98:07:98,-81,Administracion
44,44:12:44:88:7e:a0,-82,Administracion
44,44:12:44:88:7e:a1,-81,Administracion
44,e4:3e:d7:a9:6a:bf,-90,Administracion
44,44:12:44:87:89:61,-86,Administracion
44,44:12:44:87:5d:c1,-73,Administracion
44,44:12:44:87:5d:c0,-72,Administracion
44,78:81:02:d2:2d:29,-85,Administracion
44,6a:8d:26:31:76:0e,-54,Administracion
44,04:f0:21:63:18:b2,-87,Administracion
44,98:9d:5d:2b:72:3d,-84,Administracion
44,d4:60:e3:94:cd:59,-94,Administracion
44,c2:51:5c:49:ca:65,-94,Administracion
44,30:b5:c2:7f:37:94,-89,Administracion
44,b0:39:56:8b:d0:32,-94,Administracion
44,ee:68:68:81:71:29,-73,Administracion
44,44:12:44:87:5d:d1,-94,Administracion
44,44:59:43:7a:ea:0c,-94,Administracion
44,78:81:02:d2:2d:2d,-94,Administracion
44,44:12:44:87:5d:d0,-95,Administracion
44,60:8d:26:31:76:0d,-54,Administracion
44,44:12:44:88:c9:a0,-86,Administracion
44,60:8d:26:31:76:0c,-58,Administracion
44,44:12:44:88:c9:a1,-86,Administracion
44,30:b5:c2:7f:37:95,-72,Administracion
45,c0:51:5c:99:ca:65,-94,Administracion
45,fc:12:63:c2:13:1f,-89,Administracion
45,c0:51:5c:99:ca:64,-94,Administracion
45,26:39:4e:c8:ed:3c,-91,Administracion
45,e8:48:b8:21:3f:b7,-87,Administracion
45,ea:81:75:c6:b3:7b,-94,Administracion
45,e8:48:b8:21:3f:b6,-92,Administracion
45,a0:18:42:05:9a:40,-96,Administracion
45,56:59:19:bb:95:96,-94,Administracion
45,e2:41:36:c9:85:d0,-86,Administracion
45,3c:a7:ae:98:07:98,-81,Administracion
45,44:12:44:88:7e:a0,-82,Administracion
45,44:12:44:88:7e:a1,-81,Administracion
45,e4:3e:d7:a9:6a:bf,-90,Administracion
45,44:12:44:87:5d:c1,-73,Administracion
45,44:12:44:87:89:61,-86,Administracion
45,44:12:44:87:5d:c0,-72,Administracion
45,78:81:02:d2:2d:29,-85,Administracion
45,6a:8d:26:31:76:0e,-54,Administracion
45,04:f0:21:63:18:b2,-87,Administracion
45,98:9d:5d:2b:72:3d,-84,Administracion
45,d4:60:e3:94:cd:59,-94,Administracion
45,c2:51:5c:49:ca:65,-94,Administracion
45,30:b5:c2:7f:37:94,-89,Administracion
45,b0:39:56:8b:d0:32,-94,Administracion
45,ee:68:68:81:71:29,-73,Administracion
45,44:12:44:87:5d:d1,-94,Administracion
45,44:59:43:7a:ea:0c,-94,Administracion
45,78:81:02:d2:2d:2d,-94,Administracion
45,44:12:44:87:5d:d0,-95,Administracion
45,60:8d:26:31:76:0d,-54,Administracion
45,44:12:44:88:c9:a0,-86,Administracion
45,60:8d:26:31:76:0c,-58,Administracion
45,44:12:44:88:c9:a1,-86,Administracion
45,30:b5:c2:7f:37:95,-72,Administracion
46,c0:51:5c:99:ca:65,-94,Administracion
46,fc:12:63:c2:13:1f,-89,Administracion
46,c0:51:5c:99:ca:64,-94,Administracion
46,26:39:4e:c8:ed:3c,-91,Administracion
46,e8:48:b8:21:3f:b7,-87,Administracion
46,ea:81:75:c6:b3:7b,-94,Administracion
46,e8:48:b8:21:3f:b6,-92,Administracion
46,a0:18:42:05:9a:40,-96,Administracion
46,56:59:19:bb:95:96,-94,Administracion
46,e2:41:36:c9:85:d0,-86,Administracion
46,3c:a7:ae:98:07:98,-81,Administracion
46,44:12:44:88:7e:a0,-82,Administracion
46,44:12:44:88:7e:a1,-81,Administracion
46,44:12:44:87:89:61,-86,Administracion
46,e4:3e:d7:a9:6a:bf,-90,Administracion
46,44:12:44:87:5d:c1,-73,Administracion
46,44:12:44:87:5d:c0,-72,Administracion
46,78:81:02:d2:2d:29,-85,Administracion
46,6a:8d:26:31:76:0e,-54,Administracion
46,04:f0:21:63:18:b2,-87,Administracion
46,98:9d:5d:2b:72:3d,-84,Administracion
46,d4:60:e3:94:cd:59,-94,Administracion
46,c2:51:5c:49:ca:65,-94,Administracion
46,30:b5:c2:7f:37:94,-89,Administracion
46,b0:39:56:8b:d0:32,-94,Administracion
46,ee:68:68:81:71:29,-73,Administracion
46,44:12:44:87:5d:d1,-94,Administracion
46,44:59:43:7a:ea:0c,-94,Administracion
46,78:81:02:d2:2d:2d,-94,Administracion
46,44:12:44:87:5d:d0,-95,Administracion
46,60:8d:26:31:76:0d,-54,Administracion
46,44:12:44:88:c9:a0,-86,Administracion
46,60:8d:26:31:76:0c,-58,Administracion
46,44:12:44:88:c9:a1,-86,Administracion
46,30:b5:c2:7f:37:95,-72,Administracion
47,c0:51:5c:99:ca:65,-94,Administracion
47,fc:12:63:c2:13:1f,-89,Administracion
47,c0:51:5c:99:ca:64,-94,Administracion
47,26:39:4e:c8:ed:3c,-91,Administracion
47,e8:48:b8:21:3f:b7,-87,Administracion
47,ea:81:75:c6:b3:7b,-94,Administracion
47,e8:48:b8:21:3f:b6,-92,Administracion
47,a0:18:42:05:9a:40,-96,Administracion
47,56:59:19:bb:95:96,-94,Administracion
47,e2:41:36:c9:85:d0,-86,Administracion
47,3c:a7:ae:98:07:98,-81,Administracion
47,44:12:44:88:7e:a0,-82,Administracion
47,44:12:44:88:7e:a1,-81,Administracion
47,e4:3e:d7:a9:6a:bf,-90,Administracion
47,44:12:44:87:89:61,-86,Administracion
47,44:12:44:87:5d:c1,-73,Administracion
47,44:12:44:87:5d:c0,-72,Administracion
47,78:81:02:d2:2d:29,-85,Administracion
47,6a:8d:26:31:76:0e,-54,Administracion
47,04:f0:21:63:18:b2,-87,Administracion
47,98:9d:5d:2b:72:3d,-84,Administracion
47,d4:60:e3:94:cd:59,-94,Administracion
47,c2:51:5c:49:ca:65,-94,Administracion
47,30:b5:c2:7f:37:94,-89,Administracion
47,b0:39:56:8b:d0:32,-94,Administracion
47,ee:68:68:81:71:29,-73,Administracion
47,44:12:44:87:5d:d1,-94,Administracion
47,44:59:43:7a:ea:0c,-94,Administracion
47,78:81:02:d2:2d:2d,-94,Administracion
47,44:12:44:87:5d:d0,-95,Administracion
47,60:8d:26:31:76:0d,-54,Administracion
47,44:12:44:88:c9:a0,-86,Administracion
47,60:8d:26:31:76:0c,-58,Administracion
47,44:12:44:88:c9:a1,-86,Administracion
47,30:b5:c2:7f:37:95,-72,Administracion
48,c0:51:5c:99:ca:65,-94,Administracion
48,fc:12:63:c2:13:1f,-89,Administracion
48,c0:51:5c:99:ca:64,-94,Administracion
48,26:39:4e:c8:ed:3c,-91,Administracion
48,e8:48:b8:21:3f:b7,-87,Administracion
48,ea:81:75:c6:b3:7b,-94,Administracion
48,e8:48:b8:21:3f:b6,-92,Administracion
48,a0:18:42:05:9a:40,-96,Administracion
48,56:59:19:bb:95:96,-94,Administracion
48,e2:41:36:c9:85:d0,-86,Administracion
48,3c:a7:ae:98:07:98,-81,Administracion
48,44:12:44:88:7e:a0,-82,Administracion
48,44:12:44:88:7e:a1,-81,Administracion
48,e4:3e:d7:a9:6a:bf,-90,Administracion
48,44:12:44:87:89:61,-86,Administracion
48,44:12:44:87:5d:c1,-73,Administracion
48,44:12:44:87:5d:c0,-72,Administracion
48,78:81:02:d2:2d:29,-85,Administracion
48,6a:8d:26:31:76:0e,-54,Administracion
48,04:f0:21:63:18:b2,-87,Administracion
48,98:9d:5d:2b:72:3d,-84,Administracion
48,d4:60:e3:94:cd:59,-94,Administracion
48,c2:51:5c:49:ca:65,-94,Administracion
48,30:b5:c2:7f:37:94,-89,Administracion
48,b0:39:56:8b:d0:32,-94,Administracion
48,ee:68:68:81:71:29,-73,Administracion
48,44:12:44:87:5d:d1,-94,Administracion
48,44:59:43:7a:ea:0c,-94,Administracion
48,78:81:02:d2:2d:2d,-94,Administracion
48,44:12:44:87:5d:d0,-95,Administracion
48,60:8d:26:31:76:0d,-54,Administracion
48,44:12:44:88:c9:a0,-86,Administracion
48,60:8d:26:31:76:0c,-58,Administracion
48,44:12:44:88:c9:a1,-86,Administracion
48,30:b5:c2:7f:37:95,-72,Administracion
49,c0:51:5c:99:ca:65,-94,Administracion
49,fc:12:63:c2:13:1f,-89,Administracion
49,c0:51:5c:99:ca:64,-94,Administracion
49,26:39:4e:c8:ed:3c,-91,Administracion
49,e8:48:b8:21:3f:b7,-87,Administracion
49,ea:81:75:c6:b3:7b,-94,Administracion
49,e8:48:b8:21:3f:b6,-92,Administracion
49,a0:18:42:05:9a:40,-96,Administracion
49,56:59:19:bb:95:96,-94,Administracion
49,e2:41:36:c9:85:d0,-86,Administracion
49,3c:a7:ae:98:07:98,-81,Administracion
49,44:12:44:88:7e:a0,-82,Administracion
49,44:12:44:88:7e:a1,-81,Administracion
49,e4:3e:d7:a9:6a:bf,-90,Administracion
49,44:12:44:87:89:61,-86,Administracion
49,44:12:44:87:5d:c1,-73,Administracion
49,44:12:44:87:5d:c0,-72,Administracion
49,78:81:02:d2:2d:29,-85,Administracion
49,6a:8d:26:31:76:0e,-54,Administracion
49,04:f0:21:63:18:b2,-87,Administracion
49,98:9d:5d:2b:72:3d,-84,Administracion
49,d4:60:e3:94:cd:59,-94,Administracion
49,c2:51:5c:49:ca:65,-94,Administracion
49,30:b5:c2:7f:37:94,-89,Administracion
49,b0:39:56:8b:d0:32,-94,Administracion
49,ee:68:68:81:71:29,-73,Administracion
49,44:12:44:87:5d:d1,-94,Administracion
49,44:59:43:7a:ea:0c,-94,Administracion
49,78:81:02:d2:2d:2d,-94,Administracion
49,44:12:44:87:5d:d0,-95,Administracion
49,60:8d:26:31:76:0d,-54,Administracion
49,44:12:44:88:c9:a0,-86,Administracion
49,60:8d:26:31:76:0c,-58,Administracion
49,44:12:44:88:c9:a1,-86,Administracion
49,30:b5:c2:7f:37:95,-72,Administracion
50,c0:51:5c:99:ca:65,-94,Administracion
50,fc:12:63:c2:13:1f,-89,Administracion
50,c0:51:5c:99:ca:64,-94,Administracion
50,26:39:4e:c8:ed:3c,-91,Administracion
50,e8:48:b8:21:3f:b7,-87,Administracion
50,ea:81:75:c6:b3:7b,-94,Administracion
50,e8:48:b8:21:3f:b6,-92,Administracion
50,a0:18:42:05:9a:40,-96,Administracion
50,56:59:19:bb:95:96,-94,Administracion
50,e2:41:36:c9:85:d0,-86,Administracion
50,3c:a7:ae:98:07:98,-81,Administracion
50,44:12:44:88:7e:a0,-82,Administracion
50,44:12:44:88:7e:a1,-81,Administracion
50,e4:3e:d7:a9:6a:bf,-90,Administracion
50,44:12:44:87:89:61,-86,Administracion
50,44:12:44:87:5d:c1,-73,Administracion
50,44:12:44:87:5d:c0,-72,Administracion
50,78:81:02:d2:2d:29,-85,Administracion
50,6a:8d:26:31:76:0e,-54,Administracion
50,04:f0:21:63:18:b2,-87,Administracion
50,98:9d:5d:2b:72:3d,-84,Administracion
50,d4:60:e3:94:cd:59,-94,Administracion
50,c2:51:5c:49:ca:65,-94,Administracion
50,30:b5:c2:7f:37:94,-89,Administracion
50,b0:39:56:8b:d0:32,-94,Administracion
50,ee:68:68:81:71:29,-73,Administracion
50,44:12:44:87:5d:d1,-94,Administracion
50,44:59:43:7a:ea:0c,-94,Administracion
50,78:81:02:d2:2d:2d,-94,Administracion
50,44:12:44:87:5d:d0,-95,Administracion
50,60:8d:26:31:76:0d,-54,Administracion
50,44:12:44:88:c9:a0,-86,Administracion
50,60:8d:26:31:76:0c,-58,Administracion
50,44:12:44:88:c9:a1,-86,Administracion
50,30:b5:c2:7f:37:95,-72,Administracion
51,c0:51:5c:99:ca:65,-94,Administracion
51,fc:12:63:c2:13:1f,-89,Administracion
51,c0:51:5c:99:ca:64,-94,Administracion
51,26:39:4e:c8:ed:3c,-91,Administracion
51,e8:48:b8:21:3f:b7,-87,Administracion
51,ea:81:75:c6:b3:7b,-94,Administracion
51,e8:48:b8:21:3f:b6,-92,Administracion
51,a0:18:42:05:9a:40,-96,Administracion
51,56:59:19:bb:95:96,-94,Administracion
51,e2:41:36:c9:85:d0,-86,Administracion
51,3c:a7:ae:98:07:98,-81,Administracion
51,44:12:44:88:7e:a0,-82,Administracion
51,44:12:44:88:7e:a1,-81,Administracion
51,e4:3e:d7:a9:6a:bf,-90,Administracion
51,44:12:44:87:89:61,-86,Administracion
51,44:12:44:87:5d:c1,-73,Administracion
51,44:12:44:87:5d:c0,-72,Administracion
51,78:81:02:d2:2d:29,-85,Administracion
51,6a:8d:26:31:76:0e,-54,Administracion
51,04:f0:21:63:18:b2,-87,Administracion
51,98:9d:5d:2b:72:3d,-84,Administracion
51,d4:60:e3:94:cd:59,-94,Administracion
51,c2:51:5c:49:ca:65,-94,Administracion
51,30:b5:c2:7f:37:94,-89,Administracion
51,b0:39:56:8b:d0:32,-94,Administracion
51,ee:68:68:81:71:29,-73,Administracion
51,44:12:44:87:5d:d1,-94,Administracion
51,44:59:43:7a:ea:0c,-94,Administracion
51,78:81:02:d2:2d:2d,-94,Administracion
51,44:12:44:87:5d:d0,-95,Administracion
51,60:8d:26:31:76:0d,-54,Administracion
51,44:12:44:88:c9:a0,-86,Administracion
51,60:8d:26:31:76:0c,-58,Administracion
51,44:12:44:88:c9:a1,-86,Administracion
51,30:b5:c2:7f:37:95,-72,Administracion
52,c0:51:5c:99:ca:65,-94,Administracion
52,fc:12:63:c2:13:1f,-89,Administracion
52,c0:51:5c:99:ca:64,-94,Administracion
52,26:39:4e:c8:ed:3c,-91,Administracion
52,e8:48:b8:21:3f:b7,-87,Administracion
52,ea:81:75:c6:b3:7b,-94,Administracion
52,e8:48:b8:21:3f:b6,-92,Administracion
52,a0:18:42:05:9a:40,-96,Administracion
52,56:59:19:bb:95:96,-94,Administracion
52,e2:41:36:c9:85:d0,-86,Administracion
52,3c:a7:ae:98:07:98,-81,Administracion
52,44:12:44:88:7e:a0,-82,Administracion
52,44:12:44:88:7e:a1,-81,Administracion
52,e4:3e:d7:a9:6a:bf,-90,Administracion
52,44:12:44:87:89:61,-86,Administracion
52,44:12:44:87:5d:c1,-73,Administracion
52,44:12:44:87:5d:c0,-72,Administracion
52,78:81:02:d2:2d:29,-85,Administracion
52,6a:8d:26:31:76:0e,-54,Administracion
52,04:f0:21:63:18:b2,-87,Administracion
52,98:9d:5d:2b:72:3d,-84,Administracion
52,d4:60:e3:94:cd:59,-94,Administracion
52,c2:51:5c:49:ca:65,-94,Administracion
52,30:b5:c2:7f:37:94,-89,Administracion
52,b0:39:56:8b:d0:32,-94,Administracion
52,ee:68:68:81:71:29,-73,Administracion
52,44:12:44:87:5d:d1,-94,Administracion
52,44:59:43:7a:ea:0c,-94,Administracion
52,78:81:02:d2:2d:2d,-94,Administracion
52,44:12:44:87:5d:d0,-95,Administracion
52,60:8d:26:31:76:0d,-54,Administracion
52,44:12:44:88:c9:a0,-86,Administracion
52,60:8d:26:31:76:0c,-58,Administracion
52,44:12:44:88:c9:a1,-86,Administracion
52,30:b5:c2:7f:37:95,-72,Administracion
53,c0:51:5c:99:ca:65,-94,Administracion
53,fc:12:63:c2:13:1f,-89,Administracion
53,c0:51:5c:99:ca:64,-94,Administracion
53,26:39:4e:c8:ed:3c,-91,Administracion
53,e8:48:b8:21:3f:b7,-87,Administracion
53,ea:81:75:c6:b3:7b,-94,Administracion
53,e8:48:b8:21:3f:b6,-92,Administracion
53,a0:18:42:05:9a:40,-96,Administracion
53,56:59:19:bb:95:96,-94,Administracion
53,e2:41:36:c9:85:d0,-86,Administracion
53,3c:a7:ae:98:07:98,-81,Administracion
53,44:12:44:88:7e:a0,-82,Administracion
53,44:12:44:88:7e:a1,-81,Administracion
53,e4:3e:d7:a9:6a:bf,-90,Administracion
53,44:12:44:87:89:61,-86,Administracion
53,44:12:44:87:5d:c1,-73,Administracion
53,44:12:44:87:5d:c0,-72,Administracion
53,78:81:02:d2:2d:29,-85,Administracion
53,6a:8d:26:31:76:0e,-54,Administracion
53,04:f0:21:63:18:b2,-87,Administracion
53,98:9d:5d:2b:72:3d,-84,Administracion
53,d4:60:e3:94:cd:59,-94,Administracion
53,c2:51:5c:49:ca:65,-94,Administracion
53,30:b5:c2:7f:37:94,-89,Administracion
53,b0:39:56:8b:d0:32,-94,Administracion
53,ee:68:68:81:71:29,-73,Administracion
53,44:12:44:87:5d:d1,-94,Administracion
53,44:59:43:7a:ea:0c,-94,Administracion
53,78:81:02:d2:2d:2d,-94,Administracion
53,44:12:44:87:5d:d0,-95,Administracion
53,60:8d:26:31:76:0d,-54,Administracion
53,44:12:44:88:c9:a0,-86,Administracion
53,60:8d:26:31:76:0c,-58,Administracion
53,44:12:44:88:c9:a1,-86,Administracion
53,30:b5:c2:7f:37:95,-72,Administracion
54,c0:51:5c:99:ca:65,-94,Administracion
54,fc:12:63:c2:13:1f,-89,Administracion
54,c0:51:5c:99:ca:64,-94,Administracion
54,26:39:4e:c8:ed:3c,-91,Administracion
54,e8:48:b8:21:3f:b7,-87,Administracion
54,ea:81:75:c6:b3:7b,-94,Administracion
54,e8:48:b8:21:3f:b6,-92,Administracion
54,a0:18:42:05:9a:40,-96,Administracion
54,56:59:19:bb:95:96,-94,Administracion
54,e2:41:36:c9:85:d0,-86,Administracion
54,3c:a7:ae:98:07:98,-81,Administracion
54,44:12:44:88:7e:a0,-82,Administracion
54,44:12:44:88:7e:a1,-81,Administracion
54,e4:3e:d7:a9:6a:bf,-90,Administracion
54,44:12:44:87:89:61,-86,Administracion
54,44:12:44:87:5d:c1,-73,Administracion
54,44:12:44:87:5d:c0,-72,Administracion
54,78:81:02:d2:2d:29,-85,Administracion
54,6a:8d:26:31:76:0e,-54,Administracion
54,04:f0:21:63:18:b2,-87,Administracion
54,98:9d:5d:2b:72:3d,-84,Administracion
54,d4:60:e3:94:cd:59,-94,Administracion
54,c2:51:5c:49:ca:65,-94,Administracion
54,30:b5:c2:7f:37:94,-89,Administracion
54,b0:39:56:8b:d0:32,-94,Administracion
54,ee:68:68:81:71:29,-73,Administracion
54,44:12:44:87:5d:d1,-94,Administracion
54,44:59:43:7a:ea:0c,-94,Administracion
54,78:81:02:d2:2d:2d,-94,Administracion
54,44:12:44:87:5d:d0,-95,Administracion
54,60:8d:26:31:76:0d,-54,Administracion
54,44:12:44:88:c9:a0,-86,Administracion
54,60:8d:26:31:76:0c,-58,Administracion
54,44:12:44:88:c9:a1,-86,Administracion
54,30:b5:c2:7f:37:95,-72,Administracion
55,c0:51:5c:99:ca:65,-94,Administracion
55,fc:12:63:c2:13:1f,-89,Administracion
55,c0:51:5c:99:ca:64,-94,Administracion
55,26:39:4e:c8:ed:3c,-91,Administracion
55,e8:48:b8:21:3f:b7,-87,Administracion
55,ea:81:75:c6:b3:7b,-94,Administracion
55,e8:48:b8:21:3f:b6,-92,Administracion
55,a0:18:42:05:9a:40,-96,Administracion
55,56:59:19:bb:95:96,-94,Administracion
55,e2:41:36:c9:85:d0,-86,Administracion
55,3c:a7:ae:98:07:98,-81,Administracion
55,44:12:44:88:7e:a0,-82,Administracion
55,44:12:44:88:7e:a1,-81,Administracion
55,e4:3e:d7:a9:6a:bf,-90,Administracion
55,44:12:44:87:89:61,-86,Administracion
55,44:12:44:87:5d:c1,-73,Administracion
55,44:12:44:87:5d:c0,-72,Administracion
55,78:81:02:d2:2d:29,-85,Administracion
55,6a:8d:26:31:76:0e,-54,Administracion
55,04:f0:21:63:18:b2,-87,Administracion
55,98:9d:5d:2b:72:3d,-84,Administracion
55,d4:60:e3:94:cd:59,-94,Administracion
55,c2:51:5c:49:ca:65,-94,Administracion
55,30:b5:c2:7f:37:94,-89,Administracion
55,b0:39:56:8b:d0:32,-94,Administracion
55,ee:68:68:81:71:29,-73,Administracion
55,44:12:44:87:5d:d1,-94,Administracion
55,44:59:43:7a:ea:0c,-94,Administracion
55,78:81:02:d2:2d:2d,-94,Administracion
55,44:12:44:87:5d:d0,-95,Administracion
55,60:8d:26:31:76:0d,-54,Administracion
55,44:12:44:88:c9:a0,-86,Administracion
55,60:8d:26:31:76:0c,-58,Administracion
55,44:12:44:88:c9:a1,-86,Administracion
55,30:b5:c2:7f:37:95,-72,Administracion
56,c0:51:5c:99:ca:65,-94,Administracion
56,fc:12:63:c2:13:1f,-89,Administracion
56,26:39:4e:c8:ed:3c,-91,Administracion
56,e8:48:b8:21:3f:b7,-87,Administracion
56,e8:48:b8:21:3f:b6,-92,Administracion
56,a0:18:42:05:9a:40,-96,Administracion
56,56:59:19:bb:95:96,-94,Administracion
56,e4:3e:d7:a9:6a:bf,-90,Administracion
56,44:12:44:87:89:61,-86,Administracion
56,44:12:44:87:5d:c1,-73,Administracion
56,44:12:44:87:5d:c0,-72,Administracion
56,78:81:02:d2:2d:29,-85,Administracion
56,6a:8d:26:31:76:0e,-54,Administracion
56,04:f0:21:63:18:b2,-87,Administracion
56,98:9d:5d:2b:72:3d,-84,Administracion
56,c2:51:5c:49:ca:65,-94,Administracion
56,30:b5:c2:7f:37:94,-89,Administracion
56,ee:68:68:81:71:29,-73,Administracion
56,44:12:44:87:5d:d1,-94,Administracion
56,44:59:43:7a:ea:0c,-94,Administracion
56,78:81:02:d2:2d:2d,-94,Administracion
56,44:12:44:87:5d:d0,-95,Administracion
56,60:8d:26:31:76:0d,-54,Administracion
56,44:12:44:88:c9:a0,-86,Administracion
56,60:8d:26:31:76:0c,-58,Administracion
56,44:12:44:88:c9:a1,-86,Administracion
56,30:b5:c2:7f:37:95,-72,Administracion
57,c0:51:5c:99:ca:65,-94,Administracion
57,fc:12:63:c2:13:1f,-89,Administracion
57,26:39:4e:c8:ed:3c,-91,Administracion
57,e8:48:b8:21:3f:b7,-87,Administracion
57,e8:48:b8:21:3f:b6,-92,Administracion
57,a0:18:42:05:9a:40,-96,Administracion
57,56:59:19:bb:95:96,-94,Administracion
57,e4:3e:d7:a9:6a:bf,-90,Administracion
57,44:12:44:87:89:61,-86,Administracion
57,44:12:44:87:5d:c1,-73,Administracion
57,44:12:44:87:5d:c0,-72,Administracion
57,78:81:02:d2:2d:29,-85,Administracion
57,6a:8d:26:31:76:0e,-54,Administracion
57,04:f0:21:63:18:b2,-87,Administracion
57,98:9d:5d:2b:72:3d,-84,Administracion
57,c2:51:5c:49:ca:65,-94,Administracion
57,30:b5:c2:7f:37:94,-89,Administracion
57,ee:68:68:81:71:29,-73,Administracion
57,44:12:44:87:5d:d1,-94,Administracion
57,44:59:43:7a:ea:0c,-94,Administracion
57,78:81:02:d2:2d:2d,-94,Administracion
57,44:12:44:87:5d:d0,-95,Administracion
57,60:8d:26:31:76:0d,-54,Administracion
57,44:12:44:88:c9:a0,-86,Administracion
57,60:8d:26:31:76:0c,-58,Administracion
57,44:12:44:88:c9:a1,-86,Administracion
57,30:b5:c2:7f:37:95,-72,Administracion
58,c0:51:5c:99:ca:65,-94,Administracion
58,fc:12:63:c2:13:1f,-89,Administracion
58,26:39:4e:c8:ed:3c,-91,Administracion
58,e8:48:b8:21:3f:b7,-87,Administracion
58,e8:48:b8:21:3f:b6,-92,Administracion
58,a0:18:42:05:9a:40,-96,Administracion
58,56:59:19:bb:95:96,-94,Administracion
58,e4:3e:d7:a9:6a:bf,-90,Administracion
58,44:12:44:87:89:61,-86,Administracion
58,44:12:44:87:5d:c1,-73,Administracion
58,44:12:44:87:5d:c0,-72,Administracion
58,78:81:02:d2:2d:29,-85,Administracion
58,6a:8d:26:31:76:0e,-54,Administracion
58,04:f0:21:63:18:b2,-87,Administracion
58,98:9d:5d:2b:72:3d,-84,Administracion
58,c2:51:5c:49:ca:65,-94,Administracion
58,30:b5:c2:7f:37:94,-89,Administracion
58,ee:68:68:81:71:29,-73,Administracion
58,44:12:44:87:5d:d1,-94,Administracion
58,44:59:43:7a:ea:0c,-94,Administracion
58,78:81:02:d2:2d:2d,-94,Administracion
58,44:12:44:87:5d:d0,-95,Administracion
58,60:8d:26:31:76:0d,-54,Administracion
58,44:12:44:88:c9:a0,-86,Administracion
58,60:8d:26:31:76:0c,-58,Administracion
58,44:12:44:88:c9:a1,-86,Administracion
58,30:b5:c2:7f:37:95,-72,Administracion
59,c0:51:5c:99:ca:65,-94,Administracion
59,fc:12:63:c2:13:1f,-89,Administracion
59,26:39:4e:c8:ed:3c,-91,Administracion
59,e8:48:b8:21:3f:b7,-87,Administracion
59,e8:48:b8:21:3f:b6,-92,Administracion
59,a0:18:42:05:9a:40,-96,Administracion
59,56:59:19:bb:95:96,-94,Administracion
59,e4:3e:d7:a9:6a:bf,-90,Administracion
59,44:12:44:87:89:61,-86,Administracion
59,44:12:44:87:5d:c1,-73,Administracion
59,44:12:44:87:5d:c0,-72,Administracion
59,78:81:02:d2:2d:29,-85,Administracion
59,6a:8d:26:31:76:0e,-54,Administracion
59,04:f0:21:63:18:b2,-87,Administracion
59,98:9d:5d:2b:72:3d,-84,Administracion
59,c2:51:5c:49:ca:65,-94,Administracion
59,30:b5:c2:7f:37:94,-89,Administracion
59,ee:68:68:81:71:29,-73,Administracion
59,44:12:44:87:5d:d1,-94,Administracion
59,44:59:43:7a:ea:0c,-94,Administracion
59,78:81:02:d2:2d:2d,-94,Administracion
59,44:12:44:87:5d:d0,-95,Administracion
59,60:8d:26:31:76:0d,-54,Administracion
59,44:12:44:88:c9:a0,-86,Administracion
59,60:8d:26:31:76:0c,-58,Administracion
59,44:12:44:88:c9:a1,-86,Administracion
59,30:b5:c2:7f:37:95,-72,Administracion
60,c0:51:5c:99:ca:65,-94,Administracion
60,fc:12:63:c2:13:1f,-89,Administracion
60,26:39:4e:c8:ed:3c,-91,Administracion
60,e8:48:b8:21:3f:b7,-87,Administracion
60,e8:48:b8:21:3f:b6,-92,Administracion
60,a0:18:42:05:9a:40,-96,Administracion
60,56:59:19:bb:95:96,-94,Administracion
60,e4:3e:d7:a9:6a:bf,-90,Administracion
60,44:12:44:87:89:61,-86,Administracion
60,44:12:44:87:5d:c1,-73,Administracion
60,44:12:44:87:5d:c0,-72,Administracion
60,78:81:02:d2:2d:29,-85,Administracion
60,6a:8d:26:31:76:0e,-54,Administracion
60,04:f0:21:63:18:b2,-87,Administracion
60,98:9d:5d:2b:72:3d,-84,Administracion
60,c2:51:5c:49:ca:65,-94,Administracion
60,30:b5:c2:7f:37:94,-89,Administracion
60,ee:68:68:81:71:29,-73,Administracion
60,44:12:44:87:5d:d1,-94,Administracion
60,44:59:43:7a:ea:0c,-94,Administracion
60,78:81:02:d2:2d:2d,-94,Administracion
60,44:12:44:87:5d:d0,-95,Administracion
60,60:8d:26:31:76:0d,-54,Administracion
60,44:12:44:88:c9:a0,-86,Administracion
60,60:8d:26:31:76:0c,-58,Administracion
60,44:12:44:88:c9:a1,-86,Administracion
60,30:b5:c2:7f:37:95,-72,Administracion
61,c0:51:5c:99:ca:65,-94,Administracion
61,fc:12:63:c2:13:1f,-89,Administracion
61,26:39:4e:c8:ed:3c,-91,Administracion
61,e8:48:b8:21:3f:b7,-87,Administracion
61,e8:48:b8:21:3f:b6,-92,Administracion
61,a0:18:42:05:9a:40,-96,Administracion
61,56:59:19:bb:95:96,-94,Administracion
61,e4:3e:d7:a9:6a:bf,-90,Administracion
61,44:12:44:87:89:61,-86,Administracion
61,44:12:44:87:5d:c1,-73,Administracion
61,44:12:44:87:5d:c0,-72,Administracion
61,78:81:02:d2:2d:29,-85,Administracion
61,6a:8d:26:31:76:0e,-54,Administracion
61,04:f0:21:63:18:b2,-87,Administracion
61,98:9d:5d:2b:72:3d,-84,Administracion
61,c2:51:5c:49:ca:65,-94,Administracion
61,30:b5:c2:7f:37:94,-89,Administracion
61,ee:68:68:81:71:29,-73,Administracion
61,44:12:44:87:5d:d1,-94,Administracion
61,44:59:43:7a:ea:0c,-94,Administracion
61,78:81:02:d2:2d:2d,-94,Administracion
61,44:12:44:87:5d:d0,-95,Administracion
61,60:8d:26:31:76:0d,-54,Administracion
61,44:12:44:88:c9:a0,-86,Administracion
61,60:8d:26:31:76:0c,-58,Administracion
61,44:12:44:88:c9:a1,-86,Administracion
61,30:b5:c2:7f:37:95,-72,Administracion
62,c0:51:5c:99:ca:65,-94,Administracion
62,fc:12:63:c2:13:1f,-89,Administracion
62,26:39:4e:c8:ed:3c,-91,Administracion
62,e8:48:b8:21:3f:b7,-87,Administracion
62,a0:18:42:05:9a:40,-96,Administracion
62,e8:48:b8:21:3f:b6,-92,Administracion
62,56:59:19:bb:95:96,-94,Administracion
62,e4:3e:d7:a9:6a:bf,-90,Administracion
62,44:12:44:87:89:61,-86,Administracion
62,44:12:44:87:5d:c1,-73,Administracion
62,44:12:44:87:5d:c0,-72,Administracion
62,78:81:02:d2:2d:29,-85,Administracion
62,6a:8d:26:31:76:0e,-54,Administracion
62,04:f0:21:63:18:b2,-87,Administracion
62,98:9d:5d:2b:72:3d,-84,Administracion
62,c2:51:5c:49:ca:65,-94,Administracion
62,30:b5:c2:7f:37:94,-89,Administracion
62,ee:68:68:81:71:29,-73,Administracion
62,44:12:44:87:5d:d1,-94,Administracion
62,44:59:43:7a:ea:0c,-94,Administracion
62,78:81:02:d2:2d:2d,-94,Administracion
62,44:12:44:87:5d:d0,-95,Administracion
62,60:8d:26:31:76:0d,-54,Administracion
62,44:12:44:88:c9:a0,-86,Administracion
62,60:8d:26:31:76:0c,-58,Administracion
62,44:12:44:88:c9:a1,-86,Administracion
62,30:b5:c2:7f:37:95,-72,Administracion
63,c0:51:5c:99:ca:65,-94,Administracion
63,fc:12:63:c2:13:1f,-89,Administracion
63,26:39:4e:c8:ed:3c,-91,Administracion
63,e8:48:b8:21:3f:b7,-87,Administracion
63,e8:48:b8:21:3f:b6,-92,Administracion
63,a0:18:42:05:9a:40,-96,Administracion
63,56:59:19:bb:95:96,-94,Administracion
63,e4:3e:d7:a9:6a:bf,-90,Administracion
63,44:12:44:87:89:61,-86,Administracion
63,44:12:44:87:5d:c1,-73,Administracion
63,44:12:44:87:5d:c0,-72,Administracion
63,78:81:02:d2:2d:29,-85,Administracion
63,6a:8d:26:31:76:0e,-54,Administracion
63,04:f0:21:63:18:b2,-87,Administracion
63,98:9d:5d:2b:72:3d,-84,Administracion
63,c2:51:5c:49:ca:65,-94,Administracion
63,30:b5:c2:7f:37:94,-89,Administracion
63,ee:68:68:81:71:29,-73,Administracion
63,44:12:44:87:5d:d1,-94,Administracion
63,44:59:43:7a:ea:0c,-94,Administracion
63,78:81:02:d2:2d:2d,-94,Administracion
63,44:12:44:87:5d:d0,-95,Administracion
63,60:8d:26:31:76:0d,-54,Administracion
63,44:12:44:88:c9:a0,-86,Administracion
63,60:8d:26:31:76:0c,-58,Administracion
63,44:12:44:88:c9:a1,-86,Administracion
63,30:b5:c2:7f:37:95,-72,Administracion
64,c0:51:5c:99:ca:65,-94,Administracion
64,fc:12:63:c2:13:1f,-89,Administracion
64,26:39:4e:c8:ed:3c,-91,Administracion
64,e8:48:b8:21:3f:b7,-87,Administracion
64,e8:48:b8:21:3f:b6,-92,Administracion
64,a0:18:42:05:9a:40,-96,Administracion
64,56:59:19:bb:95:96,-94,Administracion
64,e4:3e:d7:a9:6a:bf,-90,Administracion
64,44:12:44:87:89:61,-86,Administracion
64,44:12:44:87:5d:c1,-73,Administracion
64,44:12:44:87:5d:c0,-72,Administracion
64,78:81:02:d2:2d:29,-85,Administracion
64,6a:8d:26:31:76:0e,-54,Administracion
64,04:f0:21:63:18:b2,-87,Administracion
64,98:9d:5d:2b:72:3d,-84,Administracion
64,c2:51:5c:49:ca:65,-94,Administracion
64,30:b5:c2:7f:37:94,-89,Administracion
64,ee:68:68:81:71:29,-73,Administracion
64,44:12:44:87:5d:d1,-94,Administracion
64,44:59:43:7a:ea:0c,-94,Administracion
64,78:81:02:d2:2d:2d,-94,Administracion
64,44:12:44:87:5d:d0,-95,Administracion
64,60:8d:26:31:76:0d,-54,Administracion
64,44:12:44:88:c9:a0,-86,Administracion
64,60:8d:26:31:76:0c,-58,Administracion
64,44:12:44:88:c9:a1,-86,Administracion
64,30:b5:c2:7f:37:95,-72,Administracion
65,c0:51:5c:99:ca:65,-94,Administracion
65,fc:12:63:c2:13:1f,-89,Administracion
65,26:39:4e:c8:ed:3c,-91,Administracion
65,e8:48:b8:21:3f:b7,-87,Administracion
65,e8:48:b8:21:3f:b6,-92,Administracion
65,a0:18:42:05:9a:40,-96,Administracion
65,56:59:19:bb:95:96,-94,Administracion
65,e4:3e:d7:a9:6a:bf,-90,Administracion
65,44:12:44:87:89:61,-86,Administracion
65,44:12:44:87:5d:c1,-73,Administracion
65,44:12:44:87:5d:c0,-72,Administracion
65,78:81:02:d2:2d:29,-85,Administracion
65,6a:8d:26:31:76:0e,-54,Administracion
65,04:f0:21:63:18:b2,-87,Administracion
65,98:9d:5d:2b:72:3d,-84,Administracion
65,c2:51:5c:49:ca:65,-94,Administracion
65,30:b5:c2:7f:37:94,-89,Administracion
65,ee:68:68:81:71:29,-73,Administracion
65,44:12:44:87:5d:d1,-94,Administracion
65,44:59:43:7a:ea:0c,-94,Administracion
65,78:81:02:d2:2d:2d,-94,Administracion
65,44:12:44:87:5d:d0,-95,Administracion
65,60:8d:26:31:76:0d,-54,Administracion
65,44:12:44:88:c9:a0,-86,Administracion
65,60:8d:26:31:76:0c,-58,Administracion
65,44:12:44:88:c9:a1,-86,Administracion
65,30:b5:c2:7f:37:95,-72,Administracion
66,e8:48:b8:21:3f:b7,-82,Administracion
66,44:12:44:88:7e:a0,-86,Administracion
66,44:12:44:87:5d:c1,-72,Administracion
66,44:12:44:87:5d:c0,-73,Administracion
66,6a:8d:26:31:76:0e,-56,Administracion
66,44:12:44:88:30:40,-85,Administracion
66,44:12:44:88:30:41,-84,Administracion
66,98:9d:5d:2b:72:3d,-86,Administracion
66,30:b5:c2:7f:37:94,-90,Administracion
66,ee:68:68:81:71:29,-75,Administracion
66,60:8d:26:31:76:0c,-57,Administracion
66,30:b5:c2:7f:37:95,-73,Administracion
67,e8:48:b8:21:3f:b7,-82,Administracion
67,44:12:44:88:7e:a0,-86,Administracion
67,44:12:44:87:5d:c1,-72,Administracion
67,44:12:44:87:5d:c0,-73,Administracion
67,6a:8d:26:31:76:0e,-56,Administracion
67,44:12:44:88:30:40,-85,Administracion
67,44:12:44:88:30:41,-84,Administracion
67,98:9d:5d:2b:72:3d,-86,Administracion
67,30:b5:c2:7f:37:94,-90,Administracion
67,ee:68:68:81:71:29,-75,Administracion
67,60:8d:26:31:76:0c,-57,Administracion
67,30:b5:c2:7f:37:95,-73,Administracion
68,e8:48:b8:21:3f:b7,-82,Administracion
68,44:12:44:88:7e:a0,-86,Administracion
68,44:12:44:87:5d:c1,-72,Administracion
68,44:12:44:87:5d:c0,-73,Administracion
68,6a:8d:26:31:76:0e,-56,Administracion
68,44:12:44:88:30:40,-85,Administracion
68,44:12:44:88:30:41,-84,Administracion
68,98:9d:5d:2b:72:3d,-86,Administracion
68,30:b5:c2:7f:37:94,-90,Administracion
68,ee:68:68:81:71:29,-75,Administracion
68,60:8d:26:31:76:0c,-57,Administracion
68,30:b5:c2:7f:37:95,-73,Administracion
69,e8:48:b8:21:3f:b7,-82,Administracion
69,44:12:44:88:7e:a0,-86,Administracion
69,44:12:44:87:5d:c1,-72,Administracion
69,44:12:44:87:5d:c0,-73,Administracion
69,6a:8d:26:31:76:0e,-56,Administracion
69,44:12:44:88:30:40,-85,Administracion
69,44:12:44:88:30:41,-84,Administracion
69,98:9d:5d:2b:72:3d,-86,Administracion
69,30:b5:c2:7f:37:94,-90,Administracion
69,ee:68:68:81:71:29,-75,Administracion
69,60:8d:26:31:76:0c,-57,Administracion
69,30:b5:c2:7f:37:95,-73,Administracion
70,e8:48:b8:21:3f:b7,-82,Administracion
70,44:12:44:88:7e:a0,-86,Administracion
70,44:12:44:87:5d:c1,-72,Administracion
70,44:12:44:87:5d:c0,-73,Administracion
70,6a:8d:26:31:76:0e,-56,Administracion
70,44:12:44:88:30:40,-85,Administracion
70,44:12:44:88:30:41,-84,Administracion
70,98:9d:5d:2b:72:3d,-86,Administracion
70,30:b5:c2:7f:37:94,-90,Administracion
70,ee:68:68:81:71:29,-75,Administracion
70,60:8d:26:31:76:0c,-57,Administracion
70,30:b5:c2:7f:37:95,-73,Administracion
71,c0:51:5c:99:ca:65,-94,Administracion
71,fc:12:63:c2:13:1f,-89,Administracion
71,26:39:4e:c8:ed:3c,-91,Administracion
71,e8:48:b8:21:3f:b7,-82,Administracion
71,e8:48:b8:21:3f:b6,-92,Administracion
71,a0:18:42:05:9a:40,-96,Administracion
71,56:59:19:bb:95:96,-94,Administracion
71,44:12:44:88:7e:a0,-86,Administracion
71,e4:3e:d7:a9:6a:bf,-90,Administracion
71,44:12:44:87:89:61,-86,Administracion
71,44:12:44:87:5d:c1,-72,Administracion
71,44:12:44:87:5d:c0,-73,Administracion
71,78:81:02:d2:2d:29,-85,Administracion
71,6a:8d:26:31:76:0e,-56,Administracion
71,44:12:44:88:30:40,-85,Administracion
71,04:f0:21:63:18:b2,-87,Administracion
71,44:12:44:88:30:41,-84,Administracion
71,98:9d:5d:2b:72:3d,-86,Administracion
71,c2:51:5c:49:ca:65,-94,Administracion
71,30:b5:c2:7f:37:94,-90,Administracion
71,ee:68:68:81:71:29,-75,Administracion
71,44:12:44:87:5d:d1,-94,Administracion
71,44:59:43:7a:ea:0c,-94,Administracion
71,78:81:02:d2:2d:2d,-94,Administracion
71,44:12:44:87:5d:d0,-95,Administracion
71,60:8d:26:31:76:0d,-54,Administracion
71,44:12:44:88:c9:a0,-86,Administracion
71,60:8d:26:31:76:0c,-57,Administracion
71,44:12:44:88:c9:a1,-86,Administracion
71,30:b5:c2:7f:37:95,-73,Administracion
72,c0:51:5c:99:ca:65,-94,Administracion
72,fc:12:63:c2:13:1f,-89,Administracion
72,26:39:4e:c8:ed:3c,-91,Administracion
72,e8:48:b8:21:3f:b7,-82,Administracion
72,e8:48:b8:21:3f:b6,-92,Administracion
72,a0:18:42:05:9a:40,-96,Administracion
72,56:59:19:bb:95:96,-94,Administracion
72,44:12:44:88:7e:a0,-86,Administracion
72,e4:3e:d7:a9:6a:bf,-90,Administracion
72,44:12:44:87:89:61,-86,Administracion
72,44:12:44:87:5d:c1,-72,Administracion
72,44:12:44:87:5d:c0,-73,Administracion
72,6a:8d:26:31:76:0e,-56,Administracion
72,78:81:02:d2:2d:29,-85,Administracion
72,44:12:44:88:30:40,-85,Administracion
72,04:f0:21:63:18:b2,-87,Administracion
72,44:12:44:88:30:41,-84,Administracion
72,98:9d:5d:2b:72:3d,-86,Administracion
72,c2:51:5c:49:ca:65,-94,Administracion
72,30:b5:c2:7f:37:94,-90,Administracion
72,ee:68:68:81:71:29,-75,Administracion
72,44:12:44:87:5d:d1,-94,Administracion
72,44:59:43:7a:ea:0c,-94,Administracion
72,78:81:02:d2:2d:2d,-94,Administracion
72,44:12:44:87:5d:d0,-95,Administracion
72,60:8d:26:31:76:0d,-54,Administracion
72,44:12:44:88:c9:a0,-86,Administracion
72,60:8d:26:31:76:0c,-57,Administracion
72,44:12:44:88:c9:a1,-86,Administracion
72,30:b5:c2:7f:37:95,-73,Administracion
73,c0:51:5c:99:ca:65,-94,Administracion
73,fc:12:63:c2:13:1f,-89,Administracion
73,26:39:4e:c8:ed:3c,-91,Administracion
73,e8:48:b8:21:3f:b7,-82,Administracion
73,e8:48:b8:21:3f:b6,-92,Administracion
73,a0:18:42:05:9a:40,-96,Administracion
73,56:59:19:bb:95:96,-94,Administracion
73,44:12:44:88:7e:a0,-86,Administracion
73,e4:3e:d7:a9:6a:bf,-90,Administracion
73,44:12:44:87:89:61,-86,Administracion
73,44:12:44:87:5d:c1,-72,Administracion
73,44:12:44:87:5d:c0,-73,Administracion
73,78:81:02:d2:2d:29,-85,Administracion
73,6a:8d:26:31:76:0e,-56,Administracion
73,44:12:44:88:30:40,-85,Administracion
73,04:f0:21:63:18:b2,-87,Administracion
73,44:12:44:88:30:41,-84,Administracion
73,98:9d:5d:2b:72:3d,-86,Administracion
73,c2:51:5c:49:ca:65,-94,Administracion
73,30:b5:c2:7f:37:94,-90,Administracion
73,ee:68:68:81:71:29,-75,Administracion
73,44:12:44:87:5d:d1,-94,Administracion
73,44:59:43:7a:ea:0c,-94,Administracion
73,78:81:02:d2:2d:2d,-94,Administracion
73,44:12:44:87:5d:d0,-95,Administracion
73,60:8d:26:31:76:0d,-54,Administracion
73,44:12:44:88:c9:a0,-86,Administracion
73,60:8d:26:31:76:0c,-57,Administracion
73,44:12:44:88:c9:a1,-86,Administracion
73,30:b5:c2:7f:37:95,-73,Administracion
74,c0:51:5c:99:ca:65,-94,Administracion
74,fc:12:63:c2:13:1f,-89,Administracion
74,26:39:4e:c8:ed:3c,-91,Administracion
74,e8:48:b8:21:3f:b7,-82,Administracion
74,e8:48:b8:21:3f:b6,-92,Administracion
74,a0:18:42:05:9a:40,-96,Administracion
74,56:59:19:bb:95:96,-94,Administracion
74,44:12:44:88:7e:a0,-86,Administracion
74,e4:3e:d7:a9:6a:bf,-90,Administracion
74,44:12:44:87:89:61,-86,Administracion
74,44:12:44:87:5d:c1,-72,Administracion
74,44:12:44:87:5d:c0,-73,Administracion
74,78:81:02:d2:2d:29,-85,Administracion
74,6a:8d:26:31:76:0e,-56,Administracion
74,44:12:44:88:30:40,-85,Administracion
74,04:f0:21:63:18:b2,-87,Administracion
74,44:12:44:88:30:41,-84,Administracion
74,98:9d:5d:2b:72:3d,-86,Administracion
74,c2:51:5c:49:ca:65,-94,Administracion
74,30:b5:c2:7f:37:94,-90,Administracion
74,ee:68:68:81:71:29,-75,Administracion
74,44:12:44:87:5d:d1,-94,Administracion
74,44:59:43:7a:ea:0c,-94,Administracion
74,78:81:02:d2:2d:2d,-94,Administracion
74,60:8d:26:31:76:0d,-54,Administracion
74,44:12:44:87:5d:d0,-95,Administracion
74,44:12:44:88:c9:a0,-86,Administracion
74,60:8d:26:31:76:0c,-57,Administracion
74,44:12:44:88:c9:a1,-86,Administracion
74,30:b5:c2:7f:37:95,-73,Administracion
75,c0:51:5c:99:ca:65,-94,Administracion
75,fc:12:63:c2:13:1f,-89,Administracion
75,26:39:4e:c8:ed:3c,-91,Administracion
75,e8:48:b8:21:3f:b7,-82,Administracion
75,e8:48:b8:21:3f:b6,-92,Administracion
75,a0:18:42:05:9a:40,-96,Administracion
75,56:59:19:bb:95:96,-94,Administracion
75,44:12:44:88:7e:a0,-86,Administracion
75,e4:3e:d7:a9:6a:bf,-90,Administracion
75,44:12:44:87:89:61,-86,Administracion
75,44:12:44:87:5d:c1,-72,Administracion
75,44:12:44:87:5d:c0,-73,Administracion
75,78:81:02:d2:2d:29,-85,Administracion
75,6a:8d:26:31:76:0e,-56,Administracion
75,44:12:44:88:30:40,-85,Administracion
75,04:f0:21:63:18:b2,-87,Administracion
75,44:12:44:88:30:41,-84,Administracion
75,98:9d:5d:2b:72:3d,-86,Administracion
75,c2:51:5c:49:ca:65,-94,Administracion
75,30:b5:c2:7f:37:94,-90,Administracion
75,ee:68:68:81:71:29,-75,Administracion
75,44:12:44:87:5d:d1,-94,Administracion
75,44:59:43:7a:ea:0c,-94,Administracion
75,78:81:02:d2:2d:2d,-94,Administracion
75,44:12:44:87:5d:d0,-95,Administracion
75,60:8d:26:31:76:0d,-54,Administracion
75,44:12:44:88:c9:a0,-86,Administracion
75,60:8d:26:31:76:0c,-57,Administracion
75,44:12:44:88:c9:a1,-86,Administracion
75,30:b5:c2:7f:37:95,-73,Administracion
76,c0:51:5c:99:ca:65,-94,Administracion
76,fc:12:63:c2:13:1f,-89,Administracion
76,26:39:4e:c8:ed:3c,-91,Administracion
76,e8:48:b8:21:3f:b7,-82,Administracion
76,e8:48:b8:21:3f:b6,-92,Administracion
76,a0:18:42:05:9a:40,-96,Administracion
76,56:59:19:bb:95:96,-94,Administracion
76,44:12:44:88:7e:a0,-86,Administracion
76,e4:3e:d7:a9:6a:bf,-90,Administracion
76,44:12:44:87:89:61,-86,Administracion
76,44:12:44:87:5d:c1,-72,Administracion
76,44:12:44:87:5d:c0,-73,Administracion
76,78:81:02:d2:2d:29,-85,Administracion
76,6a:8d:26:31:76:0e,-56,Administracion
76,44:12:44:88:30:40,-85,Administracion
76,04:f0:21:63:18:b2,-87,Administracion
76,44:12:44:88:30:41,-84,Administracion
76,98:9d:5d:2b:72:3d,-86,Administracion
76,c2:51:5c:49:ca:65,-94,Administracion
76,30:b5:c2:7f:37:94,-90,Administracion
76,ee:68:68:81:71:29,-75,Administracion
76,44:12:44:87:5d:d1,-94,Administracion
76,44:59:43:7a:ea:0c,-94,Administracion
76,78:81:02:d2:2d:2d,-94,Administracion
76,44:12:44:87:5d:d0,-95,Administracion
76,60:8d:26:31:76:0d,-54,Administracion
76,44:12:44:88:c9:a0,-86,Administracion
76,60:8d:26:31:76:0c,-57,Administracion
76,44:12:44:88:c9:a1,-86,Administracion
76,30:b5:c2:7f:37:95,-73,Administracion
77,c0:51:5c:99:ca:65,-94,Administracion
77,fc:12:63:c2:13:1f,-89,Administracion
77,26:39:4e:c8:ed:3c,-91,Administracion
77,e8:48:b8:21:3f:b7,-82,Administracion
77,e8:48:b8:21:3f:b6,-92,Administracion
77,a0:18:42:05:9a:40,-96,Administracion
77,56:59:19:bb:95:96,-94,Administracion
77,44:12:44:88:7e:a0,-86,Administracion
77,e4:3e:d7:a9:6a:bf,-90,Administracion
77,44:12:44:87:89:61,-86,Administracion
77,44:12:44:87:5d:c1,-72,Administracion
77,44:12:44:87:5d:c0,-73,Administracion
77,78:81:02:d2:2d:29,-85,Administracion
77,6a:8d:26:31:76:0e,-56,Administracion
77,44:12:44:88:30:40,-85,Administracion
77,04:f0:21:63:18:b2,-87,Administracion
77,44:12:44:88:30:41,-84,Administracion
77,98:9d:5d:2b:72:3d,-86,Administracion
77,c2:51:5c:49:ca:65,-94,Administracion
77,30:b5:c2:7f:37:94,-90,Administracion
77,44:12:44:87:5d:d1,-94,Administracion
77,ee:68:68:81:71:29,-75,Administracion
77,44:59:43:7a:ea:0c,-94,Administracion
77,78:81:02:d2:2d:2d,-94,Administracion
77,44:12:44:87:5d:d0,-95,Administracion
77,60:8d:26:31:76:0d,-54,Administracion
77,44:12:44:88:c9:a0,-86,Administracion
77,60:8d:26:31:76:0c,-57,Administracion
77,44:12:44:88:c9:a1,-86,Administracion
77,30:b5:c2:7f:37:95,-73,Administracion
78,c0:51:5c:99:ca:65,-94,Administracion
78,fc:12:63:c2:13:1f,-89,Administracion
78,26:39:4e:c8:ed:3c,-91,Administracion
78,e8:48:b8:21:3f:b7,-82,Administracion
78,e8:48:b8:21:3f:b6,-92,Administracion
78,a0:18:42:05:9a:40,-96,Administracion
78,56:59:19:bb:95:96,-94,Administracion
78,44:12:44:88:7e:a0,-86,Administracion
78,e4:3e:d7:a9:6a:bf,-90,Administracion
78,44:12:44:87:89:61,-86,Administracion
78,44:12:44:87:5d:c1,-72,Administracion
78,44:12:44:87:5d:c0,-73,Administracion
78,78:81:02:d2:2d:29,-85,Administracion
78,6a:8d:26:31:76:0e,-56,Administracion
78,44:12:44:88:30:40,-85,Administracion
78,04:f0:21:63:18:b2,-87,Administracion
78,44:12:44:88:30:41,-84,Administracion
78,98:9d:5d:2b:72:3d,-86,Administracion
78,c2:51:5c:49:ca:65,-94,Administracion
78,30:b5:c2:7f:37:94,-90,Administracion
78,ee:68:68:81:71:29,-75,Administracion
78,44:12:44:87:5d:d1,-94,Administracion
78,44:59:43:7a:ea:0c,-94,Administracion
78,78:81:02:d2:2d:2d,-94,Administracion
78,44:12:44:87:5d:d0,-95,Administracion
78,60:8d:26:31:76:0d,-54,Administracion
78,44:12:44:88:c9:a0,-86,Administracion
78,60:8d:26:31:76:0c,-57,Administracion
78,44:12:44:88:c9:a1,-86,Administracion
78,30:b5:c2:7f:37:95,-73,Administracion
79,c0:51:5c:99:ca:65,-94,Administracion
79,fc:12:63:c2:13:1f,-89,Administracion
79,26:39:4e:c8:ed:3c,-91,Administracion
79,e8:48:b8:21:3f:b7,-82,Administracion
79,e8:48:b8:21:3f:b6,-92,Administracion
79,a0:18:42:05:9a:40,-96,Administracion
79,56:59:19:bb:95:96,-94,Administracion
79,44:12:44:88:7e:a0,-86,Administracion
79,e4:3e:d7:a9:6a:bf,-90,Administracion
79,44:12:44:87:89:61,-86,Administracion
79,44:12:44:87:5d:c1,-72,Administracion
79,44:12:44:87:5d:c0,-73,Administracion
79,78:81:02:d2:2d:29,-85,Administracion
79,6a:8d:26:31:76:0e,-56,Administracion
79,44:12:44:88:30:40,-85,Administracion
79,04:f0:21:63:18:b2,-87,Administracion
79,44:12:44:88:30:41,-84,Administracion
79,98:9d:5d:2b:72:3d,-86,Administracion
79,c2:51:5c:49:ca:65,-94,Administracion
79,30:b5:c2:7f:37:94,-90,Administracion
79,ee:68:68:81:71:29,-75,Administracion
79,44:12:44:87:5d:d1,-94,Administracion
79,44:59:43:7a:ea:0c,-94,Administracion
79,78:81:02:d2:2d:2d,-94,Administracion
79,44:12:44:87:5d:d0,-95,Administracion
79,60:8d:26:31:76:0d,-54,Administracion
79,44:12:44:88:c9:a0,-86,Administracion
79,60:8d:26:31:76:0c,-57,Administracion
79,44:12:44:88:c9:a1,-86,Administracion
79,30:b5:c2:7f:37:95,-73,Administracion
80,c0:51:5c:99:ca:65,-94,Administracion
80,fc:12:63:c2:13:1f,-89,Administracion
80,26:39:4e:c8:ed:3c,-91,Administracion
80,e8:48:b8:21:3f:b7,-82,Administracion
80,e8:48:b8:21:3f:b6,-92,Administracion
80,a0:18:42:05:9a:40,-96,Administracion
80,56:59:19:bb:95:96,-94,Administracion
80,44:12:44:88:7e:a0,-86,Administracion
80,e4:3e:d7:a9:6a:bf,-90,Administracion
80,44:12:44:87:89:61,-86,Administracion
80,44:12:44:87:5d:c1,-72,Administracion
80,44:12:44:87:5d:c0,-73,Administracion
80,78:81:02:d2:2d:29,-85,Administracion
80,6a:8d:26:31:76:0e,-56,Administracion
80,44:12:44:88:30:40,-85,Administracion
80,04:f0:21:63:18:b2,-87,Administracion
80,44:12:44:88:30:41,-84,Administracion
80,98:9d:5d:2b:72:3d,-86,Administracion
80,c2:51:5c:49:ca:65,-94,Administracion
80,30:b5:c2:7f:37:94,-90,Administracion
80,ee:68:68:81:71:29,-75,Administracion
80,44:12:44:87:5d:d1,-94,Administracion
80,44:59:43:7a:ea:0c,-94,Administracion
80,78:81:02:d2:2d:2d,-94,Administracion
80,44:12:44:87:5d:d0,-95,Administracion
80,60:8d:26:31:76:0d,-54,Administracion
80,44:12:44:88:c9:a0,-86,Administracion
80,60:8d:26:31:76:0c,-57,Administracion
80,44:12:44:88:c9:a1,-86,Administracion
80,30:b5:c2:7f:37:95,-73,Administracion
81,c0:51:5c:99:ca:65,-94,Administracion
81,fc:12:63:c2:13:1f,-89,Administracion
81,26:39:4e:c8:ed:3c,-91,Administracion
81,e8:48:b8:21:3f:b7,-82,Administracion
81,e8:48:b8:21:3f:b6,-92,Administracion
81,a0:18:42:05:9a:40,-96,Administracion
81,56:59:19:bb:95:96,-94,Administracion
81,44:12:44:88:7e:a0,-86,Administracion
81,e4:3e:d7:a9:6a:bf,-90,Administracion
81,44:12:44:87:89:61,-86,Administracion
81,44:12:44:87:5d:c1,-72,Administracion
81,44:12:44:87:5d:c0,-73,Administracion
81,78:81:02:d2:2d:29,-85,Administracion
81,6a:8d:26:31:76:0e,-56,Administracion
81,44:12:44:88:30:40,-85,Administracion
81,04:f0:21:63:18:b2,-87,Administracion
81,44:12:44:88:30:41,-84,Administracion
81,98:9d:5d:2b:72:3d,-86,Administracion
81,c2:51:5c:49:ca:65,-94,Administracion
81,30:b5:c2:7f:37:94,-90,Administracion
81,ee:68:68:81:71:29,-75,Administracion
81,44:12:44:87:5d:d1,-94,Administracion
81,44:59:43:7a:ea:0c,-94,Administracion
81,78:81:02:d2:2d:2d,-94,Administracion
81,44:12:44:87:5d:d0,-95,Administracion
81,60:8d:26:31:76:0d,-54,Administracion
81,44:12:44:88:c9:a0,-86,Administracion
81,60:8d:26:31:76:0c,-57,Administracion
81,44:12:44:88:c9:a1,-86,Administracion
81,30:b5:c2:7f:37:95,-73,Administracion
82,c0:51:5c:99:ca:65,-94,Administracion
82,fc:12:63:c2:13:1f,-89,Administracion
82,26:39:4e:c8:ed:3c,-91,Administracion
82,e8:48:b8:21:3f:b7,-82,Administracion
82,e8:48:b8:21:3f:b6,-92,Administracion
82,a0:18:42:05:9a:40,-96,Administracion
82,56:59:19:bb:95:96,-94,Administracion
82,44:12:44:88:7e:a0,-86,Administracion
82,e4:3e:d7:a9:6a:bf,-90,Administracion
82,44:12:44:87:89:61,-86,Administracion
82,44:12:44:87:5d:c1,-72,Administracion
82,44:12:44:87:5d:c0,-73,Administracion
82,78:81:02:d2:2d:29,-85,Administracion
82,6a:8d:26:31:76:0e,-56,Administracion
82,44:12:44:88:30:40,-85,Administracion
82,04:f0:21:63:18:b2,-87,Administracion
82,44:12:44:88:30:41,-84,Administracion
82,98:9d:5d:2b:72:3d,-86,Administracion
82,c2:51:5c:49:ca:65,-94,Administracion
82,30:b5:c2:7f:37:94,-90,Administracion
82,ee:68:68:81:71:29,-75,Administracion
82,44:12:44:87:5d:d1,-94,Administracion
82,44:59:43:7a:ea:0c,-94,Administracion
82,78:81:02:d2:2d:2d,-94,Administracion
82,44:12:44:87:5d:d0,-95,Administracion
82,60:8d:26:31:76:0d,-54,Administracion
82,44:12:44:88:c9:a0,-86,Administracion
82,60:8d:26:31:76:0c,-57,Administracion
82,44:12:44:88:c9:a1,-86,Administracion
82,30:b5:c2:7f:37:95,-73,Administracion
83,c0:51:5c:99:ca:65,-94,Administracion
83,fc:12:63:c2:13:1f,-89,Administracion
83,26:39:4e:c8:ed:3c,-91,Administracion
83,e8:48:b8:21:3f:b7,-82,Administracion
83,e8:48:b8:21:3f:b6,-92,Administracion
83,a0:18:42:05:9a:40,-96,Administracion
83,56:59:19:bb:95:96,-94,Administracion
83,44:12:44:88:7e:a0,-86,Administracion
83,e4:3e:d7:a9:6a:bf,-90,Administracion
83,44:12:44:87:89:61,-86,Administracion
83,44:12:44:87:5d:c1,-72,Administracion
83,44:12:44:87:5d:c0,-73,Administracion
83,78:81:02:d2:2d:29,-85,Administracion
83,6a:8d:26:31:76:0e,-56,Administracion
83,44:12:44:88:30:40,-85,Administracion
83,04:f0:21:63:18:b2,-87,Administracion
83,44:12:44:88:30:41,-84,Administracion
83,98:9d:5d:2b:72:3d,-86,Administracion
83,c2:51:5c:49:ca:65,-94,Administracion
83,30:b5:c2:7f:37:94,-90,Administracion
83,ee:68:68:81:71:29,-75,Administracion
83,44:12:44:87:5d:d1,-94,Administracion
83,44:59:43:7a:ea:0c,-94,Administracion
83,78:81:02:d2:2d:2d,-94,Administracion
83,44:12:44:87:5d:d0,-95,Administracion
83,60:8d:26:31:76:0d,-54,Administracion
83,44:12:44:88:c9:a0,-86,Administracion
83,60:8d:26:31:76:0c,-57,Administracion
83,44:12:44:88:c9:a1,-86,Administracion
83,30:b5:c2:7f:37:95,-73,Administracion
84,c0:51:5c:99:ca:65,-94,Administracion
84,fc:12:63:c2:13:1f,-89,Administracion
84,26:39:4e:c8:ed:3c,-91,Administracion
84,e8:48:b8:21:3f:b7,-82,Administracion
84,e8:48:b8:21:3f:b6,-92,Administracion
84,a0:18:42:05:9a:40,-96,Administracion
84,56:59:19:bb:95:96,-94,Administracion
84,44:12:44:88:7e:a0,-86,Administracion
84,e4:3e:d7:a9:6a:bf,-90,Administracion
84,44:12:44:87:89:61,-86,Administracion
84,44:12:44:87:5d:c1,-72,Administracion
84,44:12:44:87:5d:c0,-73,Administracion
84,78:81:02:d2:2d:29,-85,Administracion
84,6a:8d:26:31:76:0e,-56,Administracion
84,44:12:44:88:30:40,-85,Administracion
84,44:12:44:88:30:41,-84,Administracion
84,04:f0:21:63:18:b2,-87,Administracion
84,98:9d:5d:2b:72:3d,-86,Administracion
84,c2:51:5c:49:ca:65,-94,Administracion
84,30:b5:c2:7f:37:94,-90,Administracion
84,ee:68:68:81:71:29,-75,Administracion
84,44:12:44:87:5d:d1,-94,Administracion
84,44:59:43:7a:ea:0c,-94,Administracion
84,78:81:02:d2:2d:2d,-94,Administracion
84,44:12:44:87:5d:d0,-95,Administracion
84,60:8d:26:31:76:0d,-54,Administracion
84,44:12:44:88:c9:a0,-86,Administracion
84,60:8d:26:31:76:0c,-57,Administracion
84,44:12:44:88:c9:a1,-86,Administracion
84,30:b5:c2:7f:37:95,-73,Administracion
85,c0:51:5c:99:ca:65,-94,Administracion
85,fc:12:63:c2:13:1f,-89,Administracion
85,26:39:4e:c8:ed:3c,-91,Administracion
85,e8:48:b8:21:3f:b7,-82,Administracion
85,e8:48:b8:21:3f:b6,-92,Administracion
85,a0:18:42:05:9a:40,-96,Administracion
85,56:59:19:bb:95:96,-94,Administracion
85,44:12:44:88:7e:a0,-86,Administracion
85,e4:3e:d7:a9:6a:bf,-90,Administracion
85,44:12:44:87:89:61,-86,Administracion
85,44:12:44:87:5d:c1,-72,Administracion
85,44:12:44:87:5d:c0,-73,Administracion
85,78:81:02:d2:2d:29,-85,Administracion
85,6a:8d:26:31:76:0e,-56,Administracion
85,44:12:44:88:30:40,-85,Administracion
85,04:f0:21:63:18:b2,-87,Administracion
85,44:12:44:88:30:41,-84,Administracion
85,98:9d:5d:2b:72:3d,-86,Administracion
85,c2:51:5c:49:ca:65,-94,Administracion
85,30:b5:c2:7f:37:94,-90,Administracion
85,ee:68:68:81:71:29,-75,Administracion
85,44:12:44:87:5d:d1,-94,Administracion
85,44:59:43:7a:ea:0c,-94,Administracion
85,78:81:02:d2:2d:2d,-94,Administracion
85,44:12:44:87:5d:d0,-95,Administracion
85,60:8d:26:31:76:0d,-54,Administracion
85,44:12:44:88:c9:a0,-86,Administracion
85,60:8d:26:31:76:0c,-57,Administracion
85,44:12:44:88:c9:a1,-86,Administracion
85,30:b5:c2:7f:37:95,-73,Administracion
86,c0:51:5c:99:ca:65,-94,Administracion
86,fc:12:63:c2:13:1f,-89,Administracion
86,e8:48:b8:21:3f:b7,-82,Administracion
86,e8:48:b8:21:3f:b6,-92,Administracion
86,a0:18:42:05:9a:40,-96,Administracion
86,44:12:44:88:7e:a0,-86,Administracion
86,e4:3e:d7:a9:6a:bf,-90,Administracion
86,44:12:44:87:5d:c1,-72,Administracion
86,44:12:44:87:5d:c0,-73,Administracion
86,78:81:02:d2:2d:29,-85,Administracion
86,6a:8d:26:31:76:0e,-56,Administracion
86,44:12:44:88:30:40,-85,Administracion
86,04:f0:21:63:18:b2,-87,Administracion
86,44:12:44:88:30:41,-84,Administracion
86,98:9d:5d:2b:72:3d,-86,Administracion
86,c2:51:5c:49:ca:65,-94,Administracion
86,30:b5:c2:7f:37:94,-90,Administracion
86,ee:68:68:81:71:29,-75,Administracion
86,44:12:44:87:5d:d1,-94,Administracion
86,44:59:43:7a:ea:0c,-94,Administracion
86,78:81:02:d2:2d:2d,-94,Administracion
86,44:12:44:87:5d:d0,-95,Administracion
86,60:8d:26:31:76:0d,-54,Administracion
86,44:12:44:88:c9:a0,-86,Administracion
86,60:8d:26:31:76:0c,-57,Administracion
86,44:12:44:88:c9:a1,-86,Administracion
86,30:b5:c2:7f:37:95,-73,Administracion
87,c0:51:5c:99:ca:65,-94,Administracion
87,fc:12:63:c2:13:1f,-89,Administracion
87,e8:48:b8:21:3f:b7,-82,Administracion
87,e8:48:b8:21:3f:b6,-92,Administracion
87,a0:18:42:05:9a:40,-96,Administracion
87,44:12:44:88:7e:a0,-86,Administracion
87,e4:3e:d7:a9:6a:bf,-90,Administracion
87,44:12:44:87:5d:c1,-72,Administracion
87,44:12:44:87:5d:c0,-73,Administracion
87,78:81:02:d2:2d:29,-85,Administracion
87,6a:8d:26:31:76:0e,-56,Administracion
87,44:12:44:88:30:40,-85,Administracion
87,04:f0:21:63:18:b2,-87,Administracion
87,44:12:44:88:30:41,-84,Administracion
87,98:9d:5d:2b:72:3d,-86,Administracion
87,c2:51:5c:49:ca:65,-94,Administracion
87,30:b5:c2:7f:37:94,-90,Administracion
87,ee:68:68:81:71:29,-75,Administracion
87,44:12:44:87:5d:d1,-94,Administracion
87,44:59:43:7a:ea:0c,-94,Administracion
87,78:81:02:d2:2d:2d,-94,Administracion
87,44:12:44:87:5d:d0,-95,Administracion
87,60:8d:26:31:76:0d,-54,Administracion
87,44:12:44:88:c9:a0,-86,Administracion
87,60:8d:26:31:76:0c,-57,Administracion
87,44:12:44:88:c9:a1,-86,Administracion
87,30:b5:c2:7f:37:95,-73,Administracion
88,c0:51:5c:99:ca:65,-94,Administracion
88,fc:12:63:c2:13:1f,-89,Administracion
88,e8:48:b8:21:3f:b7,-82,Administracion
88,e8:48:b8:21:3f:b6,-92,Administracion
88,a0:18:42:05:9a:40,-96,Administracion
88,44:12:44:88:7e:a0,-86,Administracion
88,e4:3e:d7:a9:6a:bf,-90,Administracion
88,44:12:44:87:5d:c1,-72,Administracion
88,44:12:44:87:5d:c0,-73,Administracion
88,78:81:02:d2:2d:29,-85,Administracion
88,6a:8d:26:31:76:0e,-56,Administracion
88,44:12:44:88:30:40,-85,Administracion
88,04:f0:21:63:18:b2,-87,Administracion
88,44:12:44:88:30:41,-84,Administracion
88,98:9d:5d:2b:72:3d,-86,Administracion
88,c2:51:5c:49:ca:65,-94,Administracion
88,30:b5:c2:7f:37:94,-90,Administracion
88,ee:68:68:81:71:29,-75,Administracion
88,44:12:44:87:5d:d1,-94,Administracion
88,44:59:43:7a:ea:0c,-94,Administracion
88,78:81:02:d2:2d:2d,-94,Administracion
88,44:12:44:87:5d:d0,-95,Administracion
88,60:8d:26:31:76:0d,-54,Administracion
88,44:12:44:88:c9:a0,-86,Administracion
88,60:8d:26:31:76:0c,-57,Administracion
88,44:12:44:88:c9:a1,-86,Administracion
88,30:b5:c2:7f:37:95,-73,Administracion
89,c0:51:5c:99:ca:65,-94,Administracion
89,fc:12:63:c2:13:1f,-89,Administracion
89,e8:48:b8:21:3f:b7,-82,Administracion
89,e8:48:b8:21:3f:b6,-92,Administracion
89,a0:18:42:05:9a:40,-96,Administracion
89,44:12:44:88:7e:a0,-86,Administracion
89,e4:3e:d7:a9:6a:bf,-90,Administracion
89,44:12:44:87:5d:c1,-72,Administracion
89,44:12:44:87:5d:c0,-73,Administracion
89,78:81:02:d2:2d:29,-85,Administracion
89,6a:8d:26:31:76:0e,-56,Administracion
89,04:f0:21:63:18:b2,-87,Administracion
89,44:12:44:88:30:40,-85,Administracion
89,44:12:44:88:30:41,-84,Administracion
89,98:9d:5d:2b:72:3d,-86,Administracion
89,c2:51:5c:49:ca:65,-94,Administracion
89,30:b5:c2:7f:37:94,-90,Administracion
89,ee:68:68:81:71:29,-75,Administracion
89,44:12:44:87:5d:d1,-94,Administracion
89,44:59:43:7a:ea:0c,-94,Administracion
89,78:81:02:d2:2d:2d,-94,Administracion
89,44:12:44:87:5d:d0,-95,Administracion
89,44:12:44:88:c9:a0,-86,Administracion
89,60:8d:26:31:76:0d,-54,Administracion
89,60:8d:26:31:76:0c,-57,Administracion
89,44:12:44:88:c9:a1,-86,Administracion
89,30:b5:c2:7f:37:95,-73,Administracion
90,c0:51:5c:99:ca:65,-94,Administracion
90,fc:12:63:c2:13:1f,-89,Administracion
90,e8:48:b8:21:3f:b7,-82,Administracion
90,e8:48:b8:21:3f:b6,-92,Administracion
90,a0:18:42:05:9a:40,-96,Administracion
90,44:12:44:88:7e:a0,-86,Administracion
90,e4:3e:d7:a9:6a:bf,-90,Administracion
90,44:12:44:87:5d:c1,-72,Administracion
90,44:12:44:87:5d:c0,-73,Administracion
90,78:81:02:d2:2d:29,-85,Administracion
90,6a:8d:26:31:76:0e,-56,Administracion
90,44:12:44:88:30:40,-85,Administracion
90,04:f0:21:63:18:b2,-87,Administracion
90,44:12:44:88:30:41,-84,Administracion
90,98:9d:5d:2b:72:3d,-86,Administracion
90,c2:51:5c:49:ca:65,-94,Administracion
90,30:b5:c2:7f:37:94,-90,Administracion
90,ee:68:68:81:71:29,-75,Administracion
90,44:12:44:87:5d:d1,-94,Administracion
90,44:59:43:7a:ea:0c,-94,Administracion
90,78:81:02:d2:2d:2d,-94,Administracion
90,44:12:44:87:5d:d0,-95,Administracion
90,60:8d:26:31:76:0d,-54,Administracion
90,44:12:44:88:c9:a0,-86,Administracion
90,60:8d:26:31:76:0c,-57,Administracion
90,44:12:44:88:c9:a1,-86,Administracion
90,30:b5:c2:7f:37:95,-73,Administracion
91,c0:51:5c:99:ca:65,-94,Administracion
91,fc:12:63:c2:13:1f,-89,Administracion
91,e8:48:b8:21:3f:b7,-82,Administracion
91,e8:48:b8:21:3f:b6,-92,Administracion
91,a0:18:42:05:9a:40,-96,Administracion
91,44:12:44:88:7e:a0,-86,Administracion
91,e4:3e:d7:a9:6a:bf,-90,Administracion
91,44:12:44:87:5d:c1,-72,Administracion
91,44:12:44:87:5d:c0,-73,Administracion
91,78:81:02:d2:2d:29,-85,Administracion
91,6a:8d:26:31:76:0e,-56,Administracion
91,44:12:44:88:30:40,-85,Administracion
91,04:f0:21:63:18:b2,-87,Administracion
91,44:12:44:88:30:41,-84,Administracion
91,98:9d:5d:2b:72:3d,-86,Administracion
91,c2:51:5c:49:ca:65,-94,Administracion
91,30:b5:c2:7f:37:94,-90,Administracion
91,ee:68:68:81:71:29,-75,Administracion
91,44:12:44:87:5d:d1,-94,Administracion
91,44:59:43:7a:ea:0c,-94,Administracion
91,78:81:02:d2:2d:2d,-94,Administracion
91,44:12:44:87:5d:d0,-95,Administracion
91,60:8d:26:31:76:0d,-54,Administracion
91,44:12:44:88:c9:a0,-86,Administracion
91,60:8d:26:31:76:0c,-57,Administracion
91,44:12:44:88:c9:a1,-86,Administracion
91,30:b5:c2:7f:37:95,-73,Administracion
92,c0:51:5c:99:ca:65,-94,Administracion
92,fc:12:63:c2:13:1f,-89,Administracion
92,e8:48:b8:21:3f:b7,-82,Administracion
92,e8:48:b8:21:3f:b6,-92,Administracion
92,a0:18:42:05:9a:40,-96,Administracion
92,44:12:44:88:7e:a0,-86,Administracion
92,e4:3e:d7:a9:6a:bf,-90,Administracion
92,44:12:44:87:5d:c1,-72,Administracion
92,44:12:44:87:5d:c0,-73,Administracion
92,78:81:02:d2:2d:29,-85,Administracion
92,6a:8d:26:31:76:0e,-56,Administracion
92,44:12:44:88:30:40,-85,Administracion
92,04:f0:21:63:18:b2,-87,Administracion
92,44:12:44:88:30:41,-84,Administracion
92,98:9d:5d:2b:72:3d,-86,Administracion
92,c2:51:5c:49:ca:65,-94,Administracion
92,30:b5:c2:7f:37:94,-90,Administracion
92,ee:68:68:81:71:29,-75,Administracion
92,44:12:44:87:5d:d1,-94,Administracion
92,44:59:43:7a:ea:0c,-94,Administracion
92,78:81:02:d2:2d:2d,-94,Administracion
92,44:12:44:87:5d:d0,-95,Administracion
92,60:8d:26:31:76:0d,-54,Administracion
92,44:12:44:88:c9:a0,-86,Administracion
92,60:8d:26:31:76:0c,-57,Administracion
92,44:12:44:88:c9:a1,-86,Administracion
92,30:b5:c2:7f:37:95,-73,Administracion
93,c0:51:5c:99:ca:65,-94,Administracion
93,fc:12:63:c2:13:1f,-89,Administracion
93,e8:48:b8:21:3f:b7,-82,Administracion
93,e8:48:b8:21:3f:b6,-92,Administracion
93,a0:18:42:05:9a:40,-96,Administracion
93,44:12:44:88:7e:a0,-86,Administracion
93,e4:3e:d7:a9:6a:bf,-90,Administracion
93,44:12:44:87:5d:c1,-72,Administracion
93,44:12:44:87:5d:c0,-73,Administracion
93,78:81:02:d2:2d:29,-85,Administracion
93,6a:8d:26:31:76:0e,-56,Administracion
93,44:12:44:88:30:40,-85,Administracion
93,04:f0:21:63:18:b2,-87,Administracion
93,44:12:44:88:30:41,-84,Administracion
93,98:9d:5d:2b:72:3d,-86,Administracion
93,c2:51:5c:49:ca:65,-94,Administracion
93,30:b5:c2:7f:37:94,-90,Administracion
93,ee:68:68:81:71:29,-75,Administracion
93,44:12:44:87:5d:d1,-94,Administracion
93,44:59:43:7a:ea:0c,-94,Administracion
93,78:81:02:d2:2d:2d,-94,Administracion
93,44:12:44:87:5d:d0,-95,Administracion
93,60:8d:26:31:76:0d,-54,Administracion
93,44:12:44:88:c9:a0,-86,Administracion
93,60:8d:26:31:76:0c,-57,Administracion
93,44:12:44:88:c9:a1,-86,Administracion
93,30:b5:c2:7f:37:95,-73,Administracion
94,c0:51:5c:99:ca:65,-94,Administracion
94,fc:12:63:c2:13:1f,-89,Administracion
94,e8:48:b8:21:3f:b7,-82,Administracion
94,e8:48:b8:21:3f:b6,-92,Administracion
94,a0:18:42:05:9a:40,-96,Administracion
94,44:12:44:88:7e:a0,-86,Administracion
94,e4:3e:d7:a9:6a:bf,-90,Administracion
94,44:12:44:87:5d:c1,-72,Administracion
94,44:12:44:87:5d:c0,-73,Administracion
94,78:81:02:d2:2d:29,-85,Administracion
94,6a:8d:26:31:76:0e,-56,Administracion
94,44:12:44:88:30:40,-85,Administracion
94,04:f0:21:63:18:b2,-87,Administracion
94,44:12:44:88:30:41,-84,Administracion
94,98:9d:5d:2b:72:3d,-86,Administracion
94,c2:51:5c:49:ca:65,-94,Administracion
94,30:b5:c2:7f:37:94,-90,Administracion
94,ee:68:68:81:71:29,-75,Administracion
94,44:12:44:87:5d:d1,-94,Administracion
94,44:59:43:7a:ea:0c,-94,Administracion
94,78:81:02:d2:2d:2d,-94,Administracion
94,44:12:44:87:5d:d0,-95,Administracion
94,60:8d:26:31:76:0d,-54,Administracion
94,44:12:44:88:c9:a0,-86,Administracion
94,60:8d:26:31:76:0c,-57,Administracion
94,44:12:44:88:c9:a1,-86,Administracion
94,30:b5:c2:7f:37:95,-73,Administracion
95,c0:51:5c:99:ca:65,-94,Administracion
95,fc:12:63:c2:13:1f,-89,Administracion
95,e8:48:b8:21:3f:b7,-82,Administracion
95,e8:48:b8:21:3f:b6,-92,Administracion
95,a0:18:42:05:9a:40,-96,Administracion
95,44:12:44:88:7e:a0,-86,Administracion
95,e4:3e:d7:a9:6a:bf,-90,Administracion
95,44:12:44:87:5d:c1,-72,Administracion
95,44:12:44:87:5d:c0,-73,Administracion
95,78:81:02:d2:2d:29,-85,Administracion
95,6a:8d:26:31:76:0e,-56,Administracion
95,44:12:44:88:30:40,-85,Administracion
95,04:f0:21:63:18:b2,-87,Administracion
95,44:12:44:88:30:41,-84,Administracion
95,98:9d:5d:2b:72:3d,-86,Administracion
95,c2:51:5c:49:ca:65,-94,Administracion
95,30:b5:c2:7f:37:94,-90,Administracion
95,ee:68:68:81:71:29,-75,Administracion
95,44:12:44:87:5d:d1,-94,Administracion
95,44:59:43:7a:ea:0c,-94,Administracion
95,78:81:02:d2:2d:2d,-94,Administracion
95,44:12:44:87:5d:d0,-95,Administracion
95,60:8d:26:31:76:0d,-54,Administracion
95,44:12:44:88:c9:a0,-86,Administracion
95,60:8d:26:31:76:0c,-57,Administracion
95,44:12:44:88:c9:a1,-86,Administracion
95,30:b5:c2:7f:37:95,-73,Administracion
96,fc:12:63:c2:13:1f,-89,Administracion
96,c0:51:5c:99:ca:65,-94,Administracion
96,e8:48:b8:21:3f:b7,-82,Administracion
96,e8:48:b8:21:3f:b6,-92,Administracion
96,a0:18:42:05:9a:40,-96,Administracion
96,44:12:44:88:7e:a0,-86,Administracion
96,e4:3e:d7:a9:6a:bf,-90,Administracion
96,44:12:44:87:5d:c1,-72,Administracion
96,44:12:44:87:5d:c0,-73,Administracion
96,78:81:02:d2:2d:29,-85,Administracion
96,6a:8d:26:31:76:0e,-56,Administracion
96,44:12:44:88:30:40,-85,Administracion
96,04:f0:21:63:18:b2,-87,Administracion
96,44:12:44:88:30:41,-84,Administracion
96,98:9d:5d:2b:72:3d,-86,Administracion
96,c2:51:5c:49:ca:65,-94,Administracion
96,30:b5:c2:7f:37:94,-90,Administracion
96,ee:68:68:81:71:29,-75,Administracion
96,44:12:44:87:5d:d1,-94,Administracion
96,44:59:43:7a:ea:0c,-94,Administracion
96,78:81:02:d2:2d:2d,-94,Administracion
96,44:12:44:87:5d:d0,-95,Administracion
96,60:8d:26:31:76:0d,-54,Administracion
96,44:12:44:88:c9:a0,-86,Administracion
96,60:8d:26:31:76:0c,-57,Administracion
96,44:12:44:88:c9:a1,-86,Administracion
96,30:b5:c2:7f:37:95,-73,Administracion
97,c0:51:5c:99:ca:65,-94,Administracion
97,fc:12:63:c2:13:1f,-89,Administracion
97,e8:48:b8:21:3f:b7,-82,Administracion
97,e8:48:b8:21:3f:b6,-92,Administracion
97,a0:18:42:05:9a:40,-96,Administracion
97,44:12:44:88:7e:a0,-86,Administracion
97,e4:3e:d7:a9:6a:bf,-90,Administracion
97,44:12:44:87:5d:c1,-72,Administracion
97,44:12:44:87:5d:c0,-73,Administracion
97,6a:8d:26:31:76:0e,-56,Administracion
97,78:81:02:d2:2d:29,-85,Administracion
97,44:12:44:88:30:40,-85,Administracion
97,04:f0:21:63:18:b2,-87,Administracion
97,44:12:44:88:30:41,-84,Administracion
97,98:9d:5d:2b:72:3d,-86,Administracion
97,c2:51:5c:49:ca:65,-94,Administracion
97,30:b5:c2:7f:37:94,-90,Administracion
97,ee:68:68:81:71:29,-75,Administracion
97,44:12:44:87:5d:d1,-94,Administracion
97,44:59:43:7a:ea:0c,-94,Administracion
97,78:81:02:d2:2d:2d,-94,Administracion
97,44:12:44:87:5d:d0,-95,Administracion
97,60:8d:26:31:76:0d,-54,Administracion
97,44:12:44:88:c9:a0,-86,Administracion
97,44:12:44:88:c9:a1,-86,Administracion
97,60:8d:26:31:76:0c,-57,Administracion
97,30:b5:c2:7f:37:95,-73,Administracion
98,c0:51:5c:99:ca:65,-94,Administracion
98,fc:12:63:c2:13:1f,-89,Administracion
98,e8:48:b8:21:3f:b7,-82,Administracion
98,e8:48:b8:21:3f:b6,-92,Administracion
98,a0:18:42:05:9a:40,-96,Administracion
98,44:12:44:88:7e:a0,-86,Administracion
98,e4:3e:d7:a9:6a:bf,-90,Administracion
98,44:12:44:87:5d:c1,-72,Administracion
98,44:12:44:87:5d:c0,-73,Administracion
98,78:81:02:d2:2d:29,-85,Administracion
98,6a:8d:26:31:76:0e,-56,Administracion
98,44:12:44:88:30:40,-85,Administracion
98,04:f0:21:63:18:b2,-87,Administracion
98,44:12:44:88:30:41,-84,Administracion
98,98:9d:5d:2b:72:3d,-86,Administracion
98,c2:51:5c:49:ca:65,-94,Administracion
98,30:b5:c2:7f:37:94,-90,Administracion
98,ee:68:68:81:71:29,-75,Administracion
98,44:12:44:87:5d:d1,-94,Administracion
98,44:59:43:7a:ea:0c,-94,Administracion
98,78:81:02:d2:2d:2d,-94,Administracion
98,44:12:44:87:5d:d0,-95,Administracion
98,60:8d:26:31:76:0d,-54,Administracion
98,44:12:44:88:c9:a0,-86,Administracion
98,60:8d:26:31:76:0c,-57,Administracion
98,44:12:44:88:c9:a1,-86,Administracion
98,30:b5:c2:7f:37:95,-73,Administracion
99,c0:51:5c:99:ca:65,-94,Administracion
99,fc:12:63:c2:13:1f,-89,Administracion
99,e8:48:b8:21:3f:b7,-82,Administracion
99,e8:48:b8:21:3f:b6,-92,Administracion
99,a0:18:42:05:9a:40,-96,Administracion
99,44:12:44:88:7e:a0,-86,Administracion
99,e4:3e:d7:a9:6a:bf,-90,Administracion
99,44:12:44:87:5d:c1,-72,Administracion
99,44:12:44:87:5d:c0,-73,Administracion
99,78:81:02:d2:2d:29,-85,Administracion
99,6a:8d:26:31:76:0e,-56,Administracion
99,44:12:44:88:30:40,-85,Administracion
99,04:f0:21:63:18:b2,-87,Administracion
99,44:12:44:88:30:41,-84,Administracion
99,98:9d:5d:2b:72:3d,-86,Administracion
99,c2:51:5c:49:ca:65,-94,Administracion
99,30:b5:c2:7f:37:94,-90,Administracion
99,ee:68:68:81:71:29,-75,Administracion
99,44:12:44:87:5d:d1,-94,Administracion
99,44:59:43:7a:ea:0c,-94,Administracion
99,78:81:02:d2:2d:2d,-94,Administracion
99,44:12:44:87:5d:d0,-95,Administracion
99,60:8d:26:31:76:0d,-54,Administracion
99,44:12:44:88:c9:a0,-86,Administracion
99,60:8d:26:31:76:0c,-57,Administracion
99,44:12:44:88:c9:a1,-86,Administracion
99,30:b5:c2:7f:37:95,-73,Administracion
100,c0:51:5c:99:ca:65,-94,Administracion
100,fc:12:63:c2:13:1f,-89,Administracion
100,e8:48:b8:21:3f:b7,-82,Administracion
100,e8:48:b8:21:3f:b6,-92,Administracion
100,a0:18:42:05:9a:40,-96,Administracion
100,44:12:44:88:7e:a0,-86,Administracion
100,e4:3e:d7:a9:6a:bf,-90,Administracion
100,44:12:44:87:5d:c1,-72,Administracion
100,44:12:44:87:5d:c0,-73,Administracion
100,78:81:02:d2:2d:29,-85,Administracion
100,6a:8d:26:31:76:0e,-56,Administracion
100,44:12:44:88:30:40,-85,Administracion
100,04:f0:21:63:18:b2,-87,Administracion
100,44:12:44:88:30:41,-84,Administracion
100,98:9d:5d:2b:72:3d,-86,Administracion
100,c2:51:5c:49:ca:65,-94,Administracion
100,30:b5:c2:7f:37:94,-90,Administracion
100,ee:68:68:81:71:29,-75,Administracion
100,44:12:44:87:5d:d1,-94,Administracion
100,44:59:43:7a:ea:0c,-94,Administracion
100,78:81:02:d2:2d:2d,-94,Administracion
100,44:12:44:87:5d:d0,-95,Administracion
100,60:8d:26:31:76:0d,-54,Administracion
100,44:12:44:88:c9:a0,-86,Administracion
100,60:8d:26:31:76:0c,-57,Administracion
100,44:12:44:88:c9:a1,-86,Administracion
100,30:b5:c2:7f:37:95,-73,Administracion
101,44:12:44:87:5d:c1,-72,Administracion
101,44:12:44:87:5d:c0,-73,Administracion
101,6a:8d:26:31:76:0e,-56,Administracion
101,44:12:44:88:30:40,-84,Administracion
101,30:b5:c2:7f:37:94,-90,Administracion
101,ee:68:68:81:71:29,-76,Administracion
101,44:12:44:87:5d:d1,-92,Administracion
101,44:12:44:87:5d:d0,-93,Administracion
101,60:8d:26:31:76:0d,-56,Administracion
101,60:8d:26:31:76:0c,-59,Administracion
101,30:b5:c2:7f:37:95,-71,Administracion
102,44:12:44:87:5d:c1,-72,Administracion
102,44:12:44:87:5d:c0,-73,Administracion
102,6a:8d:26:31:76:0e,-56,Administracion
102,44:12:44:88:30:40,-84,Administracion
102,30:b5:c2:7f:37:94,-90,Administracion
102,ee:68:68:81:71:29,-76,Administracion
102,44:12:44:87:5d:d1,-92,Administracion
102,44:12:44:87:5d:d0,-93,Administracion
102,60:8d:26:31:76:0d,-56,Administracion
102,60:8d:26:31:76:0c,-59,Administracion
102,30:b5:c2:7f:37:95,-71,Administracion
103,44:12:44:87:5d:c1,-72,Administracion
103,44:12:44:87:5d:c0,-73,Administracion
103,6a:8d:26:31:76:0e,-56,Administracion
103,44:12:44:88:30:40,-84,Administracion
103,30:b5:c2:7f:37:94,-90,Administracion
103,ee:68:68:81:71:29,-76,Administracion
103,44:12:44:87:5d:d1,-92,Administracion
103,44:12:44:87:5d:d0,-93,Administracion
103,60:8d:26:31:76:0d,-56,Administracion
103,60:8d:26:31:76:0c,-59,Administracion
103,30:b5:c2:7f:37:95,-71,Administracion
104,44:12:44:87:5d:c1,-72,Administracion
104,44:12:44:87:5d:c0,-73,Administracion
104,6a:8d:26:31:76:0e,-56,Administracion
104,44:12:44:88:30:40,-84,Administracion
104,30:b5:c2:7f:37:94,-90,Administracion
104,ee:68:68:81:71:29,-76,Administracion
104,44:12:44:87:5d:d1,-92,Administracion
104,44:12:44:87:5d:d0,-93,Administracion
104,60:8d:26:31:76:0d,-56,Administracion
104,60:8d:26:31:76:0c,-59,Administracion
104,30:b5:c2:7f:37:95,-71,Administracion
105,44:12:44:87:5d:c1,-72,Administracion
105,44:12:44:87:5d:c0,-73,Administracion
105,6a:8d:26:31:76:0e,-56,Administracion
105,44:12:44:88:30:40,-84,Administracion
105,30:b5:c2:7f:37:94,-90,Administracion
105,ee:68:68:81:71:29,-76,Administracion
105,44:12:44:87:5d:d1,-92,Administracion
105,44:12:44:87:5d:d0,-93,Administracion
105,60:8d:26:31:76:0d,-56,Administracion
105,60:8d:26:31:76:0c,-59,Administracion
105,30:b5:c2:7f:37:95,-71,Administracion
106,c0:51:5c:99:ca:65,-94,Administracion
106,e8:48:b8:21:3f:b7,-82,Administracion
106,fc:12:63:c2:13:1f,-89,Administracion
106,e8:48:b8:21:3f:b6,-92,Administracion
106,a0:18:42:05:9a:40,-96,Administracion
106,44:12:44:88:7e:a0,-86,Administracion
106,e4:3e:d7:a9:6a:bf,-90,Administracion
106,44:12:44:87:5d:c1,-72,Administracion
106,44:12:44:87:5d:c0,-73,Administracion
106,78:81:02:d2:2d:29,-85,Administracion
106,6a:8d:26:31:76:0e,-56,Administracion
106,44:12:44:88:30:40,-84,Administracion
106,04:f0:21:63:18:b2,-87,Administracion
106,44:12:44:88:30:41,-84,Administracion
106,98:9d:5d:2b:72:3d,-86,Administracion
106,30:b5:c2:7f:37:94,-90,Administracion
106,ee:68:68:81:71:29,-76,Administracion
106,44:12:44:87:5d:d1,-92,Administracion
106,44:59:43:7a:ea:0c,-94,Administracion
106,44:12:44:87:5d:d0,-93,Administracion
106,78:81:02:d2:2d:2d,-94,Administracion
106,60:8d:26:31:76:0d,-56,Administracion
106,44:12:44:88:c9:a0,-86,Administracion
106,60:8d:26:31:76:0c,-59,Administracion
106,44:12:44:88:c9:a1,-86,Administracion
106,30:b5:c2:7f:37:95,-71,Administracion
106,c0:51:5c:99:ca:65,-94,Administracion
107,fc:12:63:c2:13:1f,-89,Administracion
107,e8:48:b8:21:3f:b7,-82,Administracion
107,e8:48:b8:21:3f:b6,-92,Administracion
107,a0:18:42:05:9a:40,-96,Administracion
107,44:12:44:88:7e:a0,-86,Administracion
107,e4:3e:d7:a9:6a:bf,-90,Administracion
107,44:12:44:87:5d:c1,-72,Administracion
107,44:12:44:87:5d:c0,-73,Administracion
107,78:81:02:d2:2d:29,-85,Administracion
107,6a:8d:26:31:76:0e,-56,Administracion
107,44:12:44:88:30:40,-84,Administracion
107,04:f0:21:63:18:b2,-87,Administracion
107,44:12:44:88:30:41,-84,Administracion
107,98:9d:5d:2b:72:3d,-86,Administracion
107,30:b5:c2:7f:37:94,-90,Administracion
107,ee:68:68:81:71:29,-76,Administracion
107,44:12:44:87:5d:d1,-92,Administracion
107,44:59:43:7a:ea:0c,-94,Administracion
107,44:12:44:87:5d:d0,-93,Administracion
107,78:81:02:d2:2d:2d,-94,Administracion
107,60:8d:26:31:76:0d,-56,Administracion
107,44:12:44:88:c9:a0,-86,Administracion
107,60:8d:26:31:76:0c,-59,Administracion
107,44:12:44:88:c9:a1,-86,Administracion
107,30:b5:c2:7f:37:95,-71,Administracion
108,c0:51:5c:99:ca:65,-94,Administracion
108,fc:12:63:c2:13:1f,-89,Administracion
108,e8:48:b8:21:3f:b7,-82,Administracion
108,e8:48:b8:21:3f:b6,-92,Administracion
108,a0:18:42:05:9a:40,-96,Administracion
108,44:12:44:88:7e:a0,-86,Administracion
108,e4:3e:d7:a9:6a:bf,-90,Administracion
108,44:12:44:87:5d:c1,-72,Administracion
108,44:12:44:87:5d:c0,-73,Administracion
108,78:81:02:d2:2d:29,-85,Administracion
108,6a:8d:26:31:76:0e,-56,Administracion
108,44:12:44:88:30:40,-84,Administracion
108,04:f0:21:63:18:b2,-87,Administracion
108,44:12:44:88:30:41,-84,Administracion
108,98:9d:5d:2b:72:3d,-86,Administracion
108,30:b5:c2:7f:37:94,-90,Administracion
108,ee:68:68:81:71:29,-76,Administracion
108,44:12:44:87:5d:d1,-92,Administracion
108,44:59:43:7a:ea:0c,-94,Administracion
108,44:12:44:87:5d:d0,-93,Administracion
108,78:81:02:d2:2d:2d,-94,Administracion
108,60:8d:26:31:76:0d,-56,Administracion
108,44:12:44:88:c9:a0,-86,Administracion
108,60:8d:26:31:76:0c,-59,Administracion
108,44:12:44:88:c9:a1,-86,Administracion
108,30:b5:c2:7f:37:95,-71,Administracion
109,c0:51:5c:99:ca:65,-94,Administracion
109,fc:12:63:c2:13:1f,-89,Administracion
109,e8:48:b8:21:3f:b7,-82,Administracion
109,e8:48:b8:21:3f:b6,-92,Administracion
109,a0:18:42:05:9a:40,-96,Administracion
109,44:12:44:88:7e:a0,-86,Administracion
109,e4:3e:d7:a9:6a:bf,-90,Administracion
109,44:12:44:87:5d:c1,-72,Administracion
109,44:12:44:87:5d:c0,-73,Administracion
109,78:81:02:d2:2d:29,-85,Administracion
109,6a:8d:26:31:76:0e,-56,Administracion
109,44:12:44:88:30:40,-84,Administracion
109,04:f0:21:63:18:b2,-87,Administracion
109,44:12:44:88:30:41,-84,Administracion
109,98:9d:5d:2b:72:3d,-86,Administracion
109,30:b5:c2:7f:37:94,-90,Administracion
109,ee:68:68:81:71:29,-76,Administracion
109,44:12:44:87:5d:d1,-92,Administracion
109,44:59:43:7a:ea:0c,-94,Administracion
109,44:12:44:87:5d:d0,-93,Administracion
109,78:81:02:d2:2d:2d,-94,Administracion
109,60:8d:26:31:76:0d,-56,Administracion
109,44:12:44:88:c9:a0,-86,Administracion
109,60:8d:26:31:76:0c,-59,Administracion
109,44:12:44:88:c9:a1,-86,Administracion
109,30:b5:c2:7f:37:95,-71,Administracion
110,c0:51:5c:99:ca:65,-94,Administracion
110,fc:12:63:c2:13:1f,-89,Administracion
110,e8:48:b8:21:3f:b7,-82,Administracion
110,e8:48:b8:21:3f:b6,-92,Administracion
110,a0:18:42:05:9a:40,-96,Administracion
110,44:12:44:88:7e:a0,-86,Administracion
110,e4:3e:d7:a9:6a:bf,-90,Administracion
110,44:12:44:87:5d:c1,-72,Administracion
110,44:12:44:87:5d:c0,-73,Administracion
110,78:81:02:d2:2d:29,-85,Administracion
110,6a:8d:26:31:76:0e,-56,Administracion
110,44:12:44:88:30:40,-84,Administracion
110,04:f0:21:63:18:b2,-87,Administracion
110,44:12:44:88:30:41,-84,Administracion
110,98:9d:5d:2b:72:3d,-86,Administracion
110,30:b5:c2:7f:37:94,-90,Administracion
110,ee:68:68:81:71:29,-76,Administracion
110,44:12:44:87:5d:d1,-92,Administracion
110,44:59:43:7a:ea:0c,-94,Administracion
110,44:12:44:87:5d:d0,-93,Administracion
110,78:81:02:d2:2d:2d,-94,Administracion
110,60:8d:26:31:76:0d,-56,Administracion
110,44:12:44:88:c9:a0,-86,Administracion
110,60:8d:26:31:76:0c,-59,Administracion
110,44:12:44:88:c9:a1,-86,Administracion
110,30:b5:c2:7f:37:95,-71,Administracion
111,e8:48:b8:21:3f:b7,-82,Administracion
111,44:12:44:88:7e:a0,-86,Administracion
111,44:12:44:87:5d:c1,-72,Administracion
111,44:12:44:87:5d:c0,-73,Administracion
111,78:81:02:d2:2d:29,-85,Administracion
111,6a:8d:26:31:76:0e,-56,Administracion
111,44:12:44:88:30:40,-84,Administracion
111,04:f0:21:63:18:b2,-87,Administracion
111,44:12:44:88:30:41,-84,Administracion
111,98:9d:5d:2b:72:3d,-86,Administracion
111,30:b5:c2:7f:37:94,-90,Administracion
111,ee:68:68:81:71:29,-76,Administracion
111,44:12:44:87:5d:d1,-92,Administracion
111,44:12:44:87:5d:d0,-93,Administracion
111,78:81:02:d2:2d:2d,-94,Administracion
111,60:8d:26:31:76:0d,-56,Administracion
111,44:12:44:88:c9:a0,-86,Administracion
111,60:8d:26:31:76:0c,-59,Administracion
111,44:12:44:88:c9:a1,-86,Administracion
111,30:b5:c2:7f:37:95,-71,Administracion
112,e8:48:b8:21:3f:b7,-82,Administracion
112,44:12:44:88:7e:a0,-86,Administracion
112,44:12:44:87:5d:c1,-72,Administracion
112,44:12:44:87:5d:c0,-73,Administracion
112,78:81:02:d2:2d:29,-85,Administracion
112,6a:8d:26:31:76:0e,-56,Administracion
112,44:12:44:88:30:40,-84,Administracion
112,04:f0:21:63:18:b2,-87,Administracion
112,44:12:44:88:30:41,-84,Administracion
112,98:9d:5d:2b:72:3d,-86,Administracion
112,30:b5:c2:7f:37:94,-90,Administracion
112,ee:68:68:81:71:29,-76,Administracion
112,44:12:44:87:5d:d1,-92,Administracion
112,44:12:44:87:5d:d0,-93,Administracion
112,78:81:02:d2:2d:2d,-94,Administracion
112,60:8d:26:31:76:0d,-56,Administracion
112,44:12:44:88:c9:a0,-86,Administracion
112,60:8d:26:31:76:0c,-59,Administracion
112,44:12:44:88:c9:a1,-86,Administracion
112,30:b5:c2:7f:37:95,-71,Administracion
113,e8:48:b8:21:3f:b7,-82,Administracion
113,44:12:44:88:7e:a0,-86,Administracion
113,44:12:44:87:5d:c1,-72,Administracion
113,44:12:44:87:5d:c0,-73,Administracion
113,78:81:02:d2:2d:29,-85,Administracion
113,6a:8d:26:31:76:0e,-56,Administracion
113,44:12:44:88:30:40,-84,Administracion
113,04:f0:21:63:18:b2,-87,Administracion
113,44:12:44:88:30:41,-84,Administracion
113,98:9d:5d:2b:72:3d,-86,Administracion
113,30:b5:c2:7f:37:94,-90,Administracion
113,ee:68:68:81:71:29,-76,Administracion
113,44:12:44:87:5d:d1,-92,Administracion
113,44:12:44:87:5d:d0,-93,Administracion
113,78:81:02:d2:2d:2d,-94,Administracion
113,60:8d:26:31:76:0d,-56,Administracion
113,44:12:44:88:c9:a0,-86,Administracion
113,60:8d:26:31:76:0c,-59,Administracion
113,44:12:44:88:c9:a1,-86,Administracion
113,30:b5:c2:7f:37:95,-71,Administracion
114,e8:48:b8:21:3f:b7,-82,Administracion
114,44:12:44:88:7e:a0,-86,Administracion
114,44:12:44:87:5d:c1,-72,Administracion
114,44:12:44:87:5d:c0,-73,Administracion
114,78:81:02:d2:2d:29,-85,Administracion
114,6a:8d:26:31:76:0e,-56,Administracion
114,44:12:44:88:30:40,-84,Administracion
114,04:f0:21:63:18:b2,-87,Administracion
114,44:12:44:88:30:41,-84,Administracion
114,98:9d:5d:2b:72:3d,-86,Administracion
114,30:b5:c2:7f:37:94,-90,Administracion
114,ee:68:68:81:71:29,-76,Administracion
114,44:12:44:87:5d:d1,-92,Administracion
114,44:12:44:87:5d:d0,-93,Administracion
114,78:81:02:d2:2d:2d,-94,Administracion
114,60:8d:26:31:76:0d,-56,Administracion
114,44:12:44:88:c9:a0,-86,Administracion
114,60:8d:26:31:76:0c,-59,Administracion
114,44:12:44:88:c9:a1,-86,Administracion
114,30:b5:c2:7f:37:95,-71,Administracion
115,e8:48:b8:21:3f:b7,-82,Administracion
115,44:12:44:88:7e:a0,-86,Administracion
115,44:12:44:87:5d:c1,-72,Administracion
115,44:12:44:87:5d:c0,-73,Administracion
115,78:81:02:d2:2d:29,-85,Administracion
115,6a:8d:26:31:76:0e,-56,Administracion
115,44:12:44:88:30:40,-84,Administracion
115,04:f0:21:63:18:b2,-87,Administracion
115,44:12:44:88:30:41,-84,Administracion
115,98:9d:5d:2b:72:3d,-86,Administracion
115,30:b5:c2:7f:37:94,-90,Administracion
115,ee:68:68:81:71:29,-76,Administracion
115,44:12:44:87:5d:d1,-92,Administracion
115,44:12:44:87:5d:d0,-93,Administracion
115,78:81:02:d2:2d:2d,-94,Administracion
115,60:8d:26:31:76:0d,-56,Administracion
115,44:12:44:88:c9:a0,-86,Administracion
115,60:8d:26:31:76:0c,-59,Administracion
115,44:12:44:88:c9:a1,-86,Administracion
115,30:b5:c2:7f:37:95,-71,Administracion
115,e8:48:b8:21:3f:b7,-82,Administracion
116,44:12:44:88:7e:a0,-86,Administracion
116,44:12:44:87:5d:c1,-72,Administracion
116,44:12:44:87:5d:c0,-73,Administracion
116,78:81:02:d2:2d:29,-85,Administracion
116,6a:8d:26:31:76:0e,-56,Administracion
116,44:12:44:88:30:40,-84,Administracion
116,04:f0:21:63:18:b2,-87,Administracion
116,44:12:44:88:30:41,-84,Administracion
116,98:9d:5d:2b:72:3d,-86,Administracion
116,30:b5:c2:7f:37:94,-90,Administracion
116,ee:68:68:81:71:29,-76,Administracion
116,44:12:44:87:5d:d1,-92,Administracion
116,44:12:44:87:5d:d0,-93,Administracion
116,78:81:02:d2:2d:2d,-94,Administracion
116,60:8d:26:31:76:0d,-56,Administracion
116,44:12:44:88:c9:a0,-86,Administracion
116,60:8d:26:31:76:0c,-59,Administracion
116,44:12:44:88:c9:a1,-86,Administracion
116,30:b5:c2:7f:37:95,-71,Administracion
117,e8:48:b8:21:3f:b7,-82,Administracion
117,44:12:44:88:7e:a0,-86,Administracion
117,44:12:44:87:5d:c1,-72,Administracion
117,44:12:44:87:5d:c0,-73,Administracion
117,78:81:02:d2:2d:29,-85,Administracion
117,6a:8d:26:31:76:0e,-56,Administracion
117,44:12:44:88:30:40,-84,Administracion
117,04:f0:21:63:18:b2,-87,Administracion
117,44:12:44:88:30:41,-84,Administracion
117,98:9d:5d:2b:72:3d,-86,Administracion
117,30:b5:c2:7f:37:94,-90,Administracion
117,ee:68:68:81:71:29,-76,Administracion
117,44:12:44:87:5d:d1,-92,Administracion
117,44:12:44:87:5d:d0,-93,Administracion
117,78:81:02:d2:2d:2d,-94,Administracion
117,60:8d:26:31:76:0d,-56,Administracion
117,44:12:44:88:c9:a0,-86,Administracion
117,60:8d:26:31:76:0c,-59,Administracion
117,44:12:44:88:c9:a1,-86,Administracion
117,30:b5:c2:7f:37:95,-71,Administracion
118,e8:48:b8:21:3f:b7,-82,Administracion
118,44:12:44:88:7e:a0,-86,Administracion
118,44:12:44:87:5d:c1,-72,Administracion
118,44:12:44:87:5d:c0,-73,Administracion
118,78:81:02:d2:2d:29,-85,Administracion
118,6a:8d:26:31:76:0e,-56,Administracion
118,44:12:44:88:30:40,-84,Administracion
118,04:f0:21:63:18:b2,-87,Administracion
118,44:12:44:88:30:41,-84,Administracion
118,98:9d:5d:2b:72:3d,-86,Administracion
118,30:b5:c2:7f:37:94,-90,Administracion
118,ee:68:68:81:71:29,-76,Administracion
118,44:12:44:87:5d:d1,-92,Administracion
118,44:12:44:87:5d:d0,-93,Administracion
118,78:81:02:d2:2d:2d,-94,Administracion
118,60:8d:26:31:76:0d,-56,Administracion
118,44:12:44:88:c9:a0,-86,Administracion
118,60:8d:26:31:76:0c,-59,Administracion
118,44:12:44:88:c9:a1,-86,Administracion
118,30:b5:c2:7f:37:95,-71,Administracion
119,e8:48:b8:21:3f:b7,-82,Administracion
119,44:12:44:88:7e:a0,-86,Administracion
119,44:12:44:87:5d:c1,-72,Administracion
119,44:12:44:87:5d:c0,-73,Administracion
119,78:81:02:d2:2d:29,-85,Administracion
119,6a:8d:26:31:76:0e,-56,Administracion
119,44:12:44:88:30:40,-84,Administracion
119,04:f0:21:63:18:b2,-87,Administracion
119,44:12:44:88:30:41,-84,Administracion
119,98:9d:5d:2b:72:3d,-86,Administracion
119,30:b5:c2:7f:37:94,-90,Administracion
119,ee:68:68:81:71:29,-76,Administracion
119,44:12:44:87:5d:d1,-92,Administracion
119,44:12:44:87:5d:d0,-93,Administracion
119,78:81:02:d2:2d:2d,-94,Administracion
119,60:8d:26:31:76:0d,-56,Administracion
119,44:12:44:88:c9:a0,-86,Administracion
119,60:8d:26:31:76:0c,-59,Administracion
119,44:12:44:88:c9:a1,-86,Administracion
119,30:b5:c2:7f:37:95,-71,Administracion
120,e8:48:b8:21:3f:b7,-82,Administracion
120,44:12:44:88:7e:a0,-86,Administracion
120,44:12:44:87:5d:c1,-72,Administracion
120,44:12:44:87:5d:c0,-73,Administracion
120,78:81:02:d2:2d:29,-85,Administracion
120,6a:8d:26:31:76:0e,-56,Administracion
120,44:12:44:88:30:40,-84,Administracion
120,04:f0:21:63:18:b2,-87,Administracion
120,44:12:44:88:30:41,-84,Administracion
120,98:9d:5d:2b:72:3d,-86,Administracion
120,30:b5:c2:7f:37:94,-90,Administracion
120,ee:68:68:81:71:29,-76,Administracion
120,44:12:44:87:5d:d1,-92,Administracion
120,44:12:44:87:5d:d0,-93,Administracion
120,78:81:02:d2:2d:2d,-94,Administracion
120,60:8d:26:31:76:0d,-56,Administracion
120,44:12:44:88:c9:a0,-86,Administracion
120,60:8d:26:31:76:0c,-59,Administracion
120,44:12:44:88:c9:a1,-86,Administracion
120,30:b5:c2:7f:37:95,-71,Administracion
121,e8:48:b8:21:3f:b7,-82,Administracion
121,44:12:44:88:7e:a0,-86,Administracion
121,44:12:44:87:5d:c1,-72,Administracion
121,44:12:44:87:5d:c0,-73,Administracion
121,78:81:02:d2:2d:29,-85,Administracion
121,6a:8d:26:31:76:0e,-56,Administracion
121,44:12:44:88:30:40,-84,Administracion
121,04:f0:21:63:18:b2,-87,Administracion
121,44:12:44:88:30:41,-84,Administracion
121,98:9d:5d:2b:72:3d,-86,Administracion
121,30:b5:c2:7f:37:94,-90,Administracion
121,ee:68:68:81:71:29,-76,Administracion
121,44:12:44:87:5d:d1,-92,Administracion
121,44:12:44:87:5d:d0,-93,Administracion
121,78:81:02:d2:2d:2d,-94,Administracion
121,60:8d:26:31:76:0d,-56,Administracion
121,44:12:44:88:c9:a0,-86,Administracion
121,60:8d:26:31:76:0c,-59,Administracion
121,44:12:44:88:c9:a1,-86,Administracion
121,30:b5:c2:7f:37:95,-71,Administracion
122,e8:48:b8:21:3f:b7,-82,Administracion
122,44:12:44:88:7e:a0,-86,Administracion
122,44:12:44:87:5d:c1,-72,Administracion
122,44:12:44:87:5d:c0,-73,Administracion
122,78:81:02:d2:2d:29,-85,Administracion
122,6a:8d:26:31:76:0e,-56,Administracion
122,44:12:44:88:30:40,-84,Administracion
122,04:f0:21:63:18:b2,-87,Administracion
122,44:12:44:88:30:41,-84,Administracion
122,98:9d:5d:2b:72:3d,-86,Administracion
122,30:b5:c2:7f:37:94,-90,Administracion
122,ee:68:68:81:71:29,-76,Administracion
122,44:12:44:87:5d:d1,-92,Administracion
122,44:12:44:87:5d:d0,-93,Administracion
122,78:81:02:d2:2d:2d,-94,Administracion
122,60:8d:26:31:76:0d,-56,Administracion
122,44:12:44:88:c9:a0,-86,Administracion
122,60:8d:26:31:76:0c,-59,Administracion
122,44:12:44:88:c9:a1,-86,Administracion
122,30:b5:c2:7f:37:95,-71,Administracion
123,e8:48:b8:21:3f:b7,-82,Administracion
123,44:12:44:88:7e:a0,-86,Administracion
123,44:12:44:87:5d:c1,-72,Administracion
123,44:12:44:87:5d:c0,-73,Administracion
123,78:81:02:d2:2d:29,-85,Administracion
123,6a:8d:26:31:76:0e,-56,Administracion
123,44:12:44:88:30:40,-84,Administracion
123,04:f0:21:63:18:b2,-87,Administracion
123,44:12:44:88:30:41,-84,Administracion
123,98:9d:5d:2b:72:3d,-86,Administracion
123,30:b5:c2:7f:37:94,-90,Administracion
123,ee:68:68:81:71:29,-76,Administracion
123,44:12:44:87:5d:d1,-92,Administracion
123,44:12:44:87:5d:d0,-93,Administracion
123,78:81:02:d2:2d:2d,-94,Administracion
123,60:8d:26:31:76:0d,-56,Administracion
123,44:12:44:88:c9:a0,-86,Administracion
123,60:8d:26:31:76:0c,-59,Administracion
123,44:12:44:88:c9:a1,-86,Administracion
123,30:b5:c2:7f:37:95,-71,Administracion
124,e8:48:b8:21:3f:b7,-82,Administracion
124,44:12:44:88:7e:a0,-86,Administracion
124,44:12:44:87:5d:c1,-72,Administracion
124,44:12:44:87:5d:c0,-73,Administracion
124,78:81:02:d2:2d:29,-85,Administracion
124,6a:8d:26:31:76:0e,-56,Administracion
124,44:12:44:88:30:40,-84,Administracion
124,04:f0:21:63:18:b2,-87,Administracion
124,44:12:44:88:30:41,-84,Administracion
124,98:9d:5d:2b:72:3d,-86,Administracion
124,30:b5:c2:7f:37:94,-90,Administracion
124,ee:68:68:81:71:29,-76,Administracion
124,44:12:44:87:5d:d1,-92,Administracion
124,44:12:44:87:5d:d0,-93,Administracion
124,78:81:02:d2:2d:2d,-94,Administracion
124,60:8d:26:31:76:0d,-56,Administracion
124,44:12:44:88:c9:a0,-86,Administracion
124,60:8d:26:31:76:0c,-59,Administracion
124,44:12:44:88:c9:a1,-86,Administracion
124,30:b5:c2:7f:37:95,-71,Administracion
125,e8:48:b8:21:3f:b7,-82,Administracion
125,44:12:44:88:7e:a0,-86,Administracion
125,44:12:44:87:5d:c1,-72,Administracion
125,44:12:44:87:5d:c0,-73,Administracion
125,78:81:02:d2:2d:29,-85,Administracion
125,6a:8d:26:31:76:0e,-56,Administracion
125,44:12:44:88:30:40,-84,Administracion
125,04:f0:21:63:18:b2,-87,Administracion
125,44:12:44:88:30:41,-84,Administracion
125,98:9d:5d:2b:72:3d,-86,Administracion
125,30:b5:c2:7f:37:94,-90,Administracion
125,ee:68:68:81:71:29,-76,Administracion
125,44:12:44:87:5d:d1,-92,Administracion
125,44:12:44:87:5d:d0,-93,Administracion
125,78:81:02:d2:2d:2d,-94,Administracion
125,60:8d:26:31:76:0d,-56,Administracion
125,44:12:44:88:c9:a0,-86,Administracion
125,60:8d:26:31:76:0c,-59,Administracion
125,44:12:44:88:c9:a1,-86,Administracion
125,30:b5:c2:7f:37:95,-71,Administracion
126,e8:48:b8:21:3f:b7,-82,Administracion
126,44:12:44:88:7e:a0,-86,Administracion
126,44:12:44:87:5d:c1,-72,Administracion
126,44:12:44:87:5d:c0,-73,Administracion
126,6a:8d:26:31:76:0e,-56,Administracion
126,44:12:44:88:30:40,-84,Administracion
126,04:f0:21:63:18:b2,-87,Administracion
126,44:12:44:88:30:41,-84,Administracion
126,98:9d:5d:2b:72:3d,-86,Administracion
126,30:b5:c2:7f:37:94,-90,Administracion
126,ee:68:68:81:71:29,-76,Administracion
126,44:12:44:87:5d:d1,-92,Administracion
126,44:12:44:87:5d:d0,-93,Administracion
126,78:81:02:d2:2d:2d,-94,Administracion
126,60:8d:26:31:76:0d,-56,Administracion
126,60:8d:26:31:76:0c,-59,Administracion
126,30:b5:c2:7f:37:95,-71,Administracion
127,e8:48:b8:21:3f:b7,-82,Administracion
127,44:12:44:88:7e:a0,-86,Administracion
127,44:12:44:87:5d:c1,-72,Administracion
127,44:12:44:87:5d:c0,-73,Administracion
127,6a:8d:26:31:76:0e,-56,Administracion
127,44:12:44:88:30:40,-84,Administracion
127,04:f0:21:63:18:b2,-87,Administracion
127,44:12:44:88:30:41,-84,Administracion
127,98:9d:5d:2b:72:3d,-86,Administracion
127,30:b5:c2:7f:37:94,-90,Administracion
127,ee:68:68:81:71:29,-76,Administracion
127,44:12:44:87:5d:d1,-92,Administracion
127,44:12:44:87:5d:d0,-93,Administracion
127,78:81:02:d2:2d:2d,-94,Administracion
127,60:8d:26:31:76:0d,-56,Administracion
127,60:8d:26:31:76:0c,-59,Administracion
127,30:b5:c2:7f:37:95,-71,Administracion
128,e8:48:b8:21:3f:b7,-82,Administracion
128,44:12:44:88:7e:a0,-86,Administracion
128,44:12:44:87:5d:c1,-72,Administracion
128,44:12:44:87:5d:c0,-73,Administracion
128,6a:8d:26:31:76:0e,-56,Administracion
128,44:12:44:88:30:40,-84,Administracion
128,04:f0:21:63:18:b2,-87,Administracion
128,44:12:44:88:30:41,-84,Administracion
128,98:9d:5d:2b:72:3d,-86,Administracion
128,30:b5:c2:7f:37:94,-90,Administracion
128,ee:68:68:81:71:29,-76,Administracion
128,44:12:44:87:5d:d1,-92,Administracion
128,44:12:44:87:5d:d0,-93,Administracion
128,78:81:02:d2:2d:2d,-94,Administracion
128,60:8d:26:31:76:0d,-56,Administracion
128,60:8d:26:31:76:0c,-59,Administracion
128,30:b5:c2:7f:37:95,-71,Administracion
129,e8:48:b8:21:3f:b7,-82,Administracion
129,44:12:44:88:7e:a0,-86,Administracion
129,44:12:44:87:5d:c1,-72,Administracion
129,44:12:44:87:5d:c0,-73,Administracion
129,6a:8d:26:31:76:0e,-56,Administracion
129,44:12:44:88:30:40,-84,Administracion
129,04:f0:21:63:18:b2,-87,Administracion
129,44:12:44:88:30:41,-84,Administracion
129,98:9d:5d:2b:72:3d,-86,Administracion
129,30:b5:c2:7f:37:94,-90,Administracion
129,ee:68:68:81:71:29,-76,Administracion
129,44:12:44:87:5d:d1,-92,Administracion
129,44:12:44:87:5d:d0,-93,Administracion
129,78:81:02:d2:2d:2d,-94,Administracion
129,60:8d:26:31:76:0d,-56,Administracion
129,60:8d:26:31:76:0c,-59,Administracion
129,30:b5:c2:7f:37:95,-71,Administracion
130,e8:48:b8:21:3f:b7,-82,Administracion
130,44:12:44:88:7e:a0,-86,Administracion
130,44:12:44:87:5d:c1,-72,Administracion
130,44:12:44:87:5d:c0,-73,Administracion
130,6a:8d:26:31:76:0e,-56,Administracion
130,44:12:44:88:30:40,-84,Administracion
130,04:f0:21:63:18:b2,-87,Administracion
130,44:12:44:88:30:41,-84,Administracion
130,98:9d:5d:2b:72:3d,-86,Administracion
130,30:b5:c2:7f:37:94,-90,Administracion
130,ee:68:68:81:71:29,-76,Administracion
130,44:12:44:87:5d:d1,-92,Administracion
130,44:12:44:87:5d:d0,-93,Administracion
130,78:81:02:d2:2d:2d,-94,Administracion
130,60:8d:26:31:76:0d,-56,Administracion
130,60:8d:26:31:76:0c,-59,Administracion
130,30:b5:c2:7f:37:95,-71,Administracion
131,e8:48:b8:21:3f:b7,-82,Administracion
131,44:12:44:88:7e:a0,-86,Administracion
131,44:12:44:87:5d:c1,-72,Administracion
131,44:12:44:87:5d:c0,-73,Administracion
131,6a:8d:26:31:76:0e,-56,Administracion
131,44:12:44:88:30:40,-84,Administracion
131,04:f0:21:63:18:b2,-87,Administracion
131,44:12:44:88:30:41,-84,Administracion
131,98:9d:5d:2b:72:3d,-86,Administracion
131,30:b5:c2:7f:37:94,-90,Administracion
131,ee:68:68:81:71:29,-76,Administracion
131,44:12:44:87:5d:d1,-92,Administracion
131,44:12:44:87:5d:d0,-93,Administracion
131,78:81:02:d2:2d:2d,-94,Administracion
131,60:8d:26:31:76:0d,-56,Administracion
131,60:8d:26:31:76:0c,-59,Administracion
131,30:b5:c2:7f:37:95,-71,Administracion
132,e8:48:b8:21:3f:b7,-82,Administracion
132,44:12:44:88:7e:a0,-86,Administracion
132,44:12:44:87:5d:c1,-72,Administracion
132,44:12:44:87:5d:c0,-73,Administracion
132,6a:8d:26:31:76:0e,-56,Administracion
132,44:12:44:88:30:40,-84,Administracion
132,04:f0:21:63:18:b2,-87,Administracion
132,44:12:44:88:30:41,-84,Administracion
132,98:9d:5d:2b:72:3d,-86,Administracion
132,30:b5:c2:7f:37:94,-90,Administracion
132,ee:68:68:81:71:29,-76,Administracion
132,44:12:44:87:5d:d1,-92,Administracion
132,44:12:44:87:5d:d0,-93,Administracion
132,78:81:02:d2:2d:2d,-94,Administracion
132,60:8d:26:31:76:0d,-56,Administracion
132,60:8d:26:31:76:0c,-59,Administracion
132,30:b5:c2:7f:37:95,-71,Administracion
133,e8:48:b8:21:3f:b7,-82,Administracion
133,44:12:44:88:7e:a0,-86,Administracion
133,44:12:44:87:5d:c1,-72,Administracion
133,44:12:44:87:5d:c0,-73,Administracion
133,6a:8d:26:31:76:0e,-56,Administracion
133,44:12:44:88:30:40,-84,Administracion
133,04:f0:21:63:18:b2,-87,Administracion
133,44:12:44:88:30:41,-84,Administracion
133,98:9d:5d:2b:72:3d,-86,Administracion
133,30:b5:c2:7f:37:94,-90,Administracion
133,ee:68:68:81:71:29,-76,Administracion
133,44:12:44:87:5d:d1,-92,Administracion
133,44:12:44:87:5d:d0,-93,Administracion
133,78:81:02:d2:2d:2d,-94,Administracion
133,60:8d:26:31:76:0d,-56,Administracion
133,60:8d:26:31:76:0c,-59,Administracion
133,30:b5:c2:7f:37:95,-71,Administracion
134,e8:48:b8:21:3f:b7,-82,Administracion
134,44:12:44:88:7e:a0,-86,Administracion
134,44:12:44:87:5d:c1,-72,Administracion
134,44:12:44:87:5d:c0,-73,Administracion
134,6a:8d:26:31:76:0e,-56,Administracion
134,44:12:44:88:30:40,-84,Administracion
134,04:f0:21:63:18:b2,-87,Administracion
134,44:12:44:88:30:41,-84,Administracion
134,98:9d:5d:2b:72:3d,-86,Administracion
134,30:b5:c2:7f:37:94,-90,Administracion
134,ee:68:68:81:71:29,-76,Administracion
134,44:12:44:87:5d:d1,-92,Administracion
134,44:12:44:87:5d:d0,-93,Administracion
134,78:81:02:d2:2d:2d,-94,Administracion
134,60:8d:26:31:76:0d,-56,Administracion
134,60:8d:26:31:76:0c,-59,Administracion
134,30:b5:c2:7f:37:95,-71,Administracion
135,e8:48:b8:21:3f:b7,-82,Administracion
135,44:12:44:88:7e:a0,-86,Administracion
135,44:12:44:87:5d:c1,-72,Administracion
135,44:12:44:87:5d:c0,-73,Administracion
135,6a:8d:26:31:76:0e,-56,Administracion
135,44:12:44:88:30:40,-84,Administracion
135,04:f0:21:63:18:b2,-87,Administracion
135,44:12:44:88:30:41,-84,Administracion
135,98:9d:5d:2b:72:3d,-86,Administracion
135,30:b5:c2:7f:37:94,-90,Administracion
135,ee:68:68:81:71:29,-76,Administracion
135,44:12:44:87:5d:d1,-92,Administracion
135,44:12:44:87:5d:d0,-93,Administracion
135,78:81:02:d2:2d:2d,-94,Administracion
135,60:8d:26:31:76:0d,-56,Administracion
135,60:8d:26:31:76:0c,-59,Administracion
135,30:b5:c2:7f:37:95,-71,Administracion
136,44:12:44:88:7e:a0,-86,Administracion
136,3c:a7:ae:98:07:98,-87,Administracion
136,44:12:44:87:5d:c1,-73,Administracion
136,44:12:44:87:5d:c0,-74,Administracion
136,78:81:02:d2:2d:29,-89,Administracion
136,6a:8d:26:31:76:0e,-56,Administracion
136,44:12:44:88:30:40,-85,Administracion
136,44:12:44:88:30:41,-85,Administracion
136,98:9d:5d:2b:72:3d,-88,Administracion
136,30:b5:c2:7f:37:94,-90,Administracion
136,ee:68:68:81:71:29,-75,Administracion
136,44:12:44:87:5d:d1,-94,Administracion
136,44:12:44:87:5d:d0,-92,Administracion
136,60:8d:26:31:76:0d,-57,Administracion
136,60:8d:26:31:76:0c,-59,Administracion
136,30:b5:c2:7f:37:95,-71,Administracion
137,44:12:44:88:7e:a0,-86,Administracion
137,3c:a7:ae:98:07:98,-87,Administracion
137,44:12:44:87:5d:c1,-73,Administracion
137,44:12:44:87:5d:c0,-74,Administracion
137,78:81:02:d2:2d:29,-89,Administracion
137,6a:8d:26:31:76:0e,-56,Administracion
137,44:12:44:88:30:40,-85,Administracion
137,44:12:44:88:30:41,-85,Administracion
137,98:9d:5d:2b:72:3d,-88,Administracion
137,30:b5:c2:7f:37:94,-90,Administracion
137,ee:68:68:81:71:29,-75,Administracion
137,44:12:44:87:5d:d1,-94,Administracion
137,44:12:44:87:5d:d0,-92,Administracion
137,60:8d:26:31:76:0d,-57,Administracion
137,60:8d:26:31:76:0c,-59,Administracion
137,30:b5:c2:7f:37:95,-71,Administracion
138,44:12:44:88:7e:a0,-86,Administracion
138,3c:a7:ae:98:07:98,-87,Administracion
138,44:12:44:87:5d:c1,-73,Administracion
138,44:12:44:87:5d:c0,-74,Administracion
138,78:81:02:d2:2d:29,-89,Administracion
138,6a:8d:26:31:76:0e,-56,Administracion
138,44:12:44:88:30:40,-85,Administracion
138,44:12:44:88:30:41,-85,Administracion
138,98:9d:5d:2b:72:3d,-88,Administracion
138,30:b5:c2:7f:37:94,-90,Administracion
138,ee:68:68:81:71:29,-75,Administracion
138,44:12:44:87:5d:d1,-94,Administracion
138,44:12:44:87:5d:d0,-92,Administracion
138,60:8d:26:31:76:0d,-57,Administracion
138,60:8d:26:31:76:0c,-59,Administracion
138,30:b5:c2:7f:37:95,-71,Administracion
139,44:12:44:88:7e:a0,-86,Administracion
139,3c:a7:ae:98:07:98,-87,Administracion
139,44:12:44:87:5d:c1,-73,Administracion
139,44:12:44:87:5d:c0,-74,Administracion
139,6a:8d:26:31:76:0e,-56,Administracion
139,78:81:02:d2:2d:29,-89,Administracion
139,44:12:44:88:30:40,-85,Administracion
139,44:12:44:88:30:41,-85,Administracion
139,98:9d:5d:2b:72:3d,-88,Administracion
139,30:b5:c2:7f:37:94,-90,Administracion
139,ee:68:68:81:71:29,-75,Administracion
139,44:12:44:87:5d:d1,-94,Administracion
139,44:12:44:87:5d:d0,-92,Administracion
139,60:8d:26:31:76:0d,-57,Administracion
139,60:8d:26:31:76:0c,-59,Administracion
139,30:b5:c2:7f:37:95,-71,Administracion
140,44:12:44:88:7e:a0,-86,Administracion
140,3c:a7:ae:98:07:98,-87,Administracion
140,44:12:44:87:5d:c1,-73,Administracion
140,44:12:44:87:5d:c0,-74,Administracion
140,78:81:02:d2:2d:29,-89,Administracion
140,6a:8d:26:31:76:0e,-56,Administracion
140,44:12:44:88:30:40,-85,Administracion
140,44:12:44:88:30:41,-85,Administracion
140,98:9d:5d:2b:72:3d,-88,Administracion
140,30:b5:c2:7f:37:94,-90,Administracion
140,ee:68:68:81:71:29,-75,Administracion
140,44:12:44:87:5d:d1,-94,Administracion
140,44:12:44:87:5d:d0,-92,Administracion
140,60:8d:26:31:76:0d,-57,Administracion
140,60:8d:26:31:76:0c,-59,Administracion
140,30:b5:c2:7f:37:95,-71,Administracion
141,e8:48:b8:21:3f:b7,-82,Administracion
141,44:12:44:88:7e:a0,-86,Administracion
141,3c:a7:ae:98:07:98,-87,Administracion
141,44:12:44:87:5d:c1,-73,Administracion
141,44:12:44:87:5d:c0,-74,Administracion
141,78:81:02:d2:2d:29,-89,Administracion
141,6a:8d:26:31:76:0e,-56,Administracion
141,44:12:44:88:30:40,-85,Administracion
141,04:f0:21:63:18:b2,-87,Administracion
141,44:12:44:88:30:41,-85,Administracion
141,98:9d:5d:2b:72:3d,-88,Administracion
141,30:b5:c2:7f:37:94,-90,Administracion
141,ee:68:68:81:71:29,-75,Administracion
141,44:12:44:87:5d:d1,-94,Administracion
141,44:12:44:87:5d:d0,-92,Administracion
141,78:81:02:d2:2d:2d,-94,Administracion
141,60:8d:26:31:76:0d,-57,Administracion
141,60:8d:26:31:76:0c,-59,Administracion
141,30:b5:c2:7f:37:95,-71,Administracion
142,e8:48:b8:21:3f:b7,-82,Administracion
142,44:12:44:88:7e:a0,-86,Administracion
142,3c:a7:ae:98:07:98,-87,Administracion
142,44:12:44:87:5d:c1,-73,Administracion
142,44:12:44:87:5d:c0,-74,Administracion
142,78:81:02:d2:2d:29,-89,Administracion
142,6a:8d:26:31:76:0e,-56,Administracion
142,44:12:44:88:30:40,-85,Administracion
142,04:f0:21:63:18:b2,-87,Administracion
142,44:12:44:88:30:41,-85,Administracion
142,98:9d:5d:2b:72:3d,-88,Administracion
142,30:b5:c2:7f:37:94,-90,Administracion
142,ee:68:68:81:71:29,-75,Administracion
142,44:12:44:87:5d:d1,-94,Administracion
142,44:12:44:87:5d:d0,-92,Administracion
142,78:81:02:d2:2d:2d,-94,Administracion
142,60:8d:26:31:76:0d,-57,Administracion
142,60:8d:26:31:76:0c,-59,Administracion
142,30:b5:c2:7f:37:95,-71,Administracion
143,e8:48:b8:21:3f:b7,-82,Administracion
143,44:12:44:88:7e:a0,-86,Administracion
143,3c:a7:ae:98:07:98,-87,Administracion
143,44:12:44:87:5d:c1,-73,Administracion
143,44:12:44:87:5d:c0,-74,Administracion
143,78:81:02:d2:2d:29,-89,Administracion
143,6a:8d:26:31:76:0e,-56,Administracion
143,44:12:44:88:30:40,-85,Administracion
143,04:f0:21:63:18:b2,-87,Administracion
143,44:12:44:88:30:41,-85,Administracion
143,98:9d:5d:2b:72:3d,-88,Administracion
143,30:b5:c2:7f:37:94,-90,Administracion
143,ee:68:68:81:71:29,-75,Administracion
143,44:12:44:87:5d:d1,-94,Administracion
143,44:12:44:87:5d:d0,-92,Administracion
143,78:81:02:d2:2d:2d,-94,Administracion
143,60:8d:26:31:76:0d,-57,Administracion
143,60:8d:26:31:76:0c,-59,Administracion
143,30:b5:c2:7f:37:95,-71,Administracion
144,e8:48:b8:21:3f:b7,-82,Administracion
144,44:12:44:88:7e:a0,-86,Administracion
144,3c:a7:ae:98:07:98,-87,Administracion
144,44:12:44:87:5d:c1,-73,Administracion
144,44:12:44:87:5d:c0,-74,Administracion
144,78:81:02:d2:2d:29,-89,Administracion
144,6a:8d:26:31:76:0e,-56,Administracion
144,44:12:44:88:30:40,-85,Administracion
144,04:f0:21:63:18:b2,-87,Administracion
144,44:12:44:88:30:41,-85,Administracion
144,98:9d:5d:2b:72:3d,-88,Administracion
144,30:b5:c2:7f:37:94,-90,Administracion
144,ee:68:68:81:71:29,-75,Administracion
144,44:12:44:87:5d:d1,-94,Administracion
144,44:12:44:87:5d:d0,-92,Administracion
144,78:81:02:d2:2d:2d,-94,Administracion
144,60:8d:26:31:76:0d,-57,Administracion
144,60:8d:26:31:76:0c,-59,Administracion
144,30:b5:c2:7f:37:95,-71,Administracion
145,e8:48:b8:21:3f:b7,-82,Administracion
145,44:12:44:88:7e:a0,-86,Administracion
145,3c:a7:ae:98:07:98,-87,Administracion
145,44:12:44:87:5d:c1,-73,Administracion
145,44:12:44:87:5d:c0,-74,Administracion
145,78:81:02:d2:2d:29,-89,Administracion
145,6a:8d:26:31:76:0e,-56,Administracion
145,44:12:44:88:30:40,-85,Administracion
145,04:f0:21:63:18:b2,-87,Administracion
145,44:12:44:88:30:41,-85,Administracion
145,98:9d:5d:2b:72:3d,-88,Administracion
145,30:b5:c2:7f:37:94,-90,Administracion
145,ee:68:68:81:71:29,-75,Administracion
145,44:12:44:87:5d:d1,-94,Administracion
145,44:12:44:87:5d:d0,-92,Administracion
145,78:81:02:d2:2d:2d,-94,Administracion
145,60:8d:26:31:76:0d,-57,Administracion
145,60:8d:26:31:76:0c,-59,Administracion
145,30:b5:c2:7f:37:95,-71,Administracion
146,e8:48:b8:21:3f:b7,-82,Administracion
146,44:12:44:88:7e:a0,-86,Administracion
146,3c:a7:ae:98:07:98,-87,Administracion
146,44:12:44:87:5d:c1,-73,Administracion
146,44:12:44:87:5d:c0,-74,Administracion
146,78:81:02:d2:2d:29,-89,Administracion
146,6a:8d:26:31:76:0e,-56,Administracion
146,44:12:44:88:30:40,-85,Administracion
146,04:f0:21:63:18:b2,-87,Administracion
146,44:12:44:88:30:41,-85,Administracion
146,98:9d:5d:2b:72:3d,-88,Administracion
146,30:b5:c2:7f:37:94,-90,Administracion
146,ee:68:68:81:71:29,-75,Administracion
146,44:12:44:87:5d:d1,-94,Administracion
146,44:12:44:87:5d:d0,-92,Administracion
146,78:81:02:d2:2d:2d,-94,Administracion
146,60:8d:26:31:76:0d,-57,Administracion
146,60:8d:26:31:76:0c,-59,Administracion
146,30:b5:c2:7f:37:95,-71,Administracion
147,e8:48:b8:21:3f:b7,-82,Administracion
147,44:12:44:88:7e:a0,-86,Administracion
147,3c:a7:ae:98:07:98,-87,Administracion
147,44:12:44:87:5d:c1,-73,Administracion
147,44:12:44:87:5d:c0,-74,Administracion
147,78:81:02:d2:2d:29,-89,Administracion
147,6a:8d:26:31:76:0e,-56,Administracion
147,44:12:44:88:30:40,-85,Administracion
147,04:f0:21:63:18:b2,-87,Administracion
147,44:12:44:88:30:41,-85,Administracion
147,98:9d:5d:2b:72:3d,-88,Administracion
147,30:b5:c2:7f:37:94,-90,Administracion
147,ee:68:68:81:71:29,-75,Administracion
147,44:12:44:87:5d:d1,-94,Administracion
147,44:12:44:87:5d:d0,-92,Administracion
147,78:81:02:d2:2d:2d,-94,Administracion
147,60:8d:26:31:76:0d,-57,Administracion
147,60:8d:26:31:76:0c,-59,Administracion
147,30:b5:c2:7f:37:95,-71,Administracion
148,e8:48:b8:21:3f:b7,-82,Administracion
148,44:12:44:88:7e:a0,-86,Administracion
148,3c:a7:ae:98:07:98,-87,Administracion
148,44:12:44:87:5d:c1,-73,Administracion
148,44:12:44:87:5d:c0,-74,Administracion
148,78:81:02:d2:2d:29,-89,Administracion
148,6a:8d:26:31:76:0e,-56,Administracion
148,44:12:44:88:30:40,-85,Administracion
148,04:f0:21:63:18:b2,-87,Administracion
148,44:12:44:88:30:41,-85,Administracion
148,98:9d:5d:2b:72:3d,-88,Administracion
148,30:b5:c2:7f:37:94,-90,Administracion
148,ee:68:68:81:71:29,-75,Administracion
148,44:12:44:87:5d:d1,-94,Administracion
148,44:12:44:87:5d:d0,-92,Administracion
148,78:81:02:d2:2d:2d,-94,Administracion
148,60:8d:26:31:76:0d,-57,Administracion
148,60:8d:26:31:76:0c,-59,Administracion
148,30:b5:c2:7f:37:95,-71,Administracion
149,e8:48:b8:21:3f:b7,-82,Administracion
149,44:12:44:88:7e:a0,-86,Administracion
149,3c:a7:ae:98:07:98,-87,Administracion
149,44:12:44:87:5d:c1,-73,Administracion
149,44:12:44:87:5d:c0,-74,Administracion
149,78:81:02:d2:2d:29,-89,Administracion
149,44:12:44:88:30:40,-85,Administracion
149,6a:8d:26:31:76:0e,-56,Administracion
149,04:f0:21:63:18:b2,-87,Administracion
149,44:12:44:88:30:41,-85,Administracion
149,98:9d:5d:2b:72:3d,-88,Administracion
149,30:b5:c2:7f:37:94,-90,Administracion
149,ee:68:68:81:71:29,-75,Administracion
149,44:12:44:87:5d:d1,-94,Administracion
149,44:12:44:87:5d:d0,-92,Administracion
149,78:81:02:d2:2d:2d,-94,Administracion
149,60:8d:26:31:76:0d,-57,Administracion
149,60:8d:26:31:76:0c,-59,Administracion
149,30:b5:c2:7f:37:95,-71,Administracion
150,e8:48:b8:21:3f:b7,-82,Administracion
150,44:12:44:88:7e:a0,-86,Administracion
150,3c:a7:ae:98:07:98,-87,Administracion
150,44:12:44:87:5d:c1,-73,Administracion
150,44:12:44:87:5d:c0,-74,Administracion
150,78:81:02:d2:2d:29,-89,Administracion
150,6a:8d:26:31:76:0e,-56,Administracion
150,44:12:44:88:30:40,-85,Administracion
150,04:f0:21:63:18:b2,-87,Administracion
150,44:12:44:88:30:41,-85,Administracion
150,98:9d:5d:2b:72:3d,-88,Administracion
150,30:b5:c2:7f:37:94,-90,Administracion
150,ee:68:68:81:71:29,-75,Administracion
150,44:12:44:87:5d:d1,-94,Administracion
150,44:12:44:87:5d:d0,-92,Administracion
150,78:81:02:d2:2d:2d,-94,Administracion
150,60:8d:26:31:76:0d,-57,Administracion
150,60:8d:26:31:76:0c,-59,Administracion
150,30:b5:c2:7f:37:95,-71,Administracion
151,e8:48:b8:21:3f:b7,-82,Administracion
151,44:12:44:88:7e:a0,-86,Administracion
151,3c:a7:ae:98:07:98,-87,Administracion
151,44:12:44:87:5d:c1,-73,Administracion
151,44:12:44:87:5d:c0,-74,Administracion
151,78:81:02:d2:2d:29,-89,Administracion
151,6a:8d:26:31:76:0e,-56,Administracion
151,44:12:44:88:30:40,-85,Administracion
151,04:f0:21:63:18:b2,-87,Administracion
151,44:12:44:88:30:41,-85,Administracion
151,98:9d:5d:2b:72:3d,-88,Administracion
151,ee:68:68:81:71:29,-75,Administracion
151,30:b5:c2:7f:37:94,-90,Administracion
151,44:12:44:87:5d:d1,-94,Administracion
151,44:12:44:87:5d:d0,-92,Administracion
151,78:81:02:d2:2d:2d,-94,Administracion
151,60:8d:26:31:76:0d,-57,Administracion
151,60:8d:26:31:76:0c,-59,Administracion
151,30:b5:c2:7f:37:95,-71,Administracion
152,e8:48:b8:21:3f:b7,-82,Administracion
152,44:12:44:88:7e:a0,-86,Administracion
152,3c:a7:ae:98:07:98,-87,Administracion
152,44:12:44:87:5d:c1,-73,Administracion
152,44:12:44:87:5d:c0,-74,Administracion
152,78:81:02:d2:2d:29,-89,Administracion
152,6a:8d:26:31:76:0e,-56,Administracion
152,44:12:44:88:30:40,-85,Administracion
152,04:f0:21:63:18:b2,-87,Administracion
152,44:12:44:88:30:41,-85,Administracion
152,98:9d:5d:2b:72:3d,-88,Administracion
152,30:b5:c2:7f:37:94,-90,Administracion
152,ee:68:68:81:71:29,-75,Administracion
152,44:12:44:87:5d:d1,-94,Administracion
152,44:12:44:87:5d:d0,-92,Administracion
152,78:81:02:d2:2d:2d,-94,Administracion
152,60:8d:26:31:76:0d,-57,Administracion
152,60:8d:26:31:76:0c,-59,Administracion
152,30:b5:c2:7f:37:95,-71,Administracion
153,e8:48:b8:21:3f:b7,-82,Administracion
153,44:12:44:88:7e:a0,-86,Administracion
153,3c:a7:ae:98:07:98,-87,Administracion
153,44:12:44:87:5d:c1,-73,Administracion
153,44:12:44:87:5d:c0,-74,Administracion
153,78:81:02:d2:2d:29,-89,Administracion
153,6a:8d:26:31:76:0e,-56,Administracion
153,44:12:44:88:30:40,-85,Administracion
153,04:f0:21:63:18:b2,-87,Administracion
153,44:12:44:88:30:41,-85,Administracion
153,98:9d:5d:2b:72:3d,-88,Administracion
153,30:b5:c2:7f:37:94,-90,Administracion
153,ee:68:68:81:71:29,-75,Administracion
153,44:12:44:87:5d:d1,-94,Administracion
153,44:12:44:87:5d:d0,-92,Administracion
153,78:81:02:d2:2d:2d,-94,Administracion
153,60:8d:26:31:76:0d,-57,Administracion
153,60:8d:26:31:76:0c,-59,Administracion
153,30:b5:c2:7f:37:95,-71,Administracion
154,e8:48:b8:21:3f:b7,-82,Administracion
154,44:12:44:88:7e:a0,-86,Administracion
154,3c:a7:ae:98:07:98,-87,Administracion
154,44:12:44:87:5d:c0,-74,Administracion
154,44:12:44:87:5d:c1,-73,Administracion
154,78:81:02:d2:2d:29,-89,Administracion
154,6a:8d:26:31:76:0e,-56,Administracion
154,44:12:44:88:30:40,-85,Administracion
154,04:f0:21:63:18:b2,-87,Administracion
154,44:12:44:88:30:41,-85,Administracion
154,98:9d:5d:2b:72:3d,-88,Administracion
154,30:b5:c2:7f:37:94,-90,Administracion
154,ee:68:68:81:71:29,-75,Administracion
154,44:12:44:87:5d:d1,-94,Administracion
154,44:12:44:87:5d:d0,-92,Administracion
154,78:81:02:d2:2d:2d,-94,Administracion
154,60:8d:26:31:76:0d,-57,Administracion
154,60:8d:26:31:76:0c,-59,Administracion
154,30:b5:c2:7f:37:95,-71,Administracion
155,e8:48:b8:21:3f:b7,-82,Administracion
155,44:12:44:88:7e:a0,-86,Administracion
155,3c:a7:ae:98:07:98,-87,Administracion
155,44:12:44:87:5d:c1,-73,Administracion
155,44:12:44:87:5d:c0,-74,Administracion
155,78:81:02:d2:2d:29,-89,Administracion
155,6a:8d:26:31:76:0e,-56,Administracion
155,44:12:44:88:30:40,-85,Administracion
155,04:f0:21:63:18:b2,-87,Administracion
155,44:12:44:88:30:41,-85,Administracion
155,98:9d:5d:2b:72:3d,-88,Administracion
155,30:b5:c2:7f:37:94,-90,Administracion
155,ee:68:68:81:71:29,-75,Administracion
155,44:12:44:87:5d:d1,-94,Administracion
155,44:12:44:87:5d:d0,-92,Administracion
155,78:81:02:d2:2d:2d,-94,Administracion
155,60:8d:26:31:76:0d,-57,Administracion
155,60:8d:26:31:76:0c,-59,Administracion
155,30:b5:c2:7f:37:95,-71,Administracion
156,e8:48:b8:21:3f:b7,-82,Administracion
156,44:12:44:88:7e:a0,-86,Administracion
156,3c:a7:ae:98:07:98,-87,Administracion
156,44:12:44:87:5d:c1,-73,Administracion
156,44:12:44:87:5d:c0,-74,Administracion
156,78:81:02:d2:2d:29,-89,Administracion
156,6a:8d:26:31:76:0e,-56,Administracion
156,44:12:44:88:30:40,-85,Administracion
156,04:f0:21:63:18:b2,-87,Administracion
156,44:12:44:88:30:41,-85,Administracion
156,98:9d:5d:2b:72:3d,-88,Administracion
156,30:b5:c2:7f:37:94,-90,Administracion
156,ee:68:68:81:71:29,-75,Administracion
156,44:12:44:87:5d:d1,-94,Administracion
156,44:12:44:87:5d:d0,-92,Administracion
156,78:81:02:d2:2d:2d,-94,Administracion
156,60:8d:26:31:76:0d,-57,Administracion
156,60:8d:26:31:76:0c,-59,Administracion
156,30:b5:c2:7f:37:95,-71,Administracion
157,e8:48:b8:21:3f:b7,-82,Administracion
157,44:12:44:88:7e:a0,-86,Administracion
157,3c:a7:ae:98:07:98,-87,Administracion
157,44:12:44:87:5d:c1,-73,Administracion
157,44:12:44:87:5d:c0,-74,Administracion
157,6a:8d:26:31:76:0e,-56,Administracion
157,78:81:02:d2:2d:29,-89,Administracion
157,44:12:44:88:30:40,-85,Administracion
157,04:f0:21:63:18:b2,-87,Administracion
157,44:12:44:88:30:41,-85,Administracion
157,98:9d:5d:2b:72:3d,-88,Administracion
157,30:b5:c2:7f:37:94,-90,Administracion
157,ee:68:68:81:71:29,-75,Administracion
157,44:12:44:87:5d:d1,-94,Administracion
157,44:12:44:87:5d:d0,-92,Administracion
157,78:81:02:d2:2d:2d,-94,Administracion
157,60:8d:26:31:76:0d,-57,Administracion
157,60:8d:26:31:76:0c,-59,Administracion
157,30:b5:c2:7f:37:95,-71,Administracion
158,e8:48:b8:21:3f:b7,-82,Administracion
158,44:12:44:88:7e:a0,-86,Administracion
158,3c:a7:ae:98:07:98,-87,Administracion
158,44:12:44:87:5d:c1,-73,Administracion
158,44:12:44:87:5d:c0,-74,Administracion
158,78:81:02:d2:2d:29,-89,Administracion
158,6a:8d:26:31:76:0e,-56,Administracion
158,44:12:44:88:30:40,-85,Administracion
158,04:f0:21:63:18:b2,-87,Administracion
158,44:12:44:88:30:41,-85,Administracion
158,98:9d:5d:2b:72:3d,-88,Administracion
158,30:b5:c2:7f:37:94,-90,Administracion
158,ee:68:68:81:71:29,-75,Administracion
158,44:12:44:87:5d:d1,-94,Administracion
158,44:12:44:87:5d:d0,-92,Administracion
158,78:81:02:d2:2d:2d,-94,Administracion
158,60:8d:26:31:76:0d,-57,Administracion
158,60:8d:26:31:76:0c,-59,Administracion
158,30:b5:c2:7f:37:95,-71,Administracion
159,e8:48:b8:21:3f:b7,-82,Administracion
159,44:12:44:88:7e:a0,-86,Administracion
159,3c:a7:ae:98:07:98,-87,Administracion
159,44:12:44:87:5d:c1,-73,Administracion
159,44:12:44:87:5d:c0,-74,Administracion
159,78:81:02:d2:2d:29,-89,Administracion
159,6a:8d:26:31:76:0e,-56,Administracion
159,44:12:44:88:30:40,-85,Administracion
159,04:f0:21:63:18:b2,-87,Administracion
159,44:12:44:88:30:41,-85,Administracion
159,98:9d:5d:2b:72:3d,-88,Administracion
159,30:b5:c2:7f:37:94,-90,Administracion
159,ee:68:68:81:71:29,-75,Administracion
159,44:12:44:87:5d:d1,-94,Administracion
159,44:12:44:87:5d:d0,-92,Administracion
159,78:81:02:d2:2d:2d,-94,Administracion
159,60:8d:26:31:76:0d,-57,Administracion
159,60:8d:26:31:76:0c,-59,Administracion
159,30:b5:c2:7f:37:95,-71,Administracion
160,e8:48:b8:21:3f:b7,-82,Administracion
160,44:12:44:88:7e:a0,-86,Administracion
160,3c:a7:ae:98:07:98,-87,Administracion
160,44:12:44:87:5d:c1,-73,Administracion
160,44:12:44:87:5d:c0,-74,Administracion
160,78:81:02:d2:2d:29,-89,Administracion
160,6a:8d:26:31:76:0e,-56,Administracion
160,44:12:44:88:30:40,-85,Administracion
160,04:f0:21:63:18:b2,-87,Administracion
160,44:12:44:88:30:41,-85,Administracion
160,98:9d:5d:2b:72:3d,-88,Administracion
160,30:b5:c2:7f:37:94,-90,Administracion
160,ee:68:68:81:71:29,-75,Administracion
160,44:12:44:87:5d:d1,-94,Administracion
160,44:12:44:87:5d:d0,-92,Administracion
160,78:81:02:d2:2d:2d,-94,Administracion
160,60:8d:26:31:76:0d,-57,Administracion
160,60:8d:26:31:76:0c,-59,Administracion
160,30:b5:c2:7f:37:95,-71,Administracion
161,e8:48:b8:21:3f:b7,-82,Administracion
161,44:12:44:88:7e:a0,-86,Administracion
161,3c:a7:ae:98:07:98,-87,Administracion
161,44:12:44:87:5d:c1,-73,Administracion
161,44:12:44:87:5d:c0,-74,Administracion
161,78:81:02:d2:2d:29,-89,Administracion
161,6a:8d:26:31:76:0e,-56,Administracion
161,44:12:44:88:30:40,-85,Administracion
161,04:f0:21:63:18:b2,-87,Administracion
161,44:12:44:88:30:41,-85,Administracion
161,98:9d:5d:2b:72:3d,-88,Administracion
161,30:b5:c2:7f:37:94,-90,Administracion
161,ee:68:68:81:71:29,-75,Administracion
161,44:12:44:87:5d:d1,-94,Administracion
161,44:12:44:87:5d:d0,-92,Administracion
161,78:81:02:d2:2d:2d,-94,Administracion
161,60:8d:26:31:76:0d,-57,Administracion
161,60:8d:26:31:76:0c,-59,Administracion
161,30:b5:c2:7f:37:95,-71,Administracion
162,e8:48:b8:21:3f:b7,-82,Administracion
162,44:12:44:88:7e:a0,-86,Administracion
162,3c:a7:ae:98:07:98,-87,Administracion
162,44:12:44:87:5d:c1,-73,Administracion
162,44:12:44:87:5d:c0,-74,Administracion
162,78:81:02:d2:2d:29,-89,Administracion
162,6a:8d:26:31:76:0e,-56,Administracion
162,44:12:44:88:30:40,-85,Administracion
162,04:f0:21:63:18:b2,-87,Administracion
162,44:12:44:88:30:41,-85,Administracion
162,98:9d:5d:2b:72:3d,-88,Administracion
162,30:b5:c2:7f:37:94,-90,Administracion
162,ee:68:68:81:71:29,-75,Administracion
162,44:12:44:87:5d:d1,-94,Administracion
162,44:12:44:87:5d:d0,-92,Administracion
162,78:81:02:d2:2d:2d,-94,Administracion
162,60:8d:26:31:76:0d,-57,Administracion
162,60:8d:26:31:76:0c,-59,Administracion
162,30:b5:c2:7f:37:95,-71,Administracion
163,e8:48:b8:21:3f:b7,-82,Administracion
163,44:12:44:88:7e:a0,-86,Administracion
163,3c:a7:ae:98:07:98,-87,Administracion
163,44:12:44:87:5d:c1,-73,Administracion
163,44:12:44:87:5d:c0,-74,Administracion
163,78:81:02:d2:2d:29,-89,Administracion
163,6a:8d:26:31:76:0e,-56,Administracion
163,44:12:44:88:30:40,-85,Administracion
163,04:f0:21:63:18:b2,-87,Administracion
163,44:12:44:88:30:41,-85,Administracion
163,98:9d:5d:2b:72:3d,-88,Administracion
163,30:b5:c2:7f:37:94,-90,Administracion
163,ee:68:68:81:71:29,-75,Administracion
163,44:12:44:87:5d:d1,-94,Administracion
163,44:12:44:87:5d:d0,-92,Administracion
163,78:81:02:d2:2d:2d,-94,Administracion
163,60:8d:26:31:76:0d,-57,Administracion
163,60:8d:26:31:76:0c,-59,Administracion
163,30:b5:c2:7f:37:95,-71,Administracion
164,e8:48:b8:21:3f:b7,-82,Administracion
164,44:12:44:88:7e:a0,-86,Administracion
164,3c:a7:ae:98:07:98,-87,Administracion
164,44:12:44:87:5d:c1,-73,Administracion
164,44:12:44:87:5d:c0,-74,Administracion
164,78:81:02:d2:2d:29,-89,Administracion
164,6a:8d:26:31:76:0e,-56,Administracion
164,44:12:44:88:30:40,-85,Administracion
164,04:f0:21:63:18:b2,-87,Administracion
164,44:12:44:88:30:41,-85,Administracion
164,98:9d:5d:2b:72:3d,-88,Administracion
164,30:b5:c2:7f:37:94,-90,Administracion
164,ee:68:68:81:71:29,-75,Administracion
164,44:12:44:87:5d:d1,-94,Administracion
164,44:12:44:87:5d:d0,-92,Administracion
164,78:81:02:d2:2d:2d,-94,Administracion
164,60:8d:26:31:76:0d,-57,Administracion
164,60:8d:26:31:76:0c,-59,Administracion
164,30:b5:c2:7f:37:95,-71,Administracion
165,e8:48:b8:21:3f:b7,-82,Administracion
165,44:12:44:88:7e:a0,-86,Administracion
165,3c:a7:ae:98:07:98,-87,Administracion
165,44:12:44:87:5d:c1,-73,Administracion
165,44:12:44:87:5d:c0,-74,Administracion
165,78:81:02:d2:2d:29,-89,Administracion
165,6a:8d:26:31:76:0e,-56,Administracion
165,44:12:44:88:30:40,-85,Administracion
165,04:f0:21:63:18:b2,-87,Administracion
165,44:12:44:88:30:41,-85,Administracion
165,98:9d:5d:2b:72:3d,-88,Administracion
165,30:b5:c2:7f:37:94,-90,Administracion
165,ee:68:68:81:71:29,-75,Administracion
165,44:12:44:87:5d:d1,-94,Administracion
165,44:12:44:87:5d:d0,-92,Administracion
165,78:81:02:d2:2d:2d,-94,Administracion
165,60:8d:26:31:76:0d,-57,Administracion
165,60:8d:26:31:76:0c,-59,Administracion
165,30:b5:c2:7f:37:95,-71,Administracion
166,e8:48:b8:21:3f:b7,-82,Administracion
166,44:12:44:88:7e:a0,-86,Administracion
166,3c:a7:ae:98:07:98,-87,Administracion
166,44:12:44:87:5d:c1,-73,Administracion
166,44:12:44:87:5d:c0,-74,Administracion
166,78:81:02:d2:2d:29,-89,Administracion
166,6a:8d:26:31:76:0e,-56,Administracion
166,44:12:44:88:30:40,-85,Administracion
166,04:f0:21:63:18:b2,-87,Administracion
166,44:12:44:88:30:41,-85,Administracion
166,98:9d:5d:2b:72:3d,-88,Administracion
166,30:b5:c2:7f:37:94,-90,Administracion
166,ee:68:68:81:71:29,-75,Administracion
166,44:12:44:87:5d:d1,-94,Administracion
166,44:12:44:87:5d:d0,-92,Administracion
166,78:81:02:d2:2d:2d,-94,Administracion
166,60:8d:26:31:76:0d,-57,Administracion
166,60:8d:26:31:76:0c,-59,Administracion
166,30:b5:c2:7f:37:95,-71,Administracion
167,e8:48:b8:21:3f:b7,-82,Administracion
167,44:12:44:88:7e:a0,-86,Administracion
167,3c:a7:ae:98:07:98,-87,Administracion
167,44:12:44:87:5d:c1,-73,Administracion
167,44:12:44:87:5d:c0,-74,Administracion
167,78:81:02:d2:2d:29,-89,Administracion
167,6a:8d:26:31:76:0e,-56,Administracion
167,44:12:44:88:30:40,-85,Administracion
167,04:f0:21:63:18:b2,-87,Administracion
167,44:12:44:88:30:41,-85,Administracion
167,98:9d:5d:2b:72:3d,-88,Administracion
167,30:b5:c2:7f:37:94,-90,Administracion
167,ee:68:68:81:71:29,-75,Administracion
167,44:12:44:87:5d:d1,-94,Administracion
167,44:12:44:87:5d:d0,-92,Administracion
167,78:81:02:d2:2d:2d,-94,Administracion
167,60:8d:26:31:76:0d,-57,Administracion
167,60:8d:26:31:76:0c,-59,Administracion
167,30:b5:c2:7f:37:95,-71,Administracion
168,e8:48:b8:21:3f:b7,-82,Administracion
168,44:12:44:88:7e:a0,-86,Administracion
168,3c:a7:ae:98:07:98,-87,Administracion
168,44:12:44:87:5d:c1,-73,Administracion
168,44:12:44:87:5d:c0,-74,Administracion
168,78:81:02:d2:2d:29,-89,Administracion
168,6a:8d:26:31:76:0e,-56,Administracion
168,44:12:44:88:30:40,-85,Administracion
168,04:f0:21:63:18:b2,-87,Administracion
168,44:12:44:88:30:41,-85,Administracion
168,98:9d:5d:2b:72:3d,-88,Administracion
168,30:b5:c2:7f:37:94,-90,Administracion
168,ee:68:68:81:71:29,-75,Administracion
168,44:12:44:87:5d:d1,-94,Administracion
168,44:12:44:87:5d:d0,-92,Administracion
168,78:81:02:d2:2d:2d,-94,Administracion
168,60:8d:26:31:76:0d,-57,Administracion
168,60:8d:26:31:76:0c,-59,Administracion
168,30:b5:c2:7f:37:95,-71,Administracion
169,e8:48:b8:21:3f:b7,-82,Administracion
169,44:12:44:88:7e:a0,-86,Administracion
169,3c:a7:ae:98:07:98,-87,Administracion
169,44:12:44:87:5d:c1,-73,Administracion
169,44:12:44:87:5d:c0,-74,Administracion
169,78:81:02:d2:2d:29,-89,Administracion
169,6a:8d:26:31:76:0e,-56,Administracion
169,44:12:44:88:30:40,-85,Administracion
169,04:f0:21:63:18:b2,-87,Administracion
169,44:12:44:88:30:41,-85,Administracion
169,98:9d:5d:2b:72:3d,-88,Administracion
169,30:b5:c2:7f:37:94,-90,Administracion
169,ee:68:68:81:71:29,-75,Administracion
169,44:12:44:87:5d:d1,-94,Administracion
169,44:12:44:87:5d:d0,-92,Administracion
169,78:81:02:d2:2d:2d,-94,Administracion
169,60:8d:26:31:76:0d,-57,Administracion
169,60:8d:26:31:76:0c,-59,Administracion
169,30:b5:c2:7f:37:95,-71,Administracion
170,e8:48:b8:21:3f:b7,-82,Administracion
170,44:12:44:88:7e:a0,-86,Administracion
170,3c:a7:ae:98:07:98,-87,Administracion
170,44:12:44:87:5d:c1,-73,Administracion
170,44:12:44:87:5d:c0,-74,Administracion
170,78:81:02:d2:2d:29,-89,Administracion
170,6a:8d:26:31:76:0e,-56,Administracion
170,44:12:44:88:30:40,-85,Administracion
170,04:f0:21:63:18:b2,-87,Administracion
170,44:12:44:88:30:41,-85,Administracion
170,98:9d:5d:2b:72:3d,-88,Administracion
170,30:b5:c2:7f:37:94,-90,Administracion
170,ee:68:68:81:71:29,-75,Administracion
170,44:12:44:87:5d:d1,-94,Administracion
170,44:12:44:87:5d:d0,-92,Administracion
170,78:81:02:d2:2d:2d,-94,Administracion
170,60:8d:26:31:76:0d,-57,Administracion
170,60:8d:26:31:76:0c,-59,Administracion
170,30:b5:c2:7f:37:95,-71,Administracion
171,e8:48:b8:21:3f:b7,-82,Administracion
171,44:12:44:88:7e:a0,-86,Administracion
171,3c:a7:ae:98:07:98,-87,Administracion
171,44:12:44:87:5d:c1,-73,Administracion
171,44:12:44:87:5d:c0,-74,Administracion
171,78:81:02:d2:2d:29,-89,Administracion
171,6a:8d:26:31:76:0e,-56,Administracion
171,44:12:44:88:30:40,-85,Administracion
171,04:f0:21:63:18:b2,-87,Administracion
171,44:12:44:88:30:41,-85,Administracion
171,98:9d:5d:2b:72:3d,-88,Administracion
171,30:b5:c2:7f:37:94,-90,Administracion
171,ee:68:68:81:71:29,-75,Administracion
171,44:12:44:87:5d:d1,-94,Administracion
171,44:12:44:87:5d:d0,-92,Administracion
171,78:81:02:d2:2d:2d,-94,Administracion
171,60:8d:26:31:76:0d,-57,Administracion
171,60:8d:26:31:76:0c,-59,Administracion
171,30:b5:c2:7f:37:95,-71,Administracion
172,e8:48:b8:21:3f:b7,-82,Administracion
172,44:12:44:88:7e:a0,-86,Administracion
172,3c:a7:ae:98:07:98,-87,Administracion
172,44:12:44:87:5d:c1,-73,Administracion
172,44:12:44:87:5d:c0,-74,Administracion
172,78:81:02:d2:2d:29,-89,Administracion
172,6a:8d:26:31:76:0e,-56,Administracion
172,44:12:44:88:30:40,-85,Administracion
172,04:f0:21:63:18:b2,-87,Administracion
172,44:12:44:88:30:41,-85,Administracion
172,98:9d:5d:2b:72:3d,-88,Administracion
172,30:b5:c2:7f:37:94,-90,Administracion
172,ee:68:68:81:71:29,-75,Administracion
172,44:12:44:87:5d:d1,-94,Administracion
172,44:12:44:87:5d:d0,-92,Administracion
172,78:81:02:d2:2d:2d,-94,Administracion
172,60:8d:26:31:76:0d,-57,Administracion
172,60:8d:26:31:76:0c,-59,Administracion
172,30:b5:c2:7f:37:95,-71,Administracion
173,e8:48:b8:21:3f:b7,-82,Administracion
173,44:12:44:88:7e:a0,-86,Administracion
173,3c:a7:ae:98:07:98,-87,Administracion
173,44:12:44:87:5d:c1,-73,Administracion
173,44:12:44:87:5d:c0,-74,Administracion
173,78:81:02:d2:2d:29,-89,Administracion
173,6a:8d:26:31:76:0e,-56,Administracion
173,44:12:44:88:30:40,-85,Administracion
173,04:f0:21:63:18:b2,-87,Administracion
173,44:12:44:88:30:41,-85,Administracion
173,98:9d:5d:2b:72:3d,-88,Administracion
173,30:b5:c2:7f:37:94,-90,Administracion
173,ee:68:68:81:71:29,-75,Administracion
173,44:12:44:87:5d:d1,-94,Administracion
173,44:12:44:87:5d:d0,-92,Administracion
173,78:81:02:d2:2d:2d,-94,Administracion
173,60:8d:26:31:76:0d,-57,Administracion
173,60:8d:26:31:76:0c,-59,Administracion
173,30:b5:c2:7f:37:95,-71,Administracion
174,e8:48:b8:21:3f:b7,-82,Administracion
174,44:12:44:88:7e:a0,-86,Administracion
174,3c:a7:ae:98:07:98,-87,Administracion
174,44:12:44:87:5d:c1,-73,Administracion
174,44:12:44:87:5d:c0,-74,Administracion
174,78:81:02:d2:2d:29,-89,Administracion
174,6a:8d:26:31:76:0e,-56,Administracion
174,44:12:44:88:30:40,-85,Administracion
174,04:f0:21:63:18:b2,-87,Administracion
174,44:12:44:88:30:41,-85,Administracion
174,98:9d:5d:2b:72:3d,-88,Administracion
174,30:b5:c2:7f:37:94,-90,Administracion
174,ee:68:68:81:71:29,-75,Administracion
174,44:12:44:87:5d:d1,-94,Administracion
174,44:12:44:87:5d:d0,-92,Administracion
174,78:81:02:d2:2d:2d,-94,Administracion
174,60:8d:26:31:76:0d,-57,Administracion
174,60:8d:26:31:76:0c,-59,Administracion
174,30:b5:c2:7f:37:95,-71,Administracion
175,e8:48:b8:21:3f:b7,-82,Administracion
175,44:12:44:88:7e:a0,-86,Administracion
175,3c:a7:ae:98:07:98,-87,Administracion
175,44:12:44:87:5d:c1,-73,Administracion
175,44:12:44:87:5d:c0,-74,Administracion
175,78:81:02:d2:2d:29,-89,Administracion
175,44:12:44:88:30:40,-85,Administracion
175,6a:8d:26:31:76:0e,-56,Administracion
175,04:f0:21:63:18:b2,-87,Administracion
175,44:12:44:88:30:41,-85,Administracion
175,98:9d:5d:2b:72:3d,-88,Administracion
175,30:b5:c2:7f:37:94,-90,Administracion
175,ee:68:68:81:71:29,-75,Administracion
175,44:12:44:87:5d:d1,-94,Administracion
175,44:12:44:87:5d:d0,-92,Administracion
175,78:81:02:d2:2d:2d,-94,Administracion
175,60:8d:26:31:76:0d,-57,Administracion
175,60:8d:26:31:76:0c,-59,Administracion
175,30:b5:c2:7f:37:95,-71,Administracion
176,e8:48:b8:21:3f:b7,-82,Administracion
176,56:59:19:bb:95:96,-92,Administracion
176,e4:3e:d7:a9:6a:bf,-88,Administracion
176,44:12:44:87:5d:c1,-74,Administracion
176,44:12:44:87:5d:c0,-73,Administracion
176,6a:8d:26:31:76:0e,-55,Administracion
176,26:60:b6:4d:5c:fc,-85,Administracion
176,30:b5:c2:7f:37:94,-94,Administracion
176,ee:68:68:81:71:29,-78,Administracion
176,44:59:43:7a:ea:0c,-86,Administracion
176,60:8d:26:31:76:0c,-59,Administracion
177,e8:48:b8:21:3f:b7,-82,Administracion
177,56:59:19:bb:95:96,-92,Administracion
177,e4:3e:d7:a9:6a:bf,-88,Administracion
177,44:12:44:87:5d:c1,-74,Administracion
177,44:12:44:87:5d:c0,-73,Administracion
177,6a:8d:26:31:76:0e,-55,Administracion
177,26:60:b6:4d:5c:fc,-85,Administracion
177,30:b5:c2:7f:37:94,-94,Administracion
177,ee:68:68:81:71:29,-78,Administracion
177,44:59:43:7a:ea:0c,-86,Administracion
177,60:8d:26:31:76:0c,-59,Administracion
178,e8:48:b8:21:3f:b7,-82,Administracion
178,56:59:19:bb:95:96,-92,Administracion
178,e4:3e:d7:a9:6a:bf,-88,Administracion
178,44:12:44:87:5d:c1,-74,Administracion
178,44:12:44:87:5d:c0,-73,Administracion
178,6a:8d:26:31:76:0e,-55,Administracion
178,26:60:b6:4d:5c:fc,-85,Administracion
178,30:b5:c2:7f:37:94,-94,Administracion
178,ee:68:68:81:71:29,-78,Administracion
178,44:59:43:7a:ea:0c,-86,Administracion
178,60:8d:26:31:76:0c,-59,Administracion
179,e8:48:b8:21:3f:b7,-82,Administracion
179,56:59:19:bb:95:96,-92,Administracion
179,e4:3e:d7:a9:6a:bf,-88,Administracion
179,44:12:44:87:5d:c1,-74,Administracion
179,44:12:44:87:5d:c0,-73,Administracion
179,6a:8d:26:31:76:0e,-55,Administracion
179,26:60:b6:4d:5c:fc,-85,Administracion
179,30:b5:c2:7f:37:94,-94,Administracion
179,ee:68:68:81:71:29,-78,Administracion
179,44:59:43:7a:ea:0c,-86,Administracion
179,60:8d:26:31:76:0c,-59,Administracion
180,e8:48:b8:21:3f:b7,-82,Administracion
180,56:59:19:bb:95:96,-92,Administracion
180,e4:3e:d7:a9:6a:bf,-88,Administracion
180,44:12:44:87:5d:c1,-74,Administracion
180,44:12:44:87:5d:c0,-73,Administracion
180,6a:8d:26:31:76:0e,-55,Administracion
180,26:60:b6:4d:5c:fc,-85,Administracion
180,30:b5:c2:7f:37:94,-94,Administracion
180,ee:68:68:81:71:29,-78,Administracion
180,44:59:43:7a:ea:0c,-86,Administracion
180,60:8d:26:31:76:0c,-59,Administracion
181,e8:48:b8:21:3f:b7,-82,Administracion
181,56:59:19:bb:95:96,-92,Administracion
181,44:12:44:88:7e:a0,-86,Administracion
181,3c:a7:ae:98:07:98,-87,Administracion
181,e4:3e:d7:a9:6a:bf,-88,Administracion
181,44:12:44:87:5d:c1,-74,Administracion
181,44:12:44:87:5d:c0,-73,Administracion
181,78:81:02:d2:2d:29,-89,Administracion
181,44:12:44:88:30:40,-85,Administracion
181,6a:8d:26:31:76:0e,-55,Administracion
181,44:12:44:88:30:41,-85,Administracion
181,98:9d:5d:2b:72:3d,-88,Administracion
181,26:60:b6:4d:5c:fc,-85,Administracion
181,30:b5:c2:7f:37:94,-94,Administracion
181,ee:68:68:81:71:29,-78,Administracion
181,44:12:44:87:5d:d1,-94,Administracion
181,44:59:43:7a:ea:0c,-86,Administracion
181,44:12:44:87:5d:d0,-92,Administracion
181,60:8d:26:31:76:0d,-57,Administracion
181,60:8d:26:31:76:0c,-59,Administracion
181,30:b5:c2:7f:37:95,-71,Administracion
182,e8:48:b8:21:3f:b7,-82,Administracion
182,56:59:19:bb:95:96,-92,Administracion
182,44:12:44:88:7e:a0,-86,Administracion
182,3c:a7:ae:98:07:98,-87,Administracion
182,e4:3e:d7:a9:6a:bf,-88,Administracion
182,44:12:44:87:5d:c1,-74,Administracion
182,44:12:44:87:5d:c0,-73,Administracion
182,78:81:02:d2:2d:29,-89,Administracion
182,6a:8d:26:31:76:0e,-55,Administracion
182,44:12:44:88:30:40,-85,Administracion
182,44:12:44:88:30:41,-85,Administracion
182,98:9d:5d:2b:72:3d,-88,Administracion
182,26:60:b6:4d:5c:fc,-85,Administracion
182,30:b5:c2:7f:37:94,-94,Administracion
182,ee:68:68:81:71:29,-78,Administracion
182,44:12:44:87:5d:d1,-94,Administracion
182,44:59:43:7a:ea:0c,-86,Administracion
182,44:12:44:87:5d:d0,-92,Administracion
182,60:8d:26:31:76:0d,-57,Administracion
182,60:8d:26:31:76:0c,-59,Administracion
182,30:b5:c2:7f:37:95,-71,Administracion
183,e8:48:b8:21:3f:b7,-82,Administracion
183,56:59:19:bb:95:96,-92,Administracion
183,44:12:44:88:7e:a0,-86,Administracion
183,3c:a7:ae:98:07:98,-87,Administracion
183,e4:3e:d7:a9:6a:bf,-88,Administracion
183,44:12:44:87:5d:c1,-74,Administracion
183,44:12:44:87:5d:c0,-73,Administracion
183,78:81:02:d2:2d:29,-89,Administracion
183,6a:8d:26:31:76:0e,-55,Administracion
183,44:12:44:88:30:40,-85,Administracion
183,44:12:44:88:30:41,-85,Administracion
183,98:9d:5d:2b:72:3d,-88,Administracion
183,26:60:b6:4d:5c:fc,-85,Administracion
183,30:b5:c2:7f:37:94,-94,Administracion
183,ee:68:68:81:71:29,-78,Administracion
183,44:12:44:87:5d:d1,-94,Administracion
183,44:59:43:7a:ea:0c,-86,Administracion
183,44:12:44:87:5d:d0,-92,Administracion
183,60:8d:26:31:76:0d,-57,Administracion
183,60:8d:26:31:76:0c,-59,Administracion
183,30:b5:c2:7f:37:95,-71,Administracion
184,e8:48:b8:21:3f:b7,-82,Administracion
184,56:59:19:bb:95:96,-92,Administracion
184,44:12:44:88:7e:a0,-86,Administracion
184,3c:a7:ae:98:07:98,-87,Administracion
184,e4:3e:d7:a9:6a:bf,-88,Administracion
184,44:12:44:87:5d:c1,-74,Administracion
184,44:12:44:87:5d:c0,-73,Administracion
184,78:81:02:d2:2d:29,-89,Administracion
184,6a:8d:26:31:76:0e,-55,Administracion
184,44:12:44:88:30:40,-85,Administracion
184,44:12:44:88:30:41,-85,Administracion
184,98:9d:5d:2b:72:3d,-88,Administracion
184,26:60:b6:4d:5c:fc,-85,Administracion
184,30:b5:c2:7f:37:94,-94,Administracion
184,ee:68:68:81:71:29,-78,Administracion
184,44:12:44:87:5d:d1,-94,Administracion
184,44:59:43:7a:ea:0c,-86,Administracion
184,44:12:44:87:5d:d0,-92,Administracion
184,60:8d:26:31:76:0d,-57,Administracion
184,60:8d:26:31:76:0c,-59,Administracion
184,30:b5:c2:7f:37:95,-71,Administracion
185,e8:48:b8:21:3f:b7,-82,Administracion
185,56:59:19:bb:95:96,-92,Administracion
185,44:12:44:88:7e:a0,-86,Administracion
185,3c:a7:ae:98:07:98,-87,Administracion
185,e4:3e:d7:a9:6a:bf,-88,Administracion
185,44:12:44:87:5d:c1,-74,Administracion
185,44:12:44:87:5d:c0,-73,Administracion
185,78:81:02:d2:2d:29,-89,Administracion
185,6a:8d:26:31:76:0e,-55,Administracion
185,44:12:44:88:30:40,-85,Administracion
185,44:12:44:88:30:41,-85,Administracion
185,98:9d:5d:2b:72:3d,-88,Administracion
185,26:60:b6:4d:5c:fc,-85,Administracion
185,30:b5:c2:7f:37:94,-94,Administracion
185,ee:68:68:81:71:29,-78,Administracion
185,44:12:44:87:5d:d1,-94,Administracion
185,44:59:43:7a:ea:0c,-86,Administracion
185,44:12:44:87:5d:d0,-92,Administracion
185,60:8d:26:31:76:0d,-57,Administracion
185,60:8d:26:31:76:0c,-59,Administracion
185,30:b5:c2:7f:37:95,-71,Administracion
186,e8:48:b8:21:3f:b7,-82,Administracion
186,44:12:44:88:7e:a0,-86,Administracion
186,56:59:19:bb:95:96,-92,Administracion
186,3c:a7:ae:98:07:98,-87,Administracion
186,e4:3e:d7:a9:6a:bf,-88,Administracion
186,44:12:44:87:5d:c1,-74,Administracion
186,44:12:44:87:5d:c0,-73,Administracion
186,78:81:02:d2:2d:29,-89,Administracion
186,6a:8d:26:31:76:0e,-55,Administracion
186,44:12:44:88:30:40,-85,Administracion
186,44:12:44:88:30:41,-85,Administracion
186,98:9d:5d:2b:72:3d,-88,Administracion
186,26:60:b6:4d:5c:fc,-85,Administracion
186,30:b5:c2:7f:37:94,-94,Administracion
186,ee:68:68:81:71:29,-78,Administracion
186,44:12:44:87:5d:d1,-94,Administracion
186,44:59:43:7a:ea:0c,-86,Administracion
186,44:12:44:87:5d:d0,-92,Administracion
186,60:8d:26:31:76:0d,-57,Administracion
186,60:8d:26:31:76:0c,-59,Administracion
186,30:b5:c2:7f:37:95,-71,Administracion
186,e8:48:b8:21:3f:b7,-82,Administracion
187,56:59:19:bb:95:96,-92,Administracion
187,44:12:44:88:7e:a0,-86,Administracion
187,3c:a7:ae:98:07:98,-87,Administracion
187,e4:3e:d7:a9:6a:bf,-88,Administracion
187,44:12:44:87:5d:c1,-74,Administracion
187,44:12:44:87:5d:c0,-73,Administracion
187,78:81:02:d2:2d:29,-89,Administracion
187,6a:8d:26:31:76:0e,-55,Administracion
187,44:12:44:88:30:40,-85,Administracion
187,44:12:44:88:30:41,-85,Administracion
187,98:9d:5d:2b:72:3d,-88,Administracion
187,26:60:b6:4d:5c:fc,-85,Administracion
187,30:b5:c2:7f:37:94,-94,Administracion
187,ee:68:68:81:71:29,-78,Administracion
187,44:12:44:87:5d:d1,-94,Administracion
187,44:59:43:7a:ea:0c,-86,Administracion
187,44:12:44:87:5d:d0,-92,Administracion
187,60:8d:26:31:76:0d,-57,Administracion
187,60:8d:26:31:76:0c,-59,Administracion
187,30:b5:c2:7f:37:95,-71,Administracion
188,e8:48:b8:21:3f:b7,-82,Administracion
188,56:59:19:bb:95:96,-92,Administracion
188,44:12:44:88:7e:a0,-86,Administracion
188,3c:a7:ae:98:07:98,-87,Administracion
188,e4:3e:d7:a9:6a:bf,-88,Administracion
188,44:12:44:87:5d:c1,-74,Administracion
188,44:12:44:87:5d:c0,-73,Administracion
188,78:81:02:d2:2d:29,-89,Administracion
188,6a:8d:26:31:76:0e,-55,Administracion
188,44:12:44:88:30:40,-85,Administracion
188,44:12:44:88:30:41,-85,Administracion
188,98:9d:5d:2b:72:3d,-88,Administracion
188,26:60:b6:4d:5c:fc,-85,Administracion
188,30:b5:c2:7f:37:94,-94,Administracion
188,ee:68:68:81:71:29,-78,Administracion
188,44:12:44:87:5d:d1,-94,Administracion
188,44:59:43:7a:ea:0c,-86,Administracion
188,44:12:44:87:5d:d0,-92,Administracion
188,60:8d:26:31:76:0d,-57,Administracion
188,60:8d:26:31:76:0c,-59,Administracion
188,30:b5:c2:7f:37:95,-71,Administracion
189,e8:48:b8:21:3f:b7,-82,Administracion
189,56:59:19:bb:95:96,-92,Administracion
189,44:12:44:88:7e:a0,-86,Administracion
189,3c:a7:ae:98:07:98,-87,Administracion
189,e4:3e:d7:a9:6a:bf,-88,Administracion
189,44:12:44:87:5d:c1,-74,Administracion
189,44:12:44:87:5d:c0,-73,Administracion
189,78:81:02:d2:2d:29,-89,Administracion
189,6a:8d:26:31:76:0e,-55,Administracion
189,44:12:44:88:30:40,-85,Administracion
189,44:12:44:88:30:41,-85,Administracion
189,98:9d:5d:2b:72:3d,-88,Administracion
189,26:60:b6:4d:5c:fc,-85,Administracion
189,30:b5:c2:7f:37:94,-94,Administracion
189,ee:68:68:81:71:29,-78,Administracion
189,44:12:44:87:5d:d1,-94,Administracion
189,44:59:43:7a:ea:0c,-86,Administracion
189,44:12:44:87:5d:d0,-92,Administracion
189,60:8d:26:31:76:0d,-57,Administracion
189,60:8d:26:31:76:0c,-59,Administracion
189,30:b5:c2:7f:37:95,-71,Administracion
190,e8:48:b8:21:3f:b7,-82,Administracion
190,56:59:19:bb:95:96,-92,Administracion
190,44:12:44:88:7e:a0,-86,Administracion
190,3c:a7:ae:98:07:98,-87,Administracion
190,e4:3e:d7:a9:6a:bf,-88,Administracion
190,44:12:44:87:5d:c1,-74,Administracion
190,44:12:44:87:5d:c0,-73,Administracion
190,78:81:02:d2:2d:29,-89,Administracion
190,6a:8d:26:31:76:0e,-55,Administracion
190,44:12:44:88:30:40,-85,Administracion
190,44:12:44:88:30:41,-85,Administracion
190,98:9d:5d:2b:72:3d,-88,Administracion
190,26:60:b6:4d:5c:fc,-85,Administracion
190,30:b5:c2:7f:37:94,-94,Administracion
190,ee:68:68:81:71:29,-78,Administracion
190,44:12:44:87:5d:d1,-94,Administracion
190,44:59:43:7a:ea:0c,-86,Administracion
190,44:12:44:87:5d:d0,-92,Administracion
190,60:8d:26:31:76:0d,-57,Administracion
190,60:8d:26:31:76:0c,-59,Administracion
190,30:b5:c2:7f:37:95,-71,Administracion
191,e8:48:b8:21:3f:b7,-82,Administracion
191,56:59:19:bb:95:96,-92,Administracion
191,44:12:44:88:7e:a0,-86,Administracion
191,3c:a7:ae:98:07:98,-87,Administracion
191,e4:3e:d7:a9:6a:bf,-88,Administracion
191,44:12:44:87:5d:c1,-74,Administracion
191,44:12:44:87:5d:c0,-73,Administracion
191,78:81:02:d2:2d:29,-89,Administracion
191,6a:8d:26:31:76:0e,-55,Administracion
191,44:12:44:88:30:40,-85,Administracion
191,44:12:44:88:30:41,-85,Administracion
191,98:9d:5d:2b:72:3d,-88,Administracion
191,26:60:b6:4d:5c:fc,-85,Administracion
191,30:b5:c2:7f:37:94,-94,Administracion
191,ee:68:68:81:71:29,-78,Administracion
191,44:12:44:87:5d:d1,-94,Administracion
191,44:59:43:7a:ea:0c,-86,Administracion
191,44:12:44:87:5d:d0,-92,Administracion
191,60:8d:26:31:76:0d,-57,Administracion
191,60:8d:26:31:76:0c,-59,Administracion
191,30:b5:c2:7f:37:95,-71,Administracion
192,e8:48:b8:21:3f:b7,-82,Administracion
192,56:59:19:bb:95:96,-92,Administracion
192,44:12:44:88:7e:a0,-86,Administracion
192,3c:a7:ae:98:07:98,-87,Administracion
192,e4:3e:d7:a9:6a:bf,-88,Administracion
192,44:12:44:87:5d:c1,-74,Administracion
192,44:12:44:87:5d:c0,-73,Administracion
192,78:81:02:d2:2d:29,-89,Administracion
192,6a:8d:26:31:76:0e,-55,Administracion
192,44:12:44:88:30:40,-85,Administracion
192,44:12:44:88:30:41,-85,Administracion
192,98:9d:5d:2b:72:3d,-88,Administracion
192,26:60:b6:4d:5c:fc,-85,Administracion
192,30:b5:c2:7f:37:94,-94,Administracion
192,ee:68:68:81:71:29,-78,Administracion
192,44:12:44:87:5d:d1,-94,Administracion
192,44:59:43:7a:ea:0c,-86,Administracion
192,44:12:44:87:5d:d0,-92,Administracion
192,60:8d:26:31:76:0d,-57,Administracion
192,60:8d:26:31:76:0c,-59,Administracion
192,30:b5:c2:7f:37:95,-71,Administracion
193,e8:48:b8:21:3f:b7,-82,Administracion
193,56:59:19:bb:95:96,-92,Administracion
193,44:12:44:88:7e:a0,-86,Administracion
193,3c:a7:ae:98:07:98,-87,Administracion
193,e4:3e:d7:a9:6a:bf,-88,Administracion
193,44:12:44:87:5d:c1,-74,Administracion
193,44:12:44:87:5d:c0,-73,Administracion
193,78:81:02:d2:2d:29,-89,Administracion
193,6a:8d:26:31:76:0e,-55,Administracion
193,44:12:44:88:30:40,-85,Administracion
193,44:12:44:88:30:41,-85,Administracion
193,98:9d:5d:2b:72:3d,-88,Administracion
193,26:60:b6:4d:5c:fc,-85,Administracion
193,30:b5:c2:7f:37:94,-94,Administracion
193,ee:68:68:81:71:29,-78,Administracion
193,44:12:44:87:5d:d1,-94,Administracion
193,44:59:43:7a:ea:0c,-86,Administracion
193,44:12:44:87:5d:d0,-92,Administracion
193,60:8d:26:31:76:0d,-57,Administracion
193,60:8d:26:31:76:0c,-59,Administracion
193,30:b5:c2:7f:37:95,-71,Administracion
194,e8:48:b8:21:3f:b7,-82,Administracion
194,56:59:19:bb:95:96,-92,Administracion
194,44:12:44:88:7e:a0,-86,Administracion
194,3c:a7:ae:98:07:98,-87,Administracion
194,e4:3e:d7:a9:6a:bf,-88,Administracion
194,44:12:44:87:5d:c1,-74,Administracion
194,44:12:44:87:5d:c0,-73,Administracion
194,78:81:02:d2:2d:29,-89,Administracion
194,6a:8d:26:31:76:0e,-55,Administracion
194,44:12:44:88:30:40,-85,Administracion
194,44:12:44:88:30:41,-85,Administracion
194,98:9d:5d:2b:72:3d,-88,Administracion
194,26:60:b6:4d:5c:fc,-85,Administracion
194,30:b5:c2:7f:37:94,-94,Administracion
194,ee:68:68:81:71:29,-78,Administracion
194,44:12:44:87:5d:d1,-94,Administracion
194,44:59:43:7a:ea:0c,-86,Administracion
194,44:12:44:87:5d:d0,-92,Administracion
194,60:8d:26:31:76:0d,-57,Administracion
194,60:8d:26:31:76:0c,-59,Administracion
194,30:b5:c2:7f:37:95,-71,Administracion
195,e8:48:b8:21:3f:b7,-82,Administracion
195,56:59:19:bb:95:96,-92,Administracion
195,44:12:44:88:7e:a0,-86,Administracion
195,3c:a7:ae:98:07:98,-87,Administracion
195,e4:3e:d7:a9:6a:bf,-88,Administracion
195,44:12:44:87:5d:c1,-74,Administracion
195,44:12:44:87:5d:c0,-73,Administracion
195,78:81:02:d2:2d:29,-89,Administracion
195,6a:8d:26:31:76:0e,-55,Administracion
195,44:12:44:88:30:40,-85,Administracion
195,44:12:44:88:30:41,-85,Administracion
195,98:9d:5d:2b:72:3d,-88,Administracion
195,26:60:b6:4d:5c:fc,-85,Administracion
195,30:b5:c2:7f:37:94,-94,Administracion
195,ee:68:68:81:71:29,-78,Administracion
195,44:12:44:87:5d:d1,-94,Administracion
195,44:59:43:7a:ea:0c,-86,Administracion
195,44:12:44:87:5d:d0,-92,Administracion
195,60:8d:26:31:76:0d,-57,Administracion
195,60:8d:26:31:76:0c,-59,Administracion
195,30:b5:c2:7f:37:95,-71,Administracion
196,e8:48:b8:21:3f:b7,-82,Administracion
196,56:59:19:bb:95:96,-92,Administracion
196,44:12:44:88:7e:a0,-86,Administracion
196,3c:a7:ae:98:07:98,-87,Administracion
196,e4:3e:d7:a9:6a:bf,-88,Administracion
196,44:12:44:87:5d:c1,-74,Administracion
196,44:12:44:87:5d:c0,-73,Administracion
196,78:81:02:d2:2d:29,-89,Administracion
196,6a:8d:26:31:76:0e,-55,Administracion
196,44:12:44:88:30:41,-85,Administracion
196,44:12:44:88:30:40,-85,Administracion
196,98:9d:5d:2b:72:3d,-88,Administracion
196,26:60:b6:4d:5c:fc,-85,Administracion
196,30:b5:c2:7f:37:94,-94,Administracion
196,ee:68:68:81:71:29,-78,Administracion
196,44:12:44:87:5d:d1,-94,Administracion
196,44:59:43:7a:ea:0c,-86,Administracion
196,44:12:44:87:5d:d0,-92,Administracion
196,60:8d:26:31:76:0d,-57,Administracion
196,60:8d:26:31:76:0c,-59,Administracion
196,30:b5:c2:7f:37:95,-71,Administracion
197,e8:48:b8:21:3f:b7,-82,Administracion
197,56:59:19:bb:95:96,-92,Administracion
197,44:12:44:88:7e:a0,-86,Administracion
197,3c:a7:ae:98:07:98,-87,Administracion
197,44:12:44:87:5d:c1,-74,Administracion
197,e4:3e:d7:a9:6a:bf,-88,Administracion
197,44:12:44:87:5d:c0,-73,Administracion
197,78:81:02:d2:2d:29,-89,Administracion
197,6a:8d:26:31:76:0e,-55,Administracion
197,44:12:44:88:30:40,-85,Administracion
197,44:12:44:88:30:41,-85,Administracion
197,98:9d:5d:2b:72:3d,-88,Administracion
197,26:60:b6:4d:5c:fc,-85,Administracion
197,30:b5:c2:7f:37:94,-94,Administracion
197,ee:68:68:81:71:29,-78,Administracion
197,44:12:44:87:5d:d1,-94,Administracion
197,44:59:43:7a:ea:0c,-86,Administracion
197,44:12:44:87:5d:d0,-92,Administracion
197,60:8d:26:31:76:0d,-57,Administracion
197,60:8d:26:31:76:0c,-59,Administracion
197,30:b5:c2:7f:37:95,-71,Administracion
198,e8:48:b8:21:3f:b7,-82,Administracion
198,56:59:19:bb:95:96,-92,Administracion
198,44:12:44:88:7e:a0,-86,Administracion
198,3c:a7:ae:98:07:98,-87,Administracion
198,e4:3e:d7:a9:6a:bf,-88,Administracion
198,44:12:44:87:5d:c1,-74,Administracion
198,44:12:44:87:5d:c0,-73,Administracion
198,78:81:02:d2:2d:29,-89,Administracion
198,6a:8d:26:31:76:0e,-55,Administracion
198,44:12:44:88:30:40,-85,Administracion
198,44:12:44:88:30:41,-85,Administracion
198,98:9d:5d:2b:72:3d,-88,Administracion
198,26:60:b6:4d:5c:fc,-85,Administracion
198,30:b5:c2:7f:37:94,-94,Administracion
198,ee:68:68:81:71:29,-78,Administracion
198,44:12:44:87:5d:d1,-94,Administracion
198,44:59:43:7a:ea:0c,-86,Administracion
198,44:12:44:87:5d:d0,-92,Administracion
198,60:8d:26:31:76:0d,-57,Administracion
198,60:8d:26:31:76:0c,-59,Administracion
198,30:b5:c2:7f:37:95,-71,Administracion
199,e8:48:b8:21:3f:b7,-82,Administracion
199,56:59:19:bb:95:96,-92,Administracion
199,44:12:44:88:7e:a0,-86,Administracion
199,3c:a7:ae:98:07:98,-87,Administracion
199,e4:3e:d7:a9:6a:bf,-88,Administracion
199,44:12:44:87:5d:c1,-74,Administracion
199,44:12:44:87:5d:c0,-73,Administracion
199,78:81:02:d2:2d:29,-89,Administracion
199,6a:8d:26:31:76:0e,-55,Administracion
199,44:12:44:88:30:40,-85,Administracion
199,44:12:44:88:30:41,-85,Administracion
199,98:9d:5d:2b:72:3d,-88,Administracion
199,26:60:b6:4d:5c:fc,-85,Administracion
199,30:b5:c2:7f:37:94,-94,Administracion
199,ee:68:68:81:71:29,-78,Administracion
199,44:12:44:87:5d:d1,-94,Administracion
199,44:59:43:7a:ea:0c,-86,Administracion
199,44:12:44:87:5d:d0,-92,Administracion
199,60:8d:26:31:76:0d,-57,Administracion
199,60:8d:26:31:76:0c,-59,Administracion
199,30:b5:c2:7f:37:95,-71,Administracion
200,e8:48:b8:21:3f:b7,-82,Administracion
200,56:59:19:bb:95:96,-92,Administracion
200,44:12:44:88:7e:a0,-86,Administracion
200,3c:a7:ae:98:07:98,-87,Administracion
200,e4:3e:d7:a9:6a:bf,-88,Administracion
200,44:12:44:87:5d:c1,-74,Administracion
200,44:12:44:87:5d:c0,-73,Administracion
200,78:81:02:d2:2d:29,-89,Administracion
200,6a:8d:26:31:76:0e,-55,Administracion
200,44:12:44:88:30:40,-85,Administracion
200,44:12:44:88:30:41,-85,Administracion
200,98:9d:5d:2b:72:3d,-88,Administracion
200,26:60:b6:4d:5c:fc,-85,Administracion
200,30:b5:c2:7f:37:94,-94,Administracion
200,ee:68:68:81:71:29,-78,Administracion
200,44:12:44:87:5d:d1,-94,Administracion
200,44:59:43:7a:ea:0c,-86,Administracion
200,44:12:44:87:5d:d0,-92,Administracion
200,60:8d:26:31:76:0d,-57,Administracion
200,60:8d:26:31:76:0c,-59,Administracion
200,30:b5:c2:7f:37:95,-71,Administracion
201,e8:48:b8:21:3f:b7,-82,Administracion
201,56:59:19:bb:95:96,-92,Administracion
201,44:12:44:88:7e:a0,-86,Administracion
201,3c:a7:ae:98:07:98,-87,Administracion
201,e4:3e:d7:a9:6a:bf,-88,Administracion
201,44:12:44:87:5d:c1,-74,Administracion
201,44:12:44:87:5d:c0,-73,Administracion
201,78:81:02:d2:2d:29,-89,Administracion
201,6a:8d:26:31:76:0e,-55,Administracion
201,44:12:44:88:30:40,-85,Administracion
201,44:12:44:88:30:41,-85,Administracion
201,98:9d:5d:2b:72:3d,-88,Administracion
201,26:60:b6:4d:5c:fc,-85,Administracion
201,30:b5:c2:7f:37:94,-94,Administracion
201,ee:68:68:81:71:29,-78,Administracion
201,44:12:44:87:5d:d1,-94,Administracion
201,44:59:43:7a:ea:0c,-86,Administracion
201,44:12:44:87:5d:d0,-92,Administracion
201,60:8d:26:31:76:0d,-57,Administracion
201,60:8d:26:31:76:0c,-59,Administracion
201,30:b5:c2:7f:37:95,-71,Administracion
202,e8:48:b8:21:3f:b7,-82,Administracion
202,56:59:19:bb:95:96,-92,Administracion
202,44:12:44:88:7e:a0,-86,Administracion
202,3c:a7:ae:98:07:98,-87,Administracion
202,e4:3e:d7:a9:6a:bf,-88,Administracion
202,44:12:44:87:5d:c1,-74,Administracion
202,44:12:44:87:5d:c0,-73,Administracion
202,78:81:02:d2:2d:29,-89,Administracion
202,6a:8d:26:31:76:0e,-55,Administracion
202,44:12:44:88:30:40,-85,Administracion
202,44:12:44:88:30:41,-85,Administracion
202,98:9d:5d:2b:72:3d,-88,Administracion
202,26:60:b6:4d:5c:fc,-85,Administracion
202,30:b5:c2:7f:37:94,-94,Administracion
202,ee:68:68:81:71:29,-78,Administracion
202,44:12:44:87:5d:d1,-94,Administracion
202,44:59:43:7a:ea:0c,-86,Administracion
202,44:12:44:87:5d:d0,-92,Administracion
202,60:8d:26:31:76:0d,-57,Administracion
202,60:8d:26:31:76:0c,-59,Administracion
202,30:b5:c2:7f:37:95,-71,Administracion
203,e8:48:b8:21:3f:b7,-82,Administracion
203,56:59:19:bb:95:96,-92,Administracion
203,44:12:44:88:7e:a0,-86,Administracion
203,3c:a7:ae:98:07:98,-87,Administracion
203,e4:3e:d7:a9:6a:bf,-88,Administracion
203,44:12:44:87:5d:c1,-74,Administracion
203,44:12:44:87:5d:c0,-73,Administracion
203,78:81:02:d2:2d:29,-89,Administracion
203,6a:8d:26:31:76:0e,-55,Administracion
203,44:12:44:88:30:40,-85,Administracion
203,44:12:44:88:30:41,-85,Administracion
203,98:9d:5d:2b:72:3d,-88,Administracion
203,26:60:b6:4d:5c:fc,-85,Administracion
203,30:b5:c2:7f:37:94,-94,Administracion
203,ee:68:68:81:71:29,-78,Administracion
203,44:12:44:87:5d:d1,-94,Administracion
203,44:59:43:7a:ea:0c,-86,Administracion
203,44:12:44:87:5d:d0,-92,Administracion
203,60:8d:26:31:76:0d,-57,Administracion
203,60:8d:26:31:76:0c,-59,Administracion
203,30:b5:c2:7f:37:95,-71,Administracion
204,e8:48:b8:21:3f:b7,-82,Administracion
204,56:59:19:bb:95:96,-92,Administracion
204,44:12:44:88:7e:a0,-86,Administracion
204,3c:a7:ae:98:07:98,-87,Administracion
204,e4:3e:d7:a9:6a:bf,-88,Administracion
204,44:12:44:87:5d:c1,-74,Administracion
204,44:12:44:87:5d:c0,-73,Administracion
204,78:81:02:d2:2d:29,-89,Administracion
204,6a:8d:26:31:76:0e,-55,Administracion
204,44:12:44:88:30:40,-85,Administracion
204,44:12:44:88:30:41,-85,Administracion
204,98:9d:5d:2b:72:3d,-88,Administracion
204,26:60:b6:4d:5c:fc,-85,Administracion
204,30:b5:c2:7f:37:94,-94,Administracion
204,ee:68:68:81:71:29,-78,Administracion
204,44:12:44:87:5d:d1,-94,Administracion
204,44:59:43:7a:ea:0c,-86,Administracion
204,44:12:44:87:5d:d0,-92,Administracion
204,60:8d:26:31:76:0d,-57,Administracion
204,60:8d:26:31:76:0c,-59,Administracion
204,30:b5:c2:7f:37:95,-71,Administracion
205,e8:48:b8:21:3f:b7,-82,Administracion
205,56:59:19:bb:95:96,-92,Administracion
205,44:12:44:88:7e:a0,-86,Administracion
205,3c:a7:ae:98:07:98,-87,Administracion
205,e4:3e:d7:a9:6a:bf,-88,Administracion
205,44:12:44:87:5d:c1,-74,Administracion
205,44:12:44:87:5d:c0,-73,Administracion
205,78:81:02:d2:2d:29,-89,Administracion
205,6a:8d:26:31:76:0e,-55,Administracion
205,44:12:44:88:30:40,-85,Administracion
205,44:12:44:88:30:41,-85,Administracion
205,98:9d:5d:2b:72:3d,-88,Administracion
205,26:60:b6:4d:5c:fc,-85,Administracion
205,30:b5:c2:7f:37:94,-94,Administracion
205,ee:68:68:81:71:29,-78,Administracion
205,44:12:44:87:5d:d1,-94,Administracion
205,44:59:43:7a:ea:0c,-86,Administracion
205,44:12:44:87:5d:d0,-92,Administracion
205,60:8d:26:31:76:0d,-57,Administracion
205,60:8d:26:31:76:0c,-59,Administracion
205,30:b5:c2:7f:37:95,-71,Administracion
206,56:59:19:bb:95:96,-88,Administracion
206,78:81:02:90:cc:61,-90,Administracion
206,b0:be:76:d0:5b:a3,-87,Administracion
206,44:12:44:87:5d:c1,-79,Administracion
206,44:12:44:87:5d:c0,-78,Administracion
206,78:81:02:d2:2d:29,-87,Administracion
206,86:93:b2:00:fb:a2,-89,Administracion
206,6a:8d:26:31:76:0e,-53,Administracion
206,30:b5:c2:7f:37:94,-92,Administracion
206,ee:68:68:81:71:29,-71,Administracion
206,60:8d:26:31:76:0d,-53,Administracion
206,60:8d:26:31:76:0c,-59,Administracion
206,30:b5:c2:7f:37:95,-78,Administracion
207,56:59:19:bb:95:96,-88,Administracion
207,78:81:02:90:cc:61,-90,Administracion
207,b0:be:76:d0:5b:a3,-87,Administracion
207,44:12:44:87:5d:c1,-79,Administracion
207,44:12:44:87:5d:c0,-78,Administracion
207,78:81:02:d2:2d:29,-87,Administracion
207,86:93:b2:00:fb:a2,-89,Administracion
207,6a:8d:26:31:76:0e,-53,Administracion
207,30:b5:c2:7f:37:94,-92,Administracion
207,ee:68:68:81:71:29,-71,Administracion
207,60:8d:26:31:76:0d,-53,Administracion
207,60:8d:26:31:76:0c,-59,Administracion
207,30:b5:c2:7f:37:95,-78,Administracion
208,56:59:19:bb:95:96,-88,Administracion
208,78:81:02:90:cc:61,-90,Administracion
208,b0:be:76:d0:5b:a3,-87,Administracion
208,44:12:44:87:5d:c1,-79,Administracion
208,44:12:44:87:5d:c0,-78,Administracion
208,78:81:02:d2:2d:29,-87,Administracion
208,86:93:b2:00:fb:a2,-89,Administracion
208,6a:8d:26:31:76:0e,-53,Administracion
208,30:b5:c2:7f:37:94,-92,Administracion
208,ee:68:68:81:71:29,-71,Administracion
208,60:8d:26:31:76:0d,-53,Administracion
208,60:8d:26:31:76:0c,-59,Administracion
208,30:b5:c2:7f:37:95,-78,Administracion
209,56:59:19:bb:95:96,-88,Administracion
209,78:81:02:90:cc:61,-90,Administracion
209,b0:be:76:d0:5b:a3,-87,Administracion
209,44:12:44:87:5d:c1,-79,Administracion
209,44:12:44:87:5d:c0,-78,Administracion
209,78:81:02:d2:2d:29,-87,Administracion
209,86:93:b2:00:fb:a2,-89,Administracion
209,6a:8d:26:31:76:0e,-53,Administracion
209,30:b5:c2:7f:37:94,-92,Administracion
209,ee:68:68:81:71:29,-71,Administracion
209,60:8d:26:31:76:0d,-53,Administracion
209,60:8d:26:31:76:0c,-59,Administracion
209,30:b5:c2:7f:37:95,-78,Administracion
210,56:59:19:bb:95:96,-88,Administracion
210,78:81:02:90:cc:61,-90,Administracion
210,b0:be:76:d0:5b:a3,-87,Administracion
210,44:12:44:87:5d:c1,-79,Administracion
210,44:12:44:87:5d:c0,-78,Administracion
210,78:81:02:d2:2d:29,-87,Administracion
210,86:93:b2:00:fb:a2,-89,Administracion
210,6a:8d:26:31:76:0e,-53,Administracion
210,30:b5:c2:7f:37:94,-92,Administracion
210,ee:68:68:81:71:29,-71,Administracion
210,60:8d:26:31:76:0d,-53,Administracion
210,60:8d:26:31:76:0c,-59,Administracion
210,30:b5:c2:7f:37:95,-78,Administracion
211,56:59:19:bb:95:96,-88,Administracion
211,78:81:02:90:cc:61,-90,Administracion
211,b0:be:76:d0:5b:a3,-87,Administracion
211,44:12:44:87:5d:c1,-79,Administracion
211,44:12:44:87:5d:c0,-78,Administracion
211,78:81:02:d2:2d:29,-87,Administracion
211,86:93:b2:00:fb:a2,-89,Administracion
211,6a:8d:26:31:76:0e,-53,Administracion
211,30:b5:c2:7f:37:94,-92,Administracion
211,ee:68:68:81:71:29,-71,Administracion
211,60:8d:26:31:76:0d,-53,Administracion
211,60:8d:26:31:76:0c,-59,Administracion
211,30:b5:c2:7f:37:95,-78,Administracion
212,e8:48:b8:21:3f:b7,-82,Administracion
212,56:59:19:bb:95:96,-88,Administracion
212,44:12:44:88:7e:a0,-86,Administracion
212,3c:a7:ae:98:07:98,-87,Administracion
212,e4:3e:d7:a9:6a:bf,-88,Administracion
212,78:81:02:90:cc:61,-90,Administracion
212,b0:be:76:d0:5b:a3,-87,Administracion
212,44:12:44:87:5d:c1,-79,Administracion
212,44:12:44:87:5d:c0,-78,Administracion
212,78:81:02:d2:2d:29,-87,Administracion
212,86:93:b2:00:fb:a2,-89,Administracion
212,6a:8d:26:31:76:0e,-53,Administracion
212,44:12:44:88:30:40,-85,Administracion
212,44:12:44:88:30:41,-85,Administracion
212,98:9d:5d:2b:72:3d,-88,Administracion
212,26:60:b6:4d:5c:fc,-85,Administracion
212,30:b5:c2:7f:37:94,-92,Administracion
212,ee:68:68:81:71:29,-71,Administracion
212,44:12:44:87:5d:d1,-94,Administracion
212,44:59:43:7a:ea:0c,-86,Administracion
212,44:12:44:87:5d:d0,-92,Administracion
212,60:8d:26:31:76:0d,-53,Administracion
212,60:8d:26:31:76:0c,-59,Administracion
212,30:b5:c2:7f:37:95,-78,Administracion
213,e8:48:b8:21:3f:b7,-82,Administracion
213,56:59:19:bb:95:96,-88,Administracion
213,44:12:44:88:7e:a0,-86,Administracion
213,3c:a7:ae:98:07:98,-87,Administracion
213,e4:3e:d7:a9:6a:bf,-88,Administracion
213,78:81:02:90:cc:61,-90,Administracion
213,b0:be:76:d0:5b:a3,-87,Administracion
213,44:12:44:87:5d:c1,-79,Administracion
213,44:12:44:87:5d:c0,-78,Administracion
213,78:81:02:d2:2d:29,-87,Administracion
213,86:93:b2:00:fb:a2,-89,Administracion
213,6a:8d:26:31:76:0e,-53,Administracion
213,44:12:44:88:30:40,-85,Administracion
213,44:12:44:88:30:41,-85,Administracion
213,98:9d:5d:2b:72:3d,-88,Administracion
213,26:60:b6:4d:5c:fc,-85,Administracion
213,30:b5:c2:7f:37:94,-92,Administracion
213,ee:68:68:81:71:29,-71,Administracion
213,44:12:44:87:5d:d1,-94,Administracion
213,44:59:43:7a:ea:0c,-86,Administracion
213,44:12:44:87:5d:d0,-92,Administracion
213,60:8d:26:31:76:0d,-53,Administracion
213,60:8d:26:31:76:0c,-59,Administracion
213,30:b5:c2:7f:37:95,-78,Administracion
214,e8:48:b8:21:3f:b7,-82,Administracion
214,56:59:19:bb:95:96,-88,Administracion
214,44:12:44:88:7e:a0,-86,Administracion
214,3c:a7:ae:98:07:98,-87,Administracion
214,e4:3e:d7:a9:6a:bf,-88,Administracion
214,78:81:02:90:cc:61,-90,Administracion
214,b0:be:76:d0:5b:a3,-87,Administracion
214,44:12:44:87:5d:c1,-79,Administracion
214,44:12:44:87:5d:c0,-78,Administracion
214,78:81:02:d2:2d:29,-87,Administracion
214,86:93:b2:00:fb:a2,-89,Administracion
214,6a:8d:26:31:76:0e,-53,Administracion
214,44:12:44:88:30:40,-85,Administracion
214,44:12:44:88:30:41,-85,Administracion
214,98:9d:5d:2b:72:3d,-88,Administracion
214,26:60:b6:4d:5c:fc,-85,Administracion
214,30:b5:c2:7f:37:94,-92,Administracion
214,ee:68:68:81:71:29,-71,Administracion
214,44:12:44:87:5d:d1,-94,Administracion
214,44:12:44:87:5d:d0,-92,Administracion
214,44:59:43:7a:ea:0c,-86,Administracion
214,60:8d:26:31:76:0d,-53,Administracion
214,60:8d:26:31:76:0c,-59,Administracion
214,30:b5:c2:7f:37:95,-78,Administracion
215,e8:48:b8:21:3f:b7,-82,Administracion
215,56:59:19:bb:95:96,-88,Administracion
215,44:12:44:88:7e:a0,-86,Administracion
215,3c:a7:ae:98:07:98,-87,Administracion
215,e4:3e:d7:a9:6a:bf,-88,Administracion
215,78:81:02:90:cc:61,-90,Administracion
215,b0:be:76:d0:5b:a3,-87,Administracion
215,44:12:44:87:5d:c1,-79,Administracion
215,44:12:44:87:5d:c0,-78,Administracion
215,78:81:02:d2:2d:29,-87,Administracion
215,86:93:b2:00:fb:a2,-89,Administracion
215,6a:8d:26:31:76:0e,-53,Administracion
215,44:12:44:88:30:40,-85,Administracion
215,44:12:44:88:30:41,-85,Administracion
215,98:9d:5d:2b:72:3d,-88,Administracion
215,26:60:b6:4d:5c:fc,-85,Administracion
215,30:b5:c2:7f:37:94,-92,Administracion
215,ee:68:68:81:71:29,-71,Administracion
215,44:12:44:87:5d:d1,-94,Administracion
215,44:59:43:7a:ea:0c,-86,Administracion
215,44:12:44:87:5d:d0,-92,Administracion
215,60:8d:26:31:76:0d,-53,Administracion
215,60:8d:26:31:76:0c,-59,Administracion
215,30:b5:c2:7f:37:95,-78,Administracion
216,e8:48:b8:21:3f:b7,-82,Administracion
216,56:59:19:bb:95:96,-88,Administracion
216,44:12:44:88:7e:a0,-86,Administracion
216,3c:a7:ae:98:07:98,-87,Administracion
216,e4:3e:d7:a9:6a:bf,-88,Administracion
216,b0:be:76:d0:5b:a3,-87,Administracion
216,78:81:02:90:cc:61,-90,Administracion
216,44:12:44:87:5d:c1,-79,Administracion
216,44:12:44:87:5d:c0,-78,Administracion
216,78:81:02:d2:2d:29,-87,Administracion
216,86:93:b2:00:fb:a2,-89,Administracion
216,6a:8d:26:31:76:0e,-53,Administracion
216,44:12:44:88:30:40,-85,Administracion
216,44:12:44:88:30:41,-85,Administracion
216,98:9d:5d:2b:72:3d,-88,Administracion
216,26:60:b6:4d:5c:fc,-85,Administracion
216,30:b5:c2:7f:37:94,-92,Administracion
216,ee:68:68:81:71:29,-71,Administracion
216,44:12:44:87:5d:d1,-94,Administracion
216,44:59:43:7a:ea:0c,-86,Administracion
216,44:12:44:87:5d:d0,-92,Administracion
216,60:8d:26:31:76:0d,-53,Administracion
216,60:8d:26:31:76:0c,-59,Administracion
216,30:b5:c2:7f:37:95,-78,Administracion
217,e8:48:b8:21:3f:b7,-82,Administracion
217,56:59:19:bb:95:96,-88,Administracion
217,44:12:44:88:7e:a0,-86,Administracion
217,3c:a7:ae:98:07:98,-87,Administracion
217,e4:3e:d7:a9:6a:bf,-88,Administracion
217,78:81:02:90:cc:61,-90,Administracion
217,b0:be:76:d0:5b:a3,-87,Administracion
217,44:12:44:87:5d:c1,-79,Administracion
217,44:12:44:87:5d:c0,-78,Administracion
217,78:81:02:d2:2d:29,-87,Administracion
217,86:93:b2:00:fb:a2,-89,Administracion
217,6a:8d:26:31:76:0e,-53,Administracion
217,44:12:44:88:30:40,-85,Administracion
217,44:12:44:88:30:41,-85,Administracion
217,98:9d:5d:2b:72:3d,-88,Administracion
217,26:60:b6:4d:5c:fc,-85,Administracion
217,30:b5:c2:7f:37:94,-92,Administracion
217,ee:68:68:81:71:29,-71,Administracion
217,44:12:44:87:5d:d1,-94,Administracion
217,44:59:43:7a:ea:0c,-86,Administracion
217,44:12:44:87:5d:d0,-92,Administracion
217,60:8d:26:31:76:0d,-53,Administracion
217,60:8d:26:31:76:0c,-59,Administracion
217,30:b5:c2:7f:37:95,-78,Administracion
218,e8:48:b8:21:3f:b7,-82,Administracion
218,56:59:19:bb:95:96,-88,Administracion
218,44:12:44:88:7e:a0,-86,Administracion
218,3c:a7:ae:98:07:98,-87,Administracion
218,e4:3e:d7:a9:6a:bf,-88,Administracion
218,78:81:02:90:cc:61,-90,Administracion
218,b0:be:76:d0:5b:a3,-87,Administracion
218,44:12:44:87:5d:c1,-79,Administracion
218,44:12:44:87:5d:c0,-78,Administracion
218,78:81:02:d2:2d:29,-87,Administracion
218,86:93:b2:00:fb:a2,-89,Administracion
218,6a:8d:26:31:76:0e,-53,Administracion
218,44:12:44:88:30:40,-85,Administracion
218,44:12:44:88:30:41,-85,Administracion
218,98:9d:5d:2b:72:3d,-88,Administracion
218,26:60:b6:4d:5c:fc,-85,Administracion
218,30:b5:c2:7f:37:94,-92,Administracion
218,ee:68:68:81:71:29,-71,Administracion
218,44:12:44:87:5d:d1,-94,Administracion
218,44:59:43:7a:ea:0c,-86,Administracion
218,44:12:44:87:5d:d0,-92,Administracion
218,60:8d:26:31:76:0d,-53,Administracion
218,60:8d:26:31:76:0c,-59,Administracion
218,30:b5:c2:7f:37:95,-78,Administracion
219,e8:48:b8:21:3f:b7,-82,Administracion
219,56:59:19:bb:95:96,-88,Administracion
219,44:12:44:88:7e:a0,-86,Administracion
219,3c:a7:ae:98:07:98,-87,Administracion
219,e4:3e:d7:a9:6a:bf,-88,Administracion
219,78:81:02:90:cc:61,-90,Administracion
219,b0:be:76:d0:5b:a3,-87,Administracion
219,44:12:44:87:5d:c1,-79,Administracion
219,44:12:44:87:5d:c0,-78,Administracion
219,78:81:02:d2:2d:29,-87,Administracion
219,86:93:b2:00:fb:a2,-89,Administracion
219,6a:8d:26:31:76:0e,-53,Administracion
219,44:12:44:88:30:40,-85,Administracion
219,44:12:44:88:30:41,-85,Administracion
219,98:9d:5d:2b:72:3d,-88,Administracion
219,26:60:b6:4d:5c:fc,-85,Administracion
219,30:b5:c2:7f:37:94,-92,Administracion
219,ee:68:68:81:71:29,-71,Administracion
219,44:12:44:87:5d:d1,-94,Administracion
219,44:59:43:7a:ea:0c,-86,Administracion
219,44:12:44:87:5d:d0,-92,Administracion
219,60:8d:26:31:76:0d,-53,Administracion
219,60:8d:26:31:76:0c,-59,Administracion
219,30:b5:c2:7f:37:95,-78,Administracion
220,e8:48:b8:21:3f:b7,-82,Administracion
220,56:59:19:bb:95:96,-88,Administracion
220,44:12:44:88:7e:a0,-86,Administracion
220,3c:a7:ae:98:07:98,-87,Administracion
220,e4:3e:d7:a9:6a:bf,-88,Administracion
220,78:81:02:90:cc:61,-90,Administracion
220,b0:be:76:d0:5b:a3,-87,Administracion
220,44:12:44:87:5d:c1,-79,Administracion
220,44:12:44:87:5d:c0,-78,Administracion
220,78:81:02:d2:2d:29,-87,Administracion
220,86:93:b2:00:fb:a2,-89,Administracion
220,6a:8d:26:31:76:0e,-53,Administracion
220,44:12:44:88:30:40,-85,Administracion
220,44:12:44:88:30:41,-85,Administracion
220,98:9d:5d:2b:72:3d,-88,Administracion
220,26:60:b6:4d:5c:fc,-85,Administracion
220,30:b5:c2:7f:37:94,-92,Administracion
220,ee:68:68:81:71:29,-71,Administracion
220,44:12:44:87:5d:d1,-94,Administracion
220,44:59:43:7a:ea:0c,-86,Administracion
220,44:12:44:87:5d:d0,-92,Administracion
220,60:8d:26:31:76:0d,-53,Administracion
220,60:8d:26:31:76:0c,-59,Administracion
220,30:b5:c2:7f:37:95,-78,Administracion
221,e8:48:b8:21:3f:b7,-82,Administracion
221,56:59:19:bb:95:96,-88,Administracion
221,44:12:44:88:7e:a0,-86,Administracion
221,3c:a7:ae:98:07:98,-87,Administracion
221,e4:3e:d7:a9:6a:bf,-88,Administracion
221,78:81:02:90:cc:61,-90,Administracion
221,b0:be:76:d0:5b:a3,-87,Administracion
221,44:12:44:87:5d:c1,-79,Administracion
221,44:12:44:87:5d:c0,-78,Administracion
221,78:81:02:d2:2d:29,-87,Administracion
221,86:93:b2:00:fb:a2,-89,Administracion
221,6a:8d:26:31:76:0e,-53,Administracion
221,44:12:44:88:30:40,-85,Administracion
221,44:12:44:88:30:41,-85,Administracion
221,98:9d:5d:2b:72:3d,-88,Administracion
221,26:60:b6:4d:5c:fc,-85,Administracion
221,30:b5:c2:7f:37:94,-92,Administracion
221,ee:68:68:81:71:29,-71,Administracion
221,44:12:44:87:5d:d1,-94,Administracion
221,44:59:43:7a:ea:0c,-86,Administracion
221,44:12:44:87:5d:d0,-92,Administracion
221,60:8d:26:31:76:0d,-53,Administracion
221,60:8d:26:31:76:0c,-59,Administracion
221,30:b5:c2:7f:37:95,-78,Administracion
222,e8:48:b8:21:3f:b7,-82,Administracion
222,56:59:19:bb:95:96,-88,Administracion
222,44:12:44:88:7e:a0,-86,Administracion
222,3c:a7:ae:98:07:98,-87,Administracion
222,e4:3e:d7:a9:6a:bf,-88,Administracion
222,78:81:02:90:cc:61,-90,Administracion
222,b0:be:76:d0:5b:a3,-87,Administracion
222,44:12:44:87:5d:c1,-79,Administracion
222,44:12:44:87:5d:c0,-78,Administracion
222,78:81:02:d2:2d:29,-87,Administracion
222,86:93:b2:00:fb:a2,-89,Administracion
222,6a:8d:26:31:76:0e,-53,Administracion
222,44:12:44:88:30:40,-85,Administracion
222,44:12:44:88:30:41,-85,Administracion
222,98:9d:5d:2b:72:3d,-88,Administracion
222,26:60:b6:4d:5c:fc,-85,Administracion
222,30:b5:c2:7f:37:94,-92,Administracion
222,ee:68:68:81:71:29,-71,Administracion
222,44:12:44:87:5d:d1,-94,Administracion
222,44:59:43:7a:ea:0c,-86,Administracion
222,44:12:44:87:5d:d0,-92,Administracion
222,60:8d:26:31:76:0d,-53,Administracion
222,60:8d:26:31:76:0c,-59,Administracion
222,30:b5:c2:7f:37:95,-78,Administracion
223,e8:48:b8:21:3f:b7,-82,Administracion
223,56:59:19:bb:95:96,-88,Administracion
223,44:12:44:88:7e:a0,-86,Administracion
223,3c:a7:ae:98:07:98,-87,Administracion
223,e4:3e:d7:a9:6a:bf,-88,Administracion
223,78:81:02:90:cc:61,-90,Administracion
223,b0:be:76:d0:5b:a3,-87,Administracion
223,44:12:44:87:5d:c1,-79,Administracion
223,44:12:44:87:5d:c0,-78,Administracion
223,78:81:02:d2:2d:29,-87,Administracion
223,86:93:b2:00:fb:a2,-89,Administracion
223,6a:8d:26:31:76:0e,-53,Administracion
223,44:12:44:88:30:40,-85,Administracion
223,44:12:44:88:30:41,-85,Administracion
223,98:9d:5d:2b:72:3d,-88,Administracion
223,26:60:b6:4d:5c:fc,-85,Administracion
223,30:b5:c2:7f:37:94,-92,Administracion
223,ee:68:68:81:71:29,-71,Administracion
223,44:12:44:87:5d:d1,-94,Administracion
223,44:59:43:7a:ea:0c,-86,Administracion
223,44:12:44:87:5d:d0,-92,Administracion
223,60:8d:26:31:76:0d,-53,Administracion
223,60:8d:26:31:76:0c,-59,Administracion
223,30:b5:c2:7f:37:95,-78,Administracion
224,e8:48:b8:21:3f:b7,-82,Administracion
224,56:59:19:bb:95:96,-88,Administracion
224,44:12:44:88:7e:a0,-86,Administracion
224,3c:a7:ae:98:07:98,-87,Administracion
224,e4:3e:d7:a9:6a:bf,-88,Administracion
224,78:81:02:90:cc:61,-90,Administracion
224,b0:be:76:d0:5b:a3,-87,Administracion
224,44:12:44:87:5d:c1,-79,Administracion
224,44:12:44:87:5d:c0,-78,Administracion
224,78:81:02:d2:2d:29,-87,Administracion
224,86:93:b2:00:fb:a2,-89,Administracion
224,6a:8d:26:31:76:0e,-53,Administracion
224,44:12:44:88:30:40,-85,Administracion
224,44:12:44:88:30:41,-85,Administracion
224,98:9d:5d:2b:72:3d,-88,Administracion
224,26:60:b6:4d:5c:fc,-85,Administracion
224,30:b5:c2:7f:37:94,-92,Administracion
224,ee:68:68:81:71:29,-71,Administracion
224,44:12:44:87:5d:d1,-94,Administracion
224,44:59:43:7a:ea:0c,-86,Administracion
224,44:12:44:87:5d:d0,-92,Administracion
224,60:8d:26:31:76:0d,-53,Administracion
224,60:8d:26:31:76:0c,-59,Administracion
224,30:b5:c2:7f:37:95,-78,Administracion
225,e8:48:b8:21:3f:b7,-82,Administracion
225,56:59:19:bb:95:96,-88,Administracion
225,44:12:44:88:7e:a0,-86,Administracion
225,3c:a7:ae:98:07:98,-87,Administracion
225,e4:3e:d7:a9:6a:bf,-88,Administracion
225,78:81:02:90:cc:61,-90,Administracion
225,b0:be:76:d0:5b:a3,-87,Administracion
225,44:12:44:87:5d:c1,-79,Administracion
225,44:12:44:87:5d:c0,-78,Administracion
225,78:81:02:d2:2d:29,-87,Administracion
225,86:93:b2:00:fb:a2,-89,Administracion
225,6a:8d:26:31:76:0e,-53,Administracion
225,44:12:44:88:30:40,-85,Administracion
225,44:12:44:88:30:41,-85,Administracion
225,98:9d:5d:2b:72:3d,-88,Administracion
225,26:60:b6:4d:5c:fc,-85,Administracion
225,30:b5:c2:7f:37:94,-92,Administracion
225,ee:68:68:81:71:29,-71,Administracion
225,44:12:44:87:5d:d1,-94,Administracion
225,44:59:43:7a:ea:0c,-86,Administracion
225,44:12:44:87:5d:d0,-92,Administracion
225,60:8d:26:31:76:0d,-53,Administracion
225,60:8d:26:31:76:0c,-59,Administracion
225,30:b5:c2:7f:37:95,-78,Administracion
226,e8:48:b8:21:3f:b7,-82,Administracion
226,56:59:19:bb:95:96,-88,Administracion
226,44:12:44:88:7e:a0,-86,Administracion
226,3c:a7:ae:98:07:98,-87,Administracion
226,e4:3e:d7:a9:6a:bf,-88,Administracion
226,78:81:02:90:cc:61,-90,Administracion
226,b0:be:76:d0:5b:a3,-87,Administracion
226,44:12:44:87:5d:c1,-79,Administracion
226,44:12:44:87:5d:c0,-78,Administracion
226,78:81:02:d2:2d:29,-87,Administracion
226,86:93:b2:00:fb:a2,-89,Administracion
226,6a:8d:26:31:76:0e,-53,Administracion
226,44:12:44:88:30:40,-85,Administracion
226,44:12:44:88:30:41,-85,Administracion
226,98:9d:5d:2b:72:3d,-88,Administracion
226,26:60:b6:4d:5c:fc,-85,Administracion
226,30:b5:c2:7f:37:94,-92,Administracion
226,ee:68:68:81:71:29,-71,Administracion
226,44:12:44:87:5d:d1,-94,Administracion
226,44:59:43:7a:ea:0c,-86,Administracion
226,44:12:44:87:5d:d0,-92,Administracion
226,60:8d:26:31:76:0d,-53,Administracion
226,60:8d:26:31:76:0c,-59,Administracion
226,30:b5:c2:7f:37:95,-78,Administracion
227,e8:48:b8:21:3f:b7,-82,Administracion
227,56:59:19:bb:95:96,-88,Administracion
227,44:12:44:88:7e:a0,-86,Administracion
227,3c:a7:ae:98:07:98,-87,Administracion
227,e4:3e:d7:a9:6a:bf,-88,Administracion
227,78:81:02:90:cc:61,-90,Administracion
227,b0:be:76:d0:5b:a3,-87,Administracion
227,44:12:44:87:5d:c1,-79,Administracion
227,44:12:44:87:5d:c0,-78,Administracion
227,78:81:02:d2:2d:29,-87,Administracion
227,86:93:b2:00:fb:a2,-89,Administracion
227,6a:8d:26:31:76:0e,-53,Administracion
227,44:12:44:88:30:40,-85,Administracion
227,44:12:44:88:30:41,-85,Administracion
227,98:9d:5d:2b:72:3d,-88,Administracion
227,26:60:b6:4d:5c:fc,-85,Administracion
227,30:b5:c2:7f:37:94,-92,Administracion
227,ee:68:68:81:71:29,-71,Administracion
227,44:12:44:87:5d:d1,-94,Administracion
227,44:59:43:7a:ea:0c,-86,Administracion
227,44:12:44:87:5d:d0,-92,Administracion
227,60:8d:26:31:76:0d,-53,Administracion
227,60:8d:26:31:76:0c,-59,Administracion
227,30:b5:c2:7f:37:95,-78,Administracion
228,e8:48:b8:21:3f:b7,-82,Administracion
228,56:59:19:bb:95:96,-88,Administracion
228,44:12:44:88:7e:a0,-86,Administracion
228,3c:a7:ae:98:07:98,-87,Administracion
228,e4:3e:d7:a9:6a:bf,-88,Administracion
228,78:81:02:90:cc:61,-90,Administracion
228,b0:be:76:d0:5b:a3,-87,Administracion
228,44:12:44:87:5d:c1,-79,Administracion
228,44:12:44:87:5d:c0,-78,Administracion
228,78:81:02:d2:2d:29,-87,Administracion
228,86:93:b2:00:fb:a2,-89,Administracion
228,6a:8d:26:31:76:0e,-53,Administracion
228,44:12:44:88:30:40,-85,Administracion
228,44:12:44:88:30:41,-85,Administracion
228,98:9d:5d:2b:72:3d,-88,Administracion
228,26:60:b6:4d:5c:fc,-85,Administracion
228,30:b5:c2:7f:37:94,-92,Administracion
228,ee:68:68:81:71:29,-71,Administracion
228,44:12:44:87:5d:d1,-94,Administracion
228,44:59:43:7a:ea:0c,-86,Administracion
228,44:12:44:87:5d:d0,-92,Administracion
228,60:8d:26:31:76:0d,-53,Administracion
228,60:8d:26:31:76:0c,-59,Administracion
228,30:b5:c2:7f:37:95,-78,Administracion
229,e8:48:b8:21:3f:b7,-82,Administracion
229,56:59:19:bb:95:96,-88,Administracion
229,44:12:44:88:7e:a0,-86,Administracion
229,3c:a7:ae:98:07:98,-87,Administracion
229,e4:3e:d7:a9:6a:bf,-88,Administracion
229,b0:be:76:d0:5b:a3,-87,Administracion
229,78:81:02:90:cc:61,-90,Administracion
229,44:12:44:87:5d:c1,-79,Administracion
229,44:12:44:87:5d:c0,-78,Administracion
229,78:81:02:d2:2d:29,-87,Administracion
229,86:93:b2:00:fb:a2,-89,Administracion
229,6a:8d:26:31:76:0e,-53,Administracion
229,44:12:44:88:30:40,-85,Administracion
229,44:12:44:88:30:41,-85,Administracion
229,98:9d:5d:2b:72:3d,-88,Administracion
229,26:60:b6:4d:5c:fc,-85,Administracion
229,30:b5:c2:7f:37:94,-92,Administracion
229,ee:68:68:81:71:29,-71,Administracion
229,44:12:44:87:5d:d1,-94,Administracion
229,44:59:43:7a:ea:0c,-86,Administracion
229,44:12:44:87:5d:d0,-92,Administracion
229,60:8d:26:31:76:0d,-53,Administracion
229,60:8d:26:31:76:0c,-59,Administracion
229,30:b5:c2:7f:37:95,-78,Administracion
230,44:48:b9:83:18:a0,-87,Administracion
230,44:12:44:87:5d:c1,-82,Administracion
230,44:12:44:87:5d:c0,-82,Administracion
230,78:81:02:d2:2d:29,-87,Administracion
230,6a:8d:26:31:76:0e,-58,Administracion
230,44:12:44:88:30:40,-80,Administracion
230,26:60:b6:4d:5c:fc,-87,Administracion
230,ee:68:68:81:71:29,-65,Administracion
230,60:8d:26:31:76:0d,-58,Administracion
230,60:8d:26:31:76:0c,-49,Administracion
230,30:b5:c2:7f:37:95,-70,Administracion
231,44:48:b9:83:18:a0,-87,Administracion
231,44:12:44:87:5d:c1,-82,Administracion
231,44:12:44:87:5d:c0,-82,Administracion
231,78:81:02:d2:2d:29,-87,Administracion
231,6a:8d:26:31:76:0e,-58,Administracion
231,44:12:44:88:30:40,-80,Administracion
231,26:60:b6:4d:5c:fc,-87,Administracion
231,ee:68:68:81:71:29,-65,Administracion
231,60:8d:26:31:76:0d,-58,Administracion
231,60:8d:26:31:76:0c,-49,Administracion
231,30:b5:c2:7f:37:95,-70,Administracion
232,44:48:b9:83:18:a0,-87,Administracion
232,44:12:44:87:5d:c1,-82,Administracion
232,44:12:44:87:5d:c0,-82,Administracion
232,78:81:02:d2:2d:29,-87,Administracion
232,6a:8d:26:31:76:0e,-58,Administracion
232,44:12:44:88:30:40,-80,Administracion
232,26:60:b6:4d:5c:fc,-87,Administracion
232,ee:68:68:81:71:29,-65,Administracion
232,60:8d:26:31:76:0d,-58,Administracion
232,60:8d:26:31:76:0c,-49,Administracion
232,30:b5:c2:7f:37:95,-70,Administracion
233,44:48:b9:83:18:a0,-87,Administracion
233,44:12:44:87:5d:c1,-82,Administracion
233,44:12:44:87:5d:c0,-82,Administracion
233,78:81:02:d2:2d:29,-87,Administracion
233,6a:8d:26:31:76:0e,-58,Administracion
233,44:12:44:88:30:40,-80,Administracion
233,26:60:b6:4d:5c:fc,-87,Administracion
233,ee:68:68:81:71:29,-65,Administracion
233,60:8d:26:31:76:0d,-58,Administracion
233,60:8d:26:31:76:0c,-49,Administracion
233,30:b5:c2:7f:37:95,-70,Administracion
234,44:48:b9:83:18:a0,-87,Administracion
234,44:12:44:87:5d:c1,-82,Administracion
234,44:12:44:87:5d:c0,-82,Administracion
234,78:81:02:d2:2d:29,-87,Administracion
234,6a:8d:26:31:76:0e,-58,Administracion
234,44:12:44:88:30:40,-80,Administracion
234,26:60:b6:4d:5c:fc,-87,Administracion
234,ee:68:68:81:71:29,-65,Administracion
234,60:8d:26:31:76:0d,-58,Administracion
234,60:8d:26:31:76:0c,-49,Administracion
234,30:b5:c2:7f:37:95,-70,Administracion
235,44:48:b9:83:18:a0,-87,Administracion
235,44:12:44:87:5d:c1,-82,Administracion
235,44:12:44:87:5d:c0,-82,Administracion
235,78:81:02:d2:2d:29,-87,Administracion
235,6a:8d:26:31:76:0e,-58,Administracion
235,44:12:44:88:30:40,-80,Administracion
235,26:60:b6:4d:5c:fc,-87,Administracion
235,ee:68:68:81:71:29,-65,Administracion
235,60:8d:26:31:76:0d,-58,Administracion
235,60:8d:26:31:76:0c,-49,Administracion
235,30:b5:c2:7f:37:95,-70,Administracion
236,00:01:33:88:20:54,-92,Aula26
236,44:12:44:89:81:31,-80,Aula26
236,44:12:44:89:81:30,-80,Aula26
236,44:12:44:88:c8:e0,-79,Aula26
236,44:12:44:89:01:e0,-76,Aula26
236,44:12:44:89:01:e1,-77,Aula26
237,44:12:44:89:1b:d0,-85,Aula26
237,44:12:44:89:1b:d1,-85,Aula26
237,44:12:44:89:1b:c1,-68,Aula26
237,44:12:44:89:1b:c0,-68,Aula26
237,44:12:44:89:01:f0,-91,Aula26
237,44:12:44:89:01:f1,-90,Aula26
237,44:12:44:88:66:d1,-86,Aula26
237,44:12:44:89:30:01,-56,Aula26
237,44:12:44:88:66:d0,-86,Aula26
237,44:12:44:89:81:31,-80,Aula26
237,44:12:44:89:81:30,-80,Aula26
237,12:32:2c:da:df:81,-88,Aula26
237,44:12:44:89:30:10,-60,Aula26
237,44:12:44:89:30:11,-60,Aula26
237,44:12:44:89:81:20,-68,Aula26
237,44:12:44:89:30:00,-55,Aula26
238,00:01:33:88:20:54,-92,Aula26
238,44:12:44:89:1b:d0,-86,Aula26
238,44:12:44:89:1b:d1,-87,Aula26
238,44:12:44:89:1b:c1,-68,Aula26
238,44:12:44:89:01:f0,-92,Aula26
238,44:12:44:89:01:f1,-91,Aula26
238,44:12:44:88:66:d1,-87,Aula26
238,44:12:44:89:30:01,-56,Aula26
238,44:12:44:88:66:d0,-87,Aula26
238,44:12:44:89:81:31,-81,Aula26
238,44:12:44:89:81:30,-81,Aula26
238,44:12:44:89:30:10,-59,Aula26
238,44:12:44:89:30:11,-59,Aula26
238,44:12:44:89:01:e0,-84,Aula26
238,44:12:44:89:01:e1,-84,Aula26
238,44:12:44:89:81:21,-69,Aula26
238,44:12:44:89:30:00,-56,Aula26
239,44:12:44:88:e0:21,-88,Aula26
239,44:12:44:89:1b:d0,-87,Aula26
239,44:12:44:89:1b:d1,-87,Aula26
239,44:12:44:87:51:c0,-84,Aula26
239,44:12:44:89:1b:c1,-67,Aula26
239,44:12:44:89:1b:c0,-67,Aula26
239,44:12:44:89:30:01,-55,Aula26
239,00:0f:66:e9:ab:ec,-74,Aula26
239,44:12:44:88:66:d0,-87,Aula26
239,44:12:44:89:81:31,-81,Aula26
239,44:12:44:89:81:30,-81,Aula26
239,44:12:44:89:30:10,-60,Aula26
239,44:12:44:89:30:11,-59,Aula26
239,44:12:44:89:81:20,-68,Aula26
239,44:12:44:89:81:21,-68,Aula26
239,44:12:44:89:30:00,-55,Aula26
240,50:5d:7a:de:98:86,-96,Aula26
240,44:12:44:89:1b:d0,-87,Aula26
240,44:12:44:89:1b:d1,-87,Aula26
240,44:12:44:89:1b:c1,-67,Aula26
240,44:12:44:89:1b:c0,-67,Aula26
240,44:12:44:88:66:d1,-87,Aula26
240,44:12:44:89:30:01,-55,Aula26
240,00:0f:66:e9:ab:ec,-75,Aula26
240,44:12:44:88:66:d0,-87,Aula26
240,44:12:44:89:81:31,-82,Aula26
240,44:12:44:89:81:30,-82,Aula26
240,44:12:44:88:66:c1,-80,Aula26
240,44:12:44:88:66:c0,-81,Aula26
240,44:12:44:89:81:20,-69,Aula26
240,44:12:44:89:81:21,-70,Aula26
240,44:12:44:89:30:00,-55,Aula26
241,44:12:44:89:1b:d0,-88,Aula26
241,44:12:44:89:1b:d1,-87,Aula26
241,44:12:44:89:1b:c1,-67,Aula26
241,44:12:44:88:66:d1,-89,Aula26
241,44:12:44:89:30:01,-55,Aula26
241,00:0f:66:e9:ab:ec,-76,Aula26
241,44:12:44:88:66:d0,-89,Aula26
241,44:12:44:89:81:31,-82,Aula26
241,44:12:44:89:81:30,-82,Aula26
241,44:12:44:89:30:10,-58,Aula26
241,44:12:44:89:30:11,-58,Aula26
241,44:12:44:88:66:c0,-81,Aula26
241,44:12:44:89:81:20,-69,Aula26
241,44:12:44:89:81:21,-69,Aula26
241,44:12:44:89:30:00,-55,Aula26
242,44:12:44:89:1b:d0,-87,Aula26
242,44:12:44:89:1b:d1,-86,Aula26
242,44:12:44:89:1b:c1,-67,Aula26
242,44:12:44:89:1b:c0,-68,Aula26
242,44:12:44:89:01:f0,-91,Aula26
242,44:12:44:89:01:f1,-91,Aula26
242,44:12:44:88:66:d1,-87,Aula26
242,44:12:44:89:30:01,-56,Aula26
242,44:12:44:88:66:d0,-88,Aula26
242,44:12:44:89:81:31,-82,Aula26
242,44:12:44:89:81:30,-81,Aula26
242,44:12:44:89:30:10,-58,Aula26
242,44:12:44:89:30:11,-58,Aula26
242,44:12:44:89:81:20,-69,Aula26
242,44:12:44:89:81:21,-68,Aula26
242,44:12:44:89:30:00,-55,Aula26
243,94:bf:c4:a7:4d:e8,-94,Aula26
243,44:12:44:89:1b:d0,-87,Aula26
243,44:12:44:89:1b:d1,-86,Aula26
243,44:12:44:89:1b:c1,-67,Aula26
243,44:12:44:89:1b:c0,-67,Aula26
243,44:12:44:89:01:f0,-92,Aula26
243,44:12:44:89:01:f1,-93,Aula26
243,44:12:44:88:66:d1,-87,Aula26
243,44:12:44:88:66:d0,-87,Aula26
243,44:12:44:89:81:31,-82,Aula26
243,44:12:44:89:81:30,-82,Aula26
243,44:12:44:89:30:10,-58,Aula26
243,44:12:44:89:30:11,-58,Aula26
243,44:12:44:88:66:c1,-81,Aula26
243,44:12:44:88:66:c0,-80,Aula26
244,00:01:33:88:20:54,-91,Aula26
244,44:12:44:89:1b:d0,-88,Aula26
244,44:12:44:89:1b:d1,-87,Aula26
244,44:12:44:87:51:c0,-86,Aula26
244,e4:3e:d7:a9:6a:bf,-87,Aula26
244,44:12:44:89:1b:c1,-67,Aula26
244,44:12:44:89:01:f1,-93,Aula26
244,44:12:44:88:66:d1,-88,Aula26
244,44:12:44:89:30:01,-57,Aula26
244,00:0f:66:e9:ab:ec,-74,Aula26
244,44:12:44:88:66:d0,-87,Aula26
244,44:12:44:89:81:31,-83,Aula26
244,44:12:44:89:81:30,-82,Aula26
244,44:12:44:89:30:10,-58,Aula26
244,44:12:44:89:30:11,-58,Aula26
244,44:12:44:88:c8:e1,-84,Aula26
244,44:12:44:89:81:20,-70,Aula26
244,44:12:44:89:30:00,-57,Aula26
245,44:12:44:89:1b:d0,-87,Aula26
245,44:12:44:89:1b:d1,-87,Aula26
245,44:12:44:89:1b:c0,-67,Aula26
245,44:12:44:88:66:d1,-87,Aula26
245,44:12:44:89:30:01,-58,Aula26
245,00:0f:66:e9:ab:ec,-75,Aula26
245,44:12:44:88:66:d0,-87,Aula26
245,44:12:44:89:81:31,-82,Aula26
245,44:12:44:89:81:30,-82,Aula26
245,44:12:44:89:30:10,-58,Aula26
245,44:12:44:89:30:11,-58,Aula26
245,44:12:44:88:66:c1,-81,Aula26
245,44:12:44:89:81:20,-70,Aula26
245,44:12:44:89:30:00,-58,Aula26
246,00:01:33:88:20:54,-93,Aula26
246,44:12:44:89:1b:d0,-88,Aula26
246,44:12:44:89:1b:d1,-88,Aula26
246,44:12:44:89:01:f0,-95,Aula26
246,44:12:44:89:01:f1,-94,Aula26
246,44:12:44:88:66:d1,-87,Aula26
246,44:12:44:89:30:01,-57,Aula26
246,00:0f:66:e9:ab:ec,-76,Aula26
246,44:12:44:88:66:d0,-86,Aula26
246,44:12:44:89:81:31,-81,Aula26
246,44:12:44:89:81:30,-82,Aula26
246,44:12:44:89:30:10,-62,Aula26
246,44:12:44:89:30:11,-63,Aula26
246,44:12:44:89:01:e0,-80,Aula26
246,44:12:44:89:01:e1,-81,Aula26
246,44:12:44:89:30:00,-57,Aula26
247,a4:04:50:01:49:0d,-87,Aula26
247,00:01:33:88:20:54,-91,Aula26
247,44:12:44:89:1b:d0,-87,Aula26
247,44:12:44:89:1b:d1,-86,Aula26
247,44:12:44:88:66:d1,-86,Aula26
247,44:12:44:88:66:d0,-87,Aula26
247,44:12:44:89:81:31,-82,Aula26
247,44:12:44:89:30:10,-58,Aula26
247,44:12:44:89:30:11,-58,Aula26
247,44:12:44:89:01:e0,-80,Aula26
247,44:12:44:89:01:e1,-80,Aula26
248,44:12:44:89:1b:d0,-86,Aula26
248,44:12:44:89:1b:d1,-86,Aula26
248,e4:3e:d7:a9:6a:bf,-88,Aula26
248,44:12:44:88:66:d1,-85,Aula26
248,44:12:44:88:66:d0,-85,Aula26
248,44:12:44:89:81:31,-81,Aula26
248,44:12:44:89:81:30,-81,Aula26
248,44:12:44:89:30:10,-58,Aula26
248,44:12:44:89:30:11,-58,Aula26
248,44:12:44:89:01:e1,-80,Aula26
248,44:12:44:88:66:c1,-82,Aula26
248,44:12:44:88:66:c0,-81,Aula26
248,94:bf:c4:27:4d:e8,-94,Aula26
249,00:01:33:88:20:54,-94,Aula26
249,44:12:44:89:1b:d0,-85,Aula26
249,44:12:44:89:1b:d1,-86,Aula26
249,44:12:44:87:51:c1,-85,Aula26
249,44:12:44:87:51:c0,-85,Aula26
249,44:12:44:89:1b:c1,-67,Aula26
249,44:12:44:89:1b:c0,-66,Aula26
249,44:12:44:88:66:d1,-85,Aula26
249,00:0f:66:e9:ab:ec,-76,Aula26
249,44:12:44:88:66:d0,-86,Aula26
249,44:12:44:89:81:31,-80,Aula26
249,44:12:44:89:81:30,-80,Aula26
249,44:12:44:89:30:10,-58,Aula26
249,44:12:44:89:30:11,-58,Aula26
249,44:12:44:88:c8:e0,-83,Aula26
249,44:12:44:88:c8:e1,-83,Aula26
249,44:12:44:89:81:21,-67,Aula26
250,44:12:44:89:1b:d0,-84,Aula26
250,44:12:44:89:1b:d1,-85,Aula26
250,44:12:44:89:1b:c1,-65,Aula26
250,44:12:44:89:1b:c0,-66,Aula26
250,44:12:44:89:01:f1,-96,Aula26
250,44:12:44:88:66:d1,-85,Aula26
250,44:12:44:89:30:01,-60,Aula26
250,44:12:44:88:66:d0,-85,Aula26
250,44:12:44:89:81:31,-79,Aula26
250,44:12:44:89:81:30,-79,Aula26
250,44:12:44:89:30:10,-58,Aula26
250,44:12:44:89:30:11,-57,Aula26
250,44:12:44:89:81:20,-68,Aula26
250,44:12:44:89:81:21,-68,Aula26
250,44:12:44:89:30:00,-59,Aula26
251,44:12:44:89:1b:d0,-85,Aula26
251,44:12:44:89:1b:d1,-85,Aula26
251,44:12:44:89:1b:c1,-67,Aula26
251,44:12:44:89:1b:c0,-66,Aula26
251,44:12:44:88:66:d1,-85,Aula26
251,44:12:44:89:30:01,-59,Aula26
251,00:0f:66:e9:ab:ec,-76,Aula26
251,44:12:44:88:66:d0,-86,Aula26
251,44:12:44:89:81:31,-80,Aula26
251,44:12:44:89:81:30,-80,Aula26
251,44:12:44:89:30:10,-58,Aula26
251,44:12:44:89:30:11,-58,Aula26
251,44:12:44:89:01:e0,-80,Aula26
251,44:12:44:89:01:e1,-79,Aula26
251,44:12:44:89:81:20,-69,Aula26
251,44:12:44:89:81:21,-69,Aula26
251,44:12:44:89:30:00,-59,Aula26
252,44:12:44:89:1b:d0,-84,Aula26
252,44:12:44:89:1b:d1,-84,Aula26
252,e4:3e:d7:a9:6a:bf,-89,Aula26
252,44:12:44:89:1b:c1,-65,Aula26
252,44:12:44:89:1b:c0,-67,Aula26
252,44:12:44:89:01:f0,-97,Aula26
252,44:12:44:89:01:f1,-97,Aula26
252,44:12:44:88:66:d1,-85,Aula26
252,44:12:44:88:66:d0,-85,Aula26
252,44:12:44:89:81:31,-80,Aula26
252,44:12:44:89:81:30,-80,Aula26
252,44:12:44:89:30:10,-59,Aula26
252,44:12:44:89:30:11,-59,Aula26
252,44:12:44:88:c8:e0,-83,Aula26
252,44:12:44:89:01:e0,-78,Aula26
252,44:12:44:88:c8:e1,-82,Aula26
252,44:12:44:89:01:e1,-78,Aula26
252,44:12:44:88:66:c1,-80,Aula26
252,44:12:44:88:66:c0,-81,Aula26
252,44:12:44:89:81:20,-70,Aula26
252,44:12:44:89:81:21,-70,Aula26
253,44:12:44:88:e0:20,-86,Aula26
253,44:12:44:88:e0:21,-87,Aula26
253,44:12:44:89:1b:d0,-84,Aula26
253,44:12:44:89:1b:d1,-83,Aula26
253,44:12:44:87:51:c1,-85,Aula26
253,44:12:44:87:51:c0,-85,Aula26
253,e4:3e:d7:a9:6a:bf,-89,Aula26
253,44:12:44:89:1b:c1,-66,Aula26
253,44:12:44:89:1b:c0,-66,Aula26
253,44:12:44:89:01:f0,-97,Aula26
253,44:12:44:88:66:d1,-85,Aula26
253,44:12:44:89:30:01,-60,Aula26
253,44:12:44:88:66:d0,-86,Aula26
253,44:12:44:89:81:31,-80,Aula26
253,44:12:44:89:81:30,-80,Aula26
253,44:12:44:89:30:10,-59,Aula26
253,44:12:44:89:30:11,-59,Aula26
253,44:12:44:88:c8:e0,-82,Aula26
253,44:12:44:88:c8:e1,-82,Aula26
253,44:12:44:89:01:e1,-78,Aula26
253,44:12:44:89:81:20,-70,Aula26
253,44:12:44:89:81:21,-69,Aula26
253,44:12:44:89:30:00,-59,Aula26
254,44:12:44:89:1b:d0,-84,Aula26
254,44:12:44:89:1b:d1,-84,Aula26
254,3a:d5:36:f2:5e:b9,-90,Aula26
254,44:12:44:89:1b:c1,-66,Aula26
254,44:12:44:89:1b:c0,-66,Aula26
254,44:12:44:89:01:f0,-94,Aula26
254,44:12:44:89:01:f1,-94,Aula26
254,44:12:44:88:66:d1,-86,Aula26
254,44:12:44:89:30:01,-59,Aula26
254,00:0f:66:e9:ab:ec,-76,Aula26
254,44:12:44:88:66:d0,-85,Aula26
254,44:12:44:89:81:31,-81,Aula26
254,44:12:44:89:81:30,-81,Aula26
254,44:12:44:89:30:10,-59,Aula26
254,44:12:44:89:30:11,-59,Aula26
254,44:12:44:89:01:e0,-80,Aula26
254,44:12:44:89:81:20,-68,Aula26
254,44:12:44:89:81:21,-70,Aula26
254,44:12:44:89:30:00,-59,Aula26
255,44:12:44:89:1b:d0,-83,Aula26
255,44:12:44:89:1b:d1,-82,Aula26
255,44:12:44:89:1b:c1,-66,Aula26
255,44:12:44:89:01:f0,-94,Aula26
255,44:12:44:88:66:d1,-85,Aula26
255,44:12:44:89:30:01,-60,Aula26
255,44:12:44:88:66:d0,-86,Aula26
255,44:12:44:89:81:31,-80,Aula26
255,44:12:44:89:81:30,-80,Aula26
255,44:12:44:89:30:10,-59,Aula26
255,44:12:44:89:30:11,-59,Aula26
255,44:12:44:88:66:c1,-80,Aula26
255,44:12:44:89:81:20,-70,Aula26
255,44:12:44:89:81:21,-69,Aula26
255,44:12:44:89:30:00,-60,Aula26
256,00:01:33:88:20:54,-91,Aula26
256,44:12:44:89:1b:d0,-83,Aula26
256,44:12:44:89:1b:d1,-83,Aula26
256,44:12:44:89:1b:c1,-66,Aula26
256,44:12:44:89:01:f0,-96,Aula26
256,44:12:44:88:66:d1,-85,Aula26
256,44:12:44:89:30:01,-60,Aula26
256,44:12:44:88:66:d0,-85,Aula26
256,44:12:44:89:81:31,-80,Aula26
256,44:12:44:89:81:30,-80,Aula26
256,44:12:44:89:30:10,-58,Aula26
256,44:12:44:89:30:11,-59,Aula26
256,44:12:44:89:01:e0,-79,Aula26
256,44:12:44:89:01:e1,-79,Aula26
256,44:12:44:88:66:c1,-81,Aula26
256,44:12:44:88:66:c0,-80,Aula26
256,44:12:44:89:81:20,-69,Aula26
256,44:12:44:89:30:00,-59,Aula26
257,00:01:33:88:20:54,-91,Aula26
257,44:12:44:89:1b:d0,-84,Aula26
257,44:12:44:89:1b:d1,-84,Aula26
257,44:12:44:89:1b:c1,-67,Aula26
257,44:12:44:89:01:f1,-96,Aula26
257,44:12:44:88:66:d1,-85,Aula26
257,44:12:44:89:30:01,-60,Aula26
257,00:0f:66:e9:ab:ec,-76,Aula26
257,44:12:44:88:66:d0,-86,Aula26
257,44:12:44:89:81:31,-81,Aula26
257,44:12:44:89:81:30,-81,Aula26
257,44:12:44:89:30:10,-59,Aula26
257,44:12:44:89:30:11,-58,Aula26
257,44:12:44:89:01:e0,-79,Aula26
257,44:12:44:89:01:e1,-79,Aula26
257,44:12:44:89:81:20,-68,Aula26
257,44:12:44:89:81:21,-70,Aula26
257,44:12:44:89:30:00,-60,Aula26
258,00:01:33:88:20:54,-93,Aula26
258,44:12:44:89:1b:d0,-84,Aula26
258,44:12:44:89:1b:d1,-84,Aula26
258,44:12:44:89:01:f0,-97,Aula26
258,44:12:44:89:01:f1,-96,Aula26
258,44:12:44:88:66:d1,-85,Aula26
258,44:12:44:89:30:01,-60,Aula26
258,00:0f:66:e9:ab:ec,-76,Aula26
258,44:12:44:88:66:d0,-86,Aula26
258,44:12:44:89:81:31,-81,Aula26
258,44:12:44:89:81:30,-81,Aula26
258,44:12:44:89:30:10,-58,Aula26
258,44:12:44:89:30:11,-58,Aula26
258,44:12:44:89:01:e0,-77,Aula26
258,44:12:44:88:30:40,-89,Aula26
258,44:12:44:89:01:e1,-78,Aula26
258,44:12:44:88:30:41,-89,Aula26
258,44:12:44:89:81:20,-69,Aula26
258,44:12:44:89:81:21,-69,Aula26
258,44:12:44:89:30:00,-60,Aula26
259,44:12:44:89:1b:d0,-85,Aula26
259,44:12:44:89:1b:d1,-85,Aula26
259,44:12:44:89:1b:c1,-68,Aula26
259,44:12:44:89:1b:c0,-67,Aula26
259,44:12:44:89:01:f0,-98,Aula26
259,44:12:44:88:66:d1,-86,Aula26
259,44:12:44:89:30:01,-60,Aula26
259,00:0f:66:e9:ab:ec,-75,Aula26
259,44:12:44:88:66:d0,-86,Aula26
259,44:12:44:89:81:31,-81,Aula26
259,44:12:44:89:81:30,-81,Aula26
259,44:12:44:89:30:10,-58,Aula26
259,44:12:44:89:30:11,-58,Aula26
259,44:12:44:88:c8:e0,-84,Aula26
259,44:12:44:89:01:e0,-79,Aula26
259,44:12:44:88:30:40,-88,Aula26
259,44:12:44:89:01:e1,-79,Aula26
259,ce:f9:57:09:71:91,-89,Aula26
259,44:12:44:88:66:c1,-79,Aula26
259,44:12:44:88:66:c0,-79,Aula26
259,44:12:44:89:81:21,-69,Aula26
259,44:12:44:89:30:00,-60,Aula26
259,44:12:44:87:51:d0,-96,Aula26
260,44:12:44:89:1b:d0,-83,Aula26
260,44:12:44:89:1b:d1,-84,Aula26
260,e4:3e:d7:a9:6a:bf,-87,Aula26
260,44:12:44:88:66:d1,-85,Aula26
260,44:12:44:89:1b:c1,-67,Aula26
260,44:12:44:89:30:01,-60,Aula26
260,00:0f:66:e9:ab:ec,-73,Aula26
260,44:12:44:88:66:d0,-85,Aula26
260,44:12:44:89:81:31,-81,Aula26
260,44:12:44:89:81:30,-80,Aula26
260,44:12:44:89:30:10,-59,Aula26
260,44:12:44:89:30:11,-59,Aula26
260,44:12:44:88:66:c1,-81,Aula26
260,44:12:44:88:66:c0,-80,Aula26
260,44:12:44:89:81:20,-69,Aula26
260,44:12:44:89:30:00,-60,Aula26
261,00:01:33:88:20:54,-93,Aula26
261,44:12:44:89:1b:d0,-83,Aula26
261,44:12:44:89:1b:d1,-83,Aula26
261,44:12:44:89:1b:c1,-67,Aula26
261,44:12:44:89:1b:c0,-66,Aula26
261,44:12:44:88:66:d1,-86,Aula26
261,44:12:44:89:30:01,-60,Aula26
261,44:12:44:88:66:d0,-86,Aula26
261,44:12:44:89:81:31,-81,Aula26
261,44:12:44:89:81:30,-81,Aula26
261,44:12:44:89:30:10,-58,Aula26
261,44:12:44:89:30:11,-58,Aula26
261,44:12:44:89:01:e0,-78,Aula26
261,44:12:44:89:01:e1,-78,Aula26
261,44:12:44:88:66:c1,-82,Aula26
261,44:12:44:88:66:c0,-82,Aula26
261,44:12:44:89:81:20,-69,Aula26
261,44:12:44:89:81:21,-69,Aula26
261,44:12:44:89:30:00,-60,Aula26
262,44:12:44:88:e0:20,-85,Aula26
262,44:12:44:88:e0:21,-84,Aula26
262,44:12:44:89:1b:d0,-84,Aula26
262,44:12:44:89:1b:d1,-83,Aula26
262,44:12:44:88:66:d1,-85,Aula26
262,44:12:44:88:66:d0,-85,Aula26
262,44:12:44:89:81:31,-80,Aula26
262,44:12:44:89:81:30,-81,Aula26
262,44:12:44:89:30:10,-57,Aula26
262,44:12:44:89:30:11,-58,Aula26
262,44:12:44:89:01:e0,-78,Aula26
262,44:12:44:89:01:e1,-78,Aula26
263,00:01:33:88:20:54,-92,Aula26
263,44:12:44:88:e0:20,-85,Aula26
263,44:12:44:88:e0:21,-86,Aula26
263,44:12:44:89:1b:d0,-85,Aula26
263,44:12:44:89:1b:d1,-84,Aula26
263,e4:3e:d7:a9:6a:bf,-87,Aula26
263,44:12:44:89:1b:c1,-70,Aula26
263,44:12:44:88:66:d1,-85,Aula26
263,44:12:44:89:30:01,-62,Aula26
263,00:0f:66:e9:ab:ec,-76,Aula26
263,44:12:44:88:66:d0,-85,Aula26
263,44:12:44:89:81:31,-80,Aula26
263,44:12:44:89:81:30,-80,Aula26
263,44:12:44:89:30:10,-57,Aula26
263,44:12:44:89:30:11,-58,Aula26
263,44:12:44:88:66:c1,-80,Aula26
263,44:12:44:89:81:20,-69,Aula26
263,44:12:44:89:81:21,-66,Aula26
263,44:12:44:89:30:00,-60,Aula26
264,44:12:44:89:1b:d0,-86,Aula26
264,44:12:44:89:1b:d1,-85,Aula26
264,00:0f:66:e9:ab:ec,-77,Aula26
264,44:12:44:89:81:31,-81,Aula26
264,44:12:44:89:81:30,-81,Aula26
264,44:12:44:89:30:10,-58,Aula26
264,44:12:44:89:30:11,-58,Aula26
265,00:01:33:88:20:54,-94,Aula26
265,44:12:44:89:1b:d0,-85,Aula26
265,44:12:44:89:1b:d1,-85,Aula26
265,44:12:44:89:1b:c0,-69,Aula26
265,44:12:44:88:66:d1,-86,Aula26
265,44:12:44:89:30:01,-60,Aula26
265,44:12:44:88:66:d0,-86,Aula26
265,44:12:44:89:81:31,-80,Aula26
265,44:12:44:89:81:30,-81,Aula26
265,44:12:44:89:30:10,-58,Aula26
265,44:12:44:89:30:11,-58,Aula26
265,44:12:44:89:81:20,-68,Aula26
265,44:12:44:89:30:00,-60,Aula26
266,44:12:44:89:1b:d0,-84,Aula26
266,44:12:44:89:1b:d1,-84,Aula26
266,44:12:44:89:1b:c1,-69,Aula26
266,44:12:44:88:c8:f0,-97,Aula26
266,44:12:44:89:1b:c0,-69,Aula26
266,44:12:44:88:c8:f1,-97,Aula26
266,44:12:44:88:66:d1,-85,Aula26
266,44:12:44:89:30:01,-61,Aula26
266,44:12:44:88:66:d0,-86,Aula26
266,44:12:44:89:81:31,-80,Aula26
266,44:12:44:89:81:30,-80,Aula26
266,44:12:44:89:30:10,-58,Aula26
266,44:12:44:89:30:11,-58,Aula26
266,44:12:44:88:66:c1,-79,Aula26
266,44:12:44:88:66:c0,-80,Aula26
266,44:12:44:89:30:00,-60,Aula26
266,44:12:44:87:51:d0,-96,Aula26
266,44:12:44:87:51:d1,-96,Aula26
267,44:12:44:89:1b:d0,-85,Aula26
267,44:12:44:89:1b:d1,-84,Aula26
267,e4:3e:d7:a9:6a:bf,-85,Aula26
267,44:12:44:89:1b:c1,-69,Aula26
267,44:12:44:89:1b:c0,-69,Aula26
267,44:12:44:88:66:d1,-85,Aula26
267,44:12:44:88:66:d0,-85,Aula26
267,44:12:44:89:81:31,-80,Aula26
267,44:12:44:89:81:30,-81,Aula26
267,44:12:44:89:30:10,-58,Aula26
267,44:12:44:89:30:11,-58,Aula26
267,44:12:44:88:66:c1,-80,Aula26
267,44:12:44:88:66:c0,-81,Aula26
268,44:12:44:89:1b:d0,-83,Aula26
268,44:12:44:89:1b:d1,-83,Aula26
268,44:12:44:89:1b:c1,-69,Aula26
268,44:12:44:89:1b:c0,-69,Aula26
268,44:12:44:88:66:d1,-85,Aula26
268,44:12:44:89:30:01,-60,Aula26
268,44:12:44:88:66:d0,-85,Aula26
268,44:12:44:89:81:31,-81,Aula26
268,44:12:44:89:81:30,-80,Aula26
268,44:12:44:89:30:10,-58,Aula26
268,44:12:44:89:30:11,-58,Aula26
268,44:12:44:89:01:e0,-79,Aula26
268,44:12:44:89:01:e1,-79,Aula26
268,44:12:44:88:66:c1,-80,Aula26
268,44:12:44:88:66:c0,-80,Aula26
268,44:12:44:89:81:20,-67,Aula26
268,44:12:44:89:81:21,-67,Aula26
268,44:12:44:89:30:00,-60,Aula26
269,44:12:44:89:1b:d0,-82,Aula26
269,44:12:44:89:1b:d1,-82,Aula26
269,44:12:44:89:1b:c1,-68,Aula26
269,44:12:44:89:1b:c0,-70,Aula26
269,44:12:44:88:66:d1,-84,Aula26
269,44:12:44:89:30:01,-60,Aula26
269,00:0f:66:e9:ab:ec,-77,Aula26
269,44:12:44:88:66:d0,-84,Aula26
269,44:12:44:89:81:31,-82,Aula26
269,44:12:44:89:81:30,-82,Aula26
269,44:12:44:89:30:10,-58,Aula26
269,44:12:44:89:30:11,-58,Aula26
269,44:12:44:89:01:e0,-79,Aula26
269,44:12:44:89:01:e1,-79,Aula26
269,44:12:44:89:81:20,-68,Aula26
269,44:12:44:89:81:21,-68,Aula26
269,44:12:44:89:30:00,-60,Aula26
270,00:01:33:88:20:54,-91,Aula26
270,44:12:44:88:e0:21,-83,Aula26
270,44:12:44:89:1b:d0,-86,Aula26
270,44:12:44:89:1b:d1,-85,Aula26
270,e4:3e:d7:a9:6a:bf,-85,Aula26
270,44:12:44:89:1b:c1,-69,Aula26
270,44:12:44:88:66:d1,-86,Aula26
270,44:12:44:89:30:01,-59,Aula26
270,44:12:44:88:66:d0,-86,Aula26
270,44:12:44:89:81:31,-82,Aula26
270,44:12:44:89:81:30,-82,Aula26
270,44:12:44:89:30:10,-58,Aula26
270,44:12:44:89:30:11,-59,Aula26
270,44:12:44:89:01:e0,-79,Aula26
270,44:12:44:89:01:e1,-79,Aula26
270,44:12:44:88:66:c1,-81,Aula26
270,44:12:44:88:66:c0,-80,Aula26
270,44:12:44:89:81:20,-67,Aula26
270,44:12:44:89:81:21,-67,Aula26
270,44:12:44:89:30:00,-59,Aula26
271,44:12:44:89:1b:d0,-85,Aula26
271,44:12:44:89:1b:d1,-85,Aula26
271,44:12:44:88:66:d1,-86,Aula26
271,44:12:44:89:30:01,-59,Aula26
271,44:12:44:88:66:d0,-86,Aula26
271,44:12:44:89:81:31,-82,Aula26
271,44:12:44:89:81:30,-82,Aula26
271,44:12:44:89:30:10,-58,Aula26
271,44:12:44:89:30:11,-58,Aula26
271,44:12:44:89:01:e0,-77,Aula26
271,44:12:44:88:c8:e1,-82,Aula26
271,44:12:44:89:01:e1,-78,Aula26
271,44:12:44:89:81:20,-68,Aula26
271,44:12:44:89:81:21,-68,Aula26
271,44:12:44:89:30:00,-60,Aula26
272,44:12:44:89:1b:c1,-69,Aula26
272,44:12:44:89:1b:c0,-68,Aula26
272,44:12:44:88:66:d1,-86,Aula26
272,44:12:44:89:30:01,-59,Aula26
272,44:12:44:88:66:d0,-86,Aula26
272,44:12:44:89:81:31,-82,Aula26
272,44:12:44:89:81:30,-82,Aula26
272,44:12:44:89:30:10,-58,Aula26
272,44:12:44:89:30:11,-58,Aula26
272,44:12:44:89:01:e0,-78,Aula26
272,44:12:44:89:01:e1,-78,Aula26
272,60:d2:48:79:18:8c,-91,Aula26
272,44:12:44:88:66:c1,-80,Aula26
272,44:12:44:88:66:c0,-81,Aula26
272,44:12:44:89:81:20,-67,Aula26
272,44:12:44:89:81:21,-66,Aula26
272,44:12:44:89:30:00,-59,Aula26
273,44:12:44:89:1b:d0,-84,Aula26
273,44:12:44:89:1b:d1,-84,Aula26
273,44:12:44:89:1b:c1,-70,Aula26
273,44:12:44:89:1b:c0,-70,Aula26
273,44:12:44:88:66:d1,-86,Aula26
273,44:12:44:89:30:01,-60,Aula26
273,44:12:44:88:66:d0,-86,Aula26
273,44:12:44:89:81:31,-81,Aula26
273,44:12:44:89:81:30,-82,Aula26
273,44:12:44:89:30:10,-58,Aula26
273,44:12:44:89:30:11,-57,Aula26
273,44:12:44:88:66:c1,-80,Aula26
273,44:12:44:88:66:c0,-80,Aula26
273,44:12:44:89:81:21,-66,Aula26
273,44:12:44:89:30:00,-60,Aula26
274,44:12:44:89:1b:d0,-82,Aula26
274,44:12:44:89:1b:d1,-82,Aula26
274,44:12:44:89:1b:c1,-69,Aula26
274,44:12:44:88:66:d1,-86,Aula26
274,44:12:44:89:30:01,-60,Aula26
274,00:0f:66:e9:ab:ec,-76,Aula26
274,44:12:44:88:66:d0,-87,Aula26
274,44:12:44:89:81:31,-81,Aula26
274,44:12:44:89:81:30,-81,Aula26
274,44:12:44:89:30:10,-58,Aula26
274,44:12:44:89:30:11,-58,Aula26
274,44:12:44:89:01:e0,-77,Aula26
274,44:12:44:88:66:c1,-81,Aula26
274,44:12:44:88:66:c0,-81,Aula26
274,44:12:44:89:81:20,-67,Aula26
274,44:12:44:89:30:00,-60,Aula26
275,00:01:33:88:20:54,-93,Aula26
275,44:12:44:89:1b:d0,-84,Aula26
275,44:12:44:89:1b:d1,-84,Aula26
275,44:12:44:89:1b:c1,-69,Aula26
275,44:12:44:88:66:d1,-86,Aula26
275,44:12:44:89:30:01,-59,Aula26
275,44:12:44:88:66:d0,-86,Aula26
275,44:12:44:89:81:31,-82,Aula26
275,44:12:44:89:81:30,-81,Aula26
275,44:12:44:89:30:10,-58,Aula26
275,44:12:44:89:30:11,-58,Aula26
275,60:d2:48:79:18:8c,-89,Aula26
275,44:12:44:88:66:c1,-81,Aula26
275,44:12:44:88:66:c0,-81,Aula26
275,44:12:44:89:81:21,-67,Aula26
275,44:12:44:89:30:00,-59,Aula26
276,44:12:44:88:e0:20,-85,Aula26
276,44:12:44:88:e0:21,-85,Aula26
276,44:12:44:89:1b:d0,-84,Aula26
276,44:12:44:89:1b:d1,-85,Aula26
276,c8:84:4e:1e:63:e3,-87,Aula26
276,44:12:44:89:1b:c1,-70,Aula26
276,44:12:44:89:1b:c0,-68,Aula26
276,44:12:44:88:66:d1,-85,Aula26
276,44:12:44:89:30:01,-59,Aula26
276,00:0f:66:e9:ab:ec,-74,Aula26
276,44:12:44:88:66:d0,-86,Aula26
276,44:12:44:89:81:31,-80,Aula26
276,44:12:44:89:81:30,-80,Aula26
276,44:12:44:89:30:10,-59,Aula26
276,44:12:44:89:30:11,-59,Aula26
276,44:12:44:88:c8:e0,-84,Aula26
276,44:12:44:88:c8:e1,-84,Aula26
276,44:12:44:89:01:e1,-78,Aula26
276,44:12:44:88:66:c1,-81,Aula26
276,44:12:44:88:66:c0,-81,Aula26
276,44:12:44:89:81:20,-66,Aula26
276,44:12:44:89:81:21,-66,Aula26
276,44:12:44:89:30:00,-59,Aula26
277,44:12:44:89:1b:d0,-84,Aula26
277,44:12:44:89:1b:d1,-83,Aula26
277,44:12:44:89:1b:c0,-70,Aula26
277,44:12:44:88:66:d1,-86,Aula26
277,44:12:44:88:66:d0,-85,Aula26
277,44:12:44:89:81:31,-78,Aula26
277,44:12:44:89:81:30,-78,Aula26
277,44:12:44:89:30:10,-59,Aula26
277,44:12:44:89:30:11,-59,Aula26
277,44:12:44:89:01:e0,-79,Aula26
277,44:12:44:88:c8:e1,-84,Aula26
277,44:12:44:88:66:c1,-83,Aula26
277,44:12:44:88:66:c0,-83,Aula26
277,44:12:44:89:81:21,-66,Aula26
278,94:bf:c4:e7:4d:e8,-94,Aula26
278,44:12:44:89:1b:d0,-84,Aula26
278,44:12:44:89:1b:d1,-84,Aula26
278,44:12:44:88:66:d1,-86,Aula26
278,44:12:44:89:30:01,-51,Aula26
278,44:12:44:88:66:d0,-85,Aula26
278,44:12:44:89:81:31,-80,Aula26
278,44:12:44:89:81:30,-80,Aula26
278,44:12:44:89:30:10,-61,Aula26
278,44:12:44:89:30:11,-61,Aula26
278,44:12:44:88:c8:e0,-84,Aula26
278,44:12:44:88:c8:e1,-84,Aula26
278,44:12:44:88:30:40,-87,Aula26
278,44:12:44:89:30:00,-51,Aula26
279,44:12:44:89:1b:d0,-85,Aula26
279,44:12:44:89:1b:d1,-85,Aula26
279,44:12:44:89:1b:c1,-70,Aula26
279,44:12:44:88:66:d1,-85,Aula26
279,44:12:44:89:30:01,-51,Aula26
279,00:0f:66:e9:ab:ec,-83,Aula26
279,44:12:44:88:66:d0,-85,Aula26
279,44:12:44:89:81:31,-80,Aula26
279,44:12:44:89:81:30,-81,Aula26
279,44:12:44:89:30:10,-60,Aula26
279,44:12:44:89:30:11,-60,Aula26
279,44:12:44:88:66:c0,-82,Aula26
279,44:12:44:89:81:20,-66,Aula26
279,44:12:44:89:81:21,-66,Aula26
279,44:12:44:89:30:00,-51,Aula26
280,44:12:44:88:e0:20,-87,Aula26
280,44:12:44:88:e0:21,-87,Aula26
280,44:12:44:89:1b:d0,-85,Aula26
280,44:12:44:89:1b:d1,-85,Aula26
280,44:12:44:89:1b:c1,-69,Aula26
280,44:12:44:89:1b:c0,-69,Aula26
280,44:12:44:88:c8:f1,-93,Aula26
280,44:12:44:88:66:d1,-85,Aula26
280,44:12:44:89:30:01,-51,Aula26
280,00:0f:66:e9:ab:ec,-80,Aula26
280,44:12:44:88:66:d0,-85,Aula26
280,44:12:44:89:81:31,-78,Aula26
280,44:12:44:89:81:30,-79,Aula26
280,44:12:44:89:30:10,-60,Aula26
280,44:12:44:89:30:11,-60,Aula26
280,44:48:b9:cf:40:00,-94,Aula26
280,44:12:44:89:81:20,-65,Aula26
280,44:12:44:89:81:21,-66,Aula26
280,44:12:44:89:30:00,-51,Aula26
281,44:12:44:89:1b:d0,-85,Aula26
281,44:12:44:89:1b:d1,-85,Aula26
281,44:12:44:89:01:f0,-96,Aula26
281,44:12:44:89:01:f1,-95,Aula26
281,44:12:44:88:66:d1,-85,Aula26
281,44:12:44:88:66:d0,-85,Aula26
281,44:12:44:89:81:31,-79,Aula26
281,44:12:44:89:81:30,-79,Aula26
281,78:81:02:d2:2d:29,-89,Aula26
281,44:12:44:89:30:10,-61,Aula26
281,44:12:44:89:30:11,-61,Aula26
281,44:12:44:89:01:e0,-80,Aula26
281,44:12:44:89:01:e1,-79,Aula26
282,44:12:44:89:1b:d0,-86,Aula26
282,44:12:44:89:1b:d1,-86,Aula26
282,44:12:44:89:1b:c1,-70,Aula26
282,44:12:44:89:1b:c0,-70,Aula26
282,44:12:44:88:c8:f1,-94,Aula26
282,44:12:44:88:66:d1,-86,Aula26
282,44:12:44:89:30:01,-51,Aula26
282,00:0f:66:e9:ab:ec,-80,Aula26
282,44:12:44:88:66:d0,-85,Aula26
282,44:12:44:89:81:31,-79,Aula26
282,44:12:44:89:81:30,-79,Aula26
282,78:81:02:d2:2d:29,-89,Aula26
282,44:12:44:89:30:10,-60,Aula26
282,44:12:44:89:30:11,-60,Aula26
282,60:d2:48:79:18:8c,-89,Aula26
282,44:12:44:89:81:20,-67,Aula26
282,44:12:44:89:81:21,-67,Aula26
282,44:12:44:89:30:00,-51,Aula26
283,44:12:44:89:1b:d0,-86,Aula26
283,44:12:44:89:1b:c1,-70,Aula26
283,44:12:44:89:01:f0,-94,Aula26
283,44:12:44:89:01:f1,-94,Aula26
283,44:12:44:88:66:d1,-85,Aula26
283,44:12:44:88:66:d0,-86,Aula26
283,44:12:44:89:81:31,-79,Aula26
283,44:12:44:89:81:30,-79,Aula26
283,78:81:02:d2:2d:29,-90,Aula26
283,44:12:44:89:30:10,-60,Aula26
283,44:12:44:89:30:11,-60,Aula26
283,44:12:44:89:01:e0,-79,Aula26
283,44:12:44:89:01:e1,-79,Aula26
283,44:12:44:88:30:41,-87,Aula26
283,44:12:44:88:66:c1,-83,Aula26
283,a0:56:b2:bf:d2:3e,-85,Aula26
283,44:12:44:88:66:c0,-83,Aula26
283,44:12:44:89:81:21,-66,Aula26
284,44:12:44:89:1b:d0,-85,Aula26
284,44:12:44:89:1b:d1,-86,Aula26
284,44:12:44:87:51:c1,-88,Aula26
284,44:12:44:87:51:c0,-87,Aula26
284,44:12:44:89:01:f0,-92,Aula26
284,44:12:44:88:66:d1,-87,Aula26
284,44:12:44:89:30:01,-52,Aula26
284,44:12:44:88:66:d0,-86,Aula26
284,44:12:44:89:81:31,-84,Aula26
284,44:12:44:89:81:30,-85,Aula26
284,78:81:02:d2:2d:29,-89,Aula26
284,44:12:44:89:30:10,-60,Aula26
284,44:12:44:89:30:11,-60,Aula26
284,44:12:44:88:c8:e0,-84,Aula26
284,44:12:44:88:c8:e1,-84,Aula26
284,44:12:44:89:30:00,-51,Aula26
285,44:12:44:88:e0:20,-87,Aula26
285,44:12:44:88:e0:21,-87,Aula26
285,44:12:44:89:1b:d0,-85,Aula26
285,44:12:44:89:1b:d1,-86,Aula26
285,44:12:44:89:1b:c1,-68,Aula26
285,44:12:44:89:1b:c0,-69,Aula26
285,44:12:44:89:81:31,-81,Aula26
285,44:12:44:89:81:30,-81,Aula26
285,78:81:02:d2:2d:29,-91,Aula26
285,44:12:44:89:30:10,-61,Aula26
285,44:12:44:89:30:11,-61,Aula26
285,44:12:44:89:81:20,-67,Aula26
285,44:12:44:89:81:21,-67,Aula26
285,44:59:43:7a:ea:0c,-95,Aula26
286,44:12:44:88:e0:20,-87,Aula26
286,44:12:44:88:e0:21,-88,Aula26
286,44:12:44:89:1b:d0,-85,Aula26
286,44:12:44:89:1b:d1,-85,Aula26
286,e4:3e:d7:a9:6a:bf,-87,Aula26
286,44:12:44:89:1b:c1,-69,Aula26
286,44:12:44:89:1b:c0,-69,Aula26
286,44:12:44:89:01:f1,-92,Aula26
286,44:12:44:88:66:d1,-85,Aula26
286,44:12:44:88:66:d0,-85,Aula26
286,44:12:44:89:81:31,-80,Aula26
286,44:12:44:89:81:30,-80,Aula26
286,44:12:44:89:30:10,-61,Aula26
286,44:12:44:89:30:11,-61,Aula26
286,44:12:44:89:01:e1,-81,Aula26
286,44:12:44:88:30:41,-87,Aula26
286,44:12:44:89:81:20,-68,Aula26
286,44:12:44:89:81:21,-68,Aula26
286,44:59:43:7a:ea:0c,-91,Aula26
287,44:12:44:89:1b:d0,-84,Aula26
287,44:12:44:89:1b:c1,-71,Aula26
287,44:12:44:88:66:d1,-86,Aula26
287,44:12:44:88:66:d0,-86,Aula26
287,44:12:44:89:81:31,-81,Aula26
287,44:12:44:89:81:30,-81,Aula26
287,78:81:02:d2:2d:29,-90,Aula26
287,44:12:44:89:30:10,-61,Aula26
287,44:12:44:89:30:11,-61,Aula26
287,44:12:44:88:c8:e0,-84,Aula26
287,44:12:44:89:01:e0,-80,Aula26
287,44:12:44:88:c8:e1,-84,Aula26
287,44:12:44:89:01:e1,-80,Aula26
287,44:12:44:88:30:41,-88,Aula26
287,44:12:44:88:66:c1,-85,Aula26
287,44:12:44:88:66:c0,-83,Aula26
287,44:12:44:89:81:20,-68,Aula26
287,60:8d:26:be:c3:89,-97,Aula26
288,44:12:44:89:1b:d0,-82,Aula26
288,44:12:44:89:1b:d1,-85,Aula26
288,44:12:44:89:1b:c1,-70,Aula26
288,44:12:44:89:1b:c0,-69,Aula26
288,44:12:44:88:66:d1,-86,Aula26
288,44:12:44:89:30:01,-52,Aula26
288,44:12:44:88:66:d0,-86,Aula26
288,44:12:44:89:81:31,-80,Aula26
288,44:12:44:89:81:30,-80,Aula26
288,44:12:44:89:30:10,-61,Aula26
288,44:12:44:89:30:11,-61,Aula26
288,44:12:44:89:81:20,-67,Aula26
288,44:12:44:89:81:21,-68,Aula26
288,1a:48:ca:9b:45:78,-86,Aula26
288,44:12:44:89:30:00,-52,Aula26
289,44:12:44:89:1b:d0,-81,Aula26
289,44:12:44:89:1b:d1,-81,Aula26
289,44:12:44:89:1b:c1,-69,Aula26
289,44:12:44:89:01:f0,-91,Aula26
289,44:12:44:89:01:f1,-91,Aula26
289,44:12:44:88:66:d1,-87,Aula26
289,44:12:44:89:30:01,-54,Aula26
289,44:12:44:88:66:d0,-87,Aula26
289,44:12:44:89:81:31,-80,Aula26
289,44:12:44:89:81:30,-80,Aula26
289,78:81:02:d2:2d:29,-89,Aula26
289,44:12:44:89:30:10,-60,Aula26
289,44:12:44:89:30:11,-60,Aula26
289,44:12:44:89:01:e0,-79,Aula26
289,44:12:44:89:01:e1,-79,Aula26
289,44:12:44:88:66:c1,-87,Aula26
289,44:12:44:88:66:c0,-86,Aula26
289,44:12:44:89:81:21,-66,Aula26
289,44:12:44:89:30:00,-54,Aula26
290,4c:ab:f8:f5:28:4f,-90,Aula26
290,44:12:44:89:1b:d0,-80,Aula26
290,44:12:44:89:1b:d1,-80,Aula26
290,44:12:44:89:1b:c1,-69,Aula26
290,44:12:44:89:1b:c0,-69,Aula26
290,44:12:44:89:01:f0,-91,Aula26
290,44:12:44:89:01:f1,-91,Aula26
290,44:12:44:88:66:d1,-86,Aula26
290,44:12:44:89:30:01,-53,Aula26
290,00:0f:66:e9:ab:ec,-80,Aula26
290,44:12:44:88:66:d0,-86,Aula26
290,44:12:44:89:81:31,-79,Aula26
290,44:12:44:89:81:30,-79,Aula26
290,78:81:02:d2:2d:29,-89,Aula26
290,44:12:44:89:30:10,-59,Aula26
290,44:12:44:89:30:11,-59,Aula26
290,44:12:44:89:01:e0,-79,Aula26
290,44:12:44:89:01:e1,-80,Aula26
290,44:12:44:89:81:20,-67,Aula26
290,44:12:44:89:81:21,-67,Aula26
290,44:12:44:89:30:00,-54,Aula26
291,44:12:44:89:1b:d0,-81,Aula26
291,44:12:44:89:1b:d1,-81,Aula26
291,44:12:44:89:81:31,-79,Aula26
291,44:12:44:89:81:30,-79,Aula26
291,78:81:02:d2:2d:29,-88,Aula26
291,44:12:44:89:30:10,-60,Aula26
291,44:12:44:89:30:11,-60,Aula26
291,44:12:44:89:01:e0,-78,Aula26
291,44:12:44:88:30:40,-87,Aula26
291,44:12:44:89:01:e1,-78,Aula26
291,44:12:44:88:30:41,-87,Aula26
291,44:12:44:89:81:20,-66,Aula26
291,44:12:44:89:81:21,-66,Aula26
292,44:12:44:89:1b:d0,-83,Aula26
292,44:12:44:89:1b:d1,-82,Aula26
292,e4:3e:d7:a9:6a:bf,-89,Aula26
292,44:12:44:89:1b:c1,-70,Aula26
292,44:12:44:89:1b:c0,-69,Aula26
292,00:0f:66:e9:ab:ec,-79,Aula26
292,44:12:44:88:66:d0,-89,Aula26
292,44:12:44:89:81:31,-85,Aula26
292,44:12:44:89:81:30,-85,Aula26
292,78:81:02:d2:2d:29,-90,Aula26
292,44:12:44:89:30:10,-57,Aula26
292,44:12:44:89:30:11,-57,Aula26
292,44:12:44:88:c8:e1,-84,Aula26
292,44:12:44:89:01:e1,-80,Aula26
292,44:12:44:88:66:c1,-85,Aula26
292,44:12:44:89:81:20,-65,Aula26
292,44:12:44:89:81:21,-64,Aula26
293,44:12:44:88:e0:20,-88,Aula26
293,44:12:44:88:e0:21,-87,Aula26
293,94:bf:c4:e7:4d:e8,-95,Aula26
293,44:12:44:89:1b:d0,-85,Aula26
293,44:12:44:89:1b:d1,-86,Aula26
293,44:12:44:87:51:c1,-86,Aula26
293,e4:3e:d7:a9:6a:bf,-87,Aula26
293,44:12:44:89:1b:c1,-68,Aula26
293,00:0f:66:e9:ab:ec,-80,Aula26
293,44:12:44:89:81:31,-83,Aula26
293,44:12:44:89:81:30,-84,Aula26
293,44:12:44:89:30:10,-57,Aula26
293,44:12:44:89:30:11,-57,Aula26
293,44:12:44:88:c8:e0,-82,Aula26
293,44:12:44:89:01:e0,-76,Aula26
293,44:12:44:89:01:e1,-77,Aula26
293,44:12:44:88:66:c0,-82,Aula26
293,44:12:44:89:81:20,-70,Aula26
293,44:12:44:89:81:21,-70,Aula26
294,44:12:44:88:e0:20,-87,Aula26
294,44:12:44:89:1b:d0,-86,Aula26
294,44:12:44:89:1b:d1,-85,Aula26
294,44:12:44:89:1b:c0,-71,Aula26
294,44:12:44:89:01:f0,-92,Aula26
294,44:12:44:88:66:d1,-87,Aula26
294,44:12:44:89:30:01,-47,Aula26
294,44:12:44:88:66:d0,-87,Aula26
294,44:12:44:89:81:31,-82,Aula26
294,44:12:44:89:81:30,-81,Aula26
294,44:12:44:89:30:10,-57,Aula26
294,44:12:44:89:30:11,-57,Aula26
294,44:12:44:88:c8:e0,-82,Aula26
294,44:12:44:89:01:e0,-77,Aula26
294,44:12:44:88:c8:e1,-82,Aula26
294,44:12:44:89:01:e1,-77,Aula26
294,44:48:b9:cf:40:00,-92,Aula26
294,44:12:44:89:81:20,-69,Aula26
294,44:12:44:89:81:21,-68,Aula26
294,44:12:44:89:30:00,-47,Aula26
295,44:12:44:89:1b:d0,-86,Aula26
295,44:12:44:89:1b:d1,-85,Aula26
295,44:12:44:89:01:f0,-91,Aula26
295,44:12:44:89:01:f1,-91,Aula26
295,44:12:44:88:66:d1,-86,Aula26
295,44:12:44:89:30:01,-48,Aula26
295,44:12:44:88:66:d0,-86,Aula26
295,44:12:44:89:81:31,-80,Aula26
295,44:12:44:89:81:30,-81,Aula26
295,78:81:02:d2:2d:29,-91,Aula26
295,44:12:44:89:30:10,-57,Aula26
295,44:12:44:89:30:11,-57,Aula26
295,44:12:44:89:30:00,-47,Aula26
296,44:12:44:89:1b:d0,-86,Aula26
296,44:12:44:89:1b:d1,-85,Aula26
296,e4:3e:d7:a9:6a:bf,-85,Aula26
296,44:12:44:89:1b:c1,-69,Aula26
296,44:12:44:89:1b:c0,-70,Aula26
296,44:12:44:89:01:f0,-91,Aula26
296,44:12:44:89:01:f1,-91,Aula26
296,44:12:44:88:66:d1,-87,Aula26
296,44:12:44:89:30:01,-47,Aula26
296,00:0f:66:e9:ab:ec,-79,Aula26
296,44:12:44:88:66:d0,-86,Aula26
296,44:12:44:89:81:31,-82,Aula26
296,44:12:44:89:81:30,-82,Aula26
296,44:12:44:89:30:10,-57,Aula26
296,44:12:44:89:30:11,-57,Aula26
296,44:12:44:88:c8:e0,-81,Aula26
296,44:48:b9:cf:40:00,-90,Aula26
296,98:9d:5d:2b:72:3d,-92,Aula26
296,44:12:44:89:30:00,-47,Aula26
297,44:12:44:89:1b:d0,-85,Aula26
297,44:12:44:89:1b:d1,-86,Aula26
297,44:12:44:89:1b:c0,-69,Aula26
297,44:12:44:89:30:01,-48,Aula26
297,44:12:44:88:66:d0,-86,Aula26
297,44:12:44:89:81:31,-82,Aula26
297,44:12:44:89:81:30,-82,Aula26
297,78:81:02:d2:2d:29,-91,Aula26
297,44:12:44:89:30:10,-57,Aula26
297,44:12:44:89:30:11,-56,Aula26
297,44:12:44:88:30:40,-88,Aula26
297,44:12:44:89:01:e1,-78,Aula26
297,44:12:44:88:66:c1,-84,Aula26
297,44:12:44:88:66:c0,-82,Aula26
297,44:12:44:89:81:21,-70,Aula26
297,44:12:44:89:30:00,-48,Aula26
298,44:12:44:89:1b:d0,-85,Aula26
298,44:12:44:89:1b:d1,-85,Aula26
298,e4:3e:d7:a9:6a:bf,-87,Aula26
298,44:12:44:89:1b:c1,-70,Aula26
298,44:12:44:89:1b:c0,-69,Aula26
298,44:12:44:89:01:f0,-91,Aula26
298,44:12:44:89:01:f1,-92,Aula26
298,44:12:44:88:66:d1,-87,Aula26
298,44:12:44:89:30:01,-47,Aula26
298,44:12:44:88:66:d0,-87,Aula26
298,44:12:44:89:81:31,-82,Aula26
298,44:12:44:89:81:30,-82,Aula26
298,44:12:44:89:30:10,-56,Aula26
298,44:12:44:89:30:11,-56,Aula26
298,44:12:44:88:c8:e0,-82,Aula26
298,44:12:44:89:01:e0,-78,Aula26
298,44:12:44:88:c8:e1,-82,Aula26
298,44:12:44:89:01:e1,-78,Aula26
298,60:d2:48:79:18:8c,-86,Aula26
298,44:12:44:88:66:c1,-83,Aula26
298,44:12:44:88:66:c0,-82,Aula26
298,44:12:44:89:81:20,-68,Aula26
298,44:12:44:89:81:21,-69,Aula26
298,44:12:44:89:30:00,-47,Aula26
298,72:74:14:3e:f2:55,-88,Aula26
299,44:12:44:89:1b:d0,-85,Aula26
299,44:12:44:89:1b:d1,-85,Aula26
299,44:12:44:89:01:f0,-92,Aula26
299,44:12:44:89:01:f1,-92,Aula26
299,44:12:44:88:66:d1,-85,Aula26
299,00:0f:66:e9:ab:ec,-80,Aula26
299,44:12:44:88:66:d0,-86,Aula26
299,44:12:44:89:81:31,-82,Aula26
299,44:12:44:89:81:30,-83,Aula26
299,44:12:44:89:30:10,-57,Aula26
299,44:12:44:89:30:11,-57,Aula26
299,44:12:44:89:01:e1,-77,Aula26
299,30:b5:c2:7f:37:95,-94,Aula26
300,44:12:44:89:1b:d0,-85,Aula26
300,44:12:44:89:1b:d1,-84,Aula26
300,44:12:44:89:1b:c0,-69,Aula26
300,44:12:44:89:01:f0,-91,Aula26
300,44:12:44:88:66:d1,-86,Aula26
300,44:12:44:89:81:31,-83,Aula26
300,44:12:44:89:81:30,-84,Aula26
300,78:81:02:d2:2d:29,-91,Aula26
300,44:12:44:89:30:10,-57,Aula26
300,44:12:44:89:30:11,-57,Aula26
300,44:12:44:89:01:e0,-78,Aula26
300,44:12:44:89:01:e1,-78,Aula26
300,44:12:44:89:81:20,-68,Aula26
300,44:12:44:89:81:21,-69,Aula26
301,44:12:44:89:1b:d0,-86,Aula26
301,44:12:44:89:1b:d1,-85,Aula26
301,44:12:44:89:1b:c1,-69,Aula26
301,44:12:44:89:1b:c0,-69,Aula26
301,44:12:44:89:30:01,-49,Aula26
301,00:0f:66:e9:ab:ec,-81,Aula26
301,44:12:44:89:81:31,-86,Aula26
301,44:12:44:89:81:30,-86,Aula26
301,78:81:02:d2:2d:29,-93,Aula26
301,44:12:44:89:30:10,-56,Aula26
301,44:12:44:89:30:11,-56,Aula26
301,44:48:b9:cf:40:00,-91,Aula26
301,44:12:44:89:81:20,-68,Aula26
301,44:12:44:89:81:21,-69,Aula26
301,44:12:44:89:30:00,-48,Aula26
302,44:12:44:88:e0:21,-87,Aula26
302,44:12:44:89:1b:d0,-85,Aula26
302,44:12:44:89:1b:d1,-85,Aula26
302,44:12:44:89:1b:c1,-68,Aula26
302,44:12:44:89:1b:c0,-69,Aula26
302,44:12:44:89:01:f0,-92,Aula26
302,44:12:44:89:01:f1,-94,Aula26
302,44:12:44:88:66:d1,-87,Aula26
302,00:0f:66:e9:ab:ec,-80,Aula26
302,44:12:44:88:66:d0,-87,Aula26
302,44:12:44:89:81:31,-88,Aula26
302,44:12:44:89:81:30,-88,Aula26
302,78:81:02:d2:2d:29,-91,Aula26
302,44:12:44:89:30:10,-56,Aula26
302,44:12:44:89:30:11,-56,Aula26
302,44:12:44:88:c8:e0,-82,Aula26
302,44:12:44:89:01:e0,-78,Aula26
302,44:12:44:88:c8:e1,-82,Aula26
302,44:12:44:89:01:e1,-78,Aula26
302,44:12:44:89:81:20,-69,Aula26
302,44:12:44:89:81:21,-69,Aula26
303,00:01:33:88:20:54,-91,Aula26
303,44:12:44:89:1b:d0,-86,Aula26
303,44:12:44:89:1b:d1,-85,Aula26
303,44:12:44:89:1b:c0,-68,Aula26
303,44:12:44:88:66:d1,-87,Aula26
303,44:12:44:89:30:01,-49,Aula26
303,44:12:44:88:66:d0,-88,Aula26
303,44:12:44:89:81:31,-86,Aula26
303,44:12:44:89:81:30,-86,Aula26
303,7c:9a:54:10:42:c5,-92,Aula26
303,44:12:44:89:30:10,-56,Aula26
303,44:12:44:89:30:11,-56,Aula26
303,44:12:44:89:01:e0,-78,Aula26
303,44:12:44:88:30:40,-88,Aula26
303,44:12:44:89:01:e1,-78,Aula26
303,60:d2:48:79:18:8c,-94,Aula26
303,44:12:44:89:81:20,-69,Aula26
303,44:12:44:89:30:00,-49,Aula26
304,44:12:44:89:1b:d0,-85,Aula26
304,44:12:44:89:1b:d1,-84,Aula26
304,44:12:44:89:1b:c1,-68,Aula26
304,44:12:44:89:1b:c0,-70,Aula26
304,44:12:44:89:01:f0,-92,Aula26
304,44:12:44:89:01:f1,-93,Aula26
304,44:12:44:88:66:d1,-87,Aula26
304,44:12:44:88:66:d0,-87,Aula26
304,44:12:44:89:81:31,-85,Aula26
304,44:12:44:89:81:30,-85,Aula26
304,78:81:02:d2:2d:29,-92,Aula26
304,44:12:44:89:30:10,-56,Aula26
304,44:12:44:89:30:11,-56,Aula26
304,66:e2:20:a8:ef:fc,-90,Aula26
304,44:12:44:89:81:20,-68,Aula26
304,44:12:44:89:81:21,-67,Aula26
305,44:12:44:89:1b:d0,-85,Aula26
305,44:12:44:89:1b:d1,-85,Aula26
305,44:12:44:89:1b:c1,-69,Aula26
305,44:12:44:89:1b:c0,-69,Aula26
305,44:12:44:89:01:f0,-92,Aula26
305,44:12:44:89:01:f1,-92,Aula26
305,44:12:44:88:66:d1,-87,Aula26
305,44:12:44:89:30:01,-48,Aula26
305,00:0f:66:e9:ab:ec,-81,Aula26
305,44:12:44:88:66:d0,-87,Aula26
305,44:12:44:89:81:31,-85,Aula26
305,44:12:44:89:81:30,-85,Aula26
305,78:81:02:d2:2d:29,-89,Aula26
305,44:12:44:89:30:10,-55,Aula26
305,44:12:44:89:30:11,-55,Aula26
305,44:12:44:89:01:e0,-77,Aula26
305,44:12:44:88:c8:e1,-81,Aula26
305,44:12:44:89:01:e1,-77,Aula26
305,44:12:44:89:81:20,-68,Aula26
305,44:12:44:89:81:21,-68,Aula26
305,44:12:44:89:30:00,-48,Aula26
306,00:01:33:88:20:54,-88,Aula26
306,44:12:44:89:1b:d0,-85,Aula26
306,44:12:44:89:1b:d1,-85,Aula26
306,44:12:44:89:1b:c1,-69,Aula26
306,44:12:44:89:1b:c0,-68,Aula26
306,44:12:44:88:66:d1,-86,Aula26
306,44:12:44:89:30:01,-49,Aula26
306,44:12:44:89:81:31,-87,Aula26
306,44:12:44:89:81:30,-87,Aula26
306,78:81:02:d2:2d:29,-92,Aula26
306,44:12:44:89:30:10,-56,Aula26
306,44:12:44:89:30:11,-55,Aula26
306,44:12:44:89:01:e0,-78,Aula26
306,44:12:44:88:c8:e1,-81,Aula26
306,44:12:44:89:81:20,-76,Aula26
306,44:12:44:89:81:21,-76,Aula26
306,44:12:44:89:30:00,-49,Aula26
307,4c:ab:f8:f5:28:4f,-91,Aula26
307,44:12:44:89:1b:d0,-85,Aula26
307,44:12:44:89:1b:d1,-85,Aula26
307,44:12:44:89:1b:c1,-68,Aula26
307,44:12:44:89:1b:c0,-68,Aula26
307,44:12:44:88:0d:c0,-91,Aula26
307,44:12:44:89:01:f0,-94,Aula26
307,44:12:44:88:66:d1,-87,Aula26
307,44:12:44:89:30:01,-48,Aula26
307,44:12:44:89:81:31,-85,Aula26
307,44:12:44:89:81:30,-85,Aula26
307,44:12:44:89:30:10,-56,Aula26
307,44:12:44:89:30:11,-56,Aula26
307,44:12:44:89:01:e0,-79,Aula26
307,44:12:44:89:01:e1,-78,Aula26
307,bc:30:7e:5f:fe:c3,-92,Aula26
307,44:12:44:89:81:20,-74,Aula26
307,44:12:44:89:81:21,-75,Aula26
307,44:12:44:89:30:00,-48,Aula26
308,44:12:44:89:1b:d0,-85,Aula26
308,44:12:44:89:1b:d1,-85,Aula26
308,e4:3e:d7:a9:6a:bf,-81,Aula26
308,44:12:44:89:1b:c1,-68,Aula26
308,44:12:44:89:1b:c0,-69,Aula26
308,44:12:44:89:01:f0,-94,Aula26
308,44:12:44:89:01:f1,-93,Aula26
308,44:12:44:88:66:d1,-86,Aula26
308,44:12:44:89:30:01,-48,Aula26
308,44:12:44:88:66:d0,-87,Aula26
308,44:12:44:89:81:31,-85,Aula26
308,44:12:44:89:81:30,-86,Aula26
308,78:81:02:d2:2d:29,-91,Aula26
308,44:12:44:89:30:10,-56,Aula26
308,44:12:44:89:30:11,-56,Aula26
308,44:12:44:88:c8:e0,-83,Aula26
308,44:12:44:88:c8:e1,-82,Aula26
308,44:12:44:88:66:c0,-80,Aula26
308,44:12:44:89:81:20,-75,Aula26
308,44:12:44:89:81:21,-75,Aula26
308,44:12:44:89:30:00,-48,Aula26
309,44:12:44:89:1b:d0,-85,Aula26
309,44:12:44:89:1b:d1,-85,Aula26
309,44:12:44:89:1b:c1,-69,Aula26
309,44:12:44:88:c8:f0,-96,Aula26
309,44:12:44:89:01:f0,-94,Aula26
309,44:12:44:89:01:f1,-94,Aula26
309,44:12:44:88:66:d1,-87,Aula26
309,44:12:44:89:30:01,-49,Aula26
309,44:12:44:88:66:d0,-87,Aula26
309,44:12:44:89:81:31,-86,Aula26
309,44:12:44:89:81:30,-86,Aula26
309,44:12:44:89:30:10,-56,Aula26
309,44:12:44:89:30:11,-56,Aula26
309,60:d2:48:79:18:8c,-92,Aula26
309,44:12:44:88:66:c1,-81,Aula26
309,44:12:44:88:66:c0,-82,Aula26
309,44:12:44:89:81:20,-74,Aula26
309,44:12:44:89:30:00,-48,Aula26
310,44:12:44:88:e0:21,-83,Aula26
310,44:12:44:89:1b:d0,-82,Aula26
310,44:12:44:89:1b:d1,-82,Aula26
310,44:12:44:87:51:c1,-85,Aula26
310,44:12:44:88:66:d1,-86,Aula26
310,44:12:44:88:66:d0,-85,Aula26
310,44:12:44:89:81:31,-86,Aula26
310,44:12:44:89:81:30,-86,Aula26
310,1e:e1:92:f1:18:ea,-88,Aula26
310,44:12:44:89:30:10,-64,Aula26
310,44:12:44:89:30:11,-64,Aula26
310,44:12:44:88:c8:e0,-80,Aula26
310,44:12:44:88:c8:e1,-80,Aula26
311,44:12:44:89:1b:d0,-82,Aula26
311,44:12:44:89:1b:d1,-84,Aula26
311,44:12:44:89:1b:c0,-71,Aula26
311,44:12:44:88:66:d1,-86,Aula26
311,44:12:44:89:30:01,-50,Aula26
311,44:12:44:88:66:d0,-86,Aula26
311,44:12:44:89:81:31,-85,Aula26
311,44:12:44:89:81:30,-85,Aula26
311,7c:9a:54:10:42:c5,-87,Aula26
311,44:12:44:89:30:10,-66,Aula26
311,44:12:44:89:30:11,-66,Aula26
311,60:d2:48:79:18:8c,-88,Aula26
311,44:12:44:88:66:c1,-81,Aula26
311,44:12:44:89:81:20,-77,Aula26
311,44:12:44:89:81:21,-77,Aula26
311,44:12:44:89:30:00,-49,Aula26
312,44:12:44:89:1b:d0,-84,Aula26
312,44:12:44:89:1b:d1,-85,Aula26
312,44:12:44:87:51:c1,-85,Aula26
312,44:12:44:87:51:c0,-85,Aula26
312,74:93:da:f3:45:5f,-92,Aula26
312,44:12:44:89:1b:c1,-69,Aula26
312,44:12:44:89:1b:c0,-69,Aula26
312,44:12:44:89:01:f0,-94,Aula26
312,44:12:44:89:01:f1,-95,Aula26
312,44:12:44:88:66:d1,-87,Aula26
312,44:12:44:88:66:d0,-87,Aula26
312,44:12:44:89:81:31,-86,Aula26
312,44:12:44:89:81:30,-85,Aula26
312,44:12:44:89:30:10,-64,Aula26
312,44:12:44:89:30:11,-64,Aula26
312,44:12:44:88:c8:e0,-80,Aula26
312,44:12:44:89:01:e0,-80,Aula26
312,44:12:44:88:c8:e1,-81,Aula26
312,44:12:44:88:66:c0,-81,Aula26
312,44:12:44:89:81:20,-78,Aula26
312,44:12:44:89:81:21,-78,Aula26
313,00:01:33:88:20:54,-90,Aula26
313,44:12:44:89:1b:d0,-84,Aula26
313,44:12:44:89:1b:d1,-84,Aula26
313,44:12:44:89:1b:c1,-70,Aula26
313,44:12:44:89:1b:c0,-70,Aula26
313,44:12:44:89:01:f0,-95,Aula26
313,44:12:44:89:01:f1,-95,Aula26
313,44:12:44:88:66:d1,-86,Aula26
313,44:12:44:89:30:01,-49,Aula26
313,44:12:44:88:66:d0,-86,Aula26
313,44:12:44:89:81:31,-85,Aula26
313,44:12:44:89:81:30,-84,Aula26
313,44:12:44:89:30:10,-65,Aula26
313,44:12:44:89:30:11,-64,Aula26
313,44:12:44:88:c8:e0,-78,Aula26
313,44:12:44:88:c8:e1,-78,Aula26
313,44:12:44:89:01:e0,-80,Aula26
313,44:12:44:89:01:e1,-81,Aula26
313,44:12:44:88:66:c1,-81,Aula26
313,44:12:44:89:81:21,-78,Aula26
313,44:12:44:89:30:00,-49,Aula26
314,00:01:33:88:20:54,-90,Aula26
314,44:12:44:88:e0:20,-84,Aula26
314,44:12:44:89:1b:d0,-84,Aula26
314,44:12:44:89:1b:d1,-85,Aula26
314,44:12:44:89:1b:c1,-71,Aula26
314,44:12:44:89:1b:c0,-71,Aula26
314,44:12:44:89:01:f0,-95,Aula26
314,44:12:44:89:01:f1,-96,Aula26
314,44:12:44:88:66:d1,-87,Aula26
314,44:12:44:88:66:d0,-87,Aula26
314,44:12:44:89:81:31,-82,Aula26
314,44:12:44:89:81:30,-82,Aula26
314,44:12:44:89:30:10,-62,Aula26
314,44:12:44:89:30:11,-62,Aula26
314,44:12:44:88:c8:e1,-80,Aula26
314,44:12:44:89:01:e1,-80,Aula26
314,44:12:44:88:30:41,-88,Aula26
314,44:12:44:89:81:20,-79,Aula26
314,44:12:44:89:81:21,-77,Aula26
314,30:b5:c2:7f:37:95,-87,Aula26
315,44:12:44:89:1b:d0,-82,Aula26
315,44:12:44:89:1b:d1,-82,Aula26
315,44:12:44:89:1b:c1,-71,Aula26
315,44:12:44:89:1b:c0,-69,Aula26
315,44:12:44:89:01:f0,-95,Aula26
315,44:12:44:89:01:f1,-95,Aula26
315,44:12:44:88:66:d1,-86,Aula26
315,44:12:44:88:66:d0,-87,Aula26
315,44:12:44:89:81:31,-83,Aula26
315,44:12:44:89:81:30,-83,Aula26
315,44:12:44:89:30:10,-63,Aula26
315,44:12:44:89:30:11,-63,Aula26
315,44:12:44:88:c8:e0,-81,Aula26
315,44:12:44:88:c8:e1,-80,Aula26
315,44:12:44:88:66:c1,-82,Aula26
316,00:01:33:88:20:54,-91,Aula26
316,44:12:44:88:e0:20,-84,Aula26
316,44:12:44:88:e0:21,-84,Aula26
316,44:12:44:89:1b:d0,-82,Aula26
316,44:12:44:89:1b:d1,-82,Aula26
316,44:12:44:89:01:f0,-95,Aula26
316,44:12:44:89:01:f1,-96,Aula26
316,44:12:44:88:66:d1,-86,Aula26
316,44:12:44:89:30:01,-50,Aula26
316,44:12:44:88:66:d0,-86,Aula26
316,44:12:44:89:81:31,-84,Aula26
316,44:12:44:89:81:30,-85,Aula26
316,44:12:44:89:30:10,-62,Aula26
316,44:12:44:89:30:11,-62,Aula26
316,44:59:43:7a:ea:0c,-93,Aula26
316,44:12:44:89:30:00,-50,Aula26
316,30:b5:c2:7f:37:95,-92,Aula26
317,00:01:33:88:20:54,-91,Aula26
317,44:12:44:89:1b:d0,-83,Aula26
317,44:12:44:89:1b:d1,-82,Aula26
317,44:12:44:89:1b:c1,-70,Aula26
317,44:12:44:89:1b:c0,-70,Aula26
317,44:12:44:88:66:d1,-86,Aula26
317,44:12:44:89:30:01,-50,Aula26
317,44:12:44:88:66:d0,-86,Aula26
317,44:12:44:89:81:31,-83,Aula26
317,44:12:44:89:81:30,-82,Aula26
317,44:12:44:89:30:10,-61,Aula26
317,44:12:44:89:30:11,-61,Aula26
317,44:12:44:89:01:e0,-77,Aula26
317,44:12:44:89:01:e1,-78,Aula26
317,94:bf:c4:67:4d:e8,-88,Aula26
317,44:12:44:89:81:20,-76,Aula26
317,94:bf:c4:27:4d:e8,-82,Aula26
317,44:12:44:89:30:00,-50,Aula26
318,44:12:44:89:1b:d0,-82,Aula26
318,44:12:44:89:1b:d1,-82,Aula26
318,44:12:44:88:66:d1,-86,Aula26
318,44:12:44:88:66:d0,-86,Aula26
318,44:12:44:89:81:31,-82,Aula26
318,44:12:44:89:81:30,-82,Aula26
318,44:12:44:89:30:10,-60,Aula26
318,44:12:44:89:30:11,-60,Aula26
318,44:12:44:89:01:e0,-78,Aula26
318,44:12:44:89:01:e1,-78,Aula26
319,44:12:44:88:e0:20,-83,Aula26
319,44:12:44:88:e0:21,-83,Aula26
319,44:12:44:89:1b:d0,-83,Aula26
319,44:12:44:89:1b:d1,-82,Aula26
319,44:12:44:87:51:c1,-84,Aula26
319,44:12:44:87:51:c0,-84,Aula26
319,44:12:44:89:1b:c1,-70,Aula26
319,44:12:44:89:1b:c0,-71,Aula26
319,9a:49:14:2f:a8:f0,-95,Aula26
319,44:12:44:88:66:d1,-86,Aula26
319,44:12:44:88:66:d0,-86,Aula26
319,44:12:44:89:81:31,-83,Aula26
319,44:12:44:89:81:30,-82,Aula26
319,44:12:44:89:30:10,-60,Aula26
319,44:12:44:89:30:11,-60,Aula26
319,44:12:44:88:c8:e0,-81,Aula26
319,44:12:44:88:c8:e1,-81,Aula26
319,44:12:44:89:81:20,-80,Aula26
319,44:12:44:89:81:21,-78,Aula26
320,44:12:44:88:e0:20,-83,Aula26
320,44:12:44:88:e0:21,-83,Aula26
320,44:12:44:89:1b:d0,-82,Aula26
320,44:12:44:89:1b:d1,-82,Aula26
320,44:12:44:87:51:c1,-85,Aula26
320,44:12:44:87:51:c0,-85,Aula26
320,e4:3e:d7:a9:6a:bf,-88,Aula26
320,44:12:44:89:1b:c1,-70,Aula26
320,44:12:44:89:1b:c0,-70,Aula26
320,44:12:44:88:66:d1,-86,Aula26
320,44:12:44:89:30:01,-50,Aula26
320,00:0f:66:e9:ab:ec,-84,Aula26
320,44:12:44:88:66:d0,-86,Aula26
320,44:12:44:89:81:31,-80,Aula26
320,44:12:44:89:81:30,-80,Aula26
320,44:12:44:89:30:10,-63,Aula26
320,44:12:44:89:30:11,-63,Aula26
320,44:12:44:88:c8:e0,-81,Aula26
320,44:12:44:89:01:e0,-78,Aula26
320,44:12:44:88:c8:e1,-81,Aula26
320,44:12:44:89:01:e1,-78,Aula26
320,44:12:44:89:30:00,-50,Aula26
321,00:01:33:88:20:54,-90,Aula26
321,44:12:44:88:e0:21,-83,Aula26
321,44:12:44:89:1b:d0,-83,Aula26
321,44:12:44:89:1b:d1,-83,Aula26
321,44:12:44:89:1b:c1,-70,Aula26
321,44:12:44:89:1b:c0,-71,Aula26
321,44:12:44:88:66:d1,-85,Aula26
321,44:12:44:89:30:01,-50,Aula26
321,44:12:44:88:66:d0,-85,Aula26
321,44:12:44:89:81:31,-81,Aula26
321,44:12:44:89:81:30,-80,Aula26
321,44:12:44:89:30:10,-64,Aula26
321,44:12:44:89:30:11,-64,Aula26
321,44:12:44:89:81:20,-78,Aula26
321,44:12:44:89:81:21,-78,Aula26
321,44:12:44:89:30:00,-50,Aula26
322,00:01:33:88:20:54,-91,Aula26
322,44:12:44:89:1b:d0,-82,Aula26
322,44:12:44:89:1b:d1,-82,Aula26
322,44:12:44:89:1b:c0,-70,Aula26
322,44:12:44:88:0d:c0,-89,Aula26
322,44:12:44:89:01:f1,-98,Aula26
322,44:12:44:88:66:d1,-85,Aula26
322,44:12:44:89:30:01,-50,Aula26
322,44:12:44:88:66:d0,-86,Aula26
322,44:12:44:89:81:31,-82,Aula26
322,44:12:44:89:81:30,-82,Aula26
322,44:12:44:89:30:10,-64,Aula26
322,44:12:44:89:30:11,-64,Aula26
322,44:12:44:88:66:c1,-82,Aula26
322,44:12:44:88:66:c0,-82,Aula26
322,44:12:44:89:81:20,-77,Aula26
322,44:12:44:89:81:21,-78,Aula26
322,60:8d:26:be:c3:89,-96,Aula26
322,44:12:44:89:30:00,-49,Aula26
323,00:01:33:88:20:54,-89,Aula26
323,44:12:44:89:1b:d0,-82,Aula26
323,44:12:44:89:1b:d1,-82,Aula26
323,44:12:44:89:1b:c1,-71,Aula26
323,44:12:44:89:1b:c0,-73,Aula26
323,44:12:44:88:c8:f1,-97,Aula26
323,44:12:44:88:66:d1,-86,Aula26
323,44:12:44:89:30:01,-49,Aula26
323,44:12:44:88:66:d0,-85,Aula26
323,44:12:44:89:81:31,-87,Aula26
323,44:12:44:89:81:30,-86,Aula26
323,44:12:44:89:30:10,-64,Aula26
323,44:12:44:89:30:11,-64,Aula26
323,44:12:44:89:01:e0,-78,Aula26
323,44:12:44:89:01:e1,-78,Aula26
323,44:12:44:88:66:c0,-83,Aula26
323,44:12:44:89:81:20,-79,Aula26
323,44:12:44:89:81:21,-78,Aula26
323,44:12:44:89:30:00,-50,Aula26
324,00:54:af:81:58:ce,-85,Aula26
324,00:01:33:88:20:54,-90,Aula26
324,44:12:44:88:e0:21,-84,Aula26
324,44:12:44:89:1b:d0,-82,Aula26
324,44:12:44:89:1b:d1,-82,Aula26
324,44:12:44:89:1b:c1,-73,Aula26
324,44:12:44:89:1b:c0,-70,Aula26
324,44:12:44:89:01:f0,-96,Aula26
324,44:12:44:89:01:f1,-97,Aula26
324,44:12:44:89:30:01,-50,Aula26
324,44:12:44:88:66:d0,-85,Aula26
324,44:12:44:89:81:31,-87,Aula26
324,44:12:44:89:81:30,-87,Aula26
324,44:12:44:89:30:10,-64,Aula26
324,44:12:44:89:30:11,-63,Aula26
324,44:12:44:88:30:40,-87,Aula26
324,44:12:44:88:30:41,-87,Aula26
324,44:12:44:88:66:c1,-83,Aula26
324,44:12:44:88:66:c0,-83,Aula26
324,44:12:44:89:30:00,-49,Aula26
325,44:12:44:89:1b:d0,-82,Aula26
325,44:12:44:89:1b:d1,-82,Aula26
325,44:12:44:87:51:c1,-82,Aula26
325,44:12:44:89:1b:c1,-71,Aula26
325,44:12:44:89:1b:c0,-72,Aula26
325,44:12:44:89:01:f0,-96,Aula26
325,44:12:44:89:01:f1,-95,Aula26
325,44:12:44:88:66:d1,-85,Aula26
325,44:12:44:89:30:01,-50,Aula26
325,44:12:44:89:81:31,-85,Aula26
325,44:12:44:89:81:30,-85,Aula26
325,44:12:44:89:30:10,-62,Aula26
325,44:12:44:89:30:11,-62,Aula26
325,44:12:44:88:c8:e0,-79,Aula26
325,44:12:44:89:01:e0,-77,Aula26
325,44:12:44:88:c8:e1,-79,Aula26
325,44:12:44:89:81:20,-78,Aula26
325,44:12:44:89:81:21,-78,Aula26
325,44:12:44:89:30:00,-49,Aula26
326,94:bf:c4:a7:4d:e8,-89,Aula26
326,44:12:44:88:e0:20,-82,Aula26
326,44:12:44:88:e0:21,-84,Aula26
326,44:12:44:89:1b:d0,-82,Aula26
326,44:12:44:89:1b:d1,-82,Aula26
326,4c:b1:cd:40:02:88,-91,Aula26
326,44:12:44:89:1b:c1,-71,Aula26
326,44:12:44:89:1b:c0,-72,Aula26
326,44:12:44:88:66:d1,-85,Aula26
326,44:12:44:89:30:01,-49,Aula26
326,44:12:44:88:66:d0,-85,Aula26
326,44:12:44:89:81:31,-87,Aula26
326,44:12:44:89:81:30,-86,Aula26
326,44:12:44:89:30:10,-61,Aula26
326,44:12:44:89:30:11,-62,Aula26
326,44:12:44:88:30:40,-87,Aula26
326,44:12:44:89:01:e1,-78,Aula26
326,44:12:44:89:81:20,-80,Aula26
326,44:12:44:89:81:21,-79,Aula26
326,44:12:44:89:30:00,-49,Aula26
327,00:01:33:88:20:54,-89,Aula26
327,44:12:44:89:1b:d0,-82,Aula26
327,44:12:44:89:1b:d1,-82,Aula26
327,44:12:44:89:1b:c1,-72,Aula26
327,44:12:44:89:1b:c0,-71,Aula26
327,44:12:44:89:01:f0,-97,Aula26
327,44:12:44:89:01:f1,-96,Aula26
327,44:12:44:88:66:d1,-86,Aula26
327,44:12:44:89:30:01,-49,Aula26
327,44:12:44:88:66:d0,-85,Aula26
327,44:12:44:89:30:10,-63,Aula26
327,44:12:44:89:30:11,-63,Aula26
327,44:12:44:89:81:20,-80,Aula26
327,44:12:44:89:30:00,-49,Aula26
328,00:01:33:88:20:54,-89,Aula26
328,44:12:44:89:1b:d0,-82,Aula26
328,44:12:44:89:1b:d1,-82,Aula26
328,44:12:44:87:51:c1,-85,Aula26
328,44:12:44:87:51:c0,-84,Aula26
328,44:12:44:88:c8:f0,-98,Aula26
328,44:12:44:88:66:d1,-86,Aula26
328,44:12:44:89:30:01,-50,Aula26
328,44:12:44:88:66:d0,-85,Aula26
328,44:12:44:89:81:31,-86,Aula26
328,44:12:44:89:81:30,-85,Aula26
328,44:12:44:89:30:10,-64,Aula26
328,44:12:44:89:30:11,-64,Aula26
328,44:12:44:88:c8:e0,-79,Aula26
328,44:12:44:88:c8:e1,-79,Aula26
328,44:12:44:89:01:e1,-77,Aula26
328,44:12:44:89:30:00,-48,Aula26
329,94:bf:c4:a7:4d:e8,-87,Aula26
329,44:12:44:88:e0:21,-85,Aula26
329,44:12:44:89:1b:d0,-83,Aula26
329,44:12:44:89:1b:d1,-83,Aula26
329,44:12:44:87:51:c0,-85,Aula26
329,62:e6:f0:5e:0c:bf,-85,Aula26
329,44:12:44:88:0d:c1,-90,Aula26
329,44:12:44:88:0d:c0,-89,Aula26
329,44:12:44:89:01:f0,-96,Aula26
329,44:12:44:89:01:f1,-96,Aula26
329,44:12:44:88:66:d1,-85,Aula26
329,44:12:44:89:30:01,-49,Aula26
329,00:0f:66:e9:ab:ec,-82,Aula26
329,44:12:44:88:66:d0,-85,Aula26
329,44:12:44:89:81:31,-86,Aula26
329,44:12:44:89:81:30,-86,Aula26
329,44:12:44:89:30:10,-63,Aula26
329,44:12:44:89:30:11,-62,Aula26
329,44:12:44:88:c8:e1,-78,Aula26
329,44:12:44:88:c8:e0,-79,Aula26
329,44:12:44:89:01:e1,-77,Aula26
329,44:12:44:88:66:c0,-81,Aula26
329,94:bf:c4:67:4d:e8,-86,Aula26
329,44:12:44:89:81:20,-81,Aula26
329,94:bf:c4:27:4d:e8,-88,Aula26
329,44:12:44:89:81:21,-82,Aula26
329,44:12:44:89:30:00,-50,Aula26
330,44:12:44:88:e0:20,-85,Aula26
330,e4:3e:d7:a9:6a:bf,-90,Aula26
330,44:12:44:88:0d:c1,-89,Aula26
330,44:12:44:89:1b:c0,-71,Aula26
330,44:12:44:88:66:d1,-85,Aula26
330,44:12:44:89:30:01,-50,Aula26
330,44:12:44:88:66:d0,-85,Aula26
330,44:12:44:89:81:31,-86,Aula26
330,44:12:44:89:81:30,-86,Aula26
330,44:12:44:89:30:10,-65,Aula26
330,44:12:44:89:30:11,-65,Aula26
330,44:12:44:88:c8:e1,-79,Aula26
330,44:12:44:89:81:20,-80,Aula26
330,44:12:44:89:81:21,-79,Aula26
330,44:12:44:89:30:00,-50,Aula26
331,00:01:33:88:20:54,-91,Aula26
331,44:12:44:88:e0:21,-85,Aula26
331,44:12:44:89:1b:d0,-81,Aula26
331,44:12:44:89:1b:d1,-81,Aula26
331,1a:48:ca:69:65:a0,-89,Aula26
331,44:12:44:89:1b:c1,-71,Aula26
331,44:12:44:89:1b:c0,-71,Aula26
331,44:12:44:88:66:d1,-86,Aula26
331,44:12:44:89:30:01,-49,Aula26
331,00:0f:66:e9:ab:ec,-81,Aula26
331,44:12:44:88:66:d0,-86,Aula26
331,44:12:44:89:81:31,-82,Aula26
331,44:12:44:89:81:30,-82,Aula26
331,44:12:44:89:30:10,-64,Aula26
331,44:12:44:89:30:11,-64,Aula26
331,9a:c5:c0:5e:db:a9,-92,Aula26
331,44:12:44:89:81:20,-81,Aula26
331,44:12:44:89:81:21,-78,Aula26
331,44:12:44:89:30:00,-49,Aula26
332,00:01:33:88:20:54,-91,Aula26
332,44:12:44:89:1b:d0,-82,Aula26
332,44:12:44:89:1b:d1,-82,Aula26
332,44:12:44:89:1b:c1,-71,Aula26
332,44:12:44:88:0d:c1,-91,Aula26
332,44:12:44:89:1b:c0,-70,Aula26
332,44:12:44:88:66:d1,-84,Aula26
332,44:12:44:89:30:01,-50,Aula26
332,44:12:44:88:66:d0,-85,Aula26
332,44:12:44:89:81:31,-78,Aula26
332,44:12:44:89:81:30,-78,Aula26
332,44:12:44:89:30:10,-61,Aula26
332,44:12:44:89:30:11,-61,Aula26
332,44:12:44:89:01:e1,-78,Aula26
332,44:12:44:89:81:20,-79,Aula26
332,44:12:44:89:30:00,-49,Aula26
333,44:12:44:88:e0:20,-84,Aula26
333,44:12:44:88:e0:21,-85,Aula26
333,44:12:44:89:1b:d0,-82,Aula26
333,44:12:44:89:1b:d1,-82,Aula26
333,44:12:44:87:51:c0,-84,Aula26
333,44:12:44:89:1b:c1,-71,Aula26
333,44:12:44:89:1b:c0,-71,Aula26
333,44:12:44:89:01:f0,-95,Aula26
333,44:12:44:89:01:f1,-95,Aula26
333,44:12:44:88:66:d1,-85,Aula26
333,44:12:44:89:30:01,-49,Aula26
333,00:0f:66:e9:ab:ec,-85,Aula26
333,44:12:44:88:66:d0,-86,Aula26
333,44:12:44:89:81:31,-78,Aula26
333,44:12:44:89:81:30,-78,Aula26
333,44:12:44:89:30:10,-62,Aula26
333,44:12:44:89:30:11,-62,Aula26
333,44:12:44:88:c8:e0,-79,Aula26
333,44:12:44:88:c8:e1,-79,Aula26
333,44:12:44:89:01:e1,-78,Aula26
333,44:12:44:88:30:41,-87,Aula26
333,44:12:44:89:81:20,-78,Aula26
333,44:12:44:89:30:00,-49,Aula26
334,44:12:44:88:e0:20,-84,Aula26
334,44:12:44:88:e0:21,-85,Aula26
334,44:12:44:89:1b:d0,-81,Aula26
334,44:12:44:89:1b:d1,-80,Aula26
334,44:12:44:87:51:c0,-84,Aula26
334,e4:3e:d7:a9:6a:bf,-87,Aula26
334,44:12:44:89:1b:c1,-72,Aula26
334,44:12:44:89:1b:c0,-72,Aula26
334,44:12:44:89:01:f0,-95,Aula26
334,44:12:44:89:01:f1,-95,Aula26
334,44:12:44:88:66:d1,-85,Aula26
334,44:12:44:89:30:01,-50,Aula26
334,44:12:44:88:66:d0,-84,Aula26
334,44:12:44:89:81:31,-79,Aula26
334,44:12:44:89:81:30,-79,Aula26
334,44:12:44:89:30:10,-62,Aula26
334,44:12:44:89:30:11,-62,Aula26
334,82:8d:26:be:c3:8b,-96,Aula26
334,44:12:44:89:81:20,-80,Aula26
334,44:12:44:89:81:21,-79,Aula26
334,44:12:44:89:30:00,-50,Aula26
335,00:01:33:88:20:54,-91,Aula26
335,44:12:44:88:e0:20,-85,Aula26
335,44:12:44:89:1b:d0,-82,Aula26
335,44:12:44:89:1b:d1,-81,Aula26
335,44:12:44:87:51:c1,-85,Aula26
335,44:12:44:87:51:c0,-85,Aula26
335,e4:3e:d7:a9:6a:bf,-88,Aula26
335,44:12:44:89:1b:c1,-72,Aula26
335,44:12:44:89:1b:c0,-70,Aula26
335,44:12:44:88:66:d1,-85,Aula26
335,00:0f:66:e9:ab:ec,-81,Aula26
335,44:12:44:88:66:d0,-85,Aula26
335,44:12:44:89:81:31,-81,Aula26
335,44:12:44:89:81:30,-81,Aula26
335,44:12:44:89:30:10,-63,Aula26
335,44:12:44:89:30:11,-62,Aula26
335,44:12:44:88:c8:e0,-79,Aula26
335,44:12:44:88:c8:e1,-79,Aula26
335,44:12:44:89:01:e0,-80,Aula26
335,44:12:44:89:01:e1,-79,Aula26
335,44:12:44:88:66:c1,-82,Aula26
335,44:12:44:89:81:20,-79,Aula26
336,44:12:44:89:1b:d0,-81,Aula26
336,44:12:44:89:1b:d1,-81,Aula26
336,44:12:44:89:1b:c1,-71,Aula26
336,44:12:44:88:0d:c1,-89,Aula26
336,44:12:44:89:1b:c0,-71,Aula26
336,44:12:44:88:0d:c0,-89,Aula26
336,44:12:44:89:01:f0,-96,Aula26
336,44:12:44:89:01:f1,-96,Aula26
336,44:12:44:88:66:d1,-85,Aula26
336,44:12:44:89:30:01,-49,Aula26
336,44:12:44:88:66:d0,-85,Aula26
336,44:12:44:89:81:31,-85,Aula26
336,44:12:44:89:81:30,-86,Aula26
336,44:12:44:89:30:10,-63,Aula26
336,44:12:44:89:30:11,-63,Aula26
336,44:12:44:89:81:20,-82,Aula26
336,44:12:44:89:81:21,-79,Aula26
336,44:12:44:89:30:00,-49,Aula26
337,44:12:44:88:e0:20,-85,Aula26
337,44:12:44:88:e0:21,-85,Aula26
337,44:12:44:89:1b:d0,-81,Aula26
337,44:12:44:89:1b:d1,-81,Aula26
337,44:12:44:89:1b:c1,-72,Aula26
337,44:12:44:89:1b:c0,-72,Aula26
337,44:12:44:88:66:d1,-84,Aula26
337,44:12:44:89:30:01,-49,Aula26
337,00:0f:66:e9:ab:ec,-81,Aula26
337,44:12:44:88:66:d0,-84,Aula26
337,44:12:44:89:81:31,-82,Aula26
337,44:12:44:89:81:30,-82,Aula26
337,44:12:44:89:30:10,-62,Aula26
337,44:12:44:89:30:11,-62,Aula26
337,98:9d:5d:2b:72:3d,-92,Aula26
337,44:12:44:89:30:00,-49,Aula26
338,44:12:44:88:e0:20,-84,Aula26
338,44:12:44:88:e0:21,-84,Aula26
338,44:12:44:89:1b:d0,-81,Aula26
338,44:12:44:89:1b:d1,-81,Aula26
338,44:12:44:87:51:c0,-83,Aula26
338,e4:3e:d7:a9:6a:bf,-85,Aula26
338,44:12:44:89:1b:c1,-71,Aula26
338,44:12:44:89:1b:c0,-70,Aula26
338,44:12:44:89:01:f1,-96,Aula26
338,44:12:44:88:66:d1,-84,Aula26
338,44:12:44:89:30:01,-49,Aula26
338,44:12:44:88:66:d0,-84,Aula26
338,44:12:44:89:81:31,-78,Aula26
338,44:12:44:89:81:30,-78,Aula26
338,44:12:44:89:30:10,-59,Aula26
338,44:12:44:89:30:11,-59,Aula26
338,44:12:44:88:c8:e0,-79,Aula26
338,44:12:44:88:c8:e1,-79,Aula26
338,44:12:44:88:66:c1,-84,Aula26
338,44:12:44:88:66:c0,-84,Aula26
338,44:12:44:89:81:20,-79,Aula26
338,44:12:44:89:81:21,-80,Aula26
338,44:12:44:89:30:00,-49,Aula26
339,44:12:44:88:e0:20,-83,Aula26
339,44:12:44:89:1b:d1,-89,Aula26
339,44:12:44:87:51:c0,-83,Aula26
339,44:12:44:89:1b:c1,-71,Aula26
339,44:12:44:88:66:d1,-88,Aula26
339,44:12:44:88:66:d0,-87,Aula26
339,44:12:44:89:81:31,-78,Aula26
339,44:12:44:89:81:30,-79,Aula26
339,44:12:44:89:30:10,-61,Aula26
339,44:12:44:89:30:11,-60,Aula26
339,44:12:44:88:c8:e0,-81,Aula26
339,44:12:44:88:c8:e1,-80,Aula26
339,44:12:44:88:30:40,-86,Aula26
339,44:12:44:89:01:e1,-76,Aula26
339,44:12:44:88:30:41,-86,Aula26
339,44:12:44:88:66:c1,-84,Aula26
339,44:12:44:88:66:c0,-85,Aula26
339,44:12:44:89:81:20,-77,Aula26
339,94:bf:c4:27:4d:e8,-87,Aula26
339,30:b5:c2:7f:37:95,-90,Aula26
340,00:01:33:88:20:54,-90,Aula26
340,44:12:44:89:1b:d0,-85,Aula26
340,44:12:44:89:1b:d1,-85,Aula26
340,6a:ff:ce:3e:af:0e,-92,Aula26
340,44:12:44:89:1b:c1,-69,Aula26
340,44:12:44:89:1b:c0,-69,Aula26
340,44:12:44:89:30:01,-61,Aula26
340,44:12:44:89:81:31,-78,Aula26
340,44:12:44:89:81:30,-78,Aula26
340,44:12:44:89:30:10,-58,Aula26
340,44:12:44:89:30:11,-58,Aula26
340,44:12:44:88:c8:e0,-80,Aula26
340,44:12:44:89:01:e0,-80,Aula26
340,44:12:44:88:c8:e1,-80,Aula26
340,44:12:44:89:01:e1,-79,Aula26
340,44:48:b9:cf:40:00,-96,Aula26
340,44:12:44:89:81:20,-72,Aula26
340,44:12:44:89:81:21,-71,Aula26
340,44:12:44:89:30:00,-61,Aula26
341,44:12:44:89:1b:d0,-80,Aula26
341,44:12:44:89:1b:d1,-80,Aula26
341,44:12:44:89:30:01,-49,Aula26
341,00:0f:66:e9:ab:ec,-84,Aula26
341,44:12:44:89:81:31,-77,Aula26
341,44:12:44:89:81:30,-76,Aula26
341,78:81:02:d2:2d:29,-94,Aula26
341,44:12:44:89:30:10,-58,Aula26
341,44:12:44:89:30:11,-58,Aula26
341,60:d2:48:79:18:8c,-86,Aula26
341,44:12:44:88:66:c0,-84,Aula26
341,44:12:44:89:30:00,-48,Aula26
341,30:b5:c2:7f:37:95,-95,Aula26
342,44:12:44:89:1b:d0,-80,Aula26
342,44:12:44:89:1b:d1,-80,Aula26
342,44:12:44:89:1b:c1,-70,Aula26
342,44:12:44:89:1b:c0,-73,Aula26
342,44:12:44:89:01:f0,-88,Aula26
342,44:12:44:89:01:f1,-88,Aula26
342,44:12:44:89:30:01,-48,Aula26
342,44:12:44:89:81:31,-79,Aula26
342,44:12:44:89:81:30,-79,Aula26
342,44:12:44:89:30:10,-57,Aula26
342,44:12:44:89:30:11,-57,Aula26
342,e6:de:a8:70:9f:ba,-93,Aula26
342,44:48:b9:cf:40:00,-95,Aula26
342,44:12:44:89:81:20,-69,Aula26
342,44:12:44:89:81:21,-69,Aula26
342,44:12:44:89:30:00,-48,Aula26
343,44:12:44:89:1b:d0,-80,Aula26
343,44:12:44:89:1b:d1,-80,Aula26
343,44:12:44:89:1b:c1,-70,Aula26
343,44:12:44:88:0d:c1,-89,Aula26
343,44:12:44:89:30:01,-49,Aula26
343,44:12:44:89:81:31,-79,Aula26
343,44:12:44:89:81:30,-79,Aula26
343,44:12:44:89:30:10,-58,Aula26
343,44:12:44:89:30:11,-58,Aula26
343,60:d2:48:79:18:8c,-94,Aula26
343,44:12:44:88:66:c1,-82,Aula26
343,44:12:44:88:66:c0,-81,Aula26
343,44:12:44:89:81:20,-68,Aula26
343,44:12:44:89:81:21,-68,Aula26
343,44:12:44:89:30:00,-48,Aula26
344,94:bf:c4:e7:4d:e8,-92,Aula26
344,44:12:44:89:1b:d0,-80,Aula26
344,44:12:44:89:1b:d1,-80,Aula26
344,44:12:44:89:1b:c1,-71,Aula26
344,44:12:44:88:0d:c1,-89,Aula26
344,44:12:44:89:01:f0,-89,Aula26
344,44:12:44:89:01:f1,-88,Aula26
344,44:12:44:89:30:01,-49,Aula26
344,44:12:44:89:81:31,-79,Aula26
344,44:12:44:89:81:30,-79,Aula26
344,44:12:44:89:30:10,-58,Aula26
344,44:12:44:89:30:11,-58,Aula26
344,60:d2:48:79:18:8c,-89,Aula26
344,44:12:44:88:66:c0,-82,Aula26
344,44:12:44:89:81:20,-68,Aula26
344,44:12:44:89:81:21,-68,Aula26
344,44:12:44:89:30:00,-48,Aula26
345,60:e3:27:be:bf:00,-91,Aula26
345,44:12:44:89:1b:d0,-80,Aula26
345,44:12:44:89:1b:d1,-80,Aula26
345,44:12:44:89:1b:c1,-71,Aula26
345,44:12:44:89:1b:c0,-73,Aula26
345,44:12:44:89:01:f0,-87,Aula26
345,44:12:44:89:30:01,-48,Aula26
345,44:12:44:89:81:31,-78,Aula26
345,44:12:44:89:81:30,-78,Aula26
345,7c:9a:54:10:42:c5,-92,Aula26
345,44:12:44:89:30:10,-58,Aula26
345,44:12:44:89:30:11,-58,Aula26
345,44:12:44:89:01:e0,-82,Aula26
345,44:12:44:89:01:e1,-82,Aula26
345,44:12:44:89:81:20,-69,Aula26
345,44:12:44:89:81:21,-69,Aula26
345,44:12:44:89:30:00,-49,Aula26
346,44:12:44:89:1b:d0,-81,Aula26
346,44:12:44:89:1b:d1,-81,Aula26
346,44:12:44:89:1b:c1,-71,Aula26
346,44:12:44:89:1b:c0,-71,Aula26
346,44:12:44:89:01:f1,-87,Aula26
346,44:12:44:88:66:d1,-91,Aula26
346,44:12:44:89:30:01,-49,Aula26
346,44:12:44:88:66:d0,-91,Aula26
346,44:12:44:89:81:31,-79,Aula26
346,44:12:44:89:81:30,-79,Aula26
346,44:12:44:89:30:10,-57,Aula26
346,44:12:44:89:30:11,-58,Aula26
346,44:12:44:89:81:20,-68,Aula26
346,44:12:44:89:81:21,-69,Aula26
346,44:12:44:89:30:00,-49,Aula26
347,44:12:44:89:1b:d0,-81,Aula26
347,44:12:44:89:1b:d1,-81,Aula26
347,44:12:44:88:66:d1,-92,Aula26
347,44:12:44:89:30:01,-50,Aula26
347,00:0f:66:e9:ab:ec,-81,Aula26
347,44:12:44:88:66:d0,-91,Aula26
347,44:12:44:89:81:31,-78,Aula26
347,44:12:44:89:81:30,-79,Aula26
347,44:12:44:89:30:10,-57,Aula26
347,44:12:44:89:30:11,-57,Aula26
347,44:12:44:89:01:e0,-81,Aula26
347,44:12:44:88:30:40,-85,Aula26
347,44:12:44:89:01:e1,-79,Aula26
347,44:12:44:88:30:41,-86,Aula26
347,44:12:44:89:30:00,-49,Aula26
347,30:b5:c2:7f:37:95,-92,Aula26
348,60:e3:27:be:bf:00,-92,Aula26
348,44:12:44:89:1b:d0,-81,Aula26
348,44:12:44:89:1b:d1,-80,Aula26
348,44:12:44:89:1b:c1,-71,Aula26
348,44:12:44:89:1b:c0,-71,Aula26
348,44:12:44:89:81:31,-78,Aula26
348,44:12:44:89:81:30,-78,Aula26
348,44:12:44:89:30:10,-58,Aula26
348,44:12:44:89:30:11,-57,Aula26
348,44:12:44:88:30:40,-86,Aula26
348,44:12:44:89:01:e1,-82,Aula26
348,44:12:44:88:30:41,-86,Aula26
348,44:12:44:88:66:c1,-83,Aula26
348,44:12:44:89:81:20,-70,Aula26
348,44:12:44:89:81:21,-70,Aula26
349,44:12:44:89:1b:d0,-81,Aula26
349,44:12:44:89:1b:d1,-81,Aula26
349,44:12:44:89:1b:c1,-73,Aula26
349,44:12:44:89:1b:c0,-73,Aula26
349,44:12:44:89:81:31,-78,Aula26
349,44:12:44:89:81:30,-78,Aula26
349,44:12:44:89:30:10,-58,Aula26
349,44:12:44:89:30:11,-58,Aula26
349,44:12:44:88:30:40,-86,Aula26
349,44:12:44:88:30:41,-85,Aula26
349,44:12:44:88:66:c1,-85,Aula26
350,44:12:44:89:1b:d0,-81,Aula26
350,44:12:44:89:1b:d1,-81,Aula26
350,44:12:44:89:01:f0,-90,Aula26
350,44:12:44:89:01:f1,-91,Aula26
350,44:12:44:88:66:d1,-92,Aula26
350,44:12:44:89:30:01,-50,Aula26
350,44:12:44:88:66:d0,-92,Aula26
350,44:12:44:89:81:31,-78,Aula26
350,44:12:44:89:81:30,-78,Aula26
350,44:12:44:89:30:10,-58,Aula26
350,44:12:44:89:30:11,-58,Aula26
350,44:12:44:89:01:e0,-82,Aula26
350,44:12:44:88:30:40,-86,Aula26
350,44:12:44:89:01:e1,-82,Aula26
350,60:d2:48:79:18:8c,-94,Aula26
350,44:12:44:88:66:c1,-82,Aula26
350,44:12:44:88:66:c0,-82,Aula26
350,44:12:44:89:30:00,-51,Aula26
351,44:12:44:88:e0:20,-88,Aula26
351,44:12:44:88:e0:21,-89,Aula26
351,44:12:44:89:1b:d0,-80,Aula26
351,44:12:44:89:1b:d1,-80,Aula26
351,44:12:44:89:01:f0,-90,Aula26
351,44:12:44:89:01:f1,-91,Aula26
351,44:12:44:88:66:d1,-94,Aula26
351,44:12:44:88:66:d0,-94,Aula26
351,44:12:44:89:81:31,-78,Aula26
351,44:12:44:89:81:30,-78,Aula26
351,44:12:44:89:30:10,-58,Aula26
351,44:12:44:89:30:11,-58,Aula26
351,44:12:44:89:81:20,-70,Aula26
351,44:12:44:89:81:21,-70,Aula26
352,44:12:44:88:e0:20,-88,Aula26
352,44:12:44:89:1b:d0,-81,Aula26
352,44:12:44:89:1b:d1,-81,Aula26
352,44:12:44:89:1b:c1,-70,Aula26
352,44:12:44:89:1b:c0,-73,Aula26
352,44:12:44:89:01:f0,-90,Aula26
352,44:12:44:89:30:01,-49,Aula26
352,44:12:44:89:81:31,-79,Aula26
352,44:12:44:89:81:30,-79,Aula26
352,44:12:44:89:30:10,-58,Aula26
352,44:12:44:89:30:11,-58,Aula26
352,44:12:44:89:81:20,-69,Aula26
352,44:12:44:89:81:21,-68,Aula26
352,44:12:44:89:30:00,-49,Aula26
353,44:12:44:89:1b:d0,-81,Aula26
353,44:12:44:89:1b:d1,-81,Aula26
353,44:12:44:89:1b:c1,-72,Aula26
353,44:12:44:89:1b:c0,-72,Aula26
353,44:12:44:88:66:d1,-91,Aula26
353,00:0f:66:e9:ab:ec,-79,Aula26
353,44:12:44:88:66:d0,-92,Aula26
353,44:12:44:89:81:31,-77,Aula26
353,44:12:44:89:81:30,-78,Aula26
353,44:12:44:89:30:10,-57,Aula26
353,44:12:44:89:30:11,-58,Aula26
353,44:12:44:89:81:20,-69,Aula26
353,44:12:44:89:81:21,-70,Aula26
354,60:e3:27:be:bf:00,-94,Aula26
354,00:01:33:88:20:54,-93,Aula26
354,44:12:44:89:1b:d0,-81,Aula26
354,44:12:44:89:1b:d1,-80,Aula26
354,44:12:44:89:1b:c1,-70,Aula26
354,44:12:44:89:30:01,-49,Aula26
354,00:0f:66:e9:ab:ec,-78,Aula26
354,44:12:44:89:81:31,-76,Aula26
354,44:12:44:89:81:30,-77,Aula26
354,44:12:44:89:30:10,-57,Aula26
354,44:12:44:89:30:11,-57,Aula26
354,44:12:44:89:01:e0,-84,Aula26
354,e6:de:a8:70:9f:ba,-94,Aula26
354,44:12:44:89:01:e1,-83,Aula26
354,44:12:44:88:66:c1,-81,Aula26
354,44:12:44:88:66:c0,-81,Aula26
354,44:12:44:89:81:21,-70,Aula26
354,44:12:44:89:30:00,-49,Aula26
354,30:b5:c2:7f:37:95,-94,Aula26
355,00:01:33:88:20:54,-94,Aula26
355,44:12:44:89:1b:d0,-81,Aula26
355,44:12:44:89:1b:d1,-81,Aula26
355,44:12:44:87:51:c1,-87,Aula26
355,44:12:44:89:1b:c0,-72,Aula26
355,00:0f:66:e9:ab:ec,-79,Aula26
355,44:12:44:88:66:d0,-91,Aula26
355,44:12:44:89:81:31,-77,Aula26
355,44:12:44:89:81:30,-77,Aula26
355,44:12:44:89:30:10,-57,Aula26
355,44:12:44:89:30:11,-57,Aula26
355,44:12:44:88:c8:e1,-83,Aula26
355,44:12:44:89:81:20,-69,Aula26
355,44:12:44:89:81:21,-70,Aula26
356,44:12:44:89:1b:d0,-82,Aula26
356,44:12:44:89:1b:d1,-82,Aula26
356,44:12:44:89:01:f0,-94,Aula26
356,44:12:44:89:01:f1,-94,Aula26
356,44:12:44:89:30:01,-50,Aula26
356,00:0f:66:e9:ab:ec,-78,Aula26
356,44:12:44:89:81:31,-76,Aula26
356,44:12:44:89:81:30,-76,Aula26
356,7c:9a:54:10:42:c5,-92,Aula26
356,44:12:44:89:30:10,-58,Aula26
356,44:12:44:89:30:11,-58,Aula26
356,e6:de:a8:70:9f:ba,-94,Aula26
356,44:48:b9:cf:40:00,-95,Aula26
356,44:12:44:89:81:20,-70,Aula26
356,44:12:44:89:81:21,-71,Aula26
356,44:12:44:89:30:00,-49,Aula26
357,44:12:44:89:1b:d0,-82,Aula26
357,44:12:44:89:1b:d1,-82,Aula26
357,44:12:44:89:1b:c0,-73,Aula26
357,44:12:44:89:81:31,-77,Aula26
357,44:12:44:89:81:30,-77,Aula26
357,44:12:44:89:30:10,-57,Aula26
357,44:12:44:89:30:11,-57,Aula26
357,44:12:44:88:c8:e0,-82,Aula26
357,44:12:44:88:c8:e1,-82,Aula26
357,44:12:44:89:01:e1,-84,Aula26
357,44:12:44:88:30:41,-86,Aula26
357,44:12:44:89:81:20,-69,Aula26
357,44:12:44:89:81:21,-70,Aula26
358,60:e3:27:be:bf:00,-94,Aula26
358,44:12:44:89:1b:d0,-82,Aula26
358,44:12:44:89:1b:d1,-82,Aula26
358,44:12:44:89:1b:c0,-72,Aula26
358,44:12:44:89:81:31,-76,Aula26
358,44:12:44:89:81:30,-76,Aula26
358,78:81:02:d2:2d:29,-94,Aula26
358,44:12:44:89:30:10,-58,Aula26
358,44:12:44:89:30:11,-57,Aula26
358,44:12:44:89:01:e0,-84,Aula26
358,44:12:44:89:01:e1,-84,Aula26
358,44:12:44:88:30:41,-86,Aula26
358,44:12:44:89:81:20,-70,Aula26
358,44:12:44:89:81:21,-70,Aula26
359,44:12:44:89:1b:d0,-82,Aula26
359,44:12:44:89:1b:d1,-82,Aula26
359,44:12:44:89:30:01,-50,Aula26
359,00:0f:66:e9:ab:ec,-80,Aula26
359,44:12:44:89:81:31,-78,Aula26
359,44:12:44:89:81:30,-77,Aula26
359,44:12:44:89:30:10,-57,Aula26
359,44:12:44:89:30:11,-57,Aula26
359,44:12:44:88:30:40,-86,Aula26
359,44:12:44:88:30:41,-86,Aula26
359,5a:e4:03:a4:06:b0,-91,Aula26
359,44:12:44:89:81:20,-70,Aula26
359,44:12:44:89:81:21,-70,Aula26
359,44:12:44:89:30:00,-50,Aula26
360,44:12:44:88:e0:21,-90,Aula26
360,44:12:44:89:1b:d0,-82,Aula26
360,44:12:44:89:1b:d1,-82,Aula26
360,44:12:44:89:1b:c1,-72,Aula26
360,44:12:44:89:1b:c0,-74,Aula26
360,44:12:44:89:01:f0,-92,Aula26
360,44:12:44:89:01:f1,-92,Aula26
360,44:12:44:88:66:d1,-92,Aula26
360,44:12:44:89:30:01,-49,Aula26
360,44:12:44:88:66:d0,-91,Aula26
360,44:12:44:89:81:31,-78,Aula26
360,44:12:44:89:81:30,-77,Aula26
360,66:e2:20:d3:2c:eb,-96,Aula26
360,44:12:44:89:30:10,-58,Aula26
360,44:12:44:89:30:11,-57,Aula26
360,44:12:44:88:c8:e0,-82,Aula26
360,44:12:44:89:81:20,-70,Aula26
360,44:12:44:89:30:00,-49,Aula26
361,00:01:33:88:20:54,-95,Aula26
361,44:12:44:89:1b:d0,-82,Aula26
361,44:12:44:89:1b:d1,-82,Aula26
361,44:12:44:89:1b:c1,-72,Aula26
361,44:12:44:88:0d:c0,-91,Aula26
361,44:12:44:89:30:01,-50,Aula26
361,e0:ba:ad:36:45:39,-94,Aula26
361,44:12:44:89:81:31,-77,Aula26
361,44:12:44:89:81:30,-77,Aula26
361,78:81:02:d2:2d:29,-94,Aula26
361,44:12:44:89:30:10,-58,Aula26
361,44:12:44:89:30:11,-57,Aula26
361,44:12:44:88:30:40,-86,Aula26
361,44:12:44:88:30:41,-86,Aula26
361,44:12:44:88:66:c1,-82,Aula26
361,44:12:44:88:66:c0,-84,Aula26
361,44:12:44:89:81:21,-69,Aula26
361,44:12:44:89:30:00,-49,Aula26
362,60:e3:27:be:bf:00,-92,Aula26
362,44:12:44:89:1b:d0,-83,Aula26
362,44:12:44:89:1b:d1,-83,Aula26
362,44:12:44:89:01:f0,-92,Aula26
362,44:12:44:89:01:f1,-92,Aula26
362,44:12:44:88:66:d1,-92,Aula26
362,44:12:44:89:30:01,-50,Aula26
362,44:12:44:88:66:d0,-92,Aula26
362,44:12:44:89:81:31,-77,Aula26
362,44:12:44:89:81:30,-77,Aula26
362,44:12:44:89:30:10,-57,Aula26
362,44:12:44:89:30:11,-58,Aula26
362,44:12:44:89:01:e1,-83,Aula26
362,44:12:44:89:81:21,-70,Aula26
362,44:12:44:89:30:00,-49,Aula26
363,00:01:33:88:20:54,-94,Aula26
363,44:12:44:89:1b:d0,-83,Aula26
363,44:12:44:89:1b:d1,-83,Aula26
363,44:12:44:89:1b:c1,-73,Aula26
363,44:12:44:88:66:d1,-88,Aula26
363,44:12:44:89:30:01,-49,Aula26
363,44:12:44:89:81:31,-77,Aula26
363,44:12:44:89:81:30,-77,Aula26
363,44:12:44:89:30:10,-58,Aula26
363,44:12:44:89:30:11,-58,Aula26
363,44:12:44:89:01:e0,-85,Aula26
363,44:12:44:88:30:40,-86,Aula26
363,44:12:44:89:01:e1,-85,Aula26
363,44:12:44:88:30:41,-87,Aula26
363,44:12:44:89:81:20,-69,Aula26
363,44:12:44:89:30:00,-49,Aula26
364,00:01:33:88:20:54,-94,Aula26
364,44:12:44:89:1b:d0,-82,Aula26
364,44:12:44:89:1b:d1,-82,Aula26
364,e4:3e:d7:a9:6a:bf,-89,Aula26
364,44:12:44:89:1b:c1,-72,Aula26
364,44:12:44:89:1b:c0,-72,Aula26
364,44:12:44:89:01:f0,-91,Aula26
364,44:12:44:89:01:f1,-92,Aula26
364,44:12:44:88:66:d1,-91,Aula26
364,44:12:44:89:30:01,-49,Aula26
364,44:12:44:88:66:d0,-92,Aula26
364,44:12:44:89:81:31,-77,Aula26
364,44:12:44:89:81:30,-77,Aula26
364,44:12:44:89:30:10,-57,Aula26
364,44:12:44:89:30:11,-57,Aula26
364,44:12:44:88:66:c1,-81,Aula26
364,44:12:44:88:66:c0,-82,Aula26
364,44:12:44:89:81:20,-70,Aula26
364,44:12:44:89:81:21,-70,Aula26
364,44:12:44:89:30:00,-49,Aula26
365,00:01:33:88:20:54,-94,Aula26
365,44:12:44:89:1b:d0,-81,Aula26
365,44:12:44:89:1b:d1,-81,Aula26
365,44:12:44:89:1b:c1,-74,Aula26
365,44:12:44:89:1b:c0,-72,Aula26
365,44:12:44:89:30:01,-49,Aula26
365,00:0f:66:e9:ab:ec,-80,Aula26
365,44:12:44:89:81:31,-78,Aula26
365,44:12:44:89:81:30,-78,Aula26
365,44:12:44:89:30:10,-59,Aula26
365,44:12:44:89:30:11,-59,Aula26
365,44:48:b9:cf:40:00,-93,Aula26
365,44:12:44:89:81:20,-70,Aula26
365,44:12:44:89:30:00,-49,Aula26
366,44:12:44:88:e0:21,-89,Aula26
366,44:12:44:89:1b:d0,-85,Aula26
366,44:12:44:89:1b:d1,-85,Aula26
366,e4:3e:d7:a9:6a:bf,-88,Aula26
366,44:12:44:89:1b:c1,-72,Aula26
366,44:12:44:89:1b:c0,-71,Aula26
366,44:12:44:89:01:f0,-88,Aula26
366,44:12:44:89:01:f1,-86,Aula26
366,44:12:44:88:66:d1,-95,Aula26
366,44:12:44:89:30:01,-51,Aula26
366,00:0f:66:e9:ab:ec,-88,Aula26
366,44:12:44:88:66:d0,-93,Aula26
366,44:12:44:89:81:31,-77,Aula26
366,44:12:44:89:81:30,-77,Aula26
366,44:12:44:89:30:10,-59,Aula26
366,44:12:44:89:30:11,-59,Aula26
366,44:12:44:88:c8:e1,-85,Aula26
366,e6:de:a8:70:9f:ba,-93,Aula26
366,44:12:44:88:66:c0,-80,Aula26
366,44:12:44:89:81:20,-72,Aula26
366,44:12:44:89:30:00,-51,Aula26
366,30:b5:c2:7f:37:95,-92,Aula26
367,44:12:44:89:1b:d0,-86,Aula26
367,44:12:44:89:1b:d1,-86,Aula26
367,44:12:44:89:1b:c1,-72,Aula26
367,44:12:44:88:0d:c0,-90,Aula26
367,44:12:44:89:01:f1,-88,Aula26
367,44:12:44:89:30:01,-53,Aula26
367,44:12:44:89:81:31,-77,Aula26
367,44:12:44:89:81:30,-77,Aula26
367,44:12:44:89:30:10,-59,Aula26
367,44:12:44:89:30:11,-59,Aula26
367,44:12:44:88:30:40,-88,Aula26
367,44:12:44:89:81:20,-72,Aula26
367,44:12:44:89:81:21,-71,Aula26
367,44:12:44:89:30:00,-53,Aula26
368,00:01:33:88:20:54,-96,Aula26
368,44:12:44:89:1b:d0,-86,Aula26
368,44:12:44:89:1b:d1,-86,Aula26
368,e4:3e:d7:a9:6a:bf,-85,Aula26
368,44:12:44:89:1b:c0,-72,Aula26
368,44:12:44:89:01:f0,-89,Aula26
368,44:12:44:88:0d:c0,-89,Aula26
368,44:12:44:89:01:f1,-87,Aula26
368,44:12:44:89:30:01,-55,Aula26
368,00:0f:66:e9:ab:ec,-87,Aula26
368,44:12:44:89:81:31,-78,Aula26
368,44:12:44:89:81:30,-78,Aula26
368,44:12:44:89:30:10,-59,Aula26
368,44:12:44:89:30:11,-60,Aula26
368,e6:de:a8:70:9f:ba,-94,Aula26
368,44:12:44:88:66:c1,-82,Aula26
368,44:12:44:88:66:c0,-82,Aula26
368,44:12:44:89:81:20,-71,Aula26
368,44:12:44:89:81:21,-72,Aula26
368,44:12:44:89:30:00,-55,Aula26
368,30:b5:c2:7f:37:95,-95,Aula26
369,44:12:44:89:1b:d0,-86,Aula26
369,44:12:44:89:1b:d1,-86,Aula26
369,44:12:44:89:1b:c1,-70,Aula26
369,44:12:44:89:01:f1,-91,Aula26
369,da:10:68:f6:7b:fd,-81,Aula26
369,44:12:44:88:66:d1,-91,Aula26
369,44:12:44:88:66:d0,-91,Aula26
369,44:12:44:89:81:31,-78,Aula26
369,44:12:44:89:81:30,-78,Aula26
369,44:12:44:89:30:10,-58,Aula26
369,44:12:44:89:30:11,-58,Aula26
369,44:12:44:89:01:e0,-84,Aula26
369,e6:de:a8:70:9f:ba,-95,Aula26
369,44:12:44:89:01:e1,-84,Aula26
369,44:12:44:88:30:41,-87,Aula26
369,44:12:44:89:81:20,-74,Aula26
369,44:12:44:89:81:21,-72,Aula26
370,60:e3:27:be:bf:00,-92,Aula26
370,44:12:44:89:1b:d0,-87,Aula26
370,44:12:44:89:1b:d1,-87,Aula26
370,44:12:44:89:1b:c1,-71,Aula26
370,44:12:44:89:81:31,-78,Aula26
370,44:12:44:89:81:30,-79,Aula26
370,44:12:44:89:30:10,-59,Aula26
370,44:12:44:89:30:11,-59,Aula26
370,44:12:44:89:01:e0,-83,Aula26
370,44:12:44:89:01:e1,-84,Aula26
370,44:12:44:88:30:41,-86,Aula26
370,44:12:44:88:66:c1,-82,Aula26
370,44:12:44:89:81:20,-72,Aula26
370,44:12:44:89:81:21,-72,Aula26
371,44:12:44:88:e0:21,-91,Aula26
371,44:12:44:89:1b:d0,-85,Aula26
371,44:12:44:89:1b:d1,-85,Aula26
371,44:12:44:89:1b:c1,-72,Aula26
371,44:12:44:89:1b:c0,-72,Aula26
371,00:0f:66:e9:ab:ec,-84,Aula26
371,44:12:44:89:81:31,-78,Aula26
371,44:12:44:89:81:30,-78,Aula26
371,44:12:44:89:30:10,-59,Aula26
371,44:12:44:89:30:11,-59,Aula26
371,44:12:44:88:30:41,-87,Aula26
371,44:12:44:88:66:c1,-82,Aula26
371,44:12:44:88:66:c0,-82,Aula26
371,44:12:44:89:81:21,-71,Aula26
371,30:b5:c2:7f:37:95,-94,Aula26
372,44:12:44:89:1b:d0,-85,Aula26
372,44:12:44:89:1b:d1,-85,Aula26
372,e4:3e:d7:a9:6a:bf,-85,Aula26
372,44:12:44:89:1b:c1,-72,Aula26
372,44:12:44:89:30:01,-55,Aula26
372,44:12:44:89:81:31,-77,Aula26
372,44:12:44:89:81:30,-77,Aula26
372,44:12:44:89:30:10,-59,Aula26
372,44:12:44:89:30:11,-59,Aula26
372,44:12:44:89:01:e0,-85,Aula26
372,44:12:44:89:01:e1,-84,Aula26
372,60:d2:48:79:18:8c,-93,Aula26
372,44:12:44:88:66:c1,-81,Aula26
372,44:12:44:88:66:c0,-81,Aula26
372,44:12:44:89:30:00,-55,Aula26
373,44:12:44:89:1b:d0,-85,Aula26
373,44:12:44:89:1b:d1,-85,Aula26
373,f6:20:db:f2:01:14,-87,Aula26
373,84:ea:97:14:52:aa,-85,Aula26
373,44:12:44:89:1b:c1,-77,Aula26
373,44:12:44:89:1b:c0,-77,Aula26
373,44:12:44:89:01:f0,-91,Aula26
373,44:12:44:89:01:f1,-91,Aula26
373,44:12:44:88:66:d1,-92,Aula26
373,44:12:44:89:30:01,-56,Aula26
373,00:0f:66:e9:ab:ec,-87,Aula26
373,44:12:44:88:81:20,-92,Aula26
373,44:12:44:88:66:d0,-91,Aula26
373,44:12:44:89:81:31,-81,Aula26
373,44:12:44:89:81:30,-82,Aula26
373,bc:fd:0c:66:3d:be,-78,Aula26
373,44:12:44:89:30:10,-57,Aula26
373,44:12:44:89:30:11,-57,Aula26
373,44:12:44:89:01:e0,-77,Aula26
373,44:12:44:89:01:e1,-77,Aula26
373,44:12:44:88:30:41,-87,Aula26
373,44:12:44:89:81:20,-68,Aula26
373,44:12:44:89:81:21,-69,Aula26
373,44:12:44:89:30:00,-56,Aula26
374,60:e3:27:be:bf:00,-93,Aula26
374,94:bf:c4:a7:4d:e8,-91,Aula26
374,44:12:44:89:1b:d0,-85,Aula26
374,44:12:44:89:1b:d1,-85,Aula26
374,44:12:44:89:1b:c0,-74,Aula26
374,44:12:44:88:66:d1,-88,Aula26
374,44:12:44:89:30:01,-55,Aula26
374,44:12:44:89:81:31,-75,Aula26
374,44:12:44:89:81:30,-75,Aula26
374,44:12:44:89:30:10,-56,Aula26
374,44:12:44:89:30:11,-56,Aula26
374,44:12:44:88:c8:e0,-85,Aula26
374,44:12:44:89:01:e0,-77,Aula26
374,44:12:44:88:c8:e1,-85,Aula26
374,44:12:44:89:01:e1,-78,Aula26
374,82:8d:26:be:c3:8b,-96,Aula26
374,44:12:44:88:66:c1,-86,Aula26
374,44:12:44:88:66:c0,-85,Aula26
374,44:12:44:89:81:20,-71,Aula26
374,94:bf:c4:27:4d:e8,-94,Aula26
374,60:8d:26:be:c3:89,-94,Aula26
374,44:12:44:89:30:00,-54,Aula26
374,30:b5:c2:7f:37:95,-92,Aula26
375,60:e3:27:be:bf:00,-94,Aula26
375,44:12:44:89:1b:d0,-85,Aula26
375,44:12:44:89:1b:d1,-85,Aula26
375,44:12:44:89:1b:c1,-74,Aula26
375,44:12:44:89:01:f0,-91,Aula26
375,44:12:44:89:01:f1,-92,Aula26
375,44:12:44:88:66:d1,-90,Aula26
375,44:12:44:89:30:01,-54,Aula26
375,44:12:44:88:66:d0,-91,Aula26
375,44:12:44:89:81:31,-79,Aula26
375,44:12:44:89:81:30,-79,Aula26
375,44:12:44:89:30:10,-56,Aula26
375,44:12:44:89:30:11,-56,Aula26
375,44:12:44:89:01:e0,-79,Aula26
375,44:12:44:89:01:e1,-79,Aula26
375,98:9d:5d:2b:72:3d,-93,Aula26
375,44:12:44:89:81:20,-71,Aula26
375,44:12:44:89:81:21,-71,Aula26
375,44:12:44:89:30:00,-54,Aula26
376,44:12:44:89:1b:d0,-86,Aula26
376,44:12:44:89:1b:d1,-86,Aula26
376,44:12:44:89:1b:c1,-74,Aula26
376,44:12:44:89:1b:c0,-74,Aula26
376,44:12:44:89:01:f0,-91,Aula26
376,44:12:44:89:01:f1,-91,Aula26
376,44:12:44:88:66:d1,-89,Aula26
376,44:12:44:89:30:01,-56,Aula26
376,44:12:44:88:81:20,-90,Aula26
376,44:12:44:88:66:d0,-91,Aula26
376,44:12:44:89:81:31,-78,Aula26
376,44:12:44:89:81:30,-78,Aula26
376,44:12:44:89:30:10,-56,Aula26
376,44:12:44:89:30:11,-57,Aula26
376,44:12:44:89:01:e1,-79,Aula26
376,44:12:44:89:81:20,-71,Aula26
376,44:12:44:89:81:21,-71,Aula26
376,44:12:44:89:30:00,-54,Aula26
377,44:12:44:89:1b:d0,-91,Aula26
377,44:12:44:89:1b:d1,-91,Aula26
377,44:12:44:89:1b:c1,-73,Aula26
377,44:12:44:89:30:01,-55,Aula26
377,44:12:44:89:81:31,-78,Aula26
377,44:12:44:89:30:10,-58,Aula26
377,44:12:44:89:30:11,-58,Aula26
377,44:12:44:89:01:e0,-80,Aula26
377,60:d2:48:79:18:8c,-90,Aula26
377,44:12:44:88:66:c0,-82,Aula26
377,44:12:44:89:81:21,-70,Aula26
377,44:12:44:89:30:00,-54,Aula26
377,30:b5:c2:7f:37:95,-92,Aula26
378,94:bf:c4:e7:4d:e8,-91,Aula26
378,44:12:44:89:1b:d0,-88,Aula26
378,44:12:44:89:1b:d1,-89,Aula26
378,44:12:44:89:1b:c0,-74,Aula26
378,44:12:44:89:01:f1,-89,Aula26
378,44:12:44:89:30:01,-54,Aula26
378,44:12:44:89:81:31,-78,Aula26
378,44:12:44:89:81:30,-78,Aula26
378,44:12:44:89:30:10,-58,Aula26
378,44:12:44:89:30:11,-58,Aula26
378,44:12:44:88:30:40,-89,Aula26
378,44:12:44:88:66:c1,-85,Aula26
378,44:12:44:88:66:c0,-82,Aula26
378,44:12:44:89:81:20,-71,Aula26
378,94:bf:c4:27:4d:e8,-92,Aula26
378,44:12:44:89:81:21,-71,Aula26
378,44:12:44:89:30:00,-54,Aula26
378,30:b5:c2:7f:37:95,-92,Aula26
379,44:12:44:89:1b:d0,-87,Aula26
379,44:12:44:89:1b:d1,-87,Aula26
379,44:12:44:89:1b:c0,-74,Aula26
379,44:12:44:89:01:f0,-91,Aula26
379,44:12:44:89:30:01,-54,Aula26
379,00:0f:66:e9:ab:ec,-86,Aula26
379,44:12:44:89:81:31,-79,Aula26
379,44:12:44:89:81:30,-78,Aula26
379,44:12:44:89:30:10,-58,Aula26
379,44:12:44:89:30:11,-58,Aula26
379,44:12:44:89:01:e0,-80,Aula26
379,44:12:44:88:30:40,-87,Aula26
379,44:12:44:89:81:20,-71,Aula26
379,44:12:44:89:81:21,-71,Aula26
379,44:12:44:89:30:00,-55,Aula26
380,44:12:44:89:1b:d0,-87,Aula26
380,44:12:44:89:1b:d1,-87,Aula26
380,44:12:44:89:01:f1,-94,Aula26
380,44:12:44:89:30:01,-54,Aula26
380,e0:ba:ad:36:45:39,-91,Aula26
380,44:12:44:88:66:d0,-90,Aula26
380,44:12:44:89:81:31,-78,Aula26
380,44:12:44:89:81:30,-78,Aula26
380,44:12:44:89:30:10,-57,Aula26
380,44:12:44:89:30:11,-57,Aula26
380,98:9d:5d:2b:72:3d,-91,Aula26
380,44:12:44:89:30:00,-54,Aula26
381,e8:48:b8:21:3f:b7,-87,Aula20
381,44:12:44:87:51:c0,-72,Aula20
381,44:12:44:88:7e:a1,-68,Aula20
381,44:12:44:88:c8:f0,-88,Aula20
381,44:12:44:88:c8:f1,-88,Aula20
381,44:12:44:88:66:d1,-75,Aula20
381,44:12:44:89:30:01,-86,Aula20
381,44:12:44:88:66:d0,-76,Aula20
381,44:12:44:88:7e:b0,-80,Aula20
381,44:12:44:88:7e:b1,-80,Aula20
381,44:12:44:89:81:31,-92,Aula20
381,44:12:44:89:81:30,-94,Aula20
381,44:12:44:87:5d:c1,-75,Aula20
381,44:12:44:88:30:40,-64,Aula20
381,44:12:44:88:30:41,-63,Aula20
381,44:12:44:88:66:c0,-71,Aula20
381,30:b5:c2:7f:37:94,-68,Aula20
381,44:12:44:88:30:50,-79,Aula20
381,44:12:44:89:30:00,-86,Aula20
381,44:12:44:88:30:51,-78,Aula20
381,44:12:44:87:51:d0,-74,Aula20
381,44:12:44:87:51:d1,-73,Aula20
381,30:b5:c2:7f:37:95,-62,Aula20
382,44:12:44:87:51:c0,-71,Aula20
382,44:12:44:88:7e:a0,-73,Aula20
382,44:12:44:88:7e:a1,-73,Aula20
382,e4:3e:d7:a9:6a:bf,-81,Aula20
382,44:12:44:88:c8:f0,-85,Aula20
382,44:12:44:88:c8:f1,-86,Aula20
382,44:12:44:88:66:d1,-74,Aula20
382,44:12:44:89:30:01,-86,Aula20
382,44:12:44:88:66:d0,-74,Aula20
382,44:12:44:88:7e:b0,-76,Aula20
382,44:12:44:88:7e:b1,-77,Aula20
382,44:12:44:87:5d:c1,-76,Aula20
382,44:12:44:87:5d:c0,-76,Aula20
382,44:12:44:88:c8:e0,-78,Aula20
382,44:12:44:88:30:40,-64,Aula20
382,44:12:44:88:c8:e1,-79,Aula20
382,44:12:44:88:30:41,-64,Aula20
382,44:12:44:88:66:c1,-68,Aula20
382,44:12:44:88:66:c0,-69,Aula20
382,30:b5:c2:7f:37:94,-67,Aula20
382,44:12:44:88:30:50,-79,Aula20
382,44:12:44:88:30:51,-79,Aula20
382,44:12:44:87:51:d0,-72,Aula20
382,44:12:44:88:c9:a0,-87,Aula20
382,44:12:44:87:51:d1,-72,Aula20
382,44:12:44:88:c9:a1,-88,Aula20
382,30:b5:c2:7f:37:95,-62,Aula20
383,44:12:44:87:51:c1,-68,Aula20
383,44:12:44:88:7e:a0,-73,Aula20
383,44:12:44:88:7e:a1,-72,Aula20
383,44:12:44:88:c8:f0,-91,Aula20
383,44:12:44:88:c8:f1,-91,Aula20
383,44:12:44:87:98:c1,-85,Aula20
383,44:12:44:88:66:d1,-79,Aula20
383,00:0f:66:e9:ab:ec,-73,Aula20
383,44:12:44:89:30:01,-80,Aula20
383,44:12:44:88:66:d0,-78,Aula20
383,44:12:44:88:7e:b0,-83,Aula20
383,44:12:44:88:7e:b1,-83,Aula20
383,44:12:44:87:5d:c1,-84,Aula20
383,44:12:44:87:5d:c0,-84,Aula20
383,44:12:44:89:30:10,-94,Aula20
383,44:12:44:88:c8:e0,-77,Aula20
383,44:12:44:89:30:11,-92,Aula20
383,44:12:44:88:30:40,-64,Aula20
383,44:12:44:88:c8:e1,-77,Aula20
383,44:12:44:88:30:41,-63,Aula20
383,44:12:44:88:66:c1,-76,Aula20
383,44:12:44:88:66:c0,-76,Aula20
383,30:b5:c2:7f:37:94,-76,Aula20
383,44:12:44:88:30:50,-77,Aula20
383,44:12:44:88:30:51,-78,Aula20
383,44:12:44:87:51:d0,-73,Aula20
383,44:12:44:87:51:d1,-73,Aula20
383,30:b5:c2:7f:37:95,-63,Aula20
384,62:3e:d7:a9:6a:c3,-92,Aula20
384,62:3e:d7:a9:6a:c1,-91,Aula20
384,e8:48:b8:21:3f:b7,-86,Aula20
384,e4:3e:d7:a9:6a:c0,-91,Aula20
384,44:12:44:88:7e:a0,-69,Aula20
384,44:12:44:88:7e:a1,-69,Aula20
384,44:12:44:88:c8:f0,-89,Aula20
384,44:12:44:88:c8:f1,-89,Aula20
384,44:12:44:87:98:c0,-82,Aula20
384,44:12:44:87:98:c1,-82,Aula20
384,44:12:44:88:66:d1,-68,Aula20
384,44:12:44:89:30:01,-80,Aula20
384,44:12:44:88:66:d0,-68,Aula20
384,44:12:44:88:7e:b1,-81,Aula20
384,44:12:44:87:5d:c1,-81,Aula20
384,44:12:44:87:5d:c0,-82,Aula20
384,44:12:44:88:81:30,-96,Aula20
384,44:12:44:89:30:11,-92,Aula20
384,44:12:44:88:30:40,-68,Aula20
384,44:12:44:88:30:41,-70,Aula20
384,44:12:44:88:66:c1,-77,Aula20
384,44:12:44:88:81:31,-96,Aula20
384,30:b5:c2:7f:37:94,-74,Aula20
384,5a:c5:36:34:5e:f5,-82,Aula20
384,44:12:44:88:30:50,-80,Aula20
384,44:12:44:88:30:51,-80,Aula20
384,44:12:44:87:51:d0,-75,Aula20
384,44:12:44:87:51:d1,-75,Aula20
384,44:12:44:88:c9:a1,-80,Aula20
384,30:b5:c2:7f:37:95,-64,Aula20
385,e8:48:b8:21:3f:b7,-85,Aula20
385,88:0f:a2:00:d7:a4,-85,Aula20
385,44:12:44:87:98:d1,-95,Aula20
385,44:12:44:88:7e:a0,-64,Aula20
385,44:12:44:88:7e:a1,-65,Aula20
385,44:ff:ba:25:30:96,-93,Aula20
385,44:12:44:88:c8:f0,-89,Aula20
385,44:12:44:88:c8:f1,-90,Aula20
385,44:12:44:87:98:c1,-86,Aula20
385,44:12:44:88:66:d1,-72,Aula20
385,00:0f:66:e9:ab:ec,-81,Aula20
385,44:12:44:89:30:01,-82,Aula20
385,44:12:44:88:66:d0,-72,Aula20
385,44:12:44:88:7e:b0,-76,Aula20
385,44:12:44:88:7e:b1,-77,Aula20
385,44:12:44:89:30:10,-91,Aula20
385,44:12:44:88:c8:e0,-79,Aula20
385,44:12:44:89:30:11,-91,Aula20
385,44:12:44:88:30:40,-58,Aula20
385,44:12:44:88:c8:e1,-80,Aula20
385,44:12:44:88:30:41,-58,Aula20
385,44:12:44:88:66:c1,-73,Aula20
385,44:12:44:88:66:c0,-73,Aula20
385,44:12:44:88:81:31,-93,Aula20
385,30:b5:c2:7f:37:94,-69,Aula20
385,44:12:44:88:30:50,-74,Aula20
385,44:12:44:88:30:51,-74,Aula20
385,44:12:44:87:51:d0,-71,Aula20
385,44:12:44:88:c9:a0,-79,Aula20
385,44:12:44:87:51:d1,-71,Aula20
385,60:8d:26:31:76:0c,-86,Aula20
385,30:b5:c2:7f:37:95,-56,Aula20
386,e8:48:b8:21:3f:b7,-86,Aula20
386,44:12:44:88:c8:f1,-91,Aula20
386,44:12:44:87:98:c0,-80,Aula20
386,44:12:44:87:98:c1,-80,Aula20
386,44:12:44:88:66:d1,-72,Aula20
386,00:0f:66:e9:ab:ec,-80,Aula20
386,44:12:44:88:66:d0,-72,Aula20
386,44:12:44:88:7e:b0,-76,Aula20
386,44:12:44:88:7e:b1,-76,Aula20
386,44:12:44:88:81:30,-94,Aula20
386,44:12:44:88:30:40,-60,Aula20
386,44:12:44:88:30:41,-60,Aula20
386,98:9d:5d:2b:72:3d,-87,Aula20
386,44:12:44:88:81:31,-91,Aula20
386,30:b5:c2:7f:37:94,-69,Aula20
386,44:12:44:88:30:50,-76,Aula20
386,44:12:44:88:30:51,-76,Aula20
386,44:12:44:87:51:d0,-70,Aula20
386,44:12:44:88:c9:a0,-77,Aula20
386,44:12:44:87:51:d1,-70,Aula20
386,44:12:44:88:c9:a1,-79,Aula20
386,30:b5:c2:7f:37:95,-56,Aula20
387,e8:48:b8:21:3f:b7,-87,Aula20
387,88:0f:a2:00:d7:a4,-84,Aula20
387,54:b7:bd:9b:c9:f6,-94,Aula20
387,44:12:44:88:7e:a0,-66,Aula20
387,44:12:44:88:c8:f0,-89,Aula20
387,44:12:44:87:98:c1,-80,Aula20
387,44:12:44:88:66:d1,-70,Aula20
387,44:12:44:88:81:20,-86,Aula20
387,44:12:44:88:66:d0,-70,Aula20
387,44:12:44:88:7e:b0,-75,Aula20
387,44:12:44:88:7e:b1,-75,Aula20
387,44:12:44:87:5d:c1,-80,Aula20
387,44:12:44:87:5d:c0,-80,Aula20
387,44:12:44:89:30:10,-92,Aula20
387,44:12:44:88:81:30,-94,Aula20
387,44:12:44:89:30:11,-91,Aula20
387,44:12:44:88:30:40,-62,Aula20
387,44:12:44:88:30:41,-62,Aula20
387,44:12:44:88:66:c1,-77,Aula20
387,44:12:44:88:81:31,-94,Aula20
387,30:b5:c2:7f:37:94,-70,Aula20
387,44:59:43:7a:ea:0c,-94,Aula20
387,44:12:44:88:30:50,-75,Aula20
387,44:12:44:88:30:51,-75,Aula20
387,44:12:44:87:51:d0,-70,Aula20
387,44:12:44:88:c9:a0,-78,Aula20
387,44:12:44:87:51:d1,-70,Aula20
387,30:b5:c2:7f:37:95,-55,Aula20
388,88:0f:a2:00:d7:a4,-84,Aula20
388,44:12:44:87:51:c1,-69,Aula20
388,44:12:44:87:51:c0,-70,Aula20
388,44:12:44:88:7e:a0,-64,Aula20
388,44:12:44:88:7e:a1,-64,Aula20
388,e4:3e:d7:a9:6a:bf,-87,Aula20
388,44:12:44:88:c8:f0,-86,Aula20
388,44:12:44:88:c8:f1,-86,Aula20
388,44:12:44:87:98:c0,-78,Aula20
388,44:12:44:87:98:c1,-81,Aula20
388,44:12:44:88:66:d1,-70,Aula20
388,44:12:44:88:66:d0,-70,Aula20
388,44:12:44:88:7e:b0,-74,Aula20
388,44:12:44:88:7e:b1,-75,Aula20
388,44:12:44:88:30:40,-59,Aula20
388,44:12:44:88:30:41,-59,Aula20
388,98:9d:5d:2b:72:3d,-85,Aula20
388,44:12:44:88:66:c1,-76,Aula20
388,30:b5:c2:7f:37:94,-70,Aula20
388,44:12:44:88:30:50,-75,Aula20
388,44:12:44:89:30:00,-84,Aula20
388,44:12:44:88:30:51,-75,Aula20
388,44:12:44:87:51:d0,-70,Aula20
388,44:12:44:88:c9:a0,-79,Aula20
388,44:12:44:87:51:d1,-70,Aula20
388,44:12:44:88:c9:a1,-77,Aula20
388,60:8d:26:31:76:0c,-91,Aula20
388,30:b5:c2:7f:37:95,-55,Aula20
389,88:0f:a2:00:d7:a4,-84,Aula20
389,44:12:44:87:51:c0,-69,Aula20
389,44:12:44:88:7e:a0,-67,Aula20
389,44:12:44:88:7e:a1,-66,Aula20
389,44:12:44:88:c8:f0,-88,Aula20
389,44:12:44:88:c8:f1,-87,Aula20
389,44:12:44:87:98:c1,-82,Aula20
389,44:12:44:88:66:d1,-75,Aula20
389,00:0f:66:e9:ab:ec,-77,Aula20
389,44:12:44:88:81:21,-85,Aula20
389,44:12:44:88:81:20,-85,Aula20
389,44:12:44:88:66:d0,-76,Aula20
389,44:12:44:88:7e:b0,-71,Aula20
389,44:12:44:88:7e:b1,-71,Aula20
389,44:12:44:87:5d:c1,-78,Aula20
389,44:12:44:87:5d:c0,-81,Aula20
389,44:12:44:89:30:10,-91,Aula20
389,44:12:44:89:30:11,-92,Aula20
389,44:12:44:88:30:40,-60,Aula20
389,44:12:44:88:30:41,-61,Aula20
389,44:12:44:88:66:c1,-74,Aula20
389,44:12:44:88:66:c0,-74,Aula20
389,30:b5:c2:7f:37:94,-71,Aula20
389,44:12:44:88:30:50,-71,Aula20
389,44:12:44:89:30:00,-84,Aula20
389,44:12:44:88:30:51,-72,Aula20
389,44:12:44:87:51:d0,-69,Aula20
389,44:12:44:88:c9:a0,-80,Aula20
389,44:12:44:87:51:d1,-69,Aula20
389,44:12:44:88:c9:a1,-80,Aula20
389,30:b5:c2:7f:37:95,-56,Aula20
390,94:bf:c4:a7:4d:e8,-87,Aula20
390,88:0f:a2:00:d7:a4,-85,Aula20
390,44:12:44:88:7e:a0,-61,Aula20
390,44:12:44:88:7e:a1,-61,Aula20
390,44:12:44:88:c8:f0,-86,Aula20
390,44:12:44:88:c8:f1,-86,Aula20
390,44:12:44:88:66:d1,-70,Aula20
390,44:12:44:89:30:01,-81,Aula20
390,44:12:44:88:66:d0,-69,Aula20
390,44:12:44:88:7e:b0,-76,Aula20
390,44:12:44:88:7e:b1,-77,Aula20
390,44:12:44:87:5d:c1,-77,Aula20
390,44:12:44:87:5d:c0,-76,Aula20
390,44:12:44:89:30:10,-91,Aula20
390,44:12:44:89:30:11,-89,Aula20
390,44:12:44:88:30:40,-61,Aula20
390,44:12:44:88:30:41,-61,Aula20
390,44:12:44:88:66:c1,-72,Aula20
390,30:b5:c2:7f:37:94,-70,Aula20
390,44:12:44:88:30:50,-72,Aula20
390,44:12:44:89:30:00,-80,Aula20
390,44:12:44:88:30:51,-71,Aula20
390,44:12:44:87:51:d0,-73,Aula20
390,44:12:44:87:51:d1,-73,Aula20
390,44:12:44:88:c9:a1,-82,Aula20
390,30:b5:c2:7f:37:95,-55,Aula20
391,88:0f:a2:00:d7:a4,-85,Aula20
391,54:b7:bd:9b:c9:f6,-91,Aula20
391,44:12:44:88:7e:a0,-62,Aula20
391,44:12:44:88:7e:a1,-62,Aula20
391,44:12:44:88:c8:f0,-85,Aula20
391,44:12:44:88:c8:f1,-85,Aula20
391,44:12:44:87:98:c0,-84,Aula20
391,44:12:44:87:98:c1,-84,Aula20
391,44:12:44:88:66:d1,-72,Aula20
391,44:12:44:88:66:d0,-72,Aula20
391,44:12:44:88:7e:b0,-75,Aula20
391,44:12:44:88:7e:b1,-75,Aula20
391,44:12:44:89:81:31,-92,Aula20
391,44:12:44:89:81:30,-94,Aula20
391,44:12:44:89:30:11,-91,Aula20
391,44:12:44:88:30:40,-60,Aula20
391,44:12:44:88:30:41,-60,Aula20
391,44:12:44:88:66:c1,-71,Aula20
391,30:b5:c2:7f:37:94,-71,Aula20
391,44:12:44:88:30:50,-72,Aula20
391,44:12:44:88:30:51,-72,Aula20
391,44:12:44:87:51:d0,-72,Aula20
391,44:12:44:88:c9:a1,-80,Aula20
392,88:0f:a2:00:d7:a4,-84,Aula20
392,44:12:44:87:51:c0,-66,Aula20
392,54:b7:bd:9b:c9:f6,-91,Aula20
392,44:12:44:88:7e:a0,-61,Aula20
392,44:12:44:88:7e:a1,-62,Aula20
392,74:93:da:f3:45:5f,-91,Aula20
392,44:12:44:88:c8:f0,-86,Aula20
392,44:12:44:88:c8:f1,-86,Aula20
392,44:12:44:87:98:c1,-82,Aula20
392,44:12:44:88:66:d1,-72,Aula20
392,44:12:44:89:30:01,-81,Aula20
392,44:12:44:88:66:d0,-72,Aula20
392,44:12:44:88:7e:b0,-76,Aula20
392,44:12:44:88:7e:b1,-76,Aula20
392,44:12:44:89:81:31,-93,Aula20
392,44:12:44:89:81:30,-92,Aula20
392,44:12:44:87:5d:c1,-78,Aula20
392,44:12:44:87:5d:c0,-79,Aula20
392,44:12:44:89:30:10,-94,Aula20
392,44:12:44:88:c8:e0,-76,Aula20
392,44:12:44:89:30:11,-94,Aula20
392,44:12:44:88:30:41,-60,Aula20
392,30:b5:c2:7f:37:94,-71,Aula20
392,5a:c5:36:34:5e:f5,-88,Aula20
392,44:12:44:88:30:50,-72,Aula20
392,44:12:44:89:30:00,-81,Aula20
392,44:12:44:88:30:51,-72,Aula20
392,44:12:44:87:51:d0,-72,Aula20
392,44:12:44:88:c9:a0,-81,Aula20
392,44:12:44:87:51:d1,-72,Aula20
392,44:12:44:88:c9:a1,-82,Aula20
392,30:b5:c2:7f:37:95,-56,Aula20
393,74:0a:e1:48:50:93,-77,Aula20
393,e8:48:b8:21:3f:b7,-87,Aula20
393,88:0f:a2:00:d7:a4,-84,Aula20
393,44:12:44:87:51:c1,-65,Aula20
393,44:12:44:87:51:c0,-66,Aula20
393,44:12:44:88:7e:a0,-63,Aula20
393,44:12:44:88:7e:a1,-62,Aula20
393,44:12:44:88:c8:f0,-87,Aula20
393,44:12:44:88:c8:f1,-86,Aula20
393,44:12:44:88:66:d1,-73,Aula20
393,44:12:44:88:66:d0,-72,Aula20
393,44:12:44:88:7e:b0,-78,Aula20
393,44:12:44:88:7e:b1,-77,Aula20
393,44:12:44:89:30:10,-92,Aula20
393,44:12:44:88:30:41,-61,Aula20
393,98:9d:5d:2b:72:3d,-86,Aula20
393,44:12:44:88:66:c1,-73,Aula20
393,44:12:44:88:66:c0,-73,Aula20
393,30:b5:c2:7f:37:94,-72,Aula20
393,44:12:44:88:30:50,-71,Aula20
393,44:12:44:88:30:51,-72,Aula20
393,44:12:44:87:51:d0,-72,Aula20
393,44:12:44:87:51:d1,-72,Aula20
393,44:12:44:88:c9:a1,-82,Aula20
393,30:b5:c2:7f:37:95,-56,Aula20
394,e8:48:b8:21:3f:b7,-86,Aula20
394,88:0f:a2:00:d7:a4,-85,Aula20
394,44:12:44:88:7e:a0,-63,Aula20
394,44:12:44:88:7e:a1,-63,Aula20
394,44:12:44:88:c8:f0,-86,Aula20
394,44:12:44:87:98:c0,-80,Aula20
394,44:12:44:87:98:c1,-81,Aula20
394,44:12:44:88:66:d1,-72,Aula20
394,00:0f:66:e9:ab:ec,-80,Aula20
394,44:12:44:88:66:d0,-71,Aula20
394,44:12:44:88:7e:b0,-78,Aula20
394,44:12:44:88:7e:b1,-78,Aula20
394,44:12:44:89:81:31,-91,Aula20
394,44:12:44:89:81:30,-92,Aula20
394,44:12:44:88:81:30,-96,Aula20
394,44:12:44:88:30:40,-60,Aula20
394,44:12:44:88:30:41,-60,Aula20
394,98:9d:5d:2b:72:3d,-86,Aula20
394,44:12:44:88:66:c1,-72,Aula20
394,44:12:44:88:81:31,-96,Aula20
394,30:b5:c2:7f:37:94,-72,Aula20
394,5a:c5:36:34:5e:f5,-86,Aula20
394,44:12:44:88:30:50,-73,Aula20
394,44:12:44:88:30:51,-73,Aula20
394,44:12:44:87:51:d0,-73,Aula20
394,44:12:44:88:c9:a0,-81,Aula20
394,44:12:44:87:51:d1,-73,Aula20
394,44:12:44:88:c9:a1,-81,Aula20
394,30:b5:c2:7f:37:95,-57,Aula20
395,44:12:44:87:51:c1,-67,Aula20
395,54:b7:bd:9b:c9:f6,-91,Aula20
395,44:12:44:88:7e:a0,-62,Aula20
395,44:12:44:88:7e:a1,-62,Aula20
395,44:12:44:88:c8:f0,-89,Aula20
395,44:12:44:87:98:c1,-80,Aula20
395,44:12:44:88:66:d1,-72,Aula20
395,00:0f:66:e9:ab:ec,-79,Aula20
395,44:12:44:88:66:d0,-72,Aula20
395,44:12:44:88:7e:b0,-77,Aula20
395,44:12:44:88:7e:b1,-76,Aula20
395,44:12:44:89:81:31,-92,Aula20
395,44:12:44:89:81:30,-91,Aula20
395,44:12:44:87:5d:c1,-77,Aula20
395,44:12:44:87:5d:c0,-77,Aula20
395,44:12:44:89:30:10,-94,Aula20
395,44:12:44:88:81:30,-96,Aula20
395,44:12:44:88:30:40,-59,Aula20
395,44:12:44:88:30:41,-59,Aula20
395,44:12:44:88:66:c1,-72,Aula20
395,44:12:44:88:66:c0,-72,Aula20
395,44:12:44:88:81:31,-96,Aula20
395,30:b5:c2:7f:37:94,-72,Aula20
395,5a:c5:36:34:5e:f5,-86,Aula20
395,44:12:44:88:30:50,-73,Aula20
395,44:12:44:88:30:51,-74,Aula20
395,44:12:44:87:51:d0,-72,Aula20
395,44:12:44:87:51:d1,-72,Aula20
395,44:12:44:88:c9:a1,-80,Aula20
395,30:b5:c2:7f:37:95,-56,Aula20
396,74:0a:e1:48:50:93,-80,Aula20
396,88:0f:a2:00:d7:a4,-85,Aula20
396,44:12:44:88:7e:a0,-63,Aula20
396,44:12:44:88:7e:a1,-63,Aula20
396,44:12:44:88:c8:f0,-88,Aula20
396,44:12:44:88:c8:f1,-87,Aula20
396,44:12:44:87:98:c1,-79,Aula20
396,44:12:44:88:66:d1,-72,Aula20
396,00:0f:66:e9:ab:ec,-79,Aula20
396,44:12:44:88:66:d0,-72,Aula20
396,44:12:44:88:7e:b0,-77,Aula20
396,44:12:44:88:7e:b1,-77,Aula20
396,44:12:44:88:30:40,-61,Aula20
396,44:12:44:88:30:41,-61,Aula20
396,98:9d:5d:2b:72:3d,-87,Aula20
396,44:12:44:88:66:c1,-73,Aula20
396,30:b5:c2:7f:37:94,-71,Aula20
396,44:12:44:88:30:50,-74,Aula20
396,44:12:44:88:30:51,-73,Aula20
396,44:12:44:87:51:d0,-74,Aula20
396,44:12:44:87:51:d1,-74,Aula20
396,44:12:44:88:c9:a1,-82,Aula20
396,30:b5:c2:7f:37:95,-56,Aula20
397,44:12:44:87:98:d0,-96,Aula20
397,88:0f:a2:00:d7:a4,-85,Aula20
397,44:12:44:88:7e:a0,-62,Aula20
397,44:12:44:88:7e:a1,-62,Aula20
397,44:12:44:88:c8:f0,-88,Aula20
397,44:12:44:88:c8:f1,-87,Aula20
397,44:12:44:87:98:c1,-78,Aula20
397,44:12:44:88:66:d1,-71,Aula20
397,44:12:44:89:30:01,-82,Aula20
397,44:12:44:88:66:d0,-72,Aula20
397,44:12:44:88:7e:b0,-75,Aula20
397,44:12:44:88:7e:b1,-75,Aula20
397,44:12:44:89:81:31,-93,Aula20
397,44:12:44:87:5d:c0,-77,Aula20
397,44:12:44:88:81:30,-94,Aula20
397,44:12:44:88:30:40,-60,Aula20
397,44:12:44:88:30:41,-59,Aula20
397,98:9d:5d:2b:72:3d,-86,Aula20
397,44:12:44:88:66:c1,-74,Aula20
397,44:12:44:88:81:31,-94,Aula20
397,30:b5:c2:7f:37:94,-71,Aula20
397,44:12:44:88:30:50,-74,Aula20
397,44:12:44:88:30:51,-74,Aula20
397,44:12:44:87:51:d0,-73,Aula20
397,44:12:44:88:c9:a0,-80,Aula20
397,44:12:44:87:51:d1,-73,Aula20
397,30:b5:c2:7f:37:95,-56,Aula20
398,88:0f:a2:00:d7:a4,-85,Aula20
398,44:12:44:87:51:c1,-67,Aula20
398,44:12:44:88:7e:a0,-62,Aula20
398,44:12:44:88:7e:a1,-62,Aula20
398,44:12:44:88:c8:f0,-87,Aula20
398,44:12:44:88:c8:f1,-86,Aula20
398,44:12:44:87:98:c0,-79,Aula20
398,44:12:44:87:98:c1,-79,Aula20
398,44:12:44:88:66:d1,-71,Aula20
398,00:0f:66:e9:ab:ec,-80,Aula20
398,44:12:44:89:30:01,-81,Aula20
398,44:12:44:88:81:20,-84,Aula20
398,44:12:44:88:66:d0,-72,Aula20
398,44:12:44:89:81:31,-92,Aula20
398,44:12:44:89:81:30,-91,Aula20
398,44:12:44:87:5d:c1,-77,Aula20
398,44:12:44:87:5d:c0,-77,Aula20
398,44:12:44:88:30:40,-59,Aula20
398,44:12:44:88:30:41,-60,Aula20
398,44:12:44:88:81:31,-96,Aula20
398,30:b5:c2:7f:37:94,-70,Aula20
398,44:12:44:88:30:50,-75,Aula20
398,44:12:44:89:30:00,-82,Aula20
398,44:12:44:88:30:51,-74,Aula20
398,44:12:44:87:51:d0,-73,Aula20
398,44:12:44:88:c9:a0,-82,Aula20
398,44:12:44:87:51:d1,-73,Aula20
398,44:12:44:88:c9:a1,-82,Aula20
398,30:b5:c2:7f:37:95,-56,Aula20
399,74:0a:e1:48:50:93,-75,Aula20
399,88:0f:a2:00:d7:a4,-85,Aula20
399,44:12:44:88:7e:a0,-62,Aula20
399,44:12:44:88:7e:a1,-62,Aula20
399,44:12:44:88:c8:f0,-87,Aula20
399,44:12:44:88:c8:f1,-87,Aula20
399,44:12:44:88:66:d1,-72,Aula20
399,44:12:44:89:30:01,-82,Aula20
399,44:12:44:88:81:20,-87,Aula20
399,44:12:44:88:66:d0,-71,Aula20
399,44:12:44:88:7e:b0,-75,Aula20
399,44:12:44:88:7e:b1,-75,Aula20
399,44:12:44:89:30:10,-94,Aula20
399,44:12:44:89:30:11,-94,Aula20
399,44:12:44:88:30:40,-60,Aula20
399,44:12:44:88:30:41,-60,Aula20
399,44:12:44:88:66:c1,-74,Aula20
399,44:12:44:88:66:c0,-74,Aula20
399,30:b5:c2:7f:37:94,-70,Aula20
399,44:12:44:88:30:50,-76,Aula20
399,44:12:44:88:30:51,-75,Aula20
399,44:12:44:87:51:d0,-74,Aula20
399,44:12:44:87:51:d1,-74,Aula20
400,44:12:44:87:51:c1,-66,Aula20
400,44:12:44:87:51:c0,-66,Aula20
400,44:12:44:88:7e:a0,-63,Aula20
400,44:12:44:88:7e:a1,-63,Aula20
400,44:12:44:88:c8:f0,-88,Aula20
400,44:12:44:88:c8:f1,-89,Aula20
400,44:12:44:87:98:c0,-79,Aula20
400,44:12:44:87:98:c1,-79,Aula20
400,44:12:44:88:66:d1,-72,Aula20
400,44:12:44:89:30:01,-82,Aula20
400,44:12:44:88:66:d0,-71,Aula20
400,44:12:44:88:7e:b0,-77,Aula20
400,44:12:44:88:7e:b1,-77,Aula20
400,44:12:44:87:5d:c1,-77,Aula20
400,44:12:44:87:5d:c0,-77,Aula20
400,44:12:44:89:30:10,-95,Aula20
400,44:12:44:88:c8:e0,-75,Aula20
400,44:12:44:88:30:40,-62,Aula20
400,44:12:44:88:c8:e1,-76,Aula20
400,44:12:44:88:30:41,-62,Aula20
400,44:12:44:88:66:c1,-74,Aula20
400,44:12:44:88:66:c0,-74,Aula20
400,44:12:44:88:81:31,-94,Aula20
400,30:b5:c2:7f:37:94,-70,Aula20
400,5a:c5:36:34:5e:f5,-87,Aula20
400,44:12:44:88:30:50,-74,Aula20
400,44:12:44:89:30:00,-82,Aula20
400,44:12:44:88:30:51,-74,Aula20
400,44:12:44:87:51:d0,-74,Aula20
400,44:12:44:88:c9:a0,-82,Aula20
400,44:12:44:87:51:d1,-73,Aula20
400,44:12:44:88:c9:a1,-82,Aula20
400,30:b5:c2:7f:37:95,-56,Aula20
401,88:0f:a2:00:d7:a4,-85,Aula20
401,44:12:44:88:7e:a0,-62,Aula20
401,44:12:44:88:7e:a1,-62,Aula20
401,44:12:44:88:c8:f0,-87,Aula20
401,44:12:44:88:c8:f1,-87,Aula20
401,44:12:44:87:98:c0,-80,Aula20
401,44:12:44:87:98:c1,-80,Aula20
401,44:12:44:88:66:d1,-72,Aula20
401,00:0f:66:e9:ab:ec,-80,Aula20
401,44:12:44:88:66:d0,-72,Aula20
401,44:12:44:88:7e:b0,-75,Aula20
401,44:12:44:88:7e:b1,-75,Aula20
401,44:12:44:88:c8:e0,-76,Aula20
401,44:12:44:88:c8:e1,-76,Aula20
401,44:12:44:88:30:41,-60,Aula20
401,44:12:44:88:66:c1,-73,Aula20
401,44:12:44:88:66:c0,-73,Aula20
401,30:b5:c2:7f:37:94,-70,Aula20
401,44:12:44:88:30:50,-75,Aula20
401,44:12:44:88:30:51,-76,Aula20
401,44:12:44:87:51:d0,-74,Aula20
401,44:12:44:87:51:d1,-75,Aula20
401,30:b5:c2:7f:37:95,-56,Aula20
402,88:0f:a2:00:d7:a4,-85,Aula20
402,44:12:44:88:7e:a0,-62,Aula20
402,44:12:44:88:7e:a1,-62,Aula20
402,e4:3e:d7:a9:6a:bf,-84,Aula20
402,44:12:44:87:98:c0,-80,Aula20
402,44:12:44:87:98:c1,-80,Aula20
402,44:12:44:88:66:d1,-71,Aula20
402,44:12:44:89:30:01,-81,Aula20
402,44:12:44:88:66:d0,-71,Aula20
402,44:12:44:89:81:31,-91,Aula20
402,44:12:44:89:81:30,-91,Aula20
402,44:12:44:87:5d:c1,-77,Aula20
402,44:12:44:87:5d:c0,-77,Aula20
402,44:12:44:88:c8:e0,-76,Aula20
402,44:12:44:88:30:40,-61,Aula20
402,44:12:44:88:c8:e1,-76,Aula20
402,44:12:44:88:30:41,-61,Aula20
402,44:12:44:88:66:c0,-73,Aula20
402,30:b5:c2:7f:37:94,-71,Aula20
402,5a:c5:36:34:5e:f5,-89,Aula20
402,44:12:44:88:30:50,-77,Aula20
402,44:12:44:89:30:00,-81,Aula20
402,44:12:44:88:30:51,-78,Aula20
402,44:12:44:87:51:d0,-73,Aula20
402,44:12:44:88:c9:a0,-83,Aula20
402,44:12:44:87:51:d1,-73,Aula20
402,44:12:44:88:c9:a1,-79,Aula20
402,60:8d:26:31:76:0c,-91,Aula20
402,30:b5:c2:7f:37:95,-56,Aula20
403,88:0f:a2:00:d7:a4,-85,Aula20
403,44:12:44:87:51:c1,-66,Aula20
403,44:12:44:87:51:c0,-66,Aula20
403,44:12:44:88:7e:a0,-62,Aula20
403,44:12:44:88:7e:a1,-62,Aula20
403,e4:3e:d7:a9:6a:bf,-83,Aula20
403,74:93:da:f3:45:5f,-90,Aula20
403,44:12:44:88:c8:f0,-88,Aula20
403,44:12:44:88:c8:f1,-88,Aula20
403,44:12:44:87:98:c1,-80,Aula20
403,44:12:44:88:66:d1,-72,Aula20
403,44:12:44:89:30:01,-81,Aula20
403,00:0f:66:e9:ab:ec,-84,Aula20
403,44:12:44:88:66:d0,-72,Aula20
403,44:12:44:88:7e:b0,-72,Aula20
403,44:12:44:88:7e:b1,-72,Aula20
403,44:12:44:89:81:31,-92,Aula20
403,44:12:44:89:81:30,-92,Aula20
403,44:12:44:87:5d:c1,-77,Aula20
403,44:12:44:87:5d:c0,-76,Aula20
403,44:12:44:89:30:11,-94,Aula20
403,44:12:44:88:30:40,-61,Aula20
403,30:b5:c2:7f:37:94,-71,Aula20
403,44:12:44:89:30:00,-80,Aula20
403,44:12:44:87:51:d0,-70,Aula20
403,44:12:44:87:51:d1,-70,Aula20
403,60:8d:26:31:76:0c,-87,Aula20
403,30:b5:c2:7f:37:95,-55,Aula20
404,88:0f:a2:00:d7:a4,-85,Aula20
404,44:12:44:88:7e:a0,-62,Aula20
404,44:12:44:88:c8:f0,-89,Aula20
404,44:12:44:88:c8:f1,-89,Aula20
404,44:12:44:87:98:c0,-82,Aula20
404,44:12:44:87:98:c1,-81,Aula20
404,44:12:44:88:66:d1,-72,Aula20
404,44:12:44:88:66:d0,-72,Aula20
404,44:12:44:88:7e:b0,-73,Aula20
404,44:12:44:88:7e:b1,-73,Aula20
404,44:12:44:88:30:40,-61,Aula20
404,44:12:44:88:30:41,-62,Aula20
404,44:12:44:88:66:c1,-74,Aula20
404,30:b5:c2:7f:37:94,-71,Aula20
404,44:12:44:88:30:50,-78,Aula20
404,44:12:44:88:30:51,-78,Aula20
404,44:12:44:87:51:d0,-71,Aula20
404,44:12:44:87:51:d1,-71,Aula20
404,60:8d:26:31:76:0c,-87,Aula20
404,30:b5:c2:7f:37:95,-55,Aula20
405,74:0a:e1:48:50:93,-77,Aula20
405,88:0f:a2:00:d7:a4,-83,Aula20
405,44:12:44:88:7e:a0,-62,Aula20
405,44:12:44:88:7e:a1,-62,Aula20
405,e4:3e:d7:a9:6a:bf,-82,Aula20
405,44:12:44:88:c8:f0,-87,Aula20
405,44:12:44:88:c8:f1,-87,Aula20
405,44:12:44:87:98:c1,-81,Aula20
405,44:12:44:88:66:d1,-72,Aula20
405,44:12:44:88:66:d0,-72,Aula20
405,44:12:44:88:7e:b0,-73,Aula20
405,44:12:44:88:7e:b1,-73,Aula20
405,44:12:44:88:30:40,-61,Aula20
405,44:12:44:88:30:41,-61,Aula20
405,44:12:44:88:66:c1,-73,Aula20
405,30:b5:c2:7f:37:94,-72,Aula20
405,44:12:44:88:30:50,-78,Aula20
405,44:12:44:88:30:51,-78,Aula20
405,44:12:44:87:51:d0,-71,Aula20
405,44:12:44:87:51:d1,-71,Aula20
405,30:b5:c2:7f:37:95,-56,Aula20
406,44:12:44:87:98:d0,-96,Aula20
406,88:0f:a2:00:d7:a4,-86,Aula20
406,44:12:44:88:7e:a0,-63,Aula20
406,44:12:44:88:7e:a1,-63,Aula20
406,44:12:44:88:c8:f0,-88,Aula20
406,44:12:44:88:c8:f1,-88,Aula20
406,44:12:44:87:98:c1,-79,Aula20
406,44:12:44:88:66:d1,-71,Aula20
406,44:12:44:88:81:21,-87,Aula20
406,44:12:44:88:81:20,-87,Aula20
406,44:12:44:88:66:d0,-71,Aula20
406,44:12:44:88:7e:b0,-74,Aula20
406,44:12:44:88:7e:b1,-74,Aula20
406,44:12:44:87:5d:c0,-77,Aula20
406,44:12:44:88:30:41,-62,Aula20
406,44:12:44:88:66:c1,-74,Aula20
406,44:12:44:88:66:c0,-75,Aula20
406,30:b5:c2:7f:37:94,-71,Aula20
406,44:12:44:88:30:50,-76,Aula20
406,44:12:44:88:30:51,-76,Aula20
406,44:12:44:87:51:d0,-72,Aula20
406,44:12:44:88:c9:a0,-82,Aula20
406,44:12:44:87:51:d1,-72,Aula20
406,44:12:44:88:c9:a1,-82,Aula20
406,30:b5:c2:7f:37:95,-56,Aula20
407,88:0f:a2:00:d7:a4,-86,Aula20
407,44:12:44:88:7e:a0,-62,Aula20
407,44:12:44:88:7e:a1,-62,Aula20
407,44:12:44:88:c8:f0,-87,Aula20
407,44:12:44:88:c8:f1,-87,Aula20
407,44:12:44:87:98:c0,-80,Aula20
407,44:12:44:88:66:d1,-71,Aula20
407,44:12:44:89:30:01,-81,Aula20
407,44:12:44:88:66:d0,-71,Aula20
407,44:12:44:88:7e:b0,-73,Aula20
407,44:12:44:88:7e:b1,-73,Aula20
407,44:12:44:87:5d:c1,-77,Aula20
407,44:12:44:87:5d:c0,-77,Aula20
407,44:12:44:89:30:10,-94,Aula20
407,44:12:44:88:c8:e0,-76,Aula20
407,44:12:44:89:30:11,-95,Aula20
407,44:12:44:88:30:40,-61,Aula20
407,44:12:44:88:30:41,-61,Aula20
407,44:12:44:88:c9:b0,-96,Aula20
407,30:b5:c2:7f:37:94,-70,Aula20
407,44:12:44:88:30:50,-78,Aula20
407,44:12:44:88:30:51,-78,Aula20
407,44:12:44:87:51:d0,-71,Aula20
407,44:12:44:87:51:d1,-71,Aula20
407,30:b5:c2:7f:37:95,-55,Aula20
408,88:0f:a2:00:d7:a4,-83,Aula20
408,44:12:44:87:51:c1,-66,Aula20
408,44:12:44:87:51:c0,-66,Aula20
408,44:12:44:88:7e:a0,-62,Aula20
408,44:12:44:88:7e:a1,-62,Aula20
408,e4:3e:d7:a9:6a:bf,-82,Aula20
408,44:12:44:88:c8:f0,-88,Aula20
408,44:12:44:88:c8:f1,-88,Aula20
408,44:12:44:88:66:d1,-72,Aula20
408,44:12:44:88:66:d0,-72,Aula20
408,44:12:44:88:7e:b0,-74,Aula20
408,44:12:44:88:7e:b1,-74,Aula20
408,44:12:44:89:81:31,-92,Aula20
408,44:12:44:89:81:30,-92,Aula20
408,44:12:44:87:5d:c1,-77,Aula20
408,44:12:44:87:5d:c0,-78,Aula20
408,44:12:44:88:c8:e0,-77,Aula20
408,44:12:44:88:c8:e1,-77,Aula20
408,44:12:44:88:30:41,-61,Aula20
408,44:12:44:88:66:c1,-74,Aula20
408,44:12:44:88:66:c0,-74,Aula20
408,30:b5:c2:7f:37:94,-71,Aula20
408,44:12:44:88:30:50,-77,Aula20
408,44:12:44:88:30:51,-78,Aula20
408,44:12:44:87:51:d0,-70,Aula20
408,44:12:44:87:51:d1,-70,Aula20
408,30:b5:c2:7f:37:95,-55,Aula20
409,28:77:77:dc:3d:a8,-89,Aula20
409,88:0f:a2:00:d7:a4,-85,Aula20
409,44:12:44:87:51:c1,-66,Aula20
409,44:12:44:87:51:c0,-66,Aula20
409,44:12:44:88:7e:a0,-62,Aula20
409,44:12:44:88:7e:a1,-62,Aula20
409,e4:3e:d7:a9:6a:bf,-81,Aula20
409,44:12:44:88:c8:f0,-87,Aula20
409,44:12:44:88:c8:f1,-88,Aula20
409,44:12:44:87:98:c0,-79,Aula20
409,44:12:44:87:98:c1,-80,Aula20
409,44:12:44:88:66:d1,-71,Aula20
409,44:12:44:88:66:d0,-71,Aula20
409,44:12:44:88:7e:b0,-73,Aula20
409,44:12:44:88:7e:b1,-74,Aula20
409,44:12:44:87:5d:c1,-76,Aula20
409,44:12:44:87:5d:c0,-77,Aula20
409,44:12:44:89:30:10,-95,Aula20
409,44:12:44:88:c8:e0,-77,Aula20
409,44:12:44:89:30:11,-96,Aula20
409,44:12:44:88:30:40,-62,Aula20
409,44:12:44:88:c8:e1,-77,Aula20
409,44:12:44:88:30:41,-62,Aula20
409,30:b5:c2:7f:37:94,-71,Aula20
409,44:12:44:88:30:50,-77,Aula20
409,44:12:44:88:30:51,-77,Aula20
409,44:12:44:87:51:d0,-72,Aula20
409,44:12:44:88:c9:a0,-82,Aula20
409,44:12:44:87:51:d1,-72,Aula20
409,44:12:44:88:c9:a1,-83,Aula20
409,30:b5:c2:7f:37:95,-55,Aula20
410,74:0a:e1:48:50:93,-74,Aula20
410,88:0f:a2:00:d7:a4,-85,Aula20
410,44:12:44:87:51:c1,-66,Aula20
410,4c:b1:cd:40:02:88,-91,Aula20
410,44:12:44:88:7e:a0,-62,Aula20
410,44:12:44:88:7e:a1,-62,Aula20
410,44:12:44:88:c8:f0,-87,Aula20
410,44:12:44:88:c8:f1,-88,Aula20
410,44:12:44:87:98:c1,-79,Aula20
410,44:12:44:88:66:d1,-71,Aula20
410,00:0f:66:e9:ab:ec,-81,Aula20
410,44:12:44:88:81:21,-85,Aula20
410,44:12:44:88:66:d0,-71,Aula20
410,44:12:44:88:7e:b0,-74,Aula20
410,44:12:44:88:7e:b1,-73,Aula20
410,44:12:44:87:5d:c0,-77,Aula20
410,44:12:44:89:30:11,-95,Aula20
410,44:12:44:88:30:41,-60,Aula20
410,30:b5:c2:7f:37:94,-71,Aula20
410,5a:c5:36:34:5e:f5,-86,Aula20
410,44:12:44:88:30:50,-77,Aula20
410,44:12:44:88:30:51,-77,Aula20
410,44:12:44:87:51:d0,-72,Aula20
410,44:12:44:87:51:d1,-71,Aula20
410,44:12:44:88:c9:a1,-82,Aula20
410,30:b5:c2:7f:37:95,-56,Aula20
411,74:0a:e1:48:50:93,-70,Aula20
411,88:0f:a2:00:d7:a4,-85,Aula20
411,44:12:44:87:51:c1,-66,Aula20
411,44:12:44:87:51:c0,-66,Aula20
411,44:12:44:88:7e:a0,-61,Aula20
411,44:12:44:88:7e:a1,-61,Aula20
411,e4:3e:d7:a9:6a:bf,-82,Aula20
411,44:12:44:88:c8:f0,-88,Aula20
411,44:12:44:88:c8:f1,-89,Aula20
411,44:12:44:87:98:c0,-80,Aula20
411,44:12:44:87:98:c1,-80,Aula20
411,44:12:44:88:66:d1,-72,Aula20
411,44:12:44:89:30:01,-81,Aula20
411,00:0f:66:e9:ab:ec,-83,Aula20
411,44:12:44:88:66:d0,-72,Aula20
411,44:12:44:88:7e:b0,-73,Aula20
411,44:12:44:88:7e:b1,-73,Aula20
411,44:12:44:87:5d:c1,-76,Aula20
411,44:12:44:87:5d:c0,-77,Aula20
411,44:12:44:88:c8:e0,-77,Aula20
411,44:12:44:88:c8:e1,-77,Aula20
411,44:12:44:88:66:c1,-75,Aula20
411,44:12:44:88:66:c0,-74,Aula20
411,30:b5:c2:7f:37:94,-71,Aula20
411,5a:c5:36:34:5e:f5,-92,Aula20
411,44:12:44:88:30:50,-79,Aula20
411,44:12:44:89:30:00,-81,Aula20
411,44:12:44:88:30:51,-79,Aula20
411,44:12:44:87:51:d0,-71,Aula20
411,44:12:44:88:c9:a0,-84,Aula20
411,44:12:44:87:51:d1,-71,Aula20
411,30:b5:c2:7f:37:95,-55,Aula20
412,88:0f:a2:00:d7:a4,-86,Aula20
412,44:12:44:88:7e:a0,-62,Aula20
412,44:12:44:88:7e:a1,-62,Aula20
412,44:12:44:88:c8:f0,-87,Aula20
412,44:12:44:88:c8:f1,-88,Aula20
412,44:12:44:87:98:c0,-80,Aula20
412,44:12:44:87:98:c1,-80,Aula20
412,44:12:44:88:66:d1,-72,Aula20
412,44:12:44:89:30:01,-81,Aula20
412,00:0f:66:e9:ab:ec,-82,Aula20
412,44:12:44:88:81:20,-85,Aula20
412,44:12:44:88:66:d0,-72,Aula20
412,44:12:44:88:7e:b0,-73,Aula20
412,44:12:44:88:7e:b1,-73,Aula20
412,44:12:44:87:5d:c1,-77,Aula20
412,44:12:44:87:5d:c0,-77,Aula20
412,44:12:44:89:30:10,-93,Aula20
412,44:12:44:88:81:30,-93,Aula20
412,44:12:44:88:c8:e0,-76,Aula20
412,44:12:44:89:30:11,-94,Aula20
412,44:12:44:88:30:40,-59,Aula20
412,44:12:44:88:c8:e1,-77,Aula20
412,44:12:44:88:30:41,-60,Aula20
412,44:12:44:88:66:c1,-74,Aula20
412,44:12:44:88:81:31,-93,Aula20
412,30:b5:c2:7f:37:94,-69,Aula20
412,44:12:44:88:30:50,-79,Aula20
412,44:12:44:88:30:51,-78,Aula20
412,44:12:44:87:51:d0,-71,Aula20
412,44:12:44:88:c9:a0,-82,Aula20
412,44:12:44:87:51:d1,-71,Aula20
412,44:12:44:88:c9:a1,-82,Aula20
412,30:b5:c2:7f:37:95,-56,Aula20
413,88:0f:a2:00:d7:a4,-85,Aula20
413,44:12:44:87:51:c1,-66,Aula20
413,44:12:44:87:51:c0,-66,Aula20
413,44:12:44:88:7e:a0,-62,Aula20
413,44:12:44:88:7e:a1,-62,Aula20
413,62:3d:26:8b:7d:f1,-89,Aula20
413,44:12:44:88:c8:f0,-86,Aula20
413,44:12:44:88:c8:f1,-86,Aula20
413,44:12:44:87:98:c0,-80,Aula20
413,44:12:44:87:98:c1,-81,Aula20
413,44:12:44:88:66:d1,-71,Aula20
413,44:12:44:89:30:01,-82,Aula20
413,00:0f:66:e9:ab:ec,-83,Aula20
413,44:12:44:88:81:20,-86,Aula20
413,44:12:44:88:66:d0,-71,Aula20
413,44:12:44:88:7e:b0,-74,Aula20
413,44:12:44:88:7e:b1,-74,Aula20
413,44:12:44:89:81:31,-91,Aula20
413,44:12:44:87:5d:c1,-77,Aula20
413,44:12:44:87:5d:c0,-77,Aula20
413,44:12:44:88:30:40,-62,Aula20
413,44:12:44:88:30:41,-62,Aula20
413,44:12:44:88:66:c1,-76,Aula20
413,30:b5:c2:7f:37:94,-71,Aula20
413,44:12:44:88:30:50,-76,Aula20
413,44:12:44:89:30:00,-81,Aula20
413,44:12:44:87:51:d0,-71,Aula20
413,44:12:44:88:c9:a0,-83,Aula20
413,44:12:44:87:51:d1,-72,Aula20
413,44:12:44:88:c9:a1,-82,Aula20
413,30:b5:c2:7f:37:95,-55,Aula20
414,e8:48:b8:21:3f:b7,-88,Aula20
414,44:12:44:88:7e:a0,-61,Aula20
414,44:12:44:88:7e:a1,-62,Aula20
414,44:12:44:88:c8:f0,-87,Aula20
414,44:12:44:88:c8:f1,-88,Aula20
414,44:12:44:87:98:c0,-80,Aula20
414,44:12:44:87:98:c1,-80,Aula20
414,44:12:44:88:66:d1,-72,Aula20
414,44:12:44:89:30:01,-81,Aula20
414,44:12:44:88:81:21,-82,Aula20
414,44:12:44:88:81:20,-82,Aula20
414,44:12:44:88:66:d0,-72,Aula20
414,44:12:44:88:7e:b0,-74,Aula20
414,44:12:44:88:7e:b1,-74,Aula20
414,44:12:44:88:30:40,-60,Aula20
414,44:12:44:88:30:41,-60,Aula20
414,98:9d:5d:2b:72:3d,-85,Aula20
414,44:12:44:88:66:c1,-73,Aula20
414,44:12:44:88:66:c0,-73,Aula20
414,30:b5:c2:7f:37:94,-71,Aula20
414,5a:c5:36:34:5e:f5,-88,Aula20
414,44:12:44:88:30:50,-78,Aula20
414,44:12:44:88:30:51,-77,Aula20
414,44:12:44:87:51:d0,-72,Aula20
414,44:12:44:88:c9:a0,-80,Aula20
414,44:12:44:87:51:d1,-72,Aula20
414,30:b5:c2:7f:37:95,-55,Aula20
415,88:0f:a2:00:d7:a4,-85,Aula20
415,44:12:44:88:7e:a1,-61,Aula20
415,44:12:44:88:c8:f0,-88,Aula20
415,44:12:44:88:c8:f1,-87,Aula20
415,44:12:44:87:98:c0,-79,Aula20
415,44:12:44:87:98:c1,-79,Aula20
415,44:12:44:88:66:d1,-72,Aula20
415,44:12:44:89:30:01,-81,Aula20
415,44:12:44:88:66:d0,-72,Aula20
415,44:12:44:88:7e:b0,-72,Aula20
415,44:12:44:88:7e:b1,-73,Aula20
415,44:12:44:88:c8:e0,-77,Aula20
415,44:12:44:88:30:40,-60,Aula20
415,44:12:44:88:30:41,-61,Aula20
415,44:12:44:88:66:c1,-74,Aula20
415,44:12:44:88:66:c0,-74,Aula20
415,30:b5:c2:7f:37:94,-72,Aula20
415,44:12:44:88:30:50,-78,Aula20
415,44:12:44:88:30:51,-78,Aula20
415,44:12:44:87:51:d0,-71,Aula20
415,44:12:44:88:c9:a0,-81,Aula20
415,44:12:44:87:51:d1,-70,Aula20
415,44:12:44:88:c9:a1,-81,Aula20
415,30:b5:c2:7f:37:95,-55,Aula20
416,e8:48:b8:21:3f:b7,-89,Aula20
416,88:0f:a2:00:d7:a4,-82,Aula20
416,44:12:44:88:7e:a0,-62,Aula20
416,44:12:44:88:7e:a1,-62,Aula20
416,e4:3e:d7:a9:6a:bf,-80,Aula20
416,44:12:44:88:c8:f0,-88,Aula20
416,d4:86:60:e9:94:6b,-93,Aula20
416,44:12:44:88:c8:f1,-89,Aula20
416,44:12:44:87:98:c0,-81,Aula20
416,44:12:44:87:98:c1,-81,Aula20
416,44:12:44:88:66:d1,-73,Aula20
416,44:12:44:89:30:01,-81,Aula20
416,44:12:44:88:66:d0,-73,Aula20
416,44:12:44:88:7e:b0,-74,Aula20
416,44:12:44:88:7e:b1,-73,Aula20
416,44:12:44:87:5d:c1,-77,Aula20
416,44:12:44:88:30:40,-59,Aula20
416,44:12:44:88:30:41,-59,Aula20
416,98:9d:5d:2b:72:3d,-86,Aula20
416,44:12:44:88:66:c1,-73,Aula20
416,30:b5:c2:7f:37:94,-74,Aula20
416,44:12:44:88:30:50,-77,Aula20
416,44:12:44:89:30:00,-80,Aula20
416,44:12:44:88:30:51,-77,Aula20
416,44:12:44:87:51:d0,-71,Aula20
416,44:12:44:88:c9:a0,-82,Aula20
416,44:12:44:87:51:d1,-71,Aula20
416,44:12:44:88:c9:a1,-82,Aula20
416,30:b5:c2:7f:37:95,-57,Aula20
417,88:0f:a2:00:d7:a4,-85,Aula20
417,44:12:44:87:51:c1,-67,Aula20
417,44:12:44:87:51:c0,-66,Aula20
417,44:12:44:88:7e:a0,-62,Aula20
417,44:12:44:88:7e:a1,-62,Aula20
417,e4:3e:d7:a9:6a:bf,-82,Aula20
417,44:12:44:88:c8:f0,-88,Aula20
417,44:12:44:88:c8:f1,-87,Aula20
417,44:12:44:87:98:c0,-80,Aula20
417,44:12:44:87:98:c1,-80,Aula20
417,44:12:44:88:66:d1,-72,Aula20
417,44:12:44:89:30:01,-81,Aula20
417,44:12:44:88:66:d0,-72,Aula20
417,44:12:44:88:7e:b0,-74,Aula20
417,44:12:44:88:7e:b1,-74,Aula20
417,44:12:44:87:5d:c1,-76,Aula20
417,44:12:44:87:5d:c0,-75,Aula20
417,44:12:44:88:c8:e0,-76,Aula20
417,44:12:44:88:30:40,-60,Aula20
417,44:12:44:88:c8:e1,-76,Aula20
417,44:12:44:88:30:41,-60,Aula20
417,44:12:44:88:66:c1,-74,Aula20
417,30:b5:c2:7f:37:94,-70,Aula20
417,5a:c5:36:34:5e:f5,-87,Aula20
417,44:12:44:88:30:50,-78,Aula20
417,44:12:44:89:30:00,-80,Aula20
417,44:12:44:88:30:51,-78,Aula20
417,44:12:44:87:51:d0,-71,Aula20
417,44:12:44:88:c9:a0,-83,Aula20
417,44:12:44:87:51:d1,-71,Aula20
417,44:12:44:88:c9:a1,-82,Aula20
417,30:b5:c2:7f:37:95,-56,Aula20
418,88:0f:a2:00:d7:a4,-85,Aula20
418,44:12:44:88:7e:a0,-62,Aula20
418,44:12:44:88:7e:a1,-62,Aula20
418,44:12:44:88:c8:f0,-87,Aula20
418,44:12:44:88:c8:f1,-88,Aula20
418,44:12:44:87:98:c0,-80,Aula20
418,44:12:44:87:98:c1,-80,Aula20
418,44:12:44:88:66:d1,-72,Aula20
418,44:12:44:88:81:21,-85,Aula20
418,44:12:44:88:81:20,-84,Aula20
418,44:12:44:88:66:d0,-72,Aula20
418,44:12:44:88:7e:b0,-74,Aula20
418,44:12:44:88:7e:b1,-73,Aula20
418,44:12:44:87:5d:c1,-75,Aula20
418,44:12:44:88:c8:e0,-76,Aula20
418,44:12:44:88:30:40,-61,Aula20
418,44:12:44:88:30:41,-59,Aula20
418,30:b5:c2:7f:37:94,-70,Aula20
418,44:12:44:88:30:50,-78,Aula20
418,44:12:44:88:30:51,-78,Aula20
418,44:12:44:87:51:d0,-71,Aula20
418,44:12:44:87:51:d1,-71,Aula20
418,30:b5:c2:7f:37:95,-56,Aula20
419,88:0f:a2:00:d7:a4,-84,Aula20
419,44:12:44:87:51:c1,-67,Aula20
419,44:12:44:87:51:c0,-66,Aula20
419,44:12:44:88:7e:a0,-61,Aula20
419,44:12:44:88:7e:a1,-62,Aula20
419,e4:3e:d7:a9:6a:bf,-82,Aula20
419,74:93:da:f3:45:5f,-90,Aula20
419,44:12:44:88:c8:f0,-88,Aula20
419,44:12:44:88:c8:f1,-89,Aula20
419,44:12:44:87:98:c0,-81,Aula20
419,44:12:44:87:98:c1,-80,Aula20
419,44:12:44:88:66:d1,-73,Aula20
419,44:12:44:89:30:01,-79,Aula20
419,44:12:44:88:66:d0,-72,Aula20
419,44:12:44:88:7e:b0,-72,Aula20
419,44:12:44:88:7e:b1,-73,Aula20
419,44:12:44:87:5d:c0,-76,Aula20
419,44:12:44:88:c8:e0,-77,Aula20
419,44:12:44:88:30:40,-58,Aula20
419,44:12:44:88:c8:e1,-76,Aula20
419,44:12:44:88:30:41,-60,Aula20
419,98:9d:5d:2b:72:3d,-87,Aula20
419,44:12:44:88:66:c1,-74,Aula20
419,30:b5:c2:7f:37:94,-72,Aula20
419,44:12:44:88:30:50,-78,Aula20
419,44:12:44:89:30:00,-81,Aula20
419,44:12:44:88:30:51,-78,Aula20
419,44:12:44:87:51:d0,-71,Aula20
419,44:12:44:88:c9:a0,-83,Aula20
419,44:12:44:87:51:d1,-71,Aula20
419,44:12:44:88:c9:a1,-82,Aula20
419,30:b5:c2:7f:37:95,-55,Aula20
420,74:0a:e1:48:50:93,-79,Aula20
420,88:0f:a2:00:d7:a4,-86,Aula20
420,44:12:44:87:51:c1,-67,Aula20
420,44:12:44:87:51:c0,-65,Aula20
420,44:12:44:88:7e:a0,-62,Aula20
420,44:12:44:88:7e:a1,-62,Aula20
420,44:12:44:88:c8:f0,-88,Aula20
420,44:12:44:88:c8:f1,-89,Aula20
420,44:12:44:87:98:c0,-80,Aula20
420,44:12:44:87:98:c1,-80,Aula20
420,44:12:44:88:66:d1,-72,Aula20
420,44:12:44:89:30:01,-80,Aula20
420,44:12:44:88:81:21,-86,Aula20
420,00:0f:66:e9:ab:ec,-88,Aula20
420,44:12:44:88:66:d0,-72,Aula20
420,44:12:44:88:7e:b0,-73,Aula20
420,44:12:44:88:7e:b1,-73,Aula20
420,76:93:da:93:45:5f,-89,Aula20
420,44:12:44:89:30:11,-95,Aula20
420,44:12:44:88:30:40,-60,Aula20
420,44:12:44:88:30:41,-60,Aula20
420,44:12:44:88:66:c1,-75,Aula20
420,44:12:44:88:66:c0,-74,Aula20
420,30:b5:c2:7f:37:94,-70,Aula20
420,44:12:44:88:30:50,-79,Aula20
420,44:12:44:89:30:00,-80,Aula20
420,44:12:44:88:30:51,-79,Aula20
420,44:12:44:87:51:d0,-70,Aula20
420,44:12:44:88:c9:a0,-82,Aula20
420,44:12:44:87:51:d1,-70,Aula20
420,44:12:44:88:c9:a1,-82,Aula20
420,60:8d:26:31:76:0c,-86,Aula20
420,30:b5:c2:7f:37:95,-54,Aula20
421,44:12:44:87:98:d0,-96,Aula20
421,88:0f:a2:00:d7:a4,-85,Aula20
421,44:12:44:88:c8:f0,-87,Aula20
421,44:12:44:87:98:c0,-78,Aula20
421,44:12:44:87:98:c1,-79,Aula20
421,44:12:44:88:66:d1,-72,Aula20
421,44:12:44:88:81:21,-87,Aula20
421,44:12:44:88:66:d0,-72,Aula20
421,44:12:44:88:7e:b0,-73,Aula20
421,44:12:44:88:7e:b1,-74,Aula20
421,44:12:44:87:5d:c0,-76,Aula20
421,44:12:44:88:81:30,-96,Aula20
421,44:12:44:88:30:40,-59,Aula20
421,44:12:44:88:30:41,-58,Aula20
421,44:12:44:88:c9:b0,-96,Aula20
421,44:12:44:88:66:c1,-75,Aula20
421,44:12:44:88:81:31,-96,Aula20
421,30:b5:c2:7f:37:94,-70,Aula20
421,44:12:44:88:30:50,-79,Aula20
421,44:12:44:88:30:51,-79,Aula20
421,44:12:44:87:51:d0,-70,Aula20
421,44:12:44:88:c9:a0,-82,Aula20
421,44:12:44:87:51:d1,-70,Aula20
421,44:12:44:88:c9:a1,-82,Aula20
421,30:b5:c2:7f:37:95,-56,Aula20
422,88:0f:a2:00:d7:a4,-82,Aula20
422,44:12:44:87:51:c1,-67,Aula20
422,44:12:44:87:51:c0,-67,Aula20
422,44:12:44:88:7e:a0,-61,Aula20
422,44:12:44:88:7e:a1,-61,Aula20
422,e4:3e:d7:a9:6a:bf,-80,Aula20
422,44:12:44:88:c8:f0,-88,Aula20
422,44:12:44:88:c8:f1,-88,Aula20
422,44:12:44:87:98:c0,-80,Aula20
422,44:12:44:87:98:c1,-79,Aula20
422,44:12:44:88:66:d1,-72,Aula20
422,44:12:44:89:30:01,-80,Aula20
422,44:12:44:88:66:d0,-72,Aula20
422,44:12:44:88:7e:b0,-73,Aula20
422,44:12:44:88:7e:b1,-73,Aula20
422,76:93:da:93:45:5f,-89,Aula20
422,44:12:44:87:5d:c1,-78,Aula20
422,44:12:44:87:5d:c0,-77,Aula20
422,44:12:44:88:81:30,-94,Aula20
422,44:12:44:88:c8:e0,-75,Aula20
422,44:12:44:88:30:40,-58,Aula20
422,44:12:44:88:c8:e1,-76,Aula20
422,44:12:44:88:30:41,-59,Aula20
422,98:9d:5d:2b:72:3d,-82,Aula20
422,44:12:44:88:66:c1,-74,Aula20
422,44:12:44:88:81:31,-96,Aula20
422,30:b5:c2:7f:37:94,-70,Aula20
422,5a:c5:36:34:5e:f5,-87,Aula20
422,44:12:44:88:30:50,-79,Aula20
422,44:12:44:89:30:00,-81,Aula20
422,44:12:44:88:30:51,-79,Aula20
422,44:12:44:87:51:d0,-70,Aula20
422,44:12:44:88:c9:a0,-82,Aula20
422,44:12:44:87:51:d1,-70,Aula20
422,44:12:44:88:c9:a1,-82,Aula20
422,30:b5:c2:7f:37:95,-55,Aula20
423,74:0a:e1:48:50:93,-77,Aula20
423,44:12:44:87:51:c1,-66,Aula20
423,44:12:44:87:51:c0,-67,Aula20
423,44:12:44:88:7e:a0,-62,Aula20
423,44:12:44:88:7e:a1,-62,Aula20
423,e4:3e:d7:a9:6a:bf,-80,Aula20
423,44:12:44:88:c8:f0,-88,Aula20
423,44:12:44:88:c8:f1,-88,Aula20
423,44:12:44:88:66:d1,-72,Aula20
423,44:12:44:89:30:01,-80,Aula20
423,44:12:44:88:66:d0,-71,Aula20
423,44:12:44:88:7e:b0,-74,Aula20
423,44:12:44:88:7e:b1,-75,Aula20
423,44:12:44:87:5d:c1,-77,Aula20
423,44:12:44:87:5d:c0,-76,Aula20
423,44:12:44:88:c8:e0,-75,Aula20
423,44:12:44:88:30:40,-60,Aula20
423,44:12:44:88:c8:e1,-75,Aula20
423,30:b5:c2:7f:37:94,-70,Aula20
423,5a:c5:36:34:5e:f5,-90,Aula20
423,44:12:44:88:30:50,-79,Aula20
423,44:12:44:89:30:00,-80,Aula20
423,44:12:44:88:30:51,-79,Aula20
423,44:12:44:87:51:d0,-71,Aula20
423,44:12:44:88:c9:a0,-82,Aula20
423,44:12:44:87:51:d1,-72,Aula20
423,44:12:44:88:c9:a1,-82,Aula20
423,30:b5:c2:7f:37:95,-56,Aula20
424,74:0a:e1:48:50:93,-75,Aula20
424,88:0f:a2:00:d7:a4,-85,Aula20
424,44:12:44:87:51:c1,-66,Aula20
424,44:12:44:87:98:d1,-94,Aula20
424,44:12:44:87:51:c0,-66,Aula20
424,44:12:44:88:7e:a0,-62,Aula20
424,44:12:44:88:7e:a1,-62,Aula20
424,44:12:44:88:c8:f0,-87,Aula20
424,44:12:44:88:c8:f1,-88,Aula20
424,44:12:44:88:66:d1,-72,Aula20
424,00:0f:66:e9:ab:ec,-82,Aula20
424,44:12:44:88:81:20,-86,Aula20
424,44:12:44:88:66:d0,-72,Aula20
424,44:12:44:88:7e:b0,-74,Aula20
424,44:12:44:88:7e:b1,-74,Aula20
424,44:12:44:87:5d:c1,-77,Aula20
424,44:12:44:87:5d:c0,-77,Aula20
424,44:12:44:89:30:10,-93,Aula20
424,44:12:44:89:30:11,-95,Aula20
424,98:9d:5d:2b:72:3d,-82,Aula20
424,44:12:44:88:66:c1,-74,Aula20
424,44:12:44:88:66:c0,-74,Aula20
424,30:b5:c2:7f:37:94,-71,Aula20
424,5a:c5:36:34:5e:f5,-92,Aula20
424,44:12:44:88:30:51,-80,Aula20
424,44:12:44:87:51:d0,-72,Aula20
424,44:12:44:87:51:d1,-72,Aula20
424,44:12:44:88:c9:a1,-82,Aula20
425,74:0a:e1:48:50:93,-78,Aula20
425,88:0f:a2:00:d7:a4,-82,Aula20
425,44:12:44:87:51:c0,-67,Aula20
425,44:12:44:88:7e:a0,-61,Aula20
425,44:12:44:88:7e:a1,-62,Aula20
425,44:12:44:88:c8:f0,-89,Aula20
425,44:12:44:88:c8:f1,-89,Aula20
425,44:12:44:88:66:d1,-72,Aula20
425,00:0f:66:e9:ab:ec,-84,Aula20
425,44:12:44:88:81:21,-84,Aula20
425,44:12:44:88:81:20,-85,Aula20
425,44:12:44:88:66:d0,-73,Aula20
425,44:12:44:88:7e:b0,-73,Aula20
425,44:12:44:88:7e:b1,-73,Aula20
425,44:12:44:87:5d:c1,-77,Aula20
425,44:12:44:87:5d:c0,-73,Aula20
425,44:12:44:88:30:41,-60,Aula20
425,98:9d:5d:2b:72:3d,-81,Aula20
425,44:12:44:88:66:c1,-73,Aula20
425,44:12:44:88:66:c0,-73,Aula20
425,30:b5:c2:7f:37:94,-71,Aula20
425,44:12:44:88:30:50,-79,Aula20
425,44:12:44:88:30:51,-78,Aula20
425,44:12:44:87:51:d0,-71,Aula20
425,44:12:44:87:51:d1,-71,Aula20
425,30:b5:c2:7f:37:95,-56,Aula20
426,88:0f:a2:00:d7:a4,-85,Aula20
426,44:12:44:87:51:c1,-67,Aula20
426,44:12:44:87:51:c0,-67,Aula20
426,44:12:44:88:7e:a0,-61,Aula20
426,44:12:44:88:7e:a1,-62,Aula20
426,44:12:44:88:c8:f0,-87,Aula20
426,44:12:44:88:c8:f1,-88,Aula20
426,44:12:44:88:66:d1,-72,Aula20
426,00:0f:66:e9:ab:ec,-83,Aula20
426,44:12:44:88:81:21,-86,Aula20
426,44:12:44:88:81:20,-86,Aula20
426,44:12:44:88:66:d0,-72,Aula20
426,44:12:44:88:7e:b0,-73,Aula20
426,44:12:44:88:7e:b1,-74,Aula20
426,44:12:44:87:5d:c1,-77,Aula20
426,44:12:44:87:5d:c0,-77,Aula20
426,44:12:44:89:30:11,-95,Aula20
426,44:12:44:88:30:41,-60,Aula20
426,44:12:44:88:66:c1,-75,Aula20
426,44:12:44:88:66:c0,-75,Aula20
426,30:b5:c2:7f:37:94,-70,Aula20
426,44:12:44:88:30:50,-79,Aula20
426,44:12:44:87:51:d0,-72,Aula20
426,44:12:44:87:51:d1,-72,Aula20
426,30:b5:c2:7f:37:95,-56,Aula20
427,88:0f:a2:00:d7:a4,-82,Aula20
427,44:12:44:87:98:d1,-95,Aula20
427,44:12:44:88:7e:a0,-62,Aula20
427,44:12:44:88:7e:a1,-62,Aula20
427,e4:3e:d7:a9:6a:bf,-82,Aula20
427,44:12:44:88:c8:f0,-88,Aula20
427,44:12:44:88:c8:f1,-89,Aula20
427,44:12:44:87:98:c0,-79,Aula20
427,44:12:44:87:98:c1,-78,Aula20
427,44:12:44:88:66:d1,-72,Aula20
427,44:12:44:89:30:01,-81,Aula20
427,44:12:44:88:66:d0,-72,Aula20
427,44:12:44:88:7e:b0,-73,Aula20
427,44:12:44:88:7e:b1,-73,Aula20
427,44:12:44:88:c8:e0,-77,Aula20
427,44:12:44:88:30:40,-60,Aula20
427,44:12:44:88:c8:e1,-76,Aula20
427,44:12:44:88:30:41,-61,Aula20
427,44:12:44:88:66:c1,-74,Aula20
427,30:b5:c2:7f:37:94,-71,Aula20
427,5a:c5:36:34:5e:f5,-89,Aula20
427,44:12:44:88:30:50,-78,Aula20
427,44:12:44:89:30:00,-80,Aula20
427,44:12:44:88:30:51,-79,Aula20
427,44:12:44:87:51:d0,-72,Aula20
427,44:12:44:87:51:d1,-72,Aula20
427,44:12:44:88:c9:a1,-83,Aula20
427,30:b5:c2:7f:37:95,-56,Aula20
428,74:0a:e1:48:50:93,-80,Aula20
428,88:0f:a2:00:d7:a4,-85,Aula20
428,44:12:44:88:7e:a0,-61,Aula20
428,44:12:44:88:7e:a1,-61,Aula20
428,e4:3e:d7:a9:6a:bf,-81,Aula20
428,44:12:44:88:c8:f0,-88,Aula20
428,44:12:44:88:c8:f1,-88,Aula20
428,44:12:44:87:98:c0,-79,Aula20
428,44:12:44:87:98:c1,-78,Aula20
428,44:12:44:88:66:d1,-72,Aula20
428,44:12:44:89:30:01,-80,Aula20
428,44:12:44:88:66:d0,-72,Aula20
428,44:12:44:88:7e:b0,-73,Aula20
428,44:12:44:88:7e:b1,-73,Aula20
428,44:12:44:87:5d:c1,-77,Aula20
428,44:12:44:87:5d:c0,-76,Aula20
428,44:12:44:88:c8:e0,-77,Aula20
428,44:12:44:88:30:40,-60,Aula20
428,44:12:44:88:c8:e1,-77,Aula20
428,98:9d:5d:2b:72:3d,-81,Aula20
428,44:12:44:88:66:c1,-74,Aula20
428,44:12:44:88:66:c0,-73,Aula20
428,30:b5:c2:7f:37:94,-71,Aula20
428,5a:c5:36:34:5e:f5,-86,Aula20
428,44:12:44:89:30:00,-77,Aula20
428,44:12:44:88:30:50,-79,Aula20
428,44:12:44:88:30:51,-80,Aula20
428,44:12:44:87:51:d0,-71,Aula20
428,44:12:44:88:c9:a0,-84,Aula20
428,44:12:44:87:51:d1,-71,Aula20
428,44:12:44:88:c9:a1,-83,Aula20
428,60:8d:26:31:76:0c,-88,Aula20
428,30:b5:c2:7f:37:95,-61,Aula20
429,74:0a:e1:48:50:93,-76,Aula20
429,88:0f:a2:00:d7:a4,-85,Aula20
429,44:12:44:88:7e:a0,-61,Aula20
429,44:12:44:88:7e:a1,-61,Aula20
429,44:12:44:88:c8:f0,-89,Aula20
429,44:12:44:88:c8:f1,-89,Aula20
429,44:12:44:87:98:c0,-79,Aula20
429,44:12:44:88:66:d1,-73,Aula20
429,44:12:44:88:66:d0,-72,Aula20
429,44:12:44:88:7e:b0,-72,Aula20
429,44:12:44:88:7e:b1,-73,Aula20
429,44:12:44:87:5d:c0,-77,Aula20
429,44:12:44:88:c8:e0,-75,Aula20
429,44:12:44:88:30:40,-59,Aula20
429,44:12:44:88:c8:e1,-74,Aula20
429,44:12:44:88:30:41,-59,Aula20
429,44:12:44:88:66:c1,-73,Aula20
429,44:12:44:88:66:c0,-73,Aula20
429,30:b5:c2:7f:37:94,-72,Aula20
429,44:12:44:88:30:50,-79,Aula20
429,44:12:44:88:30:51,-79,Aula20
429,44:12:44:87:51:d0,-71,Aula20
429,44:12:44:87:51:d1,-72,Aula20
429,44:12:44:88:c9:a1,-84,Aula20
429,30:b5:c2:7f:37:95,-57,Aula20
430,88:0f:a2:00:d7:a4,-86,Aula20
430,44:12:44:88:7e:a0,-62,Aula20
430,44:12:44:88:7e:a1,-62,Aula20
430,44:12:44:88:c8:f0,-89,Aula20
430,44:12:44:88:c8:f1,-89,Aula20
430,44:12:44:87:98:c1,-80,Aula20
430,44:12:44:88:66:d1,-74,Aula20
430,00:0f:66:e9:ab:ec,-81,Aula20
430,44:12:44:88:81:21,-85,Aula20
430,44:12:44:88:81:20,-84,Aula20
430,44:12:44:88:66:d0,-74,Aula20
430,44:12:44:88:7e:b0,-73,Aula20
430,44:12:44:88:7e:b1,-72,Aula20
430,44:12:44:87:5d:c0,-77,Aula20
430,44:12:44:89:30:10,-94,Aula20
430,44:12:44:89:30:11,-95,Aula20
430,44:12:44:88:30:40,-60,Aula20
430,44:12:44:88:30:41,-59,Aula20
430,98:9d:5d:2b:72:3d,-82,Aula20
430,44:12:44:88:66:c1,-74,Aula20
430,30:b5:c2:7f:37:94,-71,Aula20
430,44:12:44:88:30:50,-78,Aula20
430,44:12:44:87:51:d0,-70,Aula20
430,44:12:44:87:51:d1,-70,Aula20
430,30:b5:c2:7f:37:95,-56,Aula20
431,74:0a:e1:48:50:93,-78,Aula20
431,88:0f:a2:00:d7:a4,-85,Aula20
431,44:12:44:87:51:c1,-67,Aula20
431,44:12:44:88:7e:a0,-62,Aula20
431,44:12:44:88:7e:a1,-63,Aula20
431,44:12:44:88:c8:f0,-89,Aula20
431,44:12:44:88:c8:f1,-89,Aula20
431,44:12:44:87:98:c0,-80,Aula20
431,44:12:44:88:66:d1,-72,Aula20
431,44:12:44:88:66:d0,-72,Aula20
431,44:12:44:88:7e:b0,-74,Aula20
431,44:12:44:88:7e:b1,-74,Aula20
431,44:12:44:87:5d:c1,-76,Aula20
431,44:12:44:89:30:10,-94,Aula20
431,44:12:44:89:30:11,-94,Aula20
431,44:12:44:88:30:40,-60,Aula20
431,44:12:44:88:30:41,-60,Aula20
431,44:12:44:88:66:c1,-76,Aula20
431,30:b5:c2:7f:37:94,-71,Aula20
431,44:12:44:88:30:50,-77,Aula20
431,44:12:44:88:30:51,-78,Aula20
431,44:12:44:87:51:d0,-72,Aula20
431,44:12:44:87:51:d1,-72,Aula20
431,30:b5:c2:7f:37:95,-55,Aula20
432,e8:48:b8:21:3f:b7,-88,Aula20
432,88:0f:a2:00:d7:a4,-82,Aula20
432,44:12:44:87:51:c1,-66,Aula20
432,44:12:44:88:7e:a0,-62,Aula20
432,44:12:44:88:7e:a1,-62,Aula20
432,44:12:44:88:c8:f0,-88,Aula20
432,44:12:44:88:c8:f1,-89,Aula20
432,44:12:44:88:66:d1,-71,Aula20
432,44:12:44:88:81:21,-86,Aula20
432,44:12:44:88:66:d0,-72,Aula20
432,44:12:44:88:7e:b0,-73,Aula20
432,44:12:44:88:7e:b1,-73,Aula20
432,44:12:44:88:c8:e0,-77,Aula20
432,44:12:44:88:30:40,-61,Aula20
432,44:12:44:88:30:41,-61,Aula20
432,30:b5:c2:7f:37:94,-71,Aula20
432,5a:c5:36:34:5e:f5,-87,Aula20
432,44:12:44:88:30:50,-79,Aula20
432,44:12:44:88:30:51,-79,Aula20
432,44:12:44:87:51:d0,-72,Aula20
432,44:12:44:87:51:d1,-73,Aula20
432,44:12:44:88:c9:a1,-82,Aula20
432,30:b5:c2:7f:37:95,-56,Aula20
433,88:0f:a2:00:d7:a4,-87,Aula20
433,44:12:44:87:51:c0,-66,Aula20
433,44:12:44:88:7e:a0,-62,Aula20
433,44:12:44:88:7e:a1,-62,Aula20
433,e4:3e:d7:a9:6a:bf,-81,Aula20
433,44:12:44:88:c8:f0,-87,Aula20
433,44:12:44:88:c8:f1,-87,Aula20
433,44:12:44:87:98:c0,-79,Aula20
433,44:12:44:87:98:c1,-79,Aula20
433,44:12:44:88:66:d1,-71,Aula20
433,44:12:44:88:66:d0,-72,Aula20
433,44:12:44:88:7e:b0,-73,Aula20
433,44:12:44:88:7e:b1,-73,Aula20
433,44:12:44:89:81:31,-93,Aula20
433,44:12:44:89:81:30,-92,Aula20
433,44:12:44:87:5d:c0,-77,Aula20
433,44:12:44:88:30:40,-61,Aula20
433,44:12:44:88:30:41,-61,Aula20
433,44:12:44:88:66:c1,-75,Aula20
433,30:b5:c2:7f:37:94,-71,Aula20
433,44:12:44:88:30:50,-78,Aula20
433,44:12:44:88:30:51,-78,Aula20
433,44:12:44:87:51:d0,-72,Aula20
433,44:12:44:87:51:d1,-72,Aula20
433,30:b5:c2:7f:37:95,-55,Aula20
434,74:0a:e1:48:50:93,-78,Aula20
434,88:0f:a2:00:d7:a4,-87,Aula20
434,44:12:44:88:7e:a0,-63,Aula20
434,44:12:44:88:7e:a1,-63,Aula20
434,e4:3e:d7:a9:6a:bf,-84,Aula20
434,44:12:44:88:c8:f0,-90,Aula20
434,44:12:44:88:c8:f1,-90,Aula20
434,44:12:44:88:66:d1,-72,Aula20
434,44:12:44:88:66:d0,-72,Aula20
434,44:12:44:88:7e:b0,-73,Aula20
434,44:12:44:88:7e:b1,-73,Aula20
434,44:12:44:88:c8:e0,-79,Aula20
434,44:12:44:88:30:40,-60,Aula20
434,44:12:44:88:c8:e1,-78,Aula20
434,44:12:44:88:30:41,-60,Aula20
434,98:9d:5d:2b:72:3d,-82,Aula20
434,44:12:44:88:66:c1,-73,Aula20
434,30:b5:c2:7f:37:94,-70,Aula20
434,5a:c5:36:34:5e:f5,-87,Aula20
434,44:12:44:88:30:50,-78,Aula20
434,44:12:44:88:30:51,-79,Aula20
434,44:12:44:87:51:d0,-72,Aula20
434,44:12:44:87:51:d1,-72,Aula20
434,44:12:44:88:c9:a1,-82,Aula20
434,30:b5:c2:7f:37:95,-55,Aula20
435,88:0f:a2:00:d7:a4,-84,Aula20
435,44:12:44:88:7e:a0,-62,Aula20
435,44:12:44:88:7e:a1,-62,Aula20
435,74:93:da:f3:45:5f,-89,Aula20
435,44:12:44:88:c8:f0,-90,Aula20
435,44:12:44:88:c8:f1,-91,Aula20
435,44:12:44:88:66:d1,-72,Aula20
435,44:12:44:89:30:01,-79,Aula20
435,00:0f:66:e9:ab:ec,-80,Aula20
435,44:12:44:88:66:d0,-72,Aula20
435,44:12:44:88:7e:b0,-73,Aula20
435,44:12:44:88:7e:b1,-73,Aula20
435,44:12:44:89:30:10,-94,Aula20
435,44:12:44:88:c8:e0,-77,Aula20
435,44:12:44:89:30:11,-94,Aula20
435,44:12:44:88:30:40,-60,Aula20
435,44:12:44:88:c8:e1,-77,Aula20
435,44:12:44:88:30:41,-61,Aula20
435,44:12:44:88:66:c1,-74,Aula20
435,44:12:44:88:66:c0,-75,Aula20
435,30:b5:c2:7f:37:94,-71,Aula20
435,44:12:44:88:30:50,-78,Aula20
435,44:12:44:88:30:51,-79,Aula20
435,44:12:44:87:51:d0,-71,Aula20
435,44:12:44:87:51:d1,-71,Aula20
435,60:8d:26:31:76:0c,-87,Aula20
435,30:b5:c2:7f:37:95,-55,Aula20
436,44:12:44:87:98:d0,-94,Aula20
436,88:0f:a2:00:d7:a4,-84,Aula20
436,44:12:44:87:98:d1,-96,Aula20
436,44:12:44:88:7e:a0,-62,Aula20
436,44:12:44:88:7e:a1,-62,Aula20
436,44:12:44:88:c8:f0,-87,Aula20
436,44:12:44:87:98:c1,-79,Aula20
436,44:12:44:88:66:d1,-72,Aula20
436,00:0f:66:e9:ab:ec,-81,Aula20
436,44:12:44:88:66:d0,-71,Aula20
436,44:12:44:88:7e:b0,-73,Aula20
436,44:12:44:88:7e:b1,-73,Aula20
436,44:12:44:89:81:31,-93,Aula20
436,44:12:44:89:81:30,-94,Aula20
436,44:12:44:89:30:10,-95,Aula20
436,44:12:44:89:30:11,-96,Aula20
436,44:12:44:88:30:41,-60,Aula20
436,30:b5:c2:7f:37:94,-71,Aula20
436,5a:c5:36:34:5e:f5,-80,Aula20
436,44:12:44:88:30:50,-78,Aula20
436,44:12:44:88:30:51,-78,Aula20
436,44:12:44:87:51:d0,-73,Aula20
436,44:12:44:87:51:d1,-73,Aula20
436,30:b5:c2:7f:37:95,-56,Aula20
437,88:0f:a2:00:d7:a4,-86,Aula20
437,44:12:44:88:7e:a0,-62,Aula20
437,44:12:44:88:7e:a1,-61,Aula20
437,44:12:44:88:c8:f0,-86,Aula20
437,44:12:44:88:c8:f1,-86,Aula20
437,44:12:44:87:98:c1,-79,Aula20
437,44:12:44:88:66:d1,-71,Aula20
437,44:12:44:88:81:20,-84,Aula20
437,44:12:44:88:66:d0,-71,Aula20
437,44:12:44:88:7e:b0,-73,Aula20
437,44:12:44:88:7e:b1,-73,Aula20
437,44:12:44:87:5d:c0,-77,Aula20
437,44:12:44:89:30:10,-96,Aula20
437,44:12:44:89:30:11,-94,Aula20
437,44:12:44:88:30:40,-59,Aula20
437,44:12:44:88:30:41,-59,Aula20
437,44:12:44:88:66:c1,-74,Aula20
437,44:12:44:88:66:c0,-74,Aula20
437,30:b5:c2:7f:37:94,-70,Aula20
437,5a:c5:36:34:5e:f5,-86,Aula20
437,44:12:44:88:30:50,-79,Aula20
437,44:12:44:88:30:51,-79,Aula20
437,44:12:44:87:51:d0,-71,Aula20
437,44:12:44:87:51:d1,-71,Aula20
437,30:b5:c2:7f:37:95,-56,Aula20
438,74:0a:e1:48:50:93,-79,Aula20
438,88:0f:a2:00:d7:a4,-86,Aula20
438,44:12:44:87:51:c0,-66,Aula20
438,44:12:44:88:7e:a0,-61,Aula20
438,44:12:44:88:7e:a1,-62,Aula20
438,44:12:44:88:c8:f0,-88,Aula20
438,44:12:44:88:c8:f1,-89,Aula20
438,44:12:44:87:98:c0,-80,Aula20
438,44:12:44:87:98:c1,-80,Aula20
438,44:12:44:88:66:d1,-72,Aula20
438,44:12:44:89:30:01,-81,Aula20
438,00:0f:66:e9:ab:ec,-83,Aula20
438,44:12:44:88:66:d0,-72,Aula20
438,44:12:44:88:7e:b0,-72,Aula20
438,44:12:44:88:7e:b1,-72,Aula20
438,44:12:44:87:5d:c1,-77,Aula20
438,44:12:44:87:5d:c0,-77,Aula20
438,44:12:44:89:30:10,-94,Aula20
438,44:12:44:89:30:11,-95,Aula20
438,44:12:44:88:30:40,-61,Aula20
438,44:12:44:88:c8:e1,-77,Aula20
438,44:12:44:88:30:41,-60,Aula20
438,98:9d:5d:2b:72:3d,-82,Aula20
438,44:12:44:88:66:c1,-75,Aula20
438,30:b5:c2:7f:37:94,-71,Aula20
438,44:12:44:88:30:50,-78,Aula20
438,44:12:44:89:30:00,-81,Aula20
438,44:12:44:88:30:51,-78,Aula20
438,44:12:44:87:51:d0,-71,Aula20
438,44:12:44:88:c9:a0,-82,Aula20
438,44:12:44:87:51:d1,-71,Aula20
438,44:12:44:88:c9:a1,-82,Aula20
438,60:8d:26:31:76:0c,-87,Aula20
438,30:b5:c2:7f:37:95,-55,Aula20
439,88:0f:a2:00:d7:a4,-85,Aula20
439,44:12:44:88:7e:a0,-61,Aula20
439,44:12:44:88:7e:a1,-62,Aula20
439,44:12:44:88:c8:f0,-88,Aula20
439,44:12:44:88:c8:f1,-88,Aula20
439,44:12:44:87:98:c0,-80,Aula20
439,44:12:44:87:98:c1,-81,Aula20
439,44:12:44:88:66:d1,-72,Aula20
439,44:12:44:89:30:01,-81,Aula20
439,00:0f:66:e9:ab:ec,-83,Aula20
439,44:12:44:88:66:d0,-73,Aula20
439,44:12:44:88:7e:b0,-72,Aula20
439,44:12:44:88:7e:b1,-72,Aula20
439,44:12:44:87:5d:c1,-76,Aula20
439,44:12:44:87:5d:c0,-77,Aula20
439,44:12:44:88:30:40,-59,Aula20
439,44:12:44:88:30:41,-58,Aula20
439,30:b5:c2:7f:37:94,-71,Aula20
439,44:12:44:88:30:50,-78,Aula20
439,44:12:44:89:30:00,-81,Aula20
439,44:12:44:88:30:51,-78,Aula20
439,44:12:44:87:51:d0,-70,Aula20
439,44:12:44:88:c9:a0,-83,Aula20
439,44:12:44:87:51:d1,-70,Aula20
439,44:12:44:88:c9:a1,-83,Aula20
439,60:8d:26:31:76:0c,-85,Aula20
439,30:b5:c2:7f:37:95,-56,Aula20
440,44:12:44:88:7e:a0,-61,Aula20
440,44:12:44:88:7e:a1,-61,Aula20
440,e4:3e:d7:a9:6a:bf,-81,Aula20
440,44:12:44:88:c8:f0,-88,Aula20
440,44:12:44:88:c8:f1,-89,Aula20
440,44:12:44:88:66:d1,-73,Aula20
440,44:12:44:88:66:d0,-72,Aula20
440,44:12:44:88:7e:b0,-72,Aula20
440,44:12:44:88:7e:b1,-73,Aula20
440,44:12:44:89:30:10,-93,Aula20
440,44:12:44:88:c8:e0,-76,Aula20
440,44:12:44:89:30:11,-94,Aula20
440,44:12:44:88:30:40,-59,Aula20
440,44:12:44:88:c8:e1,-77,Aula20
440,44:12:44:88:66:c1,-75,Aula20
440,44:12:44:88:66:c0,-74,Aula20
440,30:b5:c2:7f:37:94,-71,Aula20
440,44:12:44:88:30:50,-78,Aula20
440,44:12:44:88:30:51,-77,Aula20
440,44:12:44:87:51:d0,-70,Aula20
440,44:12:44:87:51:d1,-70,Aula20
440,44:12:44:88:c9:a1,-82,Aula20
440,60:8d:26:31:76:0c,-86,Aula20
440,30:b5:c2:7f:37:95,-56,Aula20
441,88:0f:a2:00:d7:a4,-86,Aula20
441,54:b7:bd:9b:c9:f6,-92,Aula20
441,44:12:44:88:7e:a0,-62,Aula20
441,44:12:44:88:7e:a1,-62,Aula20
441,e4:3e:d7:a9:6a:bf,-81,Aula20
441,44:12:44:88:c8:f0,-89,Aula20
441,44:12:44:88:c8:f1,-88,Aula20
441,44:12:44:88:66:d1,-72,Aula20
441,44:12:44:88:66:d0,-72,Aula20
441,44:12:44:88:7e:b0,-72,Aula20
441,44:12:44:88:7e:b1,-72,Aula20
441,44:12:44:89:30:10,-94,Aula20
441,44:12:44:88:c8:e0,-76,Aula20
441,44:12:44:89:30:11,-94,Aula20
441,44:12:44:88:30:40,-58,Aula20
441,44:12:44:88:c8:e1,-76,Aula20
441,44:12:44:88:30:41,-57,Aula20
441,44:12:44:88:66:c1,-73,Aula20
441,30:b5:c2:7f:37:94,-74,Aula20
441,44:12:44:88:30:50,-79,Aula20
441,44:12:44:88:30:51,-79,Aula20
441,44:12:44:87:51:d0,-70,Aula20
441,44:12:44:87:51:d1,-71,Aula20
441,60:8d:26:31:76:0c,-87,Aula20
441,30:b5:c2:7f:37:95,-56,Aula20
442,e8:48:b8:21:3f:b7,-85,Aula20
442,44:12:44:87:98:d0,-94,Aula20
442,44:12:44:87:51:c1,-67,Aula20
442,44:12:44:88:7e:a0,-62,Aula20
442,44:12:44:88:7e:a1,-62,Aula20
442,e4:3e:d7:a9:6a:bf,-87,Aula20
442,44:12:44:88:c8:f0,-87,Aula20
442,44:12:44:88:c8:f1,-87,Aula20
442,44:12:44:87:98:c0,-79,Aula20
442,44:12:44:87:98:c1,-80,Aula20
442,44:12:44:88:66:d1,-70,Aula20
442,44:12:44:88:66:d0,-70,Aula20
442,44:12:44:88:7e:b0,-73,Aula20
442,44:12:44:88:7e:b1,-73,Aula20
442,44:12:44:88:c8:e0,-76,Aula20
442,44:12:44:88:c8:e1,-76,Aula20
442,44:12:44:88:30:41,-61,Aula20
442,44:12:44:88:66:c1,-78,Aula20
442,44:12:44:88:66:c0,-77,Aula20
442,30:b5:c2:7f:37:94,-71,Aula20
442,44:12:44:88:30:50,-78,Aula20
442,44:12:44:88:30:51,-78,Aula20
442,44:12:44:87:51:d0,-71,Aula20
442,44:12:44:87:51:d1,-71,Aula20
442,30:b5:c2:7f:37:95,-56,Aula20
443,74:0a:e1:48:50:93,-81,Aula20
443,88:0f:a2:00:d7:a4,-86,Aula20
443,44:12:44:87:51:c1,-66,Aula20
443,44:12:44:87:51:c0,-67,Aula20
443,44:12:44:88:7e:a0,-62,Aula20
443,44:12:44:88:7e:a1,-62,Aula20
443,44:12:44:88:c8:f0,-88,Aula20
443,44:12:44:88:c8:f1,-89,Aula20
443,44:12:44:87:98:c0,-79,Aula20
443,44:12:44:87:98:c1,-79,Aula20
443,44:12:44:88:66:d1,-72,Aula20
443,44:12:44:88:81:20,-83,Aula20
443,44:12:44:88:66:d0,-72,Aula20
443,44:12:44:88:7e:b0,-74,Aula20
443,44:12:44:88:7e:b1,-74,Aula20
443,44:12:44:87:5d:c1,-77,Aula20
443,44:12:44:87:5d:c0,-77,Aula20
443,44:12:44:89:30:10,-94,Aula20
443,44:12:44:89:30:11,-94,Aula20
443,44:12:44:88:30:40,-59,Aula20
443,44:12:44:88:c8:e1,-78,Aula20
443,44:12:44:88:30:41,-60,Aula20
443,44:12:44:88:66:c1,-75,Aula20
443,30:b5:c2:7f:37:94,-71,Aula20
443,44:12:44:88:30:50,-77,Aula20
443,44:12:44:88:30:51,-78,Aula20
443,44:12:44:87:51:d0,-71,Aula20
443,44:12:44:88:c9:a0,-81,Aula20
443,44:12:44:87:51:d1,-70,Aula20
443,44:12:44:88:c9:a1,-82,Aula20
443,30:b5:c2:7f:37:95,-56,Aula20
444,74:0a:e1:48:50:93,-81,Aula20
444,88:0f:a2:00:d7:a4,-82,Aula20
444,44:12:44:87:51:c1,-67,Aula20
444,44:12:44:87:51:c0,-67,Aula20
444,44:12:44:88:7e:a0,-62,Aula20
444,44:12:44:88:7e:a1,-62,Aula20
444,e4:3e:d7:a9:6a:bf,-83,Aula20
444,74:93:da:f3:45:5f,-89,Aula20
444,44:12:44:88:c8:f0,-90,Aula20
444,44:12:44:87:98:c0,-77,Aula20
444,44:12:44:87:98:c1,-79,Aula20
444,44:12:44:88:66:d1,-72,Aula20
444,44:12:44:89:30:01,-81,Aula20
444,44:12:44:88:66:d0,-72,Aula20
444,44:12:44:88:7e:b0,-72,Aula20
444,44:12:44:88:7e:b1,-73,Aula20
444,44:12:44:87:5d:c1,-76,Aula20
444,44:12:44:87:5d:c0,-76,Aula20
444,44:12:44:88:c8:e0,-77,Aula20
444,44:12:44:88:30:40,-59,Aula20
444,44:12:44:88:c8:e1,-77,Aula20
444,44:12:44:88:30:41,-59,Aula20
444,44:12:44:88:66:c1,-75,Aula20
444,44:12:44:88:66:c0,-74,Aula20
444,30:b5:c2:7f:37:94,-72,Aula20
444,44:12:44:88:30:50,-78,Aula20
444,44:12:44:89:30:00,-83,Aula20
444,44:12:44:88:30:51,-78,Aula20
444,44:12:44:87:51:d0,-70,Aula20
444,44:12:44:88:c9:a0,-82,Aula20
444,44:12:44:87:51:d1,-70,Aula20
444,44:12:44:88:c9:a1,-82,Aula20
444,60:8d:26:31:76:0c,-86,Aula20
444,30:b5:c2:7f:37:95,-55,Aula20
445,74:0a:e1:48:50:93,-80,Aula20
445,88:0f:a2:00:d7:a4,-85,Aula20
445,44:12:44:87:98:d1,-96,Aula20
445,44:12:44:88:7e:a0,-62,Aula20
445,44:12:44:88:7e:a1,-63,Aula20
445,44:12:44:88:c8:f1,-89,Aula20
445,44:12:44:88:66:d1,-73,Aula20
445,44:12:44:89:30:01,-83,Aula20
445,44:12:44:88:66:d0,-73,Aula20
445,44:12:44:88:7e:b0,-73,Aula20
445,44:12:44:88:7e:b1,-73,Aula20
445,44:12:44:87:5d:c1,-77,Aula20
445,44:12:44:87:5d:c0,-77,Aula20
445,44:12:44:88:30:40,-59,Aula20
445,44:12:44:88:30:41,-60,Aula20
445,98:9d:5d:2b:72:3d,-84,Aula20
445,44:12:44:88:66:c1,-76,Aula20
445,44:12:44:88:66:c0,-76,Aula20
445,30:b5:c2:7f:37:94,-71,Aula20
445,44:12:44:88:30:50,-78,Aula20
445,44:12:44:89:30:00,-82,Aula20
445,44:12:44:88:30:51,-78,Aula20
445,44:12:44:87:51:d0,-71,Aula20
445,44:12:44:88:c9:a0,-82,Aula20
445,44:12:44:87:51:d1,-72,Aula20
445,44:12:44:88:c9:a1,-82,Aula20
445,30:b5:c2:7f:37:95,-55,Aula20
446,e8:48:b8:21:3f:b7,-89,Aula20
446,88:0f:a2:00:d7:a4,-85,Aula20
446,44:12:44:88:7e:a0,-63,Aula20
446,44:12:44:88:7e:a1,-63,Aula20
446,44:12:44:88:c8:f1,-87,Aula20
446,44:12:44:88:66:d1,-71,Aula20
446,44:12:44:88:66:d0,-71,Aula20
446,44:12:44:88:7e:b0,-73,Aula20
446,44:12:44:88:7e:b1,-74,Aula20
446,44:12:44:89:81:31,-93,Aula20
446,44:12:44:89:81:30,-93,Aula20
446,44:12:44:87:5d:c1,-79,Aula20
446,44:12:44:88:30:40,-60,Aula20
446,44:12:44:88:30:41,-59,Aula20
446,44:12:44:88:66:c1,-76,Aula20
446,44:12:44:88:66:c0,-75,Aula20
446,30:b5:c2:7f:37:94,-71,Aula20
446,44:12:44:88:30:50,-76,Aula20
446,44:12:44:88:30:51,-76,Aula20
446,44:12:44:87:51:d0,-71,Aula20
446,44:12:44:87:51:d1,-71,Aula20
446,30:b5:c2:7f:37:95,-60,Aula20
447,88:0f:a2:00:d7:a4,-85,Aula20
447,44:12:44:88:7e:a0,-62,Aula20
447,44:12:44:88:7e:a1,-62,Aula20
447,44:12:44:88:c8:f0,-89,Aula20
447,44:12:44:88:c8:f1,-88,Aula20
447,44:12:44:87:98:c1,-80,Aula20
447,44:12:44:88:66:d1,-72,Aula20
447,44:12:44:88:81:20,-85,Aula20
447,44:12:44:88:66:d0,-72,Aula20
447,44:12:44:88:7e:b0,-72,Aula20
447,44:12:44:88:7e:b1,-73,Aula20
447,44:12:44:89:30:10,-94,Aula20
447,44:12:44:88:c8:e0,-75,Aula20
447,44:12:44:89:30:11,-94,Aula20
447,44:12:44:88:30:40,-59,Aula20
447,44:12:44:88:c8:e1,-75,Aula20
447,44:12:44:88:30:41,-59,Aula20
447,44:12:44:88:66:c1,-75,Aula20
447,44:12:44:88:66:c0,-74,Aula20
447,30:b5:c2:7f:37:94,-71,Aula20
447,44:12:44:88:30:50,-76,Aula20
447,44:12:44:88:30:51,-76,Aula20
447,44:12:44:87:51:d0,-71,Aula20
447,44:12:44:87:51:d1,-71,Aula20
447,44:12:44:88:c9:a1,-82,Aula20
447,30:b5:c2:7f:37:95,-55,Aula20
448,44:12:44:87:51:c1,-67,Aula20
448,44:12:44:87:51:c0,-67,Aula20
448,44:12:44:88:7e:a0,-63,Aula20
448,44:12:44:88:7e:a1,-63,Aula20
448,44:12:44:88:c8:f0,-89,Aula20
448,44:12:44:88:c8:f1,-89,Aula20
448,44:12:44:87:98:c1,-80,Aula20
448,44:12:44:88:66:d1,-72,Aula20
448,44:12:44:89:30:01,-79,Aula20
448,00:0f:66:e9:ab:ec,-80,Aula20
448,44:12:44:88:66:d0,-72,Aula20
448,44:12:44:88:7e:b0,-73,Aula20
448,44:12:44:88:7e:b1,-73,Aula20
448,44:12:44:87:5d:c1,-77,Aula20
448,44:12:44:87:5d:c0,-77,Aula20
448,44:12:44:89:30:10,-94,Aula20
448,44:12:44:89:30:11,-93,Aula20
448,44:12:44:88:30:40,-60,Aula20
448,98:9d:5d:2b:72:3d,-83,Aula20
448,44:12:44:88:66:c1,-75,Aula20
448,44:12:44:88:66:c0,-76,Aula20
448,30:b5:c2:7f:37:94,-71,Aula20
448,44:12:44:88:30:50,-79,Aula20
448,44:12:44:89:30:00,-79,Aula20
448,44:12:44:88:30:51,-79,Aula20
448,44:12:44:87:51:d0,-72,Aula20
448,44:12:44:88:c9:a0,-83,Aula20
448,44:12:44:87:51:d1,-72,Aula20
448,30:b5:c2:7f:37:95,-55,Aula20
449,88:0f:a2:00:d7:a4,-82,Aula20
449,44:12:44:87:51:c0,-66,Aula20
449,44:12:44:88:7e:a0,-62,Aula20
449,44:12:44:88:7e:a1,-63,Aula20
449,e4:3e:d7:a9:6a:bf,-82,Aula20
449,d4:86:60:e9:94:6b,-95,Aula20
449,44:12:44:88:c8:f1,-87,Aula20
449,44:12:44:87:98:c1,-79,Aula20
449,44:12:44:88:66:d1,-72,Aula20
449,44:12:44:88:81:20,-83,Aula20
449,44:12:44:88:66:d0,-72,Aula20
449,44:12:44:88:7e:b0,-73,Aula20
449,44:12:44:88:7e:b1,-74,Aula20
449,44:12:44:87:5d:c0,-77,Aula20
449,44:12:44:88:c8:e0,-77,Aula20
449,44:12:44:88:30:40,-60,Aula20
449,44:12:44:88:c8:e1,-77,Aula20
449,44:12:44:88:30:41,-59,Aula20
449,44:12:44:88:66:c0,-76,Aula20
449,30:b5:c2:7f:37:94,-72,Aula20
449,44:12:44:88:30:50,-79,Aula20
449,44:12:44:88:30:51,-79,Aula20
449,44:12:44:87:51:d0,-70,Aula20
449,44:12:44:87:51:d1,-70,Aula20
449,30:b5:c2:7f:37:95,-55,Aula20
450,74:0a:e1:48:50:93,-78,Aula20
450,88:0f:a2:00:d7:a4,-85,Aula20
450,44:12:44:88:7e:a0,-63,Aula20
450,44:12:44:88:7e:a1,-63,Aula20
450,44:12:44:88:c8:f0,-87,Aula20
450,44:12:44:88:c8:f1,-87,Aula20
450,44:12:44:87:98:c0,-79,Aula20
450,44:12:44:88:66:d1,-73,Aula20
450,00:0f:66:e9:ab:ec,-77,Aula20
450,44:12:44:88:81:21,-83,Aula20
450,44:12:44:88:66:d0,-73,Aula20
450,44:12:44:88:7e:b0,-74,Aula20
450,44:12:44:88:7e:b1,-74,Aula20
450,44:12:44:87:5d:c1,-76,Aula20
450,44:12:44:89:30:10,-92,Aula20
450,44:12:44:89:30:11,-94,Aula20
450,44:12:44:88:30:40,-59,Aula20
450,44:12:44:88:c8:e1,-75,Aula20
450,44:12:44:88:30:41,-58,Aula20
450,44:12:44:88:66:c1,-75,Aula20
450,44:12:44:88:66:c0,-77,Aula20
450,30:b5:c2:7f:37:94,-72,Aula20
450,44:12:44:88:30:50,-78,Aula20
450,44:12:44:88:30:51,-78,Aula20
450,44:12:44:87:51:d0,-70,Aula20
450,44:12:44:88:c9:a0,-81,Aula20
450,44:12:44:87:51:d1,-70,Aula20
451,88:0f:a2:00:d7:a4,-86,Aula20
451,44:12:44:87:51:c1,-67,Aula20
451,44:12:44:87:51:c0,-66,Aula20
451,44:12:44:88:7e:a0,-62,Aula20
451,44:12:44:88:7e:a1,-63,Aula20
451,e4:3e:d7:a9:6a:bf,-86,Aula20
451,74:93:da:f3:45:5f,-88,Aula20
451,44:12:44:88:c8:f1,-86,Aula20
451,44:12:44:87:98:c0,-80,Aula20
451,44:12:44:87:98:c1,-79,Aula20
451,44:12:44:88:66:d1,-72,Aula20
451,00:0f:66:e9:ab:ec,-78,Aula20
451,44:12:44:89:30:01,-81,Aula20
451,44:12:44:88:66:d0,-72,Aula20
451,44:12:44:88:7e:b0,-74,Aula20
451,44:12:44:88:7e:b1,-74,Aula20
451,44:12:44:89:81:31,-92,Aula20
451,44:12:44:89:81:30,-92,Aula20
451,44:12:44:87:5d:c1,-76,Aula20
451,44:12:44:87:5d:c0,-78,Aula20
451,44:12:44:88:30:40,-59,Aula20
451,44:12:44:88:66:c1,-75,Aula20
451,30:b5:c2:7f:37:94,-71,Aula20
451,44:12:44:88:30:50,-77,Aula20
451,44:12:44:89:30:00,-81,Aula20
451,44:12:44:88:30:51,-78,Aula20
451,44:12:44:87:51:d0,-70,Aula20
451,44:12:44:88:c9:a0,-81,Aula20
451,44:12:44:87:51:d1,-70,Aula20
451,44:12:44:88:c9:a1,-82,Aula20
451,30:b5:c2:7f:37:95,-55,Aula20
452,e8:48:b8:21:3f:b7,-89,Aula20
452,44:12:44:87:51:c1,-66,Aula20
452,44:12:44:87:51:c0,-66,Aula20
452,44:12:44:88:7e:a0,-62,Aula20
452,44:12:44:88:7e:a1,-61,Aula20
452,44:12:44:88:c8:f0,-88,Aula20
452,44:12:44:88:c8:f1,-88,Aula20
452,44:12:44:87:98:c0,-80,Aula20
452,44:12:44:88:66:d1,-72,Aula20
452,44:12:44:88:66:d0,-72,Aula20
452,44:12:44:88:7e:b0,-73,Aula20
452,44:12:44:88:7e:b1,-73,Aula20
452,44:12:44:89:30:10,-96,Aula20
452,44:12:44:88:c8:e0,-76,Aula20
452,44:12:44:89:30:11,-94,Aula20
452,44:12:44:88:30:40,-59,Aula20
452,44:12:44:88:c8:e1,-75,Aula20
452,44:12:44:88:30:41,-58,Aula20
452,44:12:44:88:66:c1,-76,Aula20
452,44:12:44:88:66:c0,-75,Aula20
452,30:b5:c2:7f:37:94,-72,Aula20
452,44:12:44:88:30:50,-79,Aula20
452,44:12:44:88:30:51,-78,Aula20
452,44:12:44:87:51:d0,-70,Aula20
452,44:12:44:87:51:d1,-70,Aula20
452,44:12:44:88:c9:a1,-81,Aula20
452,30:b5:c2:7f:37:95,-55,Aula20
453,74:0a:e1:48:50:93,-80,Aula20
453,e8:48:b8:21:3f:b7,-88,Aula20
453,88:0f:a2:00:d7:a4,-85,Aula20
453,44:12:44:87:51:c1,-67,Aula20
453,44:12:44:88:7e:a0,-62,Aula20
453,44:12:44:88:7e:a1,-62,Aula20
453,44:12:44:88:c8:f0,-88,Aula20
453,44:12:44:88:c8:f1,-87,Aula20
453,44:12:44:88:66:d1,-72,Aula20
453,44:12:44:88:81:21,-83,Aula20
453,44:12:44:88:81:20,-83,Aula20
453,44:12:44:88:66:d0,-72,Aula20
453,44:12:44:88:7e:b0,-74,Aula20
453,44:12:44:88:7e:b1,-73,Aula20
453,44:12:44:89:81:31,-94,Aula20
453,44:12:44:89:81:30,-93,Aula20
453,44:12:44:87:5d:c0,-76,Aula20
453,44:12:44:89:30:10,-94,Aula20
453,44:12:44:88:c8:e0,-75,Aula20
453,44:12:44:89:30:11,-94,Aula20
453,44:12:44:88:30:40,-58,Aula20
453,44:12:44:88:c8:e1,-73,Aula20
453,44:12:44:88:30:41,-58,Aula20
453,44:12:44:88:66:c0,-75,Aula20
453,30:b5:c2:7f:37:94,-73,Aula20
453,60:3d:26:8b:7d:ff,-89,Aula20
453,44:12:44:88:30:50,-78,Aula20
453,44:12:44:88:30:51,-78,Aula20
453,44:12:44:87:51:d0,-70,Aula20
453,44:12:44:87:51:d1,-70,Aula20
453,30:b5:c2:7f:37:95,-55,Aula20
454,72:86:60:e9:94:6d,-94,Aula20
454,e8:48:b8:21:3f:b7,-87,Aula20
454,88:0f:a2:00:d7:a4,-81,Aula20
454,44:12:44:87:51:c1,-66,Aula20
454,44:12:44:87:51:c0,-67,Aula20
454,44:12:44:88:7e:a0,-62,Aula20
454,44:12:44:88:7e:a1,-62,Aula20
454,e4:3e:d7:a9:6a:bf,-84,Aula20
454,d4:86:60:e9:94:6b,-94,Aula20
454,44:12:44:88:c8:f1,-89,Aula20
454,44:12:44:88:66:d1,-72,Aula20
454,00:0f:66:e9:ab:ec,-83,Aula20
454,44:12:44:88:66:d0,-72,Aula20
454,44:12:44:88:7e:b0,-73,Aula20
454,44:12:44:88:7e:b1,-74,Aula20
454,44:12:44:88:c8:e0,-77,Aula20
454,44:12:44:88:30:40,-59,Aula20
454,44:12:44:88:c8:e1,-77,Aula20
454,44:12:44:88:30:41,-58,Aula20
454,44:12:44:88:66:c1,-75,Aula20
454,44:12:44:88:66:c0,-76,Aula20
454,30:b5:c2:7f:37:94,-74,Aula20
454,44:12:44:88:30:50,-78,Aula20
454,44:12:44:87:51:d0,-70,Aula20
454,44:12:44:87:51:d1,-70,Aula20
454,44:12:44:88:c9:a1,-82,Aula20
454,30:b5:c2:7f:37:95,-55,Aula20
455,74:0a:e1:48:50:93,-74,Aula20
455,88:0f:a2:00:d7:a4,-85,Aula20
455,44:12:44:88:7e:a0,-62,Aula20
455,44:12:44:88:7e:a1,-62,Aula20
455,44:12:44:88:c8:f0,-90,Aula20
455,44:12:44:88:c8:f1,-90,Aula20
455,44:12:44:87:98:c1,-78,Aula20
455,44:12:44:88:66:d1,-72,Aula20
455,00:0f:66:e9:ab:ec,-81,Aula20
455,44:12:44:89:30:01,-82,Aula20
455,44:12:44:88:81:21,-83,Aula20
455,44:12:44:88:81:20,-84,Aula20
455,44:12:44:88:66:d0,-72,Aula20
455,44:12:44:88:7e:b0,-74,Aula20
455,44:12:44:88:7e:b1,-74,Aula20
455,44:12:44:87:5d:c1,-76,Aula20
455,44:12:44:87:5d:c0,-76,Aula20
455,44:12:44:89:30:10,-94,Aula20
455,44:12:44:89:30:11,-93,Aula20
455,44:12:44:88:30:40,-57,Aula20
455,44:12:44:88:30:41,-57,Aula20
455,98:9d:5d:2b:72:3d,-83,Aula20
455,44:12:44:88:66:c1,-75,Aula20
455,30:b5:c2:7f:37:94,-73,Aula20
455,44:12:44:88:30:50,-78,Aula20
455,44:12:44:89:30:00,-82,Aula20
455,44:12:44:88:30:51,-78,Aula20
455,44:12:44:87:51:d0,-69,Aula20
455,44:12:44:88:c9:a0,-82,Aula20
455,44:12:44:87:51:d1,-70,Aula20
455,44:12:44:88:c9:a1,-82,Aula20
455,30:b5:c2:7f:37:95,-55,Aula20
456,74:0a:e1:48:50:93,-80,Aula20
456,e8:48:b8:21:3f:b7,-91,Aula20
456,88:0f:a2:00:d7:a4,-86,Aula20
456,44:12:44:87:51:c1,-67,Aula20
456,44:12:44:88:7e:a0,-62,Aula20
456,44:12:44:88:7e:a1,-62,Aula20
456,e4:3e:d7:a9:6a:bf,-82,Aula20
456,44:12:44:88:c8:f0,-89,Aula20
456,44:12:44:88:c8:f1,-90,Aula20
456,44:12:44:88:66:d1,-73,Aula20
456,44:12:44:88:66:d0,-72,Aula20
456,44:12:44:88:7e:b0,-74,Aula20
456,44:12:44:88:7e:b1,-74,Aula20
456,44:12:44:88:c8:e0,-77,Aula20
456,44:12:44:88:c8:e1,-76,Aula20
456,44:12:44:88:66:c1,-74,Aula20
456,44:12:44:88:66:c0,-74,Aula20
456,30:b5:c2:7f:37:94,-73,Aula20
456,44:12:44:88:30:50,-78,Aula20
456,44:12:44:88:30:51,-78,Aula20
456,44:12:44:87:51:d0,-70,Aula20
456,44:12:44:87:51:d1,-70,Aula20
456,60:8d:26:31:76:0c,-84,Aula20
456,30:b5:c2:7f:37:95,-55,Aula20
457,e8:48:b8:21:3f:b7,-90,Aula20
457,88:0f:a2:00:d7:a4,-84,Aula20
457,44:12:44:88:7e:a0,-61,Aula20
457,44:12:44:88:7e:a1,-62,Aula20
457,d4:86:60:e9:94:6b,-94,Aula20
457,44:12:44:88:c8:f1,-87,Aula20
457,44:12:44:88:66:d1,-72,Aula20
457,44:12:44:88:81:20,-84,Aula20
457,44:12:44:88:66:d0,-72,Aula20
457,44:12:44:88:7e:b0,-73,Aula20
457,44:12:44:88:7e:b1,-73,Aula20
457,44:12:44:88:c8:e0,-77,Aula20
457,44:12:44:88:30:40,-59,Aula20
457,44:12:44:88:c8:e1,-77,Aula20
457,44:12:44:88:30:41,-58,Aula20
457,44:12:44:88:66:c1,-75,Aula20
457,30:b5:c2:7f:37:94,-72,Aula20
457,44:12:44:88:30:50,-78,Aula20
457,44:12:44:88:30:51,-78,Aula20
457,44:12:44:87:51:d0,-70,Aula20
457,44:12:44:87:51:d1,-70,Aula20
457,30:b5:c2:7f:37:95,-54,Aula20
458,72:86:60:e9:94:6d,-92,Aula20
458,88:0f:a2:00:d7:a4,-83,Aula20
458,44:12:44:87:51:c1,-66,Aula20
458,44:12:44:87:51:c0,-66,Aula20
458,44:12:44:88:7e:a0,-61,Aula20
458,44:12:44:88:7e:a1,-61,Aula20
458,e4:3e:d7:a9:6a:bf,-80,Aula20
458,44:12:44:88:c8:f0,-89,Aula20
458,d4:86:60:e9:94:6b,-92,Aula20
458,44:12:44:87:98:c1,-82,Aula20
458,44:12:44:88:66:d1,-72,Aula20
458,44:12:44:88:66:d0,-72,Aula20
458,44:12:44:88:7e:b0,-73,Aula20
458,44:12:44:88:7e:b1,-73,Aula20
458,44:12:44:88:c8:e0,-75,Aula20
458,44:12:44:88:30:40,-58,Aula20
458,44:12:44:88:c8:e1,-75,Aula20
458,44:12:44:88:30:41,-58,Aula20
458,98:9d:5d:2b:72:3d,-83,Aula20
458,44:12:44:88:66:c1,-76,Aula20
458,30:b5:c2:7f:37:94,-73,Aula20
458,44:12:44:88:30:50,-77,Aula20
458,44:12:44:89:30:00,-81,Aula20
458,44:12:44:88:30:51,-77,Aula20
458,44:12:44:87:51:d0,-70,Aula20
458,44:12:44:88:c9:a0,-82,Aula20
458,44:12:44:87:51:d1,-70,Aula20
458,44:12:44:88:c9:a1,-84,Aula20
458,60:8d:26:31:76:0c,-85,Aula20
458,30:b5:c2:7f:37:95,-54,Aula20
459,74:0a:e1:48:50:93,-80,Aula20
459,88:0f:a2:00:d7:a4,-85,Aula20
459,44:12:44:87:51:c0,-67,Aula20
459,44:12:44:88:7e:a0,-61,Aula20
459,44:12:44:88:7e:a1,-61,Aula20
459,44:12:44:88:c8:f0,-89,Aula20
459,44:12:44:88:c8:f1,-89,Aula20
459,44:12:44:88:66:d1,-72,Aula20
459,00:0f:66:e9:ab:ec,-80,Aula20
459,44:12:44:89:30:01,-81,Aula20
459,44:12:44:88:66:d0,-72,Aula20
459,44:12:44:88:7e:b0,-75,Aula20
459,44:12:44:88:7e:b1,-74,Aula20
459,44:12:44:89:81:31,-93,Aula20
459,44:12:44:89:81:30,-94,Aula20
459,44:12:44:88:c8:e0,-74,Aula20
459,44:12:44:88:30:40,-58,Aula20
459,44:12:44:88:c8:e1,-76,Aula20
459,44:12:44:88:30:41,-58,Aula20
459,44:12:44:88:66:c1,-76,Aula20
459,44:12:44:88:66:c0,-76,Aula20
459,30:b5:c2:7f:37:94,-73,Aula20
459,44:12:44:88:30:50,-78,Aula20
459,44:12:44:88:30:51,-77,Aula20
459,44:12:44:87:51:d0,-70,Aula20
459,44:12:44:87:51:d1,-70,Aula20
459,44:12:44:88:c9:a1,-81,Aula20
459,30:b5:c2:7f:37:95,-54,Aula20
460,88:0f:a2:00:d7:a4,-81,Aula20
460,44:12:44:87:51:c1,-68,Aula20
460,44:12:44:87:51:c0,-68,Aula20
460,44:12:44:88:7e:a0,-61,Aula20
460,44:12:44:88:7e:a1,-61,Aula20
460,e4:3e:d7:a9:6a:bf,-84,Aula20
460,74:93:da:f3:45:5f,-87,Aula20
460,44:12:44:88:c8:f0,-89,Aula20
460,d4:86:60:e9:94:6b,-95,Aula20
460,44:12:44:88:c8:f1,-89,Aula20
460,44:12:44:87:98:c0,-82,Aula20
460,44:12:44:87:98:c1,-81,Aula20
460,44:12:44:88:66:d1,-71,Aula20
460,44:12:44:89:30:01,-80,Aula20
460,44:12:44:88:66:d0,-72,Aula20
460,44:12:44:88:7e:b0,-75,Aula20
460,44:12:44:88:7e:b1,-75,Aula20
460,44:12:44:87:5d:c1,-77,Aula20
460,44:12:44:87:5d:c0,-77,Aula20
460,44:12:44:89:30:11,-94,Aula20
460,44:12:44:88:30:40,-58,Aula20
460,44:12:44:88:30:41,-57,Aula20
460,98:9d:5d:2b:72:3d,-82,Aula20
460,44:12:44:88:66:c1,-75,Aula20
460,44:12:44:88:66:c0,-75,Aula20
460,30:b5:c2:7f:37:94,-72,Aula20
460,44:12:44:88:30:50,-78,Aula20
460,44:12:44:89:30:00,-81,Aula20
460,44:12:44:88:30:51,-80,Aula20
460,44:12:44:87:51:d0,-69,Aula20
460,44:12:44:88:c9:a0,-83,Aula20
460,44:12:44:87:51:d1,-69,Aula20
460,44:12:44:88:c9:a1,-83,Aula20
460,30:b5:c2:7f:37:95,-55,Aula20
461,88:0f:a2:00:d7:a4,-85,Aula20
461,44:12:44:88:7e:a0,-61,Aula20
461,44:12:44:88:7e:a1,-61,Aula20
461,44:12:44:88:c8:f1,-88,Aula20
461,44:12:44:88:66:d1,-72,Aula20
461,44:12:44:88:81:21,-84,Aula20
461,44:12:44:88:81:20,-85,Aula20
461,44:12:44:88:66:d0,-72,Aula20
461,44:12:44:88:7e:b0,-74,Aula20
461,44:12:44:88:7e:b1,-74,Aula20
461,44:12:44:87:5d:c1,-76,Aula20
461,44:12:44:87:5d:c0,-77,Aula20
461,44:12:44:89:30:10,-92,Aula20
461,44:12:44:88:c8:e0,-74,Aula20
461,44:12:44:89:30:11,-94,Aula20
461,44:12:44:88:30:40,-58,Aula20
461,44:12:44:88:c8:e1,-76,Aula20
461,44:12:44:88:30:41,-58,Aula20
461,44:12:44:88:66:c1,-76,Aula20
461,44:12:44:88:66:c0,-76,Aula20
461,30:b5:c2:7f:37:94,-74,Aula20
461,44:12:44:88:30:50,-77,Aula20
461,44:12:44:88:30:51,-77,Aula20
461,44:12:44:87:51:d0,-70,Aula20
461,44:12:44:87:51:d1,-70,Aula20
461,44:12:44:88:c9:a1,-82,Aula20
461,30:b5:c2:7f:37:95,-54,Aula20
462,74:0a:e1:48:50:93,-78,Aula20
462,88:0f:a2:00:d7:a4,-82,Aula20
462,44:12:44:87:51:c1,-67,Aula20
462,54:b7:bd:9b:c9:f6,-92,Aula20
462,44:12:44:88:7e:a0,-61,Aula20
462,44:12:44:88:7e:a1,-62,Aula20
462,44:12:44:88:c8:f0,-89,Aula20
462,44:12:44:88:c8:f1,-88,Aula20
462,44:12:44:87:98:c0,-81,Aula20
462,44:12:44:87:98:c1,-81,Aula20
462,44:12:44:88:66:d1,-74,Aula20
462,00:0f:66:e9:ab:ec,-81,Aula20
462,44:12:44:88:66:d0,-74,Aula20
462,44:12:44:88:7e:b0,-73,Aula20
462,44:12:44:88:7e:b1,-73,Aula20
462,44:12:44:89:30:10,-92,Aula20
462,44:12:44:88:c8:e0,-74,Aula20
462,44:12:44:89:30:11,-94,Aula20
462,44:12:44:88:30:40,-59,Aula20
462,44:12:44:88:c8:e1,-75,Aula20
462,44:12:44:88:30:41,-58,Aula20
462,44:12:44:88:66:c1,-77,Aula20
462,44:12:44:88:66:c0,-75,Aula20
462,30:b5:c2:7f:37:94,-72,Aula20
462,44:12:44:88:30:50,-78,Aula20
462,44:12:44:88:30:51,-79,Aula20
462,44:12:44:87:51:d0,-70,Aula20
462,44:12:44:87:51:d1,-70,Aula20
462,30:b5:c2:7f:37:95,-56,Aula20
463,88:0f:a2:00:d7:a4,-86,Aula20
463,44:12:44:88:7e:a0,-61,Aula20
463,44:12:44:88:7e:a1,-61,Aula20
463,e4:3e:d7:a9:6a:bf,-82,Aula20
463,44:12:44:88:c8:f0,-89,Aula20
463,44:12:44:88:c8:f1,-88,Aula20
463,44:12:44:87:98:c0,-80,Aula20
463,44:12:44:87:98:c1,-80,Aula20
463,44:12:44:88:66:d1,-73,Aula20
463,44:12:44:89:30:01,-81,Aula20
463,44:12:44:88:81:21,-82,Aula20
463,44:12:44:88:81:20,-83,Aula20
463,44:12:44:88:66:d0,-73,Aula20
463,44:12:44:88:7e:b0,-72,Aula20
463,44:12:44:88:7e:b1,-72,Aula20
463,44:12:44:89:81:31,-94,Aula20
463,44:12:44:89:81:30,-94,Aula20
463,44:12:44:87:5d:c1,-77,Aula20
463,44:12:44:87:5d:c0,-77,Aula20
463,44:12:44:89:30:10,-94,Aula20
463,44:12:44:88:30:40,-58,Aula20
463,44:12:44:88:30:41,-59,Aula20
463,44:12:44:88:66:c1,-75,Aula20
463,44:12:44:88:66:c0,-75,Aula20
463,30:b5:c2:7f:37:94,-73,Aula20
463,44:12:44:88:30:50,-78,Aula20
463,44:12:44:89:30:00,-79,Aula20
463,44:12:44:88:30:51,-79,Aula20
463,44:12:44:87:51:d0,-70,Aula20
463,44:12:44:88:c9:a0,-82,Aula20
463,44:12:44:87:51:d1,-70,Aula20
463,44:12:44:88:c9:a1,-82,Aula20
463,30:b5:c2:7f:37:95,-59,Aula20
464,88:0f:a2:00:d7:a4,-85,Aula20
464,44:12:44:87:51:c0,-66,Aula20
464,44:12:44:88:7e:a0,-61,Aula20
464,44:12:44:88:7e:a1,-61,Aula20
464,e4:3e:d7:a9:6a:bf,-81,Aula20
464,44:12:44:88:c8:f0,-89,Aula20
464,44:12:44:88:c8:f1,-89,Aula20
464,44:12:44:87:98:c0,-81,Aula20
464,44:12:44:87:98:c1,-81,Aula20
464,44:12:44:88:66:d1,-73,Aula20
464,44:12:44:88:66:d0,-73,Aula20
464,44:12:44:87:5d:c0,-76,Aula20
464,44:12:44:88:c8:e0,-77,Aula20
464,44:12:44:88:30:40,-59,Aula20
464,44:12:44:88:c8:e1,-76,Aula20
464,44:12:44:88:30:41,-59,Aula20
464,44:12:44:88:66:c1,-75,Aula20
464,44:12:44:88:66:c0,-75,Aula20
464,30:b5:c2:7f:37:94,-73,Aula20
464,44:12:44:88:30:50,-79,Aula20
464,44:12:44:88:30:51,-78,Aula20
464,44:12:44:87:51:d0,-71,Aula20
464,44:12:44:87:51:d1,-70,Aula20
464,44:12:44:88:c9:a1,-81,Aula20
464,30:b5:c2:7f:37:95,-54,Aula20
465,62:3e:d7:a9:6a:c3,-96,Aula20
465,72:86:60:e9:94:6d,-94,Aula20
465,88:0f:a2:00:d7:a4,-84,Aula20
465,44:12:44:87:51:c1,-65,Aula20
465,e4:3e:d7:a9:6a:c0,-95,Aula20
465,44:12:44:88:7e:a0,-62,Aula20
465,44:12:44:88:7e:a1,-61,Aula20
465,44:12:44:88:c8:f0,-88,Aula20
465,d4:86:60:e9:94:6b,-92,Aula20
465,44:12:44:88:c8:f1,-88,Aula20
465,44:12:44:87:98:c0,-80,Aula20
465,44:12:44:88:66:d1,-73,Aula20
465,44:12:44:88:81:20,-82,Aula20
465,44:12:44:88:66:d0,-73,Aula20
465,44:12:44:88:7e:b0,-73,Aula20
465,44:12:44:88:7e:b1,-73,Aula20
465,44:12:44:87:5d:c1,-77,Aula20
465,44:12:44:88:81:30,-95,Aula20
465,44:12:44:88:30:40,-58,Aula20
465,44:12:44:88:30:41,-58,Aula20
465,44:12:44:88:66:c1,-75,Aula20
465,44:12:44:88:66:c0,-75,Aula20
465,44:12:44:88:81:31,-96,Aula20
465,30:b5:c2:7f:37:94,-73,Aula20
465,44:12:44:88:30:50,-77,Aula20
465,44:12:44:88:30:51,-77,Aula20
465,44:12:44:87:51:d0,-70,Aula20
465,44:12:44:87:51:d1,-70,Aula20
465,30:b5:c2:7f:37:95,-55,Aula20
466,88:0f:a2:00:d7:a4,-85,Aula20
466,44:12:44:87:51:c1,-67,Aula20
466,44:12:44:87:51:c0,-67,Aula20
466,44:12:44:88:7e:a0,-63,Aula20
466,44:12:44:88:7e:a1,-63,Aula20
466,e4:3e:d7:a9:6a:bf,-82,Aula20
466,74:93:da:f3:45:5f,-89,Aula20
466,44:12:44:88:c8:f0,-88,Aula20
466,44:12:44:88:c8:f1,-88,Aula20
466,44:12:44:87:98:c0,-80,Aula20
466,44:12:44:87:98:c1,-81,Aula20
466,44:12:44:88:66:d1,-73,Aula20
466,44:12:44:89:30:01,-81,Aula20
466,44:12:44:88:81:21,-84,Aula20
466,44:12:44:88:66:d0,-73,Aula20
466,44:12:44:88:7e:b0,-73,Aula20
466,44:12:44:88:7e:b1,-73,Aula20
466,44:12:44:87:5d:c1,-77,Aula20
466,44:12:44:87:5d:c0,-76,Aula20
466,44:12:44:89:30:10,-94,Aula20
466,44:12:44:89:30:11,-92,Aula20
466,44:12:44:88:30:40,-58,Aula20
466,44:12:44:88:30:41,-58,Aula20
466,44:12:44:88:66:c1,-75,Aula20
466,44:12:44:88:66:c0,-75,Aula20
466,30:b5:c2:7f:37:94,-73,Aula20
466,44:12:44:88:30:50,-78,Aula20
466,44:12:44:89:30:00,-81,Aula20
466,44:12:44:88:30:51,-77,Aula20
466,44:12:44:87:51:d0,-70,Aula20
466,44:12:44:88:c9:a0,-82,Aula20
466,44:12:44:87:51:d1,-70,Aula20
466,44:12:44:88:c9:a1,-82,Aula20
467,62:3e:d7:a9:6a:c1,-94,Aula20
467,74:0a:e1:48:50:93,-74,Aula20
467,88:0f:a2:00:d7:a4,-85,Aula20
467,44:12:44:87:51:c1,-67,Aula20
467,44:12:44:87:51:c0,-68,Aula20
467,e4:3e:d7:a9:6a:c0,-96,Aula20
467,44:12:44:88:7e:a0,-62,Aula20
467,44:12:44:88:7e:a1,-61,Aula20
467,44:12:44:88:c8:f0,-89,Aula20
467,44:12:44:88:c8:f1,-89,Aula20
467,44:12:44:88:66:d1,-73,Aula20
467,44:12:44:89:30:01,-81,Aula20
467,00:0f:66:e9:ab:ec,-81,Aula20
467,44:12:44:88:66:d0,-73,Aula20
467,44:12:44:88:7e:b0,-73,Aula20
467,44:12:44:88:7e:b1,-72,Aula20
467,44:12:44:87:5d:c1,-76,Aula20
467,44:12:44:87:5d:c0,-77,Aula20
467,44:12:44:89:30:10,-93,Aula20
467,44:12:44:89:30:11,-92,Aula20
467,44:12:44:88:30:40,-58,Aula20
467,44:12:44:88:30:41,-58,Aula20
467,98:9d:5d:2b:72:3d,-83,Aula20
467,44:12:44:88:66:c1,-75,Aula20
467,44:12:44:88:66:c0,-74,Aula20
467,30:b5:c2:7f:37:94,-73,Aula20
467,44:12:44:88:30:50,-78,Aula20
467,44:12:44:88:30:51,-78,Aula20
467,44:12:44:87:51:d0,-70,Aula20
467,44:12:44:87:51:d1,-70,Aula20
467,30:b5:c2:7f:37:95,-61,Aula20
468,74:0a:e1:48:50:93,-78,Aula20
468,88:0f:a2:00:d7:a4,-85,Aula20
468,44:12:44:88:7e:a0,-62,Aula20
468,44:12:44:88:7e:a1,-62,Aula20
468,28:77:77:dc:3d:68,-95,Aula20
468,44:12:44:88:c8:f0,-89,Aula20
468,44:12:44:88:c8:f1,-89,Aula20
468,44:12:44:87:98:c0,-79,Aula20
468,44:12:44:87:98:c1,-80,Aula20
468,44:12:44:88:66:d1,-72,Aula20
468,44:12:44:88:66:d0,-72,Aula20
468,44:12:44:88:7e:b0,-73,Aula20
468,44:12:44:88:7e:b1,-73,Aula20
468,44:12:44:87:5d:c1,-77,Aula20
468,44:12:44:87:5d:c0,-76,Aula20
468,44:12:44:89:30:10,-93,Aula20
468,44:12:44:88:81:30,-95,Aula20
468,44:12:44:88:30:40,-58,Aula20
468,44:12:44:88:c8:e1,-77,Aula20
468,44:12:44:88:30:41,-58,Aula20
468,44:12:44:88:66:c1,-76,Aula20
468,30:b5:c2:7f:37:94,-73,Aula20
468,44:12:44:88:30:50,-78,Aula20
468,44:12:44:89:30:00,-81,Aula20
468,44:12:44:88:30:51,-78,Aula20
468,44:12:44:87:51:d0,-70,Aula20
468,44:12:44:88:c9:a0,-82,Aula20
468,44:12:44:87:51:d1,-70,Aula20
468,44:12:44:88:c9:a1,-81,Aula20
468,30:b5:c2:7f:37:95,-55,Aula20
469,88:0f:a2:00:d7:a4,-84,Aula20
469,44:12:44:87:51:c0,-67,Aula20
469,44:12:44:88:7e:a0,-62,Aula20
469,44:12:44:88:7e:a1,-62,Aula20
469,44:12:44:88:c8:f0,-87,Aula20
469,44:12:44:88:c8:f1,-88,Aula20
469,44:12:44:87:98:c0,-80,Aula20
469,44:12:44:87:98:c1,-80,Aula20
469,44:12:44:88:66:d1,-72,Aula20
469,44:12:44:88:81:21,-84,Aula20
469,44:12:44:88:66:d0,-72,Aula20
469,44:12:44:88:7e:b0,-75,Aula20
469,44:12:44:88:7e:b1,-74,Aula20
469,44:12:44:89:81:31,-92,Aula20
469,44:12:44:89:81:30,-94,Aula20
469,44:12:44:88:c8:e0,-77,Aula20
469,44:12:44:88:30:40,-58,Aula20
469,44:12:44:88:c8:e1,-76,Aula20
469,44:12:44:88:30:41,-58,Aula20
469,44:12:44:88:66:c0,-75,Aula20
469,30:b5:c2:7f:37:94,-73,Aula20
469,44:12:44:88:30:50,-78,Aula20
469,44:12:44:88:30:51,-78,Aula20
469,44:12:44:87:51:d0,-70,Aula20
469,44:12:44:87:51:d1,-70,Aula20
469,44:12:44:88:c9:a1,-82,Aula20
469,60:8d:26:31:76:0c,-89,Aula20
469,30:b5:c2:7f:37:95,-55,Aula20
470,e8:48:b8:21:3f:b7,-87,Aula20
470,88:0f:a2:00:d7:a4,-85,Aula20
470,44:12:44:87:51:c1,-67,Aula20
470,44:12:44:87:51:c0,-67,Aula20
470,44:12:44:88:7e:a0,-61,Aula20
470,44:12:44:88:7e:a1,-62,Aula20
470,e4:3e:d7:a9:6a:bf,-84,Aula20
470,44:12:44:88:c8:f0,-89,Aula20
470,44:12:44:88:c8:f1,-88,Aula20
470,44:12:44:88:66:d1,-73,Aula20
470,44:12:44:88:66:d0,-73,Aula20
470,44:12:44:88:7e:b0,-74,Aula20
470,44:12:44:88:7e:b1,-73,Aula20
470,44:12:44:88:c8:e0,-75,Aula20
470,44:12:44:89:30:11,-93,Aula20
470,44:12:44:88:c8:e1,-76,Aula20
470,44:12:44:88:30:41,-59,Aula20
470,30:b5:c2:7f:37:94,-74,Aula20
470,b0:39:56:8b:d0:32,-96,Aula20
470,44:12:44:88:30:50,-78,Aula20
470,44:12:44:88:30:51,-78,Aula20
470,44:12:44:87:51:d0,-70,Aula20
470,44:12:44:87:51:d1,-70,Aula20
470,60:8d:26:31:76:0c,-86,Aula20
470,30:b5:c2:7f:37:95,-54,Aula20
471,88:0f:a2:00:d7:a4,-85,Aula20
471,44:12:44:87:51:c1,-64,Aula20
471,44:12:44:87:51:c0,-68,Aula20
471,44:12:44:88:7e:a0,-61,Aula20
471,44:12:44:88:7e:a1,-61,Aula20
471,e4:3e:d7:a9:6a:bf,-82,Aula20
471,44:12:44:88:c8:f0,-88,Aula20
471,44:12:44:88:c8:f1,-89,Aula20
471,44:12:44:87:98:c0,-80,Aula20
471,44:12:44:87:98:c1,-80,Aula20
471,44:12:44:88:66:d1,-73,Aula20
471,44:12:44:89:30:01,-81,Aula20
471,00:0f:66:e9:ab:ec,-81,Aula20
471,44:12:44:88:66:d0,-73,Aula20
471,44:12:44:88:7e:b0,-72,Aula20
471,44:12:44:88:7e:b1,-73,Aula20
471,44:12:44:87:5d:c1,-76,Aula20
471,44:12:44:87:5d:c0,-76,Aula20
471,44:12:44:88:30:40,-58,Aula20
471,44:12:44:88:30:41,-59,Aula20
471,44:12:44:88:66:c1,-75,Aula20
471,44:12:44:88:66:c0,-73,Aula20
471,30:b5:c2:7f:37:94,-73,Aula20
471,44:12:44:88:30:50,-79,Aula20
471,44:12:44:89:30:00,-81,Aula20
471,44:12:44:88:30:51,-79,Aula20
471,44:12:44:87:51:d0,-69,Aula20
471,44:12:44:88:c9:a0,-81,Aula20
471,44:12:44:87:51:d1,-69,Aula20
471,44:12:44:88:c9:a1,-82,Aula20
471,60:8d:26:31:76:0c,-87,Aula20
471,30:b5:c2:7f:37:95,-55,Aula20
472,62:3e:d7:a9:6a:c1,-97,Aula20
472,74:0a:e1:48:50:93,-79,Aula20
472,88:0f:a2:00:d7:a4,-82,Aula20
472,44:12:44:87:51:c0,-66,Aula20
472,44:12:44:88:7e:a0,-62,Aula20
472,44:12:44:88:7e:a1,-61,Aula20
472,44:12:44:88:c8:f0,-88,Aula20
472,44:12:44:88:c8:f1,-88,Aula20
472,44:12:44:87:98:c0,-79,Aula20
472,44:12:44:88:66:d1,-73,Aula20
472,00:0f:66:e9:ab:ec,-81,Aula20
472,44:12:44:88:81:21,-84,Aula20
472,44:12:44:88:81:20,-85,Aula20
472,44:12:44:88:66:d0,-73,Aula20
472,44:12:44:88:7e:b0,-72,Aula20
472,44:12:44:88:7e:b1,-72,Aula20
472,44:12:44:89:30:10,-94,Aula20
472,44:12:44:89:30:11,-94,Aula20
472,44:12:44:88:30:40,-58,Aula20
472,44:12:44:88:30:41,-58,Aula20
472,44:12:44:88:66:c1,-76,Aula20
472,30:b5:c2:7f:37:94,-72,Aula20
472,44:12:44:88:30:50,-79,Aula20
472,44:12:44:88:30:51,-79,Aula20
472,44:12:44:87:51:d0,-70,Aula20
472,44:12:44:87:51:d1,-69,Aula20
472,30:b5:c2:7f:37:95,-55,Aula20
473,74:0a:e1:48:50:93,-79,Aula20
473,4c:b1:cd:40:02:88,-93,Aula20
473,44:12:44:88:7e:a0,-63,Aula20
473,44:12:44:88:7e:a1,-61,Aula20
473,44:12:44:88:c8:f0,-88,Aula20
473,44:12:44:88:c8:f1,-89,Aula20
473,44:12:44:88:66:d1,-74,Aula20
473,44:12:44:89:30:01,-81,Aula20
473,44:12:44:88:81:21,-84,Aula20
473,44:12:44:88:81:20,-83,Aula20
473,44:12:44:88:66:d0,-74,Aula20
473,44:12:44:88:7e:b0,-72,Aula20
473,44:12:44:88:7e:b1,-73,Aula20
473,44:12:44:89:81:31,-92,Aula20
473,44:12:44:89:81:30,-92,Aula20
473,44:12:44:87:5d:c1,-76,Aula20
473,44:12:44:87:5d:c0,-75,Aula20
473,44:12:44:89:30:10,-94,Aula20
473,44:12:44:89:30:11,-92,Aula20
473,44:12:44:88:30:40,-60,Aula20
473,44:12:44:88:30:41,-59,Aula20
473,fa:8f:ca:36:20:e6,-94,Aula20
473,44:12:44:88:66:c0,-75,Aula20
473,30:b5:c2:7f:37:94,-73,Aula20
473,44:12:44:88:30:50,-78,Aula20
473,44:12:44:89:30:00,-81,Aula20
473,44:12:44:88:30:51,-78,Aula20
473,44:12:44:87:51:d0,-70,Aula20
473,44:12:44:88:c9:a0,-83,Aula20
473,44:12:44:87:51:d1,-70,Aula20
473,44:12:44:88:c9:a1,-83,Aula20
473,30:b5:c2:7f:37:95,-54,Aula20
474,88:0f:a2:00:d7:a4,-82,Aula20
474,44:12:44:88:7e:a0,-61,Aula20
474,44:12:44:88:7e:a1,-62,Aula20
474,44:12:44:88:c8:f0,-90,Aula20
474,d4:86:60:e9:94:6b,-94,Aula20
474,44:12:44:88:c8:f1,-89,Aula20
474,44:12:44:87:98:c0,-80,Aula20
474,44:12:44:87:98:c1,-80,Aula20
474,44:12:44:88:66:d1,-72,Aula20
474,44:12:44:89:30:01,-80,Aula20
474,00:0f:66:e9:ab:ec,-81,Aula20
474,44:12:44:88:81:21,-84,Aula20
474,44:12:44:88:81:20,-83,Aula20
474,44:12:44:88:66:d0,-72,Aula20
474,44:12:44:88:7e:b0,-75,Aula20
474,44:12:44:88:7e:b1,-75,Aula20
474,44:12:44:89:81:31,-94,Aula20
474,44:12:44:89:81:30,-94,Aula20
474,44:12:44:87:5d:c1,-77,Aula20
474,44:12:44:87:5d:c0,-76,Aula20
474,44:12:44:89:30:10,-93,Aula20
474,44:12:44:89:30:11,-94,Aula20
474,44:12:44:88:30:40,-58,Aula20
474,44:12:44:88:30:41,-58,Aula20
474,98:9d:5d:2b:72:3d,-82,Aula20
474,44:12:44:88:66:c1,-76,Aula20
474,44:12:44:88:66:c0,-75,Aula20
474,30:b5:c2:7f:37:94,-73,Aula20
474,44:12:44:88:30:50,-78,Aula20
474,44:12:44:89:30:00,-81,Aula20
474,44:12:44:88:30:51,-78,Aula20
474,44:12:44:87:51:d0,-71,Aula20
474,44:12:44:88:c9:a0,-82,Aula20
474,44:12:44:87:51:d1,-71,Aula20
474,44:12:44:88:c9:a1,-82,Aula20
474,30:b5:c2:7f:37:95,-61,Aula20
475,74:0a:e1:48:50:93,-80,Aula20
475,88:0f:a2:00:d7:a4,-85,Aula20
475,44:12:44:88:7e:a0,-61,Aula20
475,44:12:44:88:7e:a1,-62,Aula20
475,44:12:44:88:c8:f0,-89,Aula20
475,44:12:44:88:c8:f1,-88,Aula20
475,44:12:44:88:66:d1,-72,Aula20
475,00:0f:66:e9:ab:ec,-82,Aula20
475,44:12:44:88:81:21,-84,Aula20
475,44:12:44:88:81:20,-84,Aula20
475,44:12:44:88:66:d0,-72,Aula20
475,44:12:44:88:7e:b0,-73,Aula20
475,44:12:44:88:7e:b1,-73,Aula20
475,44:12:44:89:30:10,-91,Aula20
475,44:12:44:89:30:11,-92,Aula20
475,44:12:44:88:30:40,-60,Aula20
475,44:12:44:88:c8:e1,-75,Aula20
475,44:12:44:88:30:41,-60,Aula20
475,44:12:44:88:66:c1,-77,Aula20
475,44:12:44:88:66:c0,-76,Aula20
475,30:b5:c2:7f:37:94,-73,Aula20
475,44:12:44:88:30:50,-78,Aula20
475,44:12:44:88:30:51,-78,Aula20
475,44:12:44:87:51:d0,-71,Aula20
475,44:12:44:87:51:d1,-71,Aula20
475,30:b5:c2:7f:37:95,-54,Aula20
476,74:0a:e1:48:50:93,-79,Aula20
476,88:0f:a2:00:d7:a4,-85,Aula20
476,44:12:44:87:51:c1,-67,Aula20
476,44:12:44:88:7e:a0,-61,Aula20
476,44:12:44:88:7e:a1,-61,Aula20
476,44:12:44:88:c8:f0,-89,Aula20
476,44:12:44:88:c8:f1,-89,Aula20
476,44:12:44:87:98:c0,-81,Aula20
476,44:12:44:87:98:c1,-81,Aula20
476,44:12:44:88:66:d1,-72,Aula20
476,00:0f:66:e9:ab:ec,-81,Aula20
476,44:12:44:89:30:01,-82,Aula20
476,44:12:44:88:81:21,-83,Aula20
476,44:12:44:88:81:20,-82,Aula20
476,44:12:44:88:66:d0,-72,Aula20
476,44:12:44:88:7e:b0,-73,Aula20
476,44:12:44:88:7e:b1,-73,Aula20
476,44:12:44:87:5d:c1,-76,Aula20
476,44:12:44:87:5d:c0,-75,Aula20
476,44:12:44:89:30:10,-92,Aula20
476,44:12:44:89:30:11,-91,Aula20
476,44:12:44:88:30:40,-58,Aula20
476,44:12:44:88:c8:e1,-75,Aula20
476,44:12:44:88:30:41,-59,Aula20
476,98:9d:5d:2b:72:3d,-82,Aula20
476,44:12:44:88:66:c0,-77,Aula20
476,30:b5:c2:7f:37:94,-73,Aula20
476,44:12:44:88:30:50,-77,Aula20
476,44:12:44:89:30:00,-81,Aula20
476,44:12:44:88:30:51,-77,Aula20
476,44:12:44:87:51:d0,-71,Aula20
476,44:12:44:87:51:d1,-70,Aula20
476,44:12:44:88:c9:a1,-82,Aula20
476,30:b5:c2:7f:37:95,-54,Aula20
477,88:0f:a2:00:d7:a4,-85,Aula20
477,44:12:44:87:51:c1,-67,Aula20
477,44:12:44:87:51:c0,-66,Aula20
477,44:12:44:88:7e:a0,-62,Aula20
477,44:12:44:88:7e:a1,-62,Aula20
477,e4:3e:d7:a9:6a:bf,-82,Aula20
477,44:12:44:88:c8:f0,-89,Aula20
477,44:12:44:88:c8:f1,-89,Aula20
477,44:12:44:87:98:c0,-81,Aula20
477,44:12:44:87:98:c1,-79,Aula20
477,44:12:44:88:66:d1,-72,Aula20
477,44:12:44:89:30:01,-82,Aula20
477,44:12:44:88:66:d0,-72,Aula20
477,44:12:44:88:7e:b0,-73,Aula20
477,44:12:44:88:7e:b1,-72,Aula20
477,44:12:44:87:5d:c1,-77,Aula20
477,44:12:44:87:5d:c0,-76,Aula20
477,44:12:44:89:30:10,-94,Aula20
477,44:12:44:89:30:11,-94,Aula20
477,44:12:44:88:30:40,-61,Aula20
477,44:12:44:88:30:41,-60,Aula20
477,44:12:44:88:66:c1,-77,Aula20
477,44:12:44:88:66:c0,-77,Aula20
477,30:b5:c2:7f:37:94,-73,Aula20
477,44:12:44:88:30:50,-79,Aula20
477,44:12:44:89:30:00,-81,Aula20
477,44:12:44:88:30:51,-79,Aula20
477,44:12:44:87:51:d0,-70,Aula20
477,44:12:44:88:c9:a0,-82,Aula20
477,44:12:44:87:51:d1,-70,Aula20
477,44:12:44:88:c9:a1,-81,Aula20
477,60:8d:26:31:76:0c,-86,Aula20
477,30:b5:c2:7f:37:95,-55,Aula20
478,44:12:44:87:51:c1,-67,Aula20
478,44:12:44:88:7e:a0,-62,Aula20
478,44:12:44:88:7e:a1,-63,Aula20
478,74:93:da:f3:45:5f,-88,Aula20
478,44:12:44:88:c8:f0,-88,Aula20
478,44:12:44:88:c8:f1,-89,Aula20
478,44:12:44:87:98:c0,-80,Aula20
478,44:12:44:87:98:c1,-80,Aula20
478,44:12:44:88:66:d1,-73,Aula20
478,44:12:44:89:30:01,-82,Aula20
478,44:12:44:88:66:d0,-73,Aula20
478,44:12:44:88:7e:b0,-74,Aula20
478,44:12:44:88:7e:b1,-73,Aula20
478,44:12:44:87:5d:c1,-77,Aula20
478,44:12:44:87:5d:c0,-76,Aula20
478,44:12:44:89:30:10,-94,Aula20
478,44:12:44:89:30:11,-94,Aula20
478,44:12:44:88:30:40,-57,Aula20
478,44:12:44:88:30:41,-58,Aula20
478,98:9d:5d:2b:72:3d,-82,Aula20
478,44:12:44:88:66:c1,-76,Aula20
478,44:12:44:88:66:c0,-76,Aula20
478,30:b5:c2:7f:37:94,-74,Aula20
478,60:3d:26:8b:7d:ff,-92,Aula20
478,44:59:43:7a:ea:0c,-89,Aula20
478,44:12:44:88:30:50,-77,Aula20
478,44:12:44:89:30:00,-82,Aula20
478,44:12:44:88:30:51,-77,Aula20
478,44:12:44:87:51:d0,-71,Aula20
478,44:12:44:88:c9:a0,-82,Aula20
478,44:12:44:87:51:d1,-71,Aula20
478,44:12:44:88:c9:a1,-82,Aula20
479,72:86:60:e9:94:6d,-95,Aula20
479,88:0f:a2:00:d7:a4,-87,Aula20
479,44:12:44:87:51:c1,-67,Aula20
479,44:12:44:88:7e:a0,-61,Aula20
479,44:12:44:88:7e:a1,-62,Aula20
479,a2:2a:88:0c:0e:ae,-88,Aula20
479,44:12:44:88:c8:f0,-88,Aula20
479,44:12:44:88:66:d1,-72,Aula20
479,44:12:44:89:30:01,-81,Aula20
479,00:0f:66:e9:ab:ec,-82,Aula20
479,44:12:44:88:66:d0,-72,Aula20
479,44:12:44:88:7e:b0,-73,Aula20
479,44:12:44:88:7e:b1,-73,Aula20
479,44:12:44:89:81:31,-93,Aula20
479,44:12:44:87:5d:c1,-76,Aula20
479,44:12:44:87:5d:c0,-76,Aula20
479,44:12:44:88:30:40,-58,Aula20
479,44:12:44:88:c8:e1,-76,Aula20
479,44:12:44:88:30:41,-58,Aula20
479,44:12:44:88:66:c1,-76,Aula20
479,30:b5:c2:7f:37:94,-73,Aula20
479,44:12:44:88:30:50,-79,Aula20
479,44:12:44:89:30:00,-81,Aula20
479,44:12:44:88:30:51,-79,Aula20
479,44:12:44:87:51:d0,-70,Aula20
479,44:12:44:88:c9:a0,-82,Aula20
479,44:12:44:87:51:d1,-70,Aula20
479,44:12:44:88:c9:a1,-82,Aula20
479,30:b5:c2:7f:37:95,-54,Aula20
480,74:0a:e1:48:50:93,-77,Aula20
480,88:0f:a2:00:d7:a4,-84,Aula20
480,44:12:44:88:7e:a0,-61,Aula20
480,44:12:44:88:7e:a1,-62,Aula20
480,44:12:44:88:c8:f0,-88,Aula20
480,44:12:44:88:c8:f1,-87,Aula20
480,44:12:44:87:98:c0,-82,Aula20
480,44:12:44:87:98:c1,-82,Aula20
480,44:12:44:88:66:d1,-73,Aula20
480,44:12:44:89:30:01,-81,Aula20
480,00:0f:66:e9:ab:ec,-85,Aula20
480,44:12:44:88:81:21,-85,Aula20
480,44:12:44:88:66:d0,-73,Aula20
480,44:12:44:88:7e:b0,-73,Aula20
480,44:12:44:88:7e:b1,-73,Aula20
480,44:12:44:89:81:31,-92,Aula20
480,44:12:44:89:81:30,-91,Aula20
480,44:12:44:87:5d:c1,-77,Aula20
480,44:12:44:87:5d:c0,-77,Aula20
480,44:12:44:89:30:10,-92,Aula20
480,44:12:44:89:30:11,-94,Aula20
480,44:12:44:88:30:40,-59,Aula20
480,44:12:44:88:30:41,-59,Aula20
480,98:9d:5d:2b:72:3d,-82,Aula20
480,44:12:44:88:66:c1,-76,Aula20
480,44:12:44:88:66:c0,-76,Aula20
480,30:b5:c2:7f:37:94,-72,Aula20
480,44:12:44:88:30:50,-78,Aula20
480,44:12:44:88:30:51,-78,Aula20
480,44:12:44:87:51:d0,-70,Aula20
480,44:12:44:88:c9:a0,-82,Aula20
480,44:12:44:87:51:d1,-70,Aula20
480,44:12:44:88:c9:a1,-81,Aula20
480,30:b5:c2:7f:37:95,-55,Aula20
481,88:0f:a2:00:d7:a4,-85,Aula20
481,44:12:44:87:51:c1,-67,Aula20
481,44:12:44:88:7e:a0,-62,Aula20
481,44:12:44:88:7e:a1,-62,Aula20
481,e4:3e:d7:a9:6a:bf,-81,Aula20
481,44:12:44:88:c8:f0,-89,Aula20
481,44:12:44:88:c8:f1,-88,Aula20
481,44:12:44:88:66:d1,-72,Aula20
481,00:0f:66:e9:ab:ec,-83,Aula20
481,44:12:44:88:81:21,-85,Aula20
481,44:12:44:88:81:20,-85,Aula20
481,44:12:44:88:66:d0,-72,Aula20
481,44:12:44:88:7e:b0,-73,Aula20
481,44:12:44:88:7e:b1,-73,Aula20
481,44:12:44:89:81:31,-92,Aula20
481,44:12:44:89:81:30,-93,Aula20
481,44:12:44:89:30:10,-94,Aula20
481,44:12:44:88:c8:e0,-76,Aula20
481,44:12:44:88:30:40,-59,Aula20
481,44:12:44:88:c8:e1,-77,Aula20
481,44:12:44:88:30:41,-58,Aula20
481,98:9d:5d:2b:72:3d,-84,Aula20
481,44:12:44:88:66:c1,-77,Aula20
481,44:12:44:88:66:c0,-77,Aula20
481,30:b5:c2:7f:37:94,-73,Aula20
481,44:12:44:88:30:50,-79,Aula20
481,44:12:44:88:30:51,-79,Aula20
481,44:12:44:87:51:d0,-70,Aula20
481,44:12:44:87:51:d1,-70,Aula20
481,44:12:44:88:c9:a1,-81,Aula20
482,74:0a:e1:48:50:93,-79,Aula20
482,88:0f:a2:00:d7:a4,-85,Aula20
482,44:12:44:87:51:c1,-67,Aula20
482,44:12:44:87:51:c0,-67,Aula20
482,44:12:44:88:7e:a0,-62,Aula20
482,44:12:44:88:7e:a1,-62,Aula20
482,e4:3e:d7:a9:6a:bf,-82,Aula20
482,44:12:44:88:c8:f0,-87,Aula20
482,44:12:44:88:66:d1,-73,Aula20
482,00:0f:66:e9:ab:ec,-85,Aula20
482,44:12:44:88:66:d0,-73,Aula20
482,44:12:44:88:7e:b0,-73,Aula20
482,44:12:44:88:7e:b1,-73,Aula20
482,44:12:44:87:5d:c0,-76,Aula20
482,44:12:44:88:c8:e0,-76,Aula20
482,44:12:44:88:30:40,-58,Aula20
482,44:12:44:88:c8:e1,-77,Aula20
482,44:12:44:88:30:41,-58,Aula20
482,98:9d:5d:2b:72:3d,-84,Aula20
482,58:23:8c:7a:73:52,-90,Aula20
482,44:12:44:88:66:c1,-77,Aula20
482,30:b5:c2:7f:37:94,-73,Aula20
482,44:12:44:88:30:50,-77,Aula20
482,44:12:44:88:30:51,-78,Aula20
482,44:12:44:87:51:d0,-70,Aula20
482,44:12:44:87:51:d1,-70,Aula20
483,74:0a:e1:48:50:93,-81,Aula20
483,88:0f:a2:00:d7:a4,-84,Aula20
483,44:12:44:87:51:c1,-67,Aula20
483,44:12:44:87:98:d1,-94,Aula20
483,44:12:44:87:51:c0,-68,Aula20
483,44:12:44:88:7e:a0,-61,Aula20
483,44:12:44:88:7e:a1,-62,Aula20
483,e4:3e:d7:a9:6a:bf,-82,Aula20
483,44:12:44:88:c8:f0,-88,Aula20
483,44:12:44:88:c8:f1,-88,Aula20
483,44:12:44:87:98:c0,-80,Aula20
483,44:12:44:87:98:c1,-81,Aula20
483,44:12:44:88:66:d1,-73,Aula20
483,44:12:44:89:30:01,-81,Aula20
483,44:12:44:88:66:d0,-73,Aula20
483,44:12:44:88:7e:b0,-73,Aula20
483,44:12:44:88:7e:b1,-73,Aula20
483,76:93:da:93:45:5f,-86,Aula20
483,44:12:44:87:5d:c1,-77,Aula20
483,44:12:44:87:5d:c0,-76,Aula20
483,44:12:44:89:30:10,-92,Aula20
483,44:12:44:89:30:11,-94,Aula20
483,44:12:44:88:66:c1,-76,Aula20
483,44:12:44:88:66:c0,-77,Aula20
483,30:b5:c2:7f:37:94,-73,Aula20
483,44:12:44:88:30:50,-79,Aula20
483,44:12:44:89:30:00,-81,Aula20
483,44:12:44:88:30:51,-79,Aula20
483,44:12:44:87:51:d0,-71,Aula20
483,44:12:44:88:c9:a0,-84,Aula20
483,44:12:44:87:51:d1,-71,Aula20
483,44:12:44:88:c9:a1,-82,Aula20
483,60:8d:26:31:76:0c,-82,Aula20
483,30:b5:c2:7f:37:95,-54,Aula20
484,44:12:44:87:51:c1,-67,Aula20
484,44:12:44:87:51:c0,-66,Aula20
484,44:12:44:88:7e:a0,-62,Aula20
484,44:12:44:88:7e:a1,-61,Aula20
484,e4:3e:d7:a9:6a:bf,-81,Aula20
484,44:12:44:88:c8:f0,-88,Aula20
484,44:12:44:88:c8:f1,-87,Aula20
484,44:12:44:88:66:d1,-71,Aula20
484,44:12:44:89:30:01,-80,Aula20
484,00:0f:66:e9:ab:ec,-84,Aula20
484,44:12:44:88:66:d0,-71,Aula20
484,44:12:44:88:7e:b0,-72,Aula20
484,44:12:44:88:7e:b1,-72,Aula20
484,44:12:44:87:5d:c1,-76,Aula20
484,44:12:44:87:5d:c0,-75,Aula20
484,44:12:44:89:30:10,-96,Aula20
484,44:12:44:88:c8:e0,-76,Aula20
484,44:12:44:89:30:11,-94,Aula20
484,44:12:44:88:30:40,-59,Aula20
484,44:12:44:88:c8:e1,-77,Aula20
484,44:12:44:88:30:41,-58,Aula20
484,98:9d:5d:2b:72:3d,-84,Aula20
484,44:12:44:88:66:c1,-75,Aula20
484,44:12:44:88:66:c0,-77,Aula20
484,30:b5:c2:7f:37:94,-74,Aula20
484,44:12:44:88:30:50,-79,Aula20
484,44:12:44:89:30:00,-80,Aula20
484,44:12:44:88:30:51,-79,Aula20
484,44:12:44:87:51:d0,-70,Aula20
484,44:12:44:88:c9:a0,-82,Aula20
484,44:12:44:87:51:d1,-71,Aula20
484,44:12:44:88:c9:a1,-82,Aula20
484,30:b5:c2:7f:37:95,-61,Aula20
485,88:0f:a2:00:d7:a4,-86,Aula20
485,44:12:44:87:51:c1,-66,Aula20
485,44:12:44:87:51:c0,-66,Aula20
485,44:12:44:88:7e:a0,-60,Aula20
485,44:12:44:88:7e:a1,-60,Aula20
485,e4:3e:d7:a9:6a:bf,-81,Aula20
485,44:12:44:88:c8:f0,-89,Aula20
485,44:12:44:88:c8:f1,-89,Aula20
485,44:12:44:88:66:d1,-74,Aula20
485,44:12:44:89:30:01,-79,Aula20
485,44:12:44:88:66:d0,-74,Aula20
485,44:12:44:88:7e:b0,-74,Aula20
485,44:12:44:88:7e:b1,-74,Aula20
485,44:12:44:87:5d:c1,-79,Aula20
485,44:12:44:87:5d:c0,-77,Aula20
485,44:12:44:89:30:10,-94,Aula20
485,44:12:44:88:c8:e0,-76,Aula20
485,44:12:44:88:30:40,-61,Aula20
485,44:12:44:88:c8:e1,-76,Aula20
485,44:12:44:88:66:c1,-76,Aula20
485,44:12:44:88:66:c0,-74,Aula20
485,30:b5:c2:7f:37:94,-72,Aula20
485,44:12:44:88:30:50,-75,Aula20
485,44:12:44:89:30:00,-79,Aula20
485,44:12:44:88:30:51,-75,Aula20
485,44:12:44:87:51:d0,-73,Aula20
485,44:12:44:87:51:d1,-72,Aula20
485,60:8d:26:31:76:0c,-85,Aula20
485,30:b5:c2:7f:37:95,-55,Aula20
486,44:12:44:88:7e:a0,-60,Aula20
486,44:12:44:88:7e:a1,-60,Aula20
486,44:12:44:88:c8:f0,-88,Aula20
486,44:12:44:88:c8:f1,-88,Aula20
486,44:12:44:87:98:c0,-81,Aula20
486,44:12:44:87:98:c1,-81,Aula20
486,44:12:44:88:66:d1,-73,Aula20
486,44:12:44:89:30:01,-81,Aula20
486,44:12:44:88:81:20,-83,Aula20
486,44:12:44:88:66:d0,-73,Aula20
486,44:12:44:88:7e:b0,-74,Aula20
486,44:12:44:88:7e:b1,-73,Aula20
486,44:12:44:87:5d:c1,-77,Aula20
486,f0:99:19:a1:29:dd,-86,Aula20
486,44:12:44:87:5d:c0,-77,Aula20
486,44:12:44:89:30:10,-94,Aula20
486,44:12:44:89:30:11,-94,Aula20
486,44:12:44:88:30:40,-60,Aula20
486,44:12:44:88:30:41,-60,Aula20
486,44:12:44:88:66:c1,-75,Aula20
486,30:b5:c2:7f:37:94,-71,Aula20
486,44:12:44:88:30:50,-76,Aula20
486,44:12:44:89:30:00,-81,Aula20
486,44:12:44:87:51:d0,-73,Aula20
486,44:12:44:88:c9:a0,-83,Aula20
486,44:12:44:87:51:d1,-73,Aula20
486,30:b5:c2:7f:37:95,-55,Aula20
487,88:0f:a2:00:d7:a4,-85,Aula20
487,44:12:44:87:51:c1,-66,Aula20
487,44:12:44:88:7e:a0,-59,Aula20
487,44:12:44:88:7e:a1,-59,Aula20
487,44:12:44:88:c8:f0,-89,Aula20
487,44:12:44:88:c8:f1,-88,Aula20
487,44:12:44:87:98:c0,-80,Aula20
487,44:12:44:87:98:c1,-79,Aula20
487,44:12:44:88:66:d1,-73,Aula20
487,44:12:44:89:30:01,-80,Aula20
487,00:0f:66:e9:ab:ec,-81,Aula20
487,44:12:44:88:81:21,-82,Aula20
487,44:12:44:88:81:20,-82,Aula20
487,44:12:44:88:66:d0,-73,Aula20
487,44:12:44:88:7e:b0,-74,Aula20
487,44:12:44:88:7e:b1,-75,Aula20
487,44:12:44:87:5d:c1,-76,Aula20
487,f0:99:19:a1:29:dd,-87,Aula20
487,44:12:44:87:5d:c0,-76,Aula20
487,44:12:44:89:30:10,-94,Aula20
487,44:12:44:88:c8:e0,-75,Aula20
487,44:12:44:89:30:11,-96,Aula20
487,44:12:44:88:30:40,-60,Aula20
487,98:9d:5d:2b:72:3d,-82,Aula20
487,30:b5:c2:7f:37:94,-70,Aula20
487,44:12:44:88:30:50,-75,Aula20
487,44:12:44:89:30:00,-80,Aula20
487,44:12:44:87:51:d0,-72,Aula20
487,44:12:44:87:51:d1,-72,Aula20
487,44:12:44:88:c9:a1,-82,Aula20
487,30:b5:c2:7f:37:95,-56,Aula20
488,72:86:60:e9:94:6d,-92,Aula20
488,44:12:44:87:51:c0,-66,Aula20
488,44:12:44:88:7e:a0,-60,Aula20
488,44:12:44:88:7e:a1,-60,Aula20
488,44:12:44:88:c8:f0,-88,Aula20
488,d4:86:60:e9:94:6b,-91,Aula20
488,44:12:44:87:98:c0,-81,Aula20
488,44:12:44:87:98:c1,-83,Aula20
488,44:12:44:89:30:01,-77,Aula20
488,44:12:44:88:81:21,-83,Aula20
488,44:12:44:88:7e:b0,-75,Aula20
488,44:12:44:88:7e:b1,-75,Aula20
488,44:12:44:88:81:30,-96,Aula20
488,44:12:44:89:30:11,-94,Aula20
488,44:12:44:88:30:40,-55,Aula20
488,44:12:44:88:30:41,-56,Aula20
488,44:12:44:88:66:c1,-76,Aula20
488,44:12:44:88:66:c0,-76,Aula20
488,30:b5:c2:7f:37:94,-74,Aula20
488,44:12:44:88:30:50,-73,Aula20
488,44:12:44:89:30:00,-77,Aula20
488,44:12:44:88:30:51,-73,Aula20
488,44:12:44:87:51:d0,-71,Aula20
488,44:12:44:88:c9:a0,-86,Aula20
488,44:12:44:87:51:d1,-71,Aula20
488,60:8d:26:31:76:0c,-83,Aula20
488,44:12:44:88:c9:a1,-85,Aula20
488,30:b5:c2:7f:37:95,-56,Aula20
489,72:86:60:e9:94:6d,-92,Aula20
489,44:12:44:87:51:c0,-66,Aula20
489,44:12:44:88:7e:a0,-60,Aula20
489,44:12:44:88:7e:a1,-60,Aula20
489,44:12:44:88:c8:f0,-88,Aula20
489,d4:86:60:e9:94:6b,-91,Aula20
489,44:12:44:87:98:c0,-81,Aula20
489,44:12:44:87:98:c1,-83,Aula20
489,44:12:44:89:30:01,-77,Aula20
489,44:12:44:88:81:21,-83,Aula20
489,44:12:44:88:7e:b0,-75,Aula20
489,44:12:44:88:7e:b1,-75,Aula20
489,44:12:44:88:81:30,-96,Aula20
489,44:12:44:89:30:11,-94,Aula20
489,44:12:44:88:30:40,-55,Aula20
489,44:12:44:88:30:41,-56,Aula20
489,44:12:44:88:66:c1,-76,Aula20
489,44:12:44:88:66:c0,-76,Aula20
489,30:b5:c2:7f:37:94,-74,Aula20
489,44:12:44:88:30:50,-73,Aula20
489,44:12:44:89:30:00,-77,Aula20
489,44:12:44:88:30:51,-73,Aula20
489,44:12:44:87:51:d0,-71,Aula20
489,44:12:44:88:c9:a0,-86,Aula20
489,44:12:44:87:51:d1,-71,Aula20
489,60:8d:26:31:76:0c,-83,Aula20
489,44:12:44:88:c9:a1,-85,Aula20
489,30:b5:c2:7f:37:95,-56,Aula20
490,74:0a:e1:48:50:93,-80,Aula20
490,44:12:44:87:98:d0,-97,Aula20
490,88:0f:a2:00:d7:a4,-85,Aula20
490,44:12:44:87:98:d1,-96,Aula20
490,44:12:44:88:7e:a0,-59,Aula20
490,44:12:44:88:7e:a1,-59,Aula20
490,e4:3e:d7:a9:6a:bf,-81,Aula20
490,44:12:44:88:c8:f0,-88,Aula20
490,44:12:44:88:c8:f1,-89,Aula20
490,44:12:44:87:98:c0,-81,Aula20
490,44:12:44:87:98:c1,-80,Aula20
490,44:12:44:88:66:d1,-73,Aula20
490,44:12:44:89:30:01,-81,Aula20
490,00:0f:66:e9:ab:ec,-86,Aula20
490,44:12:44:88:81:20,-84,Aula20
490,44:12:44:88:66:d0,-74,Aula20
490,44:12:44:88:7e:b0,-74,Aula20
490,44:12:44:88:7e:b1,-74,Aula20
490,44:12:44:89:81:30,-94,Aula20
490,44:12:44:87:5d:c1,-77,Aula20
490,44:12:44:87:5d:c0,-77,Aula20
490,4c:b1:cd:c0:02:88,-91,Aula20
490,44:12:44:89:30:10,-94,Aula20
490,44:12:44:88:30:40,-62,Aula20
490,44:12:44:88:30:41,-62,Aula20
490,98:9d:5d:2b:72:3d,-83,Aula20
490,44:12:44:88:66:c1,-76,Aula20
490,44:12:44:88:66:c0,-77,Aula20
490,30:b5:c2:7f:37:94,-73,Aula20
490,80:78:71:00:82:ef,-93,Aula20
490,44:12:44:88:30:50,-77,Aula20
490,44:12:44:89:30:00,-81,Aula20
490,44:12:44:88:30:51,-77,Aula20
490,44:12:44:87:51:d0,-71,Aula20
490,44:12:44:88:c9:a0,-84,Aula20
490,44:12:44:87:51:d1,-71,Aula20
490,44:12:44:88:c9:a1,-84,Aula20
490,30:b5:c2:7f:37:95,-55,Aula20
491,74:0a:e1:48:50:93,-80,Aula20
491,44:12:44:87:98:d0,-97,Aula20
491,88:0f:a2:00:d7:a4,-85,Aula20
491,44:12:44:87:98:d1,-96,Aula20
491,44:12:44:88:7e:a0,-59,Aula20
491,44:12:44:88:7e:a1,-59,Aula20
491,e4:3e:d7:a9:6a:bf,-81,Aula20
491,44:12:44:88:c8:f0,-88,Aula20
491,44:12:44:88:c8:f1,-89,Aula20
491,44:12:44:87:98:c0,-81,Aula20
491,44:12:44:87:98:c1,-80,Aula20
491,44:12:44:88:66:d1,-73,Aula20
491,44:12:44:89:30:01,-81,Aula20
491,00:0f:66:e9:ab:ec,-86,Aula20
491,44:12:44:88:81:20,-84,Aula20
491,44:12:44:88:66:d0,-74,Aula20
491,44:12:44:88:7e:b0,-74,Aula20
491,44:12:44:88:7e:b1,-74,Aula20
491,44:12:44:89:81:30,-94,Aula20
491,44:12:44:87:5d:c1,-77,Aula20
491,44:12:44:87:5d:c0,-77,Aula20
491,4c:b1:cd:c0:02:88,-91,Aula20
491,44:12:44:89:30:10,-94,Aula20
491,44:12:44:88:30:40,-62,Aula20
491,44:12:44:88:30:41,-62,Aula20
491,98:9d:5d:2b:72:3d,-83,Aula20
491,44:12:44:88:66:c1,-76,Aula20
491,44:12:44:88:66:c0,-77,Aula20
491,30:b5:c2:7f:37:94,-73,Aula20
491,80:78:71:00:82:ef,-93,Aula20
491,44:12:44:88:30:50,-77,Aula20
491,44:12:44:89:30:00,-81,Aula20
491,44:12:44:88:30:51,-77,Aula20
491,44:12:44:87:51:d0,-71,Aula20
491,44:12:44:88:c9:a0,-84,Aula20
491,44:12:44:87:51:d1,-71,Aula20
491,44:12:44:88:c9:a1,-84,Aula20
491,30:b5:c2:7f:37:95,-55,Aula20
492,88:0f:a2:00:d7:a4,-81,Aula20
492,44:12:44:87:98:d1,-94,Aula20
492,44:12:44:88:7e:a0,-60,Aula20
492,44:12:44:88:7e:a1,-59,Aula20
492,44:12:44:88:c8:f0,-86,Aula20
492,44:12:44:88:c8:f1,-86,Aula20
492,44:12:44:87:98:c1,-87,Aula20
492,44:12:44:88:66:d1,-72,Aula20
492,44:12:44:89:30:01,-79,Aula20
492,44:12:44:88:81:21,-85,Aula20
492,44:12:44:88:66:d0,-72,Aula20
492,44:12:44:88:7e:b0,-73,Aula20
492,44:12:44:88:7e:b1,-73,Aula20
492,44:12:44:87:5d:c1,-77,Aula20
492,44:12:44:87:5d:c0,-76,Aula20
492,44:12:44:89:30:10,-94,Aula20
492,44:12:44:89:30:11,-94,Aula20
492,44:12:44:88:30:40,-62,Aula20
492,44:12:44:88:30:41,-62,Aula20
492,44:12:44:88:66:c1,-71,Aula20
492,44:12:44:88:66:c0,-72,Aula20
492,30:b5:c2:7f:37:94,-73,Aula20
492,44:12:44:88:30:50,-74,Aula20
492,44:12:44:89:30:00,-80,Aula20
492,44:12:44:88:30:51,-74,Aula20
492,44:12:44:87:51:d0,-69,Aula20
492,44:12:44:88:c9:a0,-81,Aula20
492,44:12:44:87:51:d1,-68,Aula20
492,44:12:44:88:c9:a1,-81,Aula20
492,30:b5:c2:7f:37:95,-55,Aula20
493,44:12:44:88:7e:a0,-76,Sala profes
493,44:12:44:88:81:21,-86,Sala profes
493,44:12:44:87:5d:c1,-70,Sala profes
493,44:12:44:87:5d:c0,-69,Sala profes
493,6a:8d:26:31:76:0e,-78,Sala profes
493,44:12:44:88:30:40,-69,Sala profes
493,44:12:44:88:30:41,-70,Sala profes
493,30:b5:c2:7f:37:94,-67,Sala profes
493,44:12:44:87:5d:d1,-79,Sala profes
493,44:12:44:88:30:50,-76,Sala profes
493,44:12:44:88:30:51,-75,Sala profes
493,44:12:44:87:5d:d0,-79,Sala profes
493,60:8d:26:31:76:0d,-79,Sala profes
493,60:8d:26:31:76:0c,-61,Sala profes
493,30:b5:c2:7f:37:95,-67,Sala profes
494,44:12:44:88:7e:a1,-74,Sala profes
494,44:12:44:87:5d:c1,-75,Sala profes
494,44:12:44:87:5d:c0,-74,Sala profes
494,44:12:44:88:81:30,-91,Sala profes
494,44:12:44:88:30:40,-66,Sala profes
494,44:12:44:88:30:41,-65,Sala profes
494,44:12:44:88:81:31,-91,Sala profes
494,30:b5:c2:7f:37:94,-69,Sala profes
494,44:12:44:87:5d:d1,-82,Sala profes
494,44:12:44:88:30:50,-76,Sala profes
494,44:12:44:88:30:51,-76,Sala profes
494,44:12:44:87:5d:d0,-81,Sala profes
494,60:8d:26:31:76:0c,-67,Sala profes
494,30:b5:c2:7f:37:95,-57,Sala profes
495,44:12:44:88:7e:a0,-75,Sala profes
495,44:12:44:88:7e:a1,-75,Sala profes
495,44:12:44:87:5d:c1,-73,Sala profes
495,44:12:44:87:5d:c0,-73,Sala profes
495,44:12:44:88:81:30,-91,Sala profes
495,6a:8d:26:31:76:0e,-77,Sala profes
495,44:12:44:88:81:31,-91,Sala profes
495,30:b5:c2:7f:37:94,-68,Sala profes
495,44:12:44:87:5d:d1,-82,Sala profes
495,44:12:44:88:30:50,-75,Sala profes
495,44:12:44:88:30:51,-75,Sala profes
495,44:12:44:87:5d:d0,-81,Sala profes
495,60:8d:26:31:76:0d,-77,Sala profes
495,60:8d:26:31:76:0c,-66,Sala profes
495,30:b5:c2:7f:37:95,-58,Sala profes
496,44:12:44:88:7e:a1,-80,Sala profes
496,44:12:44:88:81:20,-80,Sala profes
496,44:12:44:88:7e:b0,-95,Sala profes
496,44:12:44:88:7e:b1,-95,Sala profes
496,44:12:44:87:5d:c1,-71,Sala profes
496,44:12:44:87:5d:c0,-70,Sala profes
496,44:12:44:88:81:30,-94,Sala profes
496,6a:8d:26:31:76:0e,-76,Sala profes
496,44:12:44:88:30:40,-63,Sala profes
496,44:12:44:88:30:41,-64,Sala profes
496,44:12:44:88:81:31,-92,Sala profes
496,30:b5:c2:7f:37:94,-67,Sala profes
496,44:12:44:87:5d:d1,-81,Sala profes
496,44:12:44:87:5d:d0,-82,Sala profes
496,44:12:44:88:30:51,-85,Sala profes
496,60:8d:26:31:76:0c,-67,Sala profes
496,30:b5:c2:7f:37:95,-52,Sala profes
497,44:12:44:88:7e:a1,-74,Sala profes
497,e4:3e:d7:a9:6a:bf,-85,Sala profes
497,44:12:44:87:98:c1,-89,Sala profes
497,44:12:44:88:7e:b0,-92,Sala profes
497,44:12:44:88:7e:b1,-91,Sala profes
497,44:12:44:87:5d:c0,-73,Sala profes
497,44:12:44:88:81:30,-89,Sala profes
497,6a:8d:26:31:76:0e,-78,Sala profes
497,44:12:44:88:30:40,-65,Sala profes
497,44:12:44:88:81:31,-90,Sala profes
497,30:b5:c2:7f:37:94,-66,Sala profes
497,44:12:44:87:5d:d1,-81,Sala profes
497,44:12:44:88:30:50,-84,Sala profes
497,44:12:44:87:5d:d0,-82,Sala profes
497,60:8d:26:31:76:0c,-67,Sala profes
497,30:b5:c2:7f:37:95,-56,Sala profes
498,28:77:77:dc:3d:a9,-97,Sala profes
498,28:77:77:dc:3d:a8,-91,Sala profes
498,2a:77:77:cc:3d:a9,-98,Sala profes
498,44:12:44:88:7e:a0,-74,Sala profes
498,44:12:44:88:7e:a1,-74,Sala profes
498,44:12:44:88:7e:b0,-91,Sala profes
498,44:12:44:88:7e:b1,-92,Sala profes
498,44:12:44:87:5d:c1,-72,Sala profes
498,44:12:44:87:5d:c0,-72,Sala profes
498,44:12:44:88:81:30,-89,Sala profes
498,6a:8d:26:31:76:0e,-78,Sala profes
498,44:12:44:88:30:40,-66,Sala profes
498,44:12:44:88:30:41,-66,Sala profes
498,98:9d:5d:2b:72:3f,-94,Sala profes
498,44:12:44:88:81:31,-89,Sala profes
498,30:b5:c2:7f:37:94,-66,Sala profes
498,44:12:44:87:5d:d1,-80,Sala profes
498,44:12:44:87:5d:d0,-80,Sala profes
498,60:8d:26:31:76:0d,-78,Sala profes
498,60:8d:26:31:76:0c,-68,Sala profes
498,30:b5:c2:7f:37:95,-53,Sala profes
499,c0:51:5c:99:ca:64,-91,Sala profes
499,28:77:77:dc:3d:a9,-94,Sala profes
499,44:12:44:88:7e:a0,-73,Sala profes
499,3c:a7:ae:98:07:98,-88,Sala profes
499,44:12:44:88:7e:a1,-74,Sala profes
499,e4:3e:d7:a9:6a:bf,-84,Sala profes
499,44:12:44:88:7e:b0,-92,Sala profes
499,44:12:44:88:7e:b1,-92,Sala profes
499,44:12:44:87:5d:c1,-73,Sala profes
499,44:12:44:87:5d:c0,-73,Sala profes
499,44:12:44:88:81:30,-89,Sala profes
499,6a:8d:26:31:76:0e,-80,Sala profes
499,44:12:44:88:30:40,-66,Sala profes
499,be:75:36:0c:35:b9,-87,Sala profes
499,b0:d8:88:ad:73:02,-89,Sala profes
499,44:12:44:88:81:31,-89,Sala profes
499,30:b5:c2:7f:37:94,-67,Sala profes
499,44:12:44:87:5d:d1,-80,Sala profes
499,44:12:44:87:5d:d0,-80,Sala profes
499,60:8d:26:31:76:0c,-69,Sala profes
499,30:b5:c2:7f:37:95,-53,Sala profes
500,44:12:44:88:7e:a0,-75,Sala profes
500,44:12:44:88:7e:a1,-74,Sala profes
500,44:12:44:88:81:21,-85,Sala profes
500,44:12:44:88:7e:b0,-93,Sala profes
500,44:12:44:88:7e:b1,-94,Sala profes
500,44:12:44:87:5d:c1,-74,Sala profes
500,44:12:44:87:5d:c0,-74,Sala profes
500,6a:8d:26:31:76:0e,-79,Sala profes
500,44:12:44:88:30:40,-67,Sala profes
500,44:12:44:88:30:41,-67,Sala profes
500,44:12:44:88:81:31,-89,Sala profes
500,30:b5:c2:7f:37:94,-67,Sala profes
500,44:12:44:87:5d:d1,-80,Sala profes
500,44:12:44:88:30:50,-85,Sala profes
500,44:12:44:87:5d:d0,-80,Sala profes
500,44:12:44:88:30:51,-85,Sala profes
500,60:8d:26:31:76:0c,-70,Sala profes
500,30:b5:c2:7f:37:95,-54,Sala profes
501,28:77:77:dc:3d:a9,-96,Sala profes
501,2a:77:77:cc:3d:a9,-96,Sala profes
501,44:12:44:88:7e:a0,-75,Sala profes
501,28:77:77:dc:3d:68,-83,Sala profes
501,44:12:44:88:7e:b0,-94,Sala profes
501,44:12:44:87:5d:c0,-73,Sala profes
501,6a:8d:26:31:76:0e,-78,Sala profes
501,44:12:44:88:30:40,-67,Sala profes
501,44:12:44:88:81:31,-89,Sala profes
501,30:b5:c2:7f:37:94,-67,Sala profes
501,44:12:44:87:5d:d1,-81,Sala profes
501,44:12:44:88:30:50,-84,Sala profes
501,44:12:44:87:5d:d0,-81,Sala profes
501,60:8d:26:31:76:0d,-79,Sala profes
501,30:b5:c2:7f:37:95,-56,Sala profes
502,e2:41:36:c9:85:d0,-86,Sala profes
502,44:12:44:88:7e:a0,-72,Sala profes
502,44:12:44:88:7e:a1,-72,Sala profes
502,44:12:44:87:5d:c1,-74,Sala profes
502,44:12:44:87:5d:c0,-73,Sala profes
502,44:12:44:88:81:30,-89,Sala profes
502,6a:8d:26:31:76:0e,-82,Sala profes
502,44:12:44:88:30:40,-65,Sala profes
502,e6:de:a8:70:9f:ba,-93,Sala profes
502,44:12:44:88:81:31,-89,Sala profes
502,30:b5:c2:7f:37:94,-68,Sala profes
502,44:12:44:87:5d:d1,-79,Sala profes
502,44:12:44:87:5d:d0,-79,Sala profes
502,44:12:44:88:30:51,-82,Sala profes
502,60:8d:26:31:76:0d,-82,Sala profes
502,60:8d:26:31:76:0c,-71,Sala profes
502,30:b5:c2:7f:37:95,-51,Sala profes
503,28:77:77:dc:3d:a9,-96,Sala profes
503,28:77:77:dc:3d:a8,-89,Sala profes
503,44:12:44:88:7e:a0,-73,Sala profes
503,44:12:44:88:7e:a1,-73,Sala profes
503,e4:3e:d7:a9:6a:bf,-87,Sala profes
503,44:12:44:88:7e:b0,-93,Sala profes
503,44:12:44:88:7e:b1,-92,Sala profes
503,44:12:44:87:5d:c1,-74,Sala profes
503,44:12:44:87:5d:c0,-74,Sala profes
503,6a:8d:26:31:76:0e,-82,Sala profes
503,44:12:44:88:30:40,-66,Sala profes
503,44:12:44:88:30:41,-66,Sala profes
503,44:12:44:88:81:31,-89,Sala profes
503,30:b5:c2:7f:37:94,-67,Sala profes
503,44:12:44:87:5d:d1,-80,Sala profes
503,44:12:44:88:30:50,-82,Sala profes
503,44:12:44:87:5d:d0,-81,Sala profes
503,44:12:44:88:30:51,-83,Sala profes
503,30:b5:c2:7f:37:95,-53,Sala profes
504,00:54:af:66:89:cb,-91,Sala profes
504,44:12:44:88:7e:a0,-72,Sala profes
504,44:12:44:88:7e:a1,-72,Sala profes
504,28:77:77:dc:3d:68,-82,Sala profes
504,44:12:44:88:81:20,-83,Sala profes
504,44:12:44:87:5d:c1,-72,Sala profes
504,44:12:44:87:5d:c0,-71,Sala profes
504,6a:8d:26:31:76:0e,-82,Sala profes
504,44:12:44:88:30:41,-65,Sala profes
504,98:9d:5d:2b:72:3d,-81,Sala profes
504,58:23:8c:7a:73:52,-83,Sala profes
504,44:12:44:88:81:31,-90,Sala profes
504,30:b5:c2:7f:37:94,-68,Sala profes
504,44:12:44:87:5d:d1,-80,Sala profes
504,44:12:44:88:30:50,-82,Sala profes
504,44:12:44:87:5d:d0,-80,Sala profes
504,44:12:44:88:30:51,-82,Sala profes
504,60:8d:26:31:76:0c,-71,Sala profes
504,30:b5:c2:7f:37:95,-53,Sala profes
505,28:77:77:dc:3d:a9,-97,Sala profes
505,44:12:44:88:7e:a0,-74,Sala profes
505,44:12:44:88:7e:a1,-72,Sala profes
505,44:12:44:88:7e:b0,-93,Sala profes
505,44:12:44:87:5d:c1,-73,Sala profes
505,44:12:44:87:5d:c0,-73,Sala profes
505,44:12:44:88:81:30,-88,Sala profes
505,6a:8d:26:31:76:0e,-82,Sala profes
505,44:12:44:88:30:40,-66,Sala profes
505,44:12:44:88:30:41,-66,Sala profes
505,44:12:44:88:66:c0,-89,Sala profes
505,44:12:44:88:81:31,-89,Sala profes
505,30:b5:c2:7f:37:94,-67,Sala profes
505,44:12:44:87:5d:d1,-80,Sala profes
505,44:12:44:88:30:50,-83,Sala profes
505,44:12:44:87:5d:d0,-80,Sala profes
505,60:8d:26:31:76:0d,-82,Sala profes
505,60:8d:26:31:76:0c,-70,Sala profes
505,30:b5:c2:7f:37:95,-57,Sala profes
506,44:12:44:88:7e:a0,-73,Sala profes
506,44:12:44:88:7e:a1,-74,Sala profes
506,28:77:77:dc:3d:68,-79,Sala profes
506,44:12:44:88:81:21,-84,Sala profes
506,44:12:44:88:81:20,-84,Sala profes
506,44:12:44:88:7e:b0,-94,Sala profes
506,44:12:44:88:7e:b1,-92,Sala profes
506,44:12:44:87:5d:c0,-75,Sala profes
506,44:12:44:88:81:30,-92,Sala profes
506,6a:8d:26:31:76:0e,-78,Sala profes
506,44:12:44:88:30:40,-67,Sala profes
506,44:12:44:88:30:41,-66,Sala profes
506,30:b5:c2:7f:37:94,-65,Sala profes
506,44:12:44:87:5d:d1,-80,Sala profes
506,44:12:44:88:30:50,-82,Sala profes
506,44:12:44:87:5d:d0,-81,Sala profes
506,44:12:44:88:30:51,-82,Sala profes
506,30:b5:c2:7f:37:95,-52,Sala profes
507,28:77:77:dc:3d:a8,-87,Sala profes
507,44:12:44:88:7e:a0,-74,Sala profes
507,3c:a7:ae:98:07:98,-89,Sala profes
507,44:12:44:88:7e:a1,-73,Sala profes
507,44:12:44:87:98:c0,-92,Sala profes
507,44:12:44:88:7e:b0,-93,Sala profes
507,44:12:44:88:7e:b1,-92,Sala profes
507,44:12:44:87:5d:c1,-75,Sala profes
507,44:12:44:87:5d:c0,-74,Sala profes
507,44:12:44:88:81:30,-91,Sala profes
507,6a:8d:26:31:76:0e,-77,Sala profes
507,44:12:44:88:30:40,-67,Sala profes
507,44:12:44:88:30:41,-66,Sala profes
507,58:23:8c:7a:73:52,-83,Sala profes
507,44:12:44:88:81:31,-91,Sala profes
507,30:b5:c2:7f:37:94,-65,Sala profes
507,44:12:44:87:5d:d1,-81,Sala profes
507,44:12:44:88:30:50,-81,Sala profes
507,44:12:44:87:5d:d0,-80,Sala profes
507,44:12:44:88:30:51,-81,Sala profes
507,60:8d:26:31:76:0d,-77,Sala profes
507,30:b5:c2:7f:37:95,-52,Sala profes
508,e2:41:36:c9:85:d0,-85,Sala profes
508,44:12:44:88:7e:a0,-74,Sala profes
508,3c:a7:ae:98:07:98,-88,Sala profes
508,44:12:44:88:7e:a1,-74,Sala profes
508,44:12:44:88:7e:b0,-94,Sala profes
508,44:12:44:88:7e:b1,-94,Sala profes
508,44:12:44:87:5d:c1,-76,Sala profes
508,44:12:44:87:5d:c0,-76,Sala profes
508,6a:8d:26:31:76:0e,-78,Sala profes
508,44:12:44:88:30:40,-66,Sala profes
508,44:12:44:88:30:41,-66,Sala profes
508,98:9d:5d:2b:72:3d,-79,Sala profes
508,58:23:8c:7a:73:52,-86,Sala profes
508,30:b5:c2:7f:37:94,-64,Sala profes
508,44:12:44:87:5d:d1,-81,Sala profes
508,44:12:44:88:30:50,-81,Sala profes
508,44:12:44:87:5d:d0,-81,Sala profes
508,44:12:44:88:30:51,-81,Sala profes
508,30:b5:c2:7f:37:95,-53,Sala profes
509,3c:a7:ae:98:07:98,-86,Sala profes
509,28:77:77:dc:3d:68,-84,Sala profes
509,44:12:44:87:5d:c1,-75,Sala profes
509,44:12:44:87:5d:c0,-75,Sala profes
509,44:12:44:88:81:30,-91,Sala profes
509,6a:8d:26:31:76:0e,-77,Sala profes
509,44:12:44:88:30:40,-69,Sala profes
509,44:12:44:88:30:41,-67,Sala profes
509,44:12:44:88:81:31,-90,Sala profes
509,30:b5:c2:7f:37:94,-65,Sala profes
509,44:12:44:87:5d:d1,-81,Sala profes
509,44:12:44:88:30:50,-82,Sala profes
509,44:12:44:87:5d:d0,-81,Sala profes
509,44:12:44:88:30:51,-81,Sala profes
509,60:8d:26:31:76:0d,-78,Sala profes
509,30:b5:c2:7f:37:95,-55,Sala profes
510,e2:41:36:c9:85:d0,-84,Sala profes
510,44:12:44:88:7e:a0,-72,Sala profes
510,44:12:44:88:81:20,-84,Sala profes
510,44:12:44:88:7e:b0,-94,Sala profes
510,44:12:44:88:7e:b1,-96,Sala profes
510,44:12:44:87:5d:c1,-74,Sala profes
510,44:12:44:87:5d:c0,-73,Sala profes
510,44:12:44:88:81:30,-91,Sala profes
510,6a:8d:26:31:76:0e,-77,Sala profes
510,44:12:44:88:30:40,-66,Sala profes
510,44:12:44:88:81:31,-91,Sala profes
510,30:b5:c2:7f:37:94,-64,Sala profes
510,44:12:44:87:5d:d1,-81,Sala profes
510,44:12:44:88:30:50,-81,Sala profes
510,44:12:44:87:5d:d0,-81,Sala profes
510,44:12:44:88:30:51,-81,Sala profes
510,60:8d:26:31:76:0d,-77,Sala profes
510,60:8d:26:31:76:0c,-69,Sala profes
510,30:b5:c2:7f:37:95,-51,Sala profes
511,28:77:77:dc:3d:a8,-88,Sala profes
511,44:12:44:88:7e:a0,-73,Sala profes
511,44:12:44:88:7e:a1,-73,Sala profes
511,44:12:44:88:7e:b0,-94,Sala profes
511,44:12:44:88:7e:b1,-95,Sala profes
511,44:12:44:87:5d:c1,-74,Sala profes
511,44:12:44:87:5d:c0,-74,Sala profes
511,44:12:44:88:81:30,-90,Sala profes
511,6a:8d:26:31:76:0e,-79,Sala profes
511,44:12:44:88:30:40,-65,Sala profes
511,44:12:44:88:30:41,-66,Sala profes
511,44:12:44:88:81:31,-90,Sala profes
511,30:b5:c2:7f:37:94,-64,Sala profes
511,44:12:44:87:5d:d1,-80,Sala profes
511,44:12:44:87:5d:d0,-80,Sala profes
511,44:12:44:88:30:51,-82,Sala profes
511,60:8d:26:31:76:0d,-79,Sala profes
511,60:8d:26:31:76:0c,-71,Sala profes
511,30:b5:c2:7f:37:95,-52,Sala profes
512,44:12:44:88:7e:a1,-74,Sala profes
512,44:12:44:88:81:21,-83,Sala profes
512,44:12:44:88:81:20,-82,Sala profes
512,44:12:44:87:5d:c1,-72,Sala profes
512,44:12:44:87:5d:c0,-73,Sala profes
512,6a:8d:26:31:76:0e,-78,Sala profes
512,30:b5:c2:7f:37:94,-64,Sala profes
512,44:12:44:87:5d:d1,-80,Sala profes
512,44:12:44:88:30:50,-81,Sala profes
512,44:12:44:87:5d:d0,-80,Sala profes
512,44:12:44:88:30:51,-81,Sala profes
512,60:8d:26:31:76:0c,-73,Sala profes
512,30:b5:c2:7f:37:95,-51,Sala profes
513,44:12:44:88:7e:a0,-73,Sala profes
513,44:12:44:88:7e:a1,-72,Sala profes
513,44:12:44:88:81:20,-83,Sala profes
513,44:12:44:88:7e:b1,-94,Sala profes
513,6a:8d:26:31:76:0e,-79,Sala profes
513,44:12:44:88:30:40,-68,Sala profes
513,44:12:44:88:30:41,-67,Sala profes
513,30:b5:c2:7f:37:94,-64,Sala profes
513,44:12:44:87:5d:d1,-81,Sala profes
513,44:12:44:88:30:50,-81,Sala profes
513,44:12:44:87:5d:d0,-81,Sala profes
513,44:12:44:88:30:51,-81,Sala profes
513,60:8d:26:31:76:0c,-74,Sala profes
513,30:b5:c2:7f:37:95,-51,Sala profes
514,44:12:44:88:7e:a0,-72,Sala profes
514,44:12:44:88:7e:a1,-72,Sala profes
514,44:12:44:88:7e:b0,-94,Sala profes
514,44:12:44:88:7e:b1,-94,Sala profes
514,44:12:44:87:5d:c1,-74,Sala profes
514,44:12:44:87:5d:c0,-73,Sala profes
514,44:12:44:88:81:30,-90,Sala profes
514,44:12:44:88:30:40,-68,Sala profes
514,44:12:44:88:30:41,-68,Sala profes
514,44:12:44:88:81:31,-90,Sala profes
514,30:b5:c2:7f:37:94,-64,Sala profes
514,44:12:44:87:5d:d1,-80,Sala profes
514,44:12:44:88:30:50,-80,Sala profes
514,44:12:44:87:5d:d0,-80,Sala profes
514,44:12:44:88:30:51,-80,Sala profes
514,60:8d:26:31:76:0c,-73,Sala profes
514,30:b5:c2:7f:37:95,-53,Sala profes
515,44:12:44:88:7e:a0,-75,Sala profes
515,44:12:44:88:7e:a1,-75,Sala profes
515,28:77:77:dc:3d:68,-78,Sala profes
515,44:12:44:88:7e:b0,-91,Sala profes
515,44:12:44:88:7e:b1,-91,Sala profes
515,44:12:44:87:5d:c1,-73,Sala profes
515,44:12:44:87:5d:c0,-74,Sala profes
515,6a:8d:26:31:76:0e,-75,Sala profes
515,44:12:44:88:30:40,-66,Sala profes
515,44:12:44:88:30:41,-66,Sala profes
515,44:12:44:88:66:c1,-87,Sala profes
515,94:bf:c4:27:4d:e8,-93,Sala profes
515,30:b5:c2:7f:37:94,-64,Sala profes
515,44:12:44:87:5d:d1,-81,Sala profes
515,44:12:44:88:30:50,-82,Sala profes
515,44:12:44:87:5d:d0,-81,Sala profes
515,44:12:44:88:30:51,-82,Sala profes
515,30:b5:c2:7f:37:95,-55,Sala profes
516,64:fd:96:ad:97:bb,-96,Sala profes
516,44:12:44:88:7e:a0,-74,Sala profes
516,44:12:44:88:7e:a1,-74,Sala profes
516,e4:3e:d7:a9:6a:bf,-83,Sala profes
516,44:12:44:88:81:20,-82,Sala profes
516,44:12:44:88:7e:b0,-91,Sala profes
516,44:12:44:88:7e:b1,-91,Sala profes
516,44:12:44:87:5d:c1,-74,Sala profes
516,44:12:44:87:5d:c0,-75,Sala profes
516,6a:8d:26:31:76:0e,-76,Sala profes
516,44:12:44:88:30:40,-67,Sala profes
516,44:12:44:88:30:41,-66,Sala profes
516,30:b5:c2:7f:37:94,-64,Sala profes
516,44:12:44:87:5d:d1,-81,Sala profes
516,44:12:44:87:5d:d0,-80,Sala profes
516,44:12:44:88:30:51,-82,Sala profes
516,60:8d:26:31:76:0d,-76,Sala profes
516,60:8d:26:31:76:0c,-71,Sala profes
516,30:b5:c2:7f:37:95,-57,Sala profes
517,44:12:44:88:7e:a0,-74,Sala profes
517,44:12:44:88:7e:a1,-75,Sala profes
517,44:12:44:88:7e:b0,-92,Sala profes
517,44:12:44:88:7e:b1,-91,Sala profes
517,44:12:44:87:5d:c1,-73,Sala profes
517,44:12:44:87:5d:c0,-73,Sala profes
517,44:12:44:88:81:30,-94,Sala profes
517,6a:8d:26:31:76:0e,-75,Sala profes
517,44:12:44:88:30:40,-67,Sala profes
517,44:12:44:88:30:41,-67,Sala profes
517,98:9d:5d:2b:72:3d,-74,Sala profes
517,44:12:44:88:81:31,-94,Sala profes
517,30:b5:c2:7f:37:94,-64,Sala profes
517,44:12:44:87:5d:d1,-82,Sala profes
517,44:12:44:88:30:50,-83,Sala profes
517,44:12:44:87:5d:d0,-81,Sala profes
517,60:8d:26:31:76:0c,-77,Sala profes
517,30:b5:c2:7f:37:95,-52,Sala profes
518,e4:3e:d7:a9:6a:bf,-79,Sala profes
518,44:12:44:88:7e:b0,-91,Sala profes
518,44:12:44:88:7e:b1,-91,Sala profes
518,44:12:44:87:5d:c1,-74,Sala profes
518,44:12:44:87:5d:c0,-74,Sala profes
518,52:59:19:bb:95:95,-96,Sala profes
518,6a:8d:26:31:76:0e,-75,Sala profes
518,44:12:44:88:30:40,-65,Sala profes
518,44:12:44:88:30:41,-66,Sala profes
518,30:b5:c2:7f:37:94,-63,Sala profes
518,44:12:44:87:5d:d1,-81,Sala profes
518,44:12:44:88:30:50,-84,Sala profes
518,44:12:44:87:5d:d0,-81,Sala profes
518,44:12:44:88:30:51,-85,Sala profes
518,60:8d:26:31:76:0c,-69,Sala profes
518,30:b5:c2:7f:37:95,-58,Sala profes
519,44:12:44:88:7e:a0,-74,Sala profes
519,44:12:44:88:7e:a1,-74,Sala profes
519,44:12:44:88:81:21,-83,Sala profes
519,44:12:44:88:81:20,-83,Sala profes
519,44:12:44:88:7e:b0,-92,Sala profes
519,44:12:44:88:7e:b1,-91,Sala profes
519,44:12:44:87:5d:c1,-74,Sala profes
519,44:12:44:87:5d:c0,-73,Sala profes
519,6a:8d:26:31:76:0e,-75,Sala profes
519,44:12:44:88:30:40,-65,Sala profes
519,44:12:44:88:30:41,-65,Sala profes
519,30:b5:c2:7f:37:94,-63,Sala profes
519,44:12:44:87:5d:d1,-80,Sala profes
519,44:12:44:88:30:50,-82,Sala profes
519,44:12:44:87:5d:d0,-81,Sala profes
519,44:12:44:88:30:51,-83,Sala profes
519,60:8d:26:31:76:0c,-72,Sala profes
519,30:b5:c2:7f:37:95,-60,Sala profes
520,44:12:44:88:7e:a0,-77,Sala profes
520,44:12:44:88:7e:a1,-76,Sala profes
520,44:12:44:88:81:20,-85,Sala profes
520,44:12:44:88:7e:b0,-91,Sala profes
520,44:12:44:88:7e:b1,-92,Sala profes
520,44:12:44:87:5d:c1,-73,Sala profes
520,44:12:44:87:5d:c0,-73,Sala profes
520,6a:8d:26:31:76:0e,-76,Sala profes
520,44:12:44:88:30:40,-68,Sala profes
520,44:12:44:88:30:41,-68,Sala profes
520,98:9d:5d:2b:72:3d,-75,Sala profes
520,30:b5:c2:7f:37:94,-64,Sala profes
520,44:12:44:87:5d:d1,-81,Sala profes
520,44:12:44:88:30:50,-83,Sala profes
520,44:12:44:87:5d:d0,-81,Sala profes
520,44:12:44:88:30:51,-83,Sala profes
520,30:b5:c2:7f:37:95,-54,Sala profes
521,44:12:44:88:7e:a0,-75,Sala profes
521,44:12:44:88:7e:a1,-75,Sala profes
521,44:12:44:87:98:c1,-89,Sala profes
521,44:12:44:88:7e:b0,-91,Sala profes
521,44:12:44:88:7e:b1,-91,Sala profes
521,ee:81:75:c6:b3:7c,-94,Sala profes
521,44:12:44:87:5d:c1,-73,Sala profes
521,44:12:44:87:5d:c0,-74,Sala profes
521,6a:8d:26:31:76:0e,-75,Sala profes
521,44:12:44:88:30:40,-67,Sala profes
521,44:12:44:88:30:41,-67,Sala profes
521,44:12:44:88:81:31,-92,Sala profes
521,30:b5:c2:7f:37:94,-64,Sala profes
521,44:12:44:87:5d:d1,-82,Sala profes
521,44:12:44:88:30:50,-82,Sala profes
521,44:12:44:87:5d:d0,-82,Sala profes
521,44:12:44:88:30:51,-82,Sala profes
521,30:b5:c2:7f:37:95,-56,Sala profes
522,44:12:44:88:7e:a0,-74,Sala profes
522,44:12:44:88:7e:a1,-74,Sala profes
522,28:77:77:dc:3d:68,-85,Sala profes
522,44:12:44:88:81:20,-83,Sala profes
522,44:12:44:88:7e:b0,-92,Sala profes
522,44:12:44:88:7e:b1,-91,Sala profes
522,44:12:44:87:5d:c1,-75,Sala profes
522,44:12:44:87:5d:c0,-75,Sala profes
522,6a:8d:26:31:76:0e,-75,Sala profes
522,44:12:44:88:81:31,-94,Sala profes
522,30:b5:c2:7f:37:94,-64,Sala profes
522,44:12:44:87:5d:d1,-81,Sala profes
522,44:12:44:88:30:50,-82,Sala profes
522,44:12:44:87:5d:d0,-82,Sala profes
522,44:12:44:88:30:51,-83,Sala profes
522,30:b5:c2:7f:37:95,-57,Sala profes
523,28:77:77:e5:bc:3c,-89,Sala profes
523,44:12:44:88:81:21,-82,Sala profes
523,44:12:44:87:5d:c1,-73,Sala profes
523,44:12:44:87:5d:c0,-73,Sala profes
523,44:12:44:88:81:30,-94,Sala profes
523,6a:8d:26:31:76:0e,-75,Sala profes
523,44:12:44:88:30:40,-68,Sala profes
523,44:12:44:88:30:41,-68,Sala profes
523,44:12:44:88:81:31,-94,Sala profes
523,30:b5:c2:7f:37:94,-64,Sala profes
523,44:12:44:87:5d:d1,-82,Sala profes
523,44:59:43:7a:ea:0c,-86,Sala profes
523,44:12:44:88:30:50,-82,Sala profes
523,44:12:44:87:5d:d0,-82,Sala profes
523,44:12:44:88:30:51,-83,Sala profes
523,60:8d:26:31:76:0d,-75,Sala profes
523,30:b5:c2:7f:37:95,-50,Sala profes
524,56:59:19:bb:95:96,-90,Sala profes
524,44:12:44:88:7e:a0,-75,Sala profes
524,44:12:44:88:7e:a1,-75,Sala profes
524,28:77:77:dc:3d:68,-84,Sala profes
524,44:12:44:88:81:21,-84,Sala profes
524,40:1a:58:07:78:be,-91,Sala profes
524,44:12:44:88:7e:b0,-92,Sala profes
524,44:12:44:88:81:30,-95,Sala profes
524,52:59:19:bb:95:95,-97,Sala profes
524,44:12:44:88:30:40,-66,Sala profes
524,52:59:19:bb:95:96,-96,Sala profes
524,98:9d:5d:2b:72:3d,-72,Sala profes
524,44:12:44:88:66:c1,-88,Sala profes
524,44:12:44:88:81:31,-93,Sala profes
524,30:b5:c2:7f:37:94,-64,Sala profes
524,44:12:44:87:5d:d1,-84,Sala profes
524,44:59:43:7a:ea:0c,-85,Sala profes
524,44:12:44:88:30:50,-84,Sala profes
524,44:12:44:87:5d:d0,-83,Sala profes
524,44:12:44:88:30:51,-83,Sala profes
524,30:b5:c2:7f:37:95,-58,Sala profes
525,44:12:44:88:7e:a1,-75,Sala profes
525,28:77:77:dc:3d:68,-83,Sala profes
525,44:12:44:87:98:c0,-88,Sala profes
525,44:12:44:88:81:20,-84,Sala profes
525,44:12:44:88:7e:b0,-91,Sala profes
525,44:12:44:88:7e:b1,-92,Sala profes
525,44:12:44:87:5d:c1,-74,Sala profes
525,44:12:44:87:5d:c0,-73,Sala profes
525,6a:8d:26:31:76:0e,-76,Sala profes
525,98:9d:5d:2b:72:3d,-73,Sala profes
525,30:b5:c2:7f:37:94,-64,Sala profes
525,44:12:44:87:5d:d1,-82,Sala profes
525,44:12:44:88:30:50,-82,Sala profes
525,44:12:44:87:5d:d0,-82,Sala profes
525,44:12:44:88:30:51,-82,Sala profes
525,30:b5:c2:7f:37:95,-54,Sala profes
526,44:12:44:88:7e:a0,-72,Sala profes
526,44:12:44:88:7e:a1,-73,Sala profes
526,44:12:44:88:81:21,-82,Sala profes
526,44:12:44:88:7e:b0,-91,Sala profes
526,44:12:44:88:7e:b1,-91,Sala profes
526,44:12:44:87:5d:c1,-75,Sala profes
526,44:12:44:87:5d:c0,-75,Sala profes
526,6a:8d:26:31:76:0e,-76,Sala profes
526,44:12:44:88:30:40,-69,Sala profes
526,44:12:44:88:30:41,-69,Sala profes
526,30:b5:c2:7f:37:94,-64,Sala profes
526,44:12:44:87:5d:d1,-82,Sala profes
526,44:12:44:88:30:50,-82,Sala profes
526,44:12:44:87:5d:d0,-82,Sala profes
526,44:12:44:88:30:51,-82,Sala profes
526,60:8d:26:31:76:0d,-76,Sala profes
526,30:b5:c2:7f:37:95,-52,Sala profes
527,44:12:44:88:7e:a0,-76,Sala profes
527,44:12:44:88:7e:a1,-75,Sala profes
527,28:77:77:dc:3d:68,-84,Sala profes
527,44:12:44:88:7e:b0,-92,Sala profes
527,44:12:44:88:7e:b1,-92,Sala profes
527,44:12:44:87:5d:c1,-74,Sala profes
527,44:12:44:87:5d:c0,-74,Sala profes
527,6a:8d:26:31:76:0e,-75,Sala profes
527,98:9d:5d:2b:72:3d,-75,Sala profes
527,44:12:44:88:66:c1,-86,Sala profes
527,44:12:44:88:66:c0,-87,Sala profes
527,94:bf:c4:67:4d:e8,-91,Sala profes
527,30:b5:c2:7f:37:94,-64,Sala profes
527,44:12:44:87:5d:d1,-82,Sala profes
527,44:12:44:88:30:50,-83,Sala profes
527,44:12:44:87:5d:d0,-82,Sala profes
527,44:12:44:88:30:51,-83,Sala profes
527,30:b5:c2:7f:37:95,-54,Sala profes
528,e4:3e:d7:a9:6a:bf,-81,Sala profes
528,44:12:44:88:7e:b0,-91,Sala profes
528,44:12:44:88:7e:b1,-91,Sala profes
528,44:12:44:87:5d:c1,-74,Sala profes
528,44:12:44:87:5d:c0,-74,Sala profes
528,6a:8d:26:31:76:0e,-75,Sala profes
528,44:12:44:88:81:31,-91,Sala profes
528,30:b5:c2:7f:37:94,-64,Sala profes
528,44:12:44:87:5d:d1,-82,Sala profes
528,44:12:44:88:30:50,-82,Sala profes
528,44:12:44:87:5d:d0,-82,Sala profes
528,44:12:44:88:30:51,-82,Sala profes
528,30:b5:c2:7f:37:95,-53,Sala profes
529,44:12:44:88:7e:a0,-74,Sala profes
529,44:12:44:88:7e:a1,-74,Sala profes
529,44:12:44:87:98:c1,-89,Sala profes
529,44:12:44:88:81:21,-85,Sala profes
529,44:12:44:88:81:20,-84,Sala profes
529,44:12:44:88:7e:b0,-91,Sala profes
529,44:12:44:88:7e:b1,-91,Sala profes
529,44:12:44:87:5d:c1,-73,Sala profes
529,44:12:44:88:81:30,-91,Sala profes
529,6a:8d:26:31:76:0e,-75,Sala profes
529,44:12:44:88:30:40,-68,Sala profes
529,44:12:44:88:30:41,-68,Sala profes
529,44:12:44:88:81:31,-91,Sala profes
529,30:b5:c2:7f:37:94,-65,Sala profes
529,44:12:44:87:5d:d1,-82,Sala profes
529,44:12:44:87:5d:d0,-82,Sala profes
529,44:12:44:88:30:51,-82,Sala profes
529,60:8d:26:31:76:0d,-74,Sala profes
529,30:b5:c2:7f:37:95,-52,Sala profes
530,3c:a7:ae:98:07:98,-88,Sala profes
530,28:77:77:dc:3d:68,-82,Sala profes
530,44:12:44:88:7e:b0,-91,Sala profes
530,44:12:44:88:7e:b1,-89,Sala profes
530,44:12:44:87:5d:c1,-74,Sala profes
530,44:12:44:87:5d:c0,-74,Sala profes
530,6a:8d:26:31:76:0e,-75,Sala profes
530,44:12:44:88:30:41,-68,Sala profes
530,30:b5:c2:7f:37:94,-64,Sala profes
530,44:12:44:87:5d:d1,-82,Sala profes
530,44:59:43:7a:ea:0c,-79,Sala profes
530,44:12:44:88:30:50,-82,Sala profes
530,44:12:44:88:30:51,-81,Sala profes
530,44:12:44:87:5d:d0,-82,Sala profes
530,60:8d:26:31:76:0d,-76,Sala profes
530,30:b5:c2:7f:37:95,-53,Sala profes
531,44:12:44:88:7e:a0,-76,Sala profes
531,44:12:44:88:7e:a1,-75,Sala profes
531,e4:3e:d7:a9:6a:bf,-84,Sala profes
531,44:12:44:88:81:21,-84,Sala profes
531,44:12:44:88:7e:b0,-91,Sala profes
531,44:12:44:88:7e:b1,-91,Sala profes
531,44:12:44:87:5d:c1,-74,Sala profes
531,44:12:44:87:5d:c0,-72,Sala profes
531,6a:8d:26:31:76:0e,-76,Sala profes
531,44:12:44:88:30:40,-68,Sala profes
531,44:12:44:88:30:41,-67,Sala profes
531,98:9d:5d:2b:72:3d,-71,Sala profes
531,30:b5:c2:7f:37:94,-64,Sala profes
531,44:12:44:87:5d:d1,-82,Sala profes
531,44:12:44:88:30:50,-82,Sala profes
531,44:12:44:88:30:51,-82,Sala profes
531,44:12:44:87:5d:d0,-83,Sala profes
531,60:8d:26:31:76:0c,-73,Sala profes
531,30:b5:c2:7f:37:95,-54,Sala profes
532,44:12:44:88:7e:a0,-75,Sala profes
532,44:12:44:88:7e:a1,-75,Sala profes
532,76:6b:9a:3a:f9:5e,-89,Sala profes
532,44:12:44:88:81:21,-83,Sala profes
532,44:12:44:88:7e:b0,-91,Sala profes
532,44:12:44:88:7e:b1,-90,Sala profes
532,44:12:44:87:5d:c1,-73,Sala profes
532,6a:8d:26:31:76:0e,-74,Sala profes
532,44:12:44:88:30:40,-68,Sala profes
532,44:12:44:88:30:41,-66,Sala profes
532,30:b5:c2:7f:37:94,-63,Sala profes
532,44:59:43:7a:ea:0c,-79,Sala profes
532,44:12:44:87:5d:d0,-82,Sala profes
532,60:8d:26:31:76:0c,-73,Sala profes
532,30:b5:c2:7f:37:95,-53,Sala profes
533,44:12:44:88:7e:a0,-76,Sala profes
533,44:12:44:88:7e:a1,-76,Sala profes
533,44:12:44:88:7e:b0,-90,Sala profes
533,44:12:44:88:7e:b1,-91,Sala profes
533,44:12:44:87:5d:c1,-73,Sala profes
533,44:12:44:87:5d:c0,-74,Sala profes
533,6a:8d:26:31:76:0e,-75,Sala profes
533,44:12:44:88:30:40,-69,Sala profes
533,44:12:44:88:30:41,-65,Sala profes
533,44:12:44:88:66:c1,-86,Sala profes
533,44:12:44:88:66:c0,-86,Sala profes
533,30:b5:c2:7f:37:94,-64,Sala profes
533,44:12:44:88:30:50,-82,Sala profes
533,44:12:44:88:30:51,-83,Sala profes
533,60:8d:26:31:76:0c,-73,Sala profes
533,30:b5:c2:7f:37:95,-53,Sala profes
534,44:12:44:87:98:d0,-96,Sala profes
534,44:12:44:88:7e:a0,-75,Sala profes
534,44:12:44:88:7e:a1,-75,Sala profes
534,28:77:77:dc:3d:68,-83,Sala profes
534,44:12:44:88:81:20,-84,Sala profes
534,44:12:44:88:7e:b0,-91,Sala profes
534,44:12:44:87:5d:c1,-73,Sala profes
534,44:12:44:88:81:30,-92,Sala profes
534,6a:8d:26:31:76:0e,-75,Sala profes
534,44:12:44:88:30:40,-69,Sala profes
534,44:12:44:88:30:41,-68,Sala profes
534,44:12:44:88:66:c1,-86,Sala profes
534,44:12:44:88:81:31,-91,Sala profes
534,30:b5:c2:7f:37:94,-64,Sala profes
534,44:12:44:87:5d:d1,-81,Sala profes
534,44:59:43:7a:ea:0c,-79,Sala profes
534,44:12:44:88:30:50,-82,Sala profes
534,44:12:44:87:5d:d0,-81,Sala profes
534,60:8d:26:31:76:0d,-75,Sala profes
534,60:8d:26:31:76:0c,-72,Sala profes
534,30:b5:c2:7f:37:95,-54,Sala profes
535,44:12:44:88:7e:a0,-76,Sala profes
535,44:12:44:88:7e:a1,-76,Sala profes
535,44:12:44:88:7e:b0,-91,Sala profes
535,44:12:44:88:7e:b1,-91,Sala profes
535,44:12:44:87:5d:c1,-73,Sala profes
535,44:12:44:87:5d:c0,-74,Sala profes
535,44:12:44:88:81:30,-91,Sala profes
535,6a:8d:26:31:76:0e,-76,Sala profes
535,44:12:44:88:30:40,-68,Sala profes
535,44:12:44:88:30:41,-68,Sala profes
535,44:12:44:88:81:31,-91,Sala profes
535,30:b5:c2:7f:37:94,-64,Sala profes
535,44:12:44:87:5d:d1,-82,Sala profes
535,44:12:44:87:5d:d0,-82,Sala profes
535,60:8d:26:31:76:0d,-76,Sala profes
535,30:b5:c2:7f:37:95,-53,Sala profes
536,28:77:77:dc:3d:a8,-91,Sala profes
536,76:6b:9a:3a:f9:5e,-89,Sala profes
536,44:12:44:88:7e:b0,-90,Sala profes
536,44:12:44:88:7e:b1,-91,Sala profes
536,44:12:44:87:5d:c1,-74,Sala profes
536,44:12:44:87:5d:c0,-75,Sala profes
536,44:12:44:88:81:30,-91,Sala profes
536,6a:8d:26:31:76:0e,-76,Sala profes
536,44:12:44:88:30:40,-67,Sala profes
536,44:12:44:88:30:41,-68,Sala profes
536,44:12:44:88:81:31,-90,Sala profes
536,30:b5:c2:7f:37:94,-64,Sala profes
536,44:12:44:87:5d:d1,-82,Sala profes
536,44:59:43:7a:ea:0c,-81,Sala profes
536,44:12:44:88:30:50,-83,Sala profes
536,44:12:44:87:5d:d0,-83,Sala profes
536,30:b5:c2:7f:37:95,-51,Sala profes
537,56:59:19:bb:95:96,-92,Sala profes
537,44:12:44:88:7e:a0,-76,Sala profes
537,44:12:44:88:7e:a1,-76,Sala profes
537,28:77:77:dc:3d:68,-83,Sala profes
537,44:12:44:88:7e:b0,-91,Sala profes
537,44:12:44:88:7e:b1,-91,Sala profes
537,44:12:44:87:5d:c1,-73,Sala profes
537,44:12:44:87:5d:c0,-73,Sala profes
537,6a:8d:26:31:76:0e,-75,Sala profes
537,44:12:44:88:30:40,-69,Sala profes
537,44:12:44:88:30:41,-69,Sala profes
537,30:b5:c2:7f:37:94,-64,Sala profes
537,44:12:44:87:5d:d1,-82,Sala profes
537,44:12:44:88:30:50,-82,Sala profes
537,44:12:44:87:5d:d0,-82,Sala profes
537,44:12:44:88:30:51,-82,Sala profes
537,30:b5:c2:7f:37:95,-53,Sala profes
538,28:77:77:dc:3d:a8,-96,Sala profes
538,44:12:44:88:7e:b0,-91,Sala profes
538,44:12:44:88:7e:b1,-91,Sala profes
538,44:12:44:87:5d:c1,-75,Sala profes
538,44:12:44:87:5d:c0,-75,Sala profes
538,6a:8d:26:31:76:0e,-75,Sala profes
538,98:9d:5d:2b:72:3d,-71,Sala profes
538,44:12:44:88:81:31,-94,Sala profes
538,30:b5:c2:7f:37:94,-64,Sala profes
538,44:12:44:87:5d:d1,-82,Sala profes
538,44:12:44:88:30:50,-84,Sala profes
538,44:12:44:87:5d:d0,-82,Sala profes
538,44:12:44:88:30:51,-82,Sala profes
538,60:8d:26:31:76:0c,-74,Sala profes
538,30:b5:c2:7f:37:95,-52,Sala profes
539,44:12:44:88:7e:a0,-76,Sala profes
539,44:12:44:88:7e:a1,-76,Sala profes
539,28:77:77:dc:3d:68,-80,Sala profes
539,44:12:44:88:7e:b0,-91,Sala profes
539,44:12:44:88:7e:b1,-91,Sala profes
539,6a:8d:26:31:76:0e,-77,Sala profes
539,44:12:44:88:30:40,-68,Sala profes
539,44:12:44:88:30:41,-69,Sala profes
539,30:b5:c2:7f:37:94,-65,Sala profes
539,44:12:44:87:5d:d1,-82,Sala profes
539,44:12:44:88:30:50,-83,Sala profes
539,44:12:44:87:5d:d0,-82,Sala profes
539,44:12:44:88:30:51,-82,Sala profes
539,60:8d:26:31:76:0c,-77,Sala profes
539,30:b5:c2:7f:37:95,-51,Sala profes
540,e4:3e:d7:a9:6a:bf,-76,Sala profes
540,44:12:44:88:7e:b0,-91,Sala profes
540,44:12:44:88:7e:b1,-91,Sala profes
540,44:12:44:87:5d:c0,-75,Sala profes
540,6a:8d:26:31:76:0e,-76,Sala profes
540,44:12:44:88:30:40,-68,Sala profes
540,44:12:44:88:30:41,-68,Sala profes
540,98:9d:5d:2b:72:3d,-71,Sala profes
540,30:b5:c2:7f:37:94,-65,Sala profes
540,44:12:44:87:5d:d1,-82,Sala profes
540,44:12:44:88:30:50,-83,Sala profes
540,44:12:44:87:5d:d0,-82,Sala profes
540,44:12:44:88:30:51,-83,Sala profes
540,60:8d:26:31:76:0c,-74,Sala profes
540,30:b5:c2:7f:37:95,-52,Sala profes
541,44:12:44:88:7e:a0,-75,Sala profes
541,44:12:44:88:7e:a1,-75,Sala profes
541,28:77:77:dc:3d:68,-84,Sala profes
541,44:12:44:88:7e:b0,-90,Sala profes
541,44:12:44:88:7e:b1,-91,Sala profes
541,44:12:44:87:5d:c1,-74,Sala profes
541,44:12:44:87:5d:c0,-74,Sala profes
541,44:12:44:88:30:40,-68,Sala profes
541,44:12:44:88:30:41,-68,Sala profes
541,30:b5:c2:7f:37:94,-65,Sala profes
541,44:12:44:87:5d:d1,-82,Sala profes
541,44:12:44:88:30:50,-82,Sala profes
541,44:12:44:87:5d:d0,-82,Sala profes
541,44:12:44:88:30:51,-82,Sala profes
541,60:8d:26:31:76:0c,-73,Sala profes
541,30:b5:c2:7f:37:95,-52,Sala profes
542,3e:51:d7:49:aa:af,-80,Sala profes
542,44:12:44:88:7e:a0,-76,Sala profes
542,3c:a7:ae:98:07:98,-85,Sala profes
542,44:12:44:88:7e:a1,-76,Sala profes
542,44:12:44:87:98:c0,-89,Sala profes
542,44:12:44:88:7e:b0,-91,Sala profes
542,6a:8d:26:31:76:0e,-76,Sala profes
542,44:12:44:88:81:31,-93,Sala profes
542,30:b5:c2:7f:37:94,-64,Sala profes
542,44:12:44:87:5d:d1,-82,Sala profes
542,44:59:43:7a:ea:0c,-85,Sala profes
542,44:12:44:88:30:50,-82,Sala profes
542,44:12:44:87:5d:d0,-82,Sala profes
542,44:12:44:88:30:51,-84,Sala profes
542,60:8d:26:31:76:0c,-75,Sala profes
542,30:b5:c2:7f:37:95,-52,Sala profes
543,64:fd:96:ad:97:bb,-92,Sala profes
543,44:12:44:88:7e:a0,-76,Sala profes
543,44:12:44:88:7e:a1,-76,Sala profes
543,44:12:44:88:7e:b0,-91,Sala profes
543,44:12:44:88:7e:b1,-90,Sala profes
543,44:12:44:87:5d:c1,-75,Sala profes
543,44:12:44:87:5d:c0,-75,Sala profes
543,6a:8d:26:31:76:0e,-77,Sala profes
543,98:9d:5d:2b:72:3d,-72,Sala profes
543,44:12:44:88:81:31,-94,Sala profes
543,30:b5:c2:7f:37:94,-65,Sala profes
543,44:12:44:87:5d:d1,-82,Sala profes
543,44:12:44:88:30:50,-81,Sala profes
543,44:12:44:88:30:51,-81,Sala profes
543,44:12:44:87:5d:d0,-82,Sala profes
543,60:8d:26:31:76:0c,-71,Sala profes
543,30:b5:c2:7f:37:95,-50,Sala profes
544,44:12:44:88:7e:a0,-75,Sala profes
544,44:12:44:88:7e:a1,-75,Sala profes
544,e4:3e:d7:a9:6a:bf,-85,Sala profes
544,76:6b:9a:3a:f9:5e,-91,Sala profes
544,44:12:44:88:7e:b0,-91,Sala profes
544,44:12:44:88:7e:b1,-91,Sala profes
544,44:12:44:87:5d:c1,-74,Sala profes
544,44:12:44:87:5d:c0,-73,Sala profes
544,fa:8f:ca:30:01:9c,-95,Sala profes
544,44:12:44:88:81:30,-94,Sala profes
544,6a:8d:26:31:76:0e,-76,Sala profes
544,44:12:44:88:81:31,-94,Sala profes
544,30:b5:c2:7f:37:94,-65,Sala profes
544,44:12:44:87:5d:d1,-82,Sala profes
544,44:12:44:88:30:50,-81,Sala profes
544,44:12:44:87:5d:d0,-82,Sala profes
544,44:12:44:88:30:51,-82,Sala profes
544,60:8d:26:31:76:0d,-76,Sala profes
544,60:8d:26:31:76:0c,-74,Sala profes
544,30:b5:c2:7f:37:95,-52,Sala profes
545,44:12:44:88:7e:a0,-75,Sala profes
545,44:12:44:88:7e:a1,-75,Sala profes
545,28:77:77:dc:3d:68,-79,Sala profes
545,44:12:44:88:7e:b0,-89,Sala profes
545,44:12:44:88:7e:b1,-91,Sala profes
545,44:12:44:87:5d:c1,-75,Sala profes
545,44:12:44:87:5d:c0,-76,Sala profes
545,6a:8d:26:31:76:0e,-76,Sala profes
545,44:eb:2e:00:94:5e,-86,Sala profes
545,30:b5:c2:7f:37:94,-65,Sala profes
545,44:12:44:87:5d:d1,-82,Sala profes
545,44:12:44:88:30:50,-81,Sala profes
545,44:12:44:88:30:51,-81,Sala profes
545,44:12:44:87:5d:d0,-82,Sala profes
545,30:b5:c2:7f:37:95,-52,Sala profes
546,3c:a7:ae:98:07:98,-87,Sala profes
546,e4:3e:d7:a9:6a:bf,-84,Sala profes
546,44:12:44:88:7e:b0,-90,Sala profes
546,44:12:44:88:7e:b1,-91,Sala profes
546,44:12:44:87:5d:c0,-74,Sala profes
546,44:12:44:88:30:40,-68,Sala profes
546,98:9d:5d:2b:72:3d,-73,Sala profes
546,30:b5:c2:7f:37:94,-65,Sala profes
546,44:12:44:87:5d:d1,-82,Sala profes
546,44:12:44:88:30:50,-81,Sala profes
546,44:12:44:88:30:51,-81,Sala profes
546,44:12:44:87:5d:d0,-82,Sala profes
546,60:8d:26:31:76:0c,-75,Sala profes
546,30:b5:c2:7f:37:95,-52,Sala profes
547,44:12:44:88:7e:a0,-75,Sala profes
547,66:e2:20:dc:62:11,-84,Sala profes
547,44:12:44:88:7e:a1,-75,Sala profes
547,44:12:44:88:7e:b0,-91,Sala profes
547,44:12:44:88:7e:b1,-91,Sala profes
547,44:12:44:87:5d:c1,-73,Sala profes
547,6a:8d:26:31:76:0e,-76,Sala profes
547,98:9d:5d:2b:72:3d,-71,Sala profes
547,44:12:44:88:81:31,-93,Sala profes
547,30:b5:c2:7f:37:94,-65,Sala profes
547,44:12:44:87:5d:d1,-82,Sala profes
547,44:59:43:7a:ea:0c,-82,Sala profes
547,44:12:44:88:30:50,-82,Sala profes
547,44:12:44:88:30:51,-81,Sala profes
547,44:12:44:87:5d:d0,-82,Sala profes
547,30:b5:c2:7f:37:95,-52,Sala profes
548,28:77:77:dc:3d:a9,-97,Sala profes
548,2a:77:77:cc:3d:a9,-98,Sala profes
548,e2:41:36:c9:85:d0,-90,Sala profes
548,44:12:44:88:7e:a0,-76,Sala profes
548,44:12:44:88:7e:a1,-76,Sala profes
548,44:12:44:88:7e:b0,-91,Sala profes
548,44:12:44:88:7e:b1,-91,Sala profes
548,44:12:44:87:5d:c1,-74,Sala profes
548,44:12:44:87:5d:c0,-75,Sala profes
548,44:12:44:88:30:40,-68,Sala profes
548,44:12:44:88:30:41,-68,Sala profes
548,30:b5:c2:7f:37:94,-65,Sala profes
548,44:12:44:87:5d:d1,-82,Sala profes
548,44:12:44:88:30:50,-81,Sala profes
548,44:12:44:88:30:51,-81,Sala profes
548,44:12:44:87:5d:d0,-82,Sala profes
548,60:8d:26:31:76:0c,-78,Sala profes
548,30:b5:c2:7f:37:95,-50,Sala profes
549,44:12:44:88:7e:a0,-76,Sala profes
549,44:12:44:88:7e:a1,-76,Sala profes
549,44:12:44:88:81:21,-86,Sala profes
549,44:12:44:88:7e:b0,-91,Sala profes
549,44:12:44:88:7e:b1,-90,Sala profes
549,44:12:44:87:5d:c1,-73,Sala profes
549,44:12:44:87:5d:c0,-73,Sala profes
549,6a:8d:26:31:76:0e,-77,Sala profes
549,98:9d:5d:2b:72:3d,-72,Sala profes
549,30:b5:c2:7f:37:94,-65,Sala profes
549,44:12:44:87:5d:d1,-82,Sala profes
549,44:59:43:7a:ea:0c,-81,Sala profes
549,44:12:44:88:30:50,-82,Sala profes
549,44:12:44:88:30:51,-81,Sala profes
549,44:12:44:87:5d:d0,-82,Sala profes
549,30:b5:c2:7f:37:95,-52,Sala profes
550,66:e2:20:dc:62:10,-98,Sala profes
550,44:12:44:88:7e:a0,-76,Sala profes
550,44:12:44:88:7e:a1,-76,Sala profes
550,e4:3e:d7:a9:6a:bf,-84,Sala profes
550,44:12:44:88:81:20,-85,Sala profes
550,44:12:44:88:7e:b0,-89,Sala profes
550,44:12:44:88:7e:b1,-91,Sala profes
550,44:12:44:87:5d:c1,-74,Sala profes
550,44:12:44:87:5d:c0,-75,Sala profes
550,6a:8d:26:31:76:0e,-78,Sala profes
550,44:12:44:88:30:41,-70,Sala profes
550,98:9d:5d:2b:72:3d,-71,Sala profes
550,30:b5:c2:7f:37:94,-66,Sala profes
550,44:12:44:87:5d:d1,-82,Sala profes
550,44:12:44:88:30:50,-82,Sala profes
550,44:12:44:87:5d:d0,-82,Sala profes
550,44:12:44:88:30:51,-82,Sala profes
550,30:b5:c2:7f:37:95,-53,Sala profes
551,44:12:44:88:7e:b0,-89,Sala profes
551,44:12:44:88:7e:b1,-90,Sala profes
551,44:12:44:87:5d:c1,-75,Sala profes
551,44:12:44:87:5d:c0,-75,Sala profes
551,6a:8d:26:31:76:0e,-76,Sala profes
551,98:9d:5d:2b:72:3d,-71,Sala profes
551,30:b5:c2:7f:37:94,-66,Sala profes
551,44:12:44:87:5d:d1,-82,Sala profes
551,44:59:43:7a:ea:0c,-84,Sala profes
551,44:12:44:88:30:50,-82,Sala profes
551,44:12:44:88:30:51,-81,Sala profes
551,44:12:44:87:5d:d0,-82,Sala profes
551,60:8d:26:31:76:0d,-76,Sala profes
551,60:8d:26:31:76:0c,-77,Sala profes
551,30:b5:c2:7f:37:95,-53,Sala profes
552,44:12:44:88:7e:a1,-75,Sala profes
552,28:77:77:dc:3d:68,-82,Sala profes
552,e4:3e:d7:a9:6a:bf,-85,Sala profes
552,44:12:44:88:7e:b0,-89,Sala profes
552,44:12:44:88:7e:b1,-90,Sala profes
552,44:12:44:88:81:30,-93,Sala profes
552,6a:8d:26:31:76:0e,-77,Sala profes
552,44:12:44:88:30:40,-69,Sala profes
552,98:9d:5d:2b:72:3d,-71,Sala profes
552,44:12:44:88:81:31,-92,Sala profes
552,30:b5:c2:7f:37:94,-66,Sala profes
552,44:12:44:87:5d:d1,-81,Sala profes
552,44:12:44:88:30:50,-82,Sala profes
552,44:12:44:87:5d:d0,-82,Sala profes
552,60:8d:26:31:76:0c,-74,Sala profes
552,30:b5:c2:7f:37:95,-53,Sala profes
553,44:12:44:88:7e:a0,-76,Sala profes
553,44:12:44:88:7e:a1,-76,Sala profes
553,28:77:77:dc:3d:68,-82,Sala profes
553,44:12:44:88:81:21,-86,Sala profes
553,44:12:44:88:7e:b0,-91,Sala profes
553,44:12:44:88:7e:b1,-90,Sala profes
553,44:12:44:87:5d:c1,-75,Sala profes
553,44:12:44:87:5d:c0,-75,Sala profes
553,6a:8d:26:31:76:0e,-76,Sala profes
553,98:9d:5d:2b:72:3d,-73,Sala profes
553,30:b5:c2:7f:37:94,-66,Sala profes
553,44:12:44:87:5d:d1,-82,Sala profes
553,44:12:44:88:30:50,-82,Sala profes
553,44:12:44:87:5d:d0,-81,Sala profes
553,44:12:44:88:30:51,-81,Sala profes
553,60:8d:26:31:76:0d,-76,Sala profes
553,60:8d:26:31:76:0c,-75,Sala profes
553,30:b5:c2:7f:37:95,-52,Sala profes
554,28:77:77:dc:3d:a9,-97,Sala profes
554,2a:77:77:cc:3d:a9,-98,Sala profes
554,44:12:44:88:7e:a0,-76,Sala profes
554,44:12:44:88:7e:a1,-75,Sala profes
554,44:12:44:88:7e:b0,-89,Sala profes
554,44:12:44:88:7e:b1,-90,Sala profes
554,44:12:44:87:5d:c1,-75,Sala profes
554,44:12:44:87:5d:c0,-75,Sala profes
554,6a:8d:26:31:76:0e,-77,Sala profes
554,44:12:44:88:30:40,-69,Sala profes
554,44:12:44:88:30:41,-69,Sala profes
554,30:b5:c2:7f:37:94,-66,Sala profes
554,44:12:44:87:5d:d1,-81,Sala profes
554,44:12:44:88:30:50,-81,Sala profes
554,44:12:44:87:5d:d0,-81,Sala profes
554,44:12:44:88:30:51,-81,Sala profes
554,60:8d:26:31:76:0d,-77,Sala profes
554,60:8d:26:31:76:0c,-76,Sala profes
554,30:b5:c2:7f:37:95,-53,Sala profes
555,28:77:77:e5:bc:3c,-90,Sala profes
555,66:e2:20:dc:62:10,-96,Sala profes
555,44:12:44:88:7e:a0,-73,Sala profes
555,44:12:44:88:7e:a1,-76,Sala profes
555,44:12:44:88:7e:b0,-90,Sala profes
555,44:12:44:88:7e:b1,-90,Sala profes
555,44:12:44:87:5d:c1,-75,Sala profes
555,44:12:44:87:5d:c0,-75,Sala profes
555,44:12:44:88:81:30,-93,Sala profes
555,44:12:44:88:30:40,-71,Sala profes
555,44:12:44:88:30:41,-69,Sala profes
555,44:12:44:88:66:c0,-88,Sala profes
555,44:12:44:88:81:31,-94,Sala profes
555,30:b5:c2:7f:37:94,-66,Sala profes
555,44:12:44:87:5d:d1,-81,Sala profes
555,d2:40:ef:ba:44:91,-81,Sala profes
555,44:12:44:88:30:50,-81,Sala profes
555,44:12:44:87:5d:d0,-81,Sala profes
555,30:b5:c2:7f:37:95,-53,Sala profes
556,44:12:44:88:7e:a0,-75,Sala profes
556,66:e2:20:dc:62:11,-86,Sala profes
556,44:12:44:88:7e:a1,-76,Sala profes
556,e4:3e:d7:a9:6a:bf,-85,Sala profes
556,44:12:44:88:81:21,-86,Sala profes
556,44:12:44:88:7e:b0,-90,Sala profes
556,44:12:44:88:7e:b1,-91,Sala profes
556,44:12:44:87:5d:c1,-74,Sala profes
556,44:12:44:87:5d:c0,-73,Sala profes
556,6a:8d:26:31:76:0e,-75,Sala profes
556,30:b5:c2:7f:37:94,-66,Sala profes
556,44:12:44:87:5d:d1,-81,Sala profes
556,44:12:44:88:30:50,-82,Sala profes
556,44:12:44:87:5d:d0,-81,Sala profes
556,44:12:44:88:30:51,-82,Sala profes
556,60:8d:26:31:76:0c,-75,Sala profes
556,30:b5:c2:7f:37:95,-53,Sala profes
557,28:77:77:dc:3d:68,-81,Sala profes
557,44:12:44:88:81:21,-85,Sala profes
557,44:12:44:88:7e:b0,-91,Sala profes
557,44:12:44:88:7e:b1,-91,Sala profes
557,44:12:44:87:5d:c1,-75,Sala profes
557,44:12:44:87:5d:c0,-75,Sala profes
557,6a:8d:26:31:76:0e,-75,Sala profes
557,44:12:44:88:30:41,-68,Sala profes
557,44:12:44:88:81:31,-92,Sala profes
557,30:b5:c2:7f:37:94,-66,Sala profes
557,44:12:44:87:5d:d1,-81,Sala profes
557,44:12:44:88:30:50,-82,Sala profes
557,44:12:44:87:5d:d0,-81,Sala profes
557,60:8d:26:31:76:0d,-75,Sala profes
557,30:b5:c2:7f:37:95,-53,Sala profes
558,44:12:44:88:7e:a0,-76,Sala profes
558,44:12:44:88:7e:a1,-75,Sala profes
558,44:12:44:88:7e:b0,-91,Sala profes
558,44:12:44:88:7e:b1,-90,Sala profes
558,44:12:44:87:5d:c1,-75,Sala profes
558,44:12:44:87:5d:c0,-75,Sala profes
558,52:59:19:bb:95:95,-94,Sala profes
558,6a:8d:26:31:76:0e,-76,Sala profes
558,52:59:19:bb:95:96,-92,Sala profes
558,98:9d:5d:2b:72:3d,-70,Sala profes
558,44:12:44:88:81:31,-95,Sala profes
558,30:b5:c2:7f:37:94,-65,Sala profes
558,44:12:44:87:5d:d1,-80,Sala profes
558,44:59:43:7a:ea:0c,-85,Sala profes
558,44:12:44:88:30:50,-82,Sala profes
558,44:12:44:87:5d:d0,-80,Sala profes
558,44:12:44:88:30:51,-82,Sala profes
558,30:b5:c2:7f:37:95,-53,Sala profes
559,e2:41:36:c9:85:d0,-89,Sala profes
559,44:12:44:88:7e:a0,-77,Sala profes
559,44:12:44:88:7e:a1,-77,Sala profes
559,e4:3e:d7:a9:6a:bf,-84,Sala profes
559,44:12:44:88:81:20,-83,Sala profes
559,44:12:44:88:7e:b0,-91,Sala profes
559,44:12:44:88:7e:b1,-91,Sala profes
559,44:12:44:87:5d:c1,-74,Sala profes
559,52:59:19:bb:95:95,-93,Sala profes
559,6a:8d:26:31:76:0e,-77,Sala profes
559,44:12:44:88:30:40,-70,Sala profes
559,44:12:44:88:30:41,-68,Sala profes
559,30:b5:c2:7f:37:94,-66,Sala profes
559,44:12:44:87:5d:d1,-82,Sala profes
559,44:12:44:88:30:50,-84,Sala profes
559,44:12:44:87:5d:d0,-82,Sala profes
559,44:12:44:88:30:51,-84,Sala profes
559,60:8d:26:31:76:0c,-74,Sala profes
559,30:b5:c2:7f:37:95,-52,Sala profes
560,28:77:77:dc:3d:a9,-98,Sala profes
560,2a:77:77:cc:3d:a9,-95,Sala profes
560,44:12:44:88:7e:a0,-75,Sala profes
560,44:12:44:88:7e:a1,-75,Sala profes
560,44:12:44:88:7e:b0,-91,Sala profes
560,44:12:44:88:7e:b1,-91,Sala profes
560,44:12:44:87:5d:c0,-76,Sala profes
560,44:12:44:88:81:30,-92,Sala profes
560,6a:8d:26:31:76:0e,-76,Sala profes
560,98:9d:5d:2b:72:3d,-72,Sala profes
560,44:12:44:88:81:31,-92,Sala profes
560,30:b5:c2:7f:37:94,-66,Sala profes
560,44:12:44:87:5d:d1,-82,Sala profes
560,44:59:43:7a:ea:0c,-85,Sala profes
560,44:12:44:88:30:50,-82,Sala profes
560,44:12:44:87:5d:d0,-82,Sala profes
560,44:12:44:88:30:51,-82,Sala profes
560,60:8d:26:31:76:0d,-76,Sala profes
560,60:8d:26:31:76:0c,-75,Sala profes
560,30:b5:c2:7f:37:95,-54,Sala profes
561,28:77:77:dc:3d:a9,-96,Sala profes
561,44:12:44:88:7e:a0,-76,Sala profes
561,44:12:44:88:7e:a1,-76,Sala profes
561,e4:3e:d7:a9:6a:bf,-84,Sala profes
561,44:12:44:88:7e:b0,-91,Sala profes
561,44:12:44:87:5d:c1,-73,Sala profes
561,44:12:44:87:5d:c0,-74,Sala profes
561,44:12:44:88:81:30,-92,Sala profes
561,6a:8d:26:31:76:0e,-76,Sala profes
561,98:9d:5d:2b:72:3d,-71,Sala profes
561,44:12:44:88:81:31,-92,Sala profes
561,30:b5:c2:7f:37:94,-66,Sala profes
561,44:12:44:87:5d:d1,-82,Sala profes
561,44:12:44:88:30:50,-83,Sala profes
561,44:12:44:87:5d:d0,-82,Sala profes
561,44:12:44:88:30:51,-82,Sala profes
561,60:8d:26:31:76:0c,-75,Sala profes
561,30:b5:c2:7f:37:95,-53,Sala profes
562,44:12:44:88:7e:a0,-75,Sala profes
562,44:12:44:88:7e:a1,-74,Sala profes
562,44:12:44:88:7e:b0,-91,Sala profes
562,44:12:44:88:7e:b1,-91,Sala profes
562,44:12:44:87:5d:c1,-76,Sala profes
562,44:12:44:87:5d:c0,-74,Sala profes
562,6a:8d:26:31:76:0e,-76,Sala profes
562,44:12:44:88:30:40,-68,Sala profes
562,44:12:44:88:81:31,-94,Sala profes
562,30:b5:c2:7f:37:94,-66,Sala profes
562,44:12:44:87:5d:d1,-82,Sala profes
562,44:59:43:7a:ea:0c,-85,Sala profes
562,44:12:44:88:30:50,-83,Sala profes
562,44:12:44:87:5d:d0,-82,Sala profes
562,44:12:44:88:30:51,-82,Sala profes
562,30:b5:c2:7f:37:95,-52,Sala profes
563,2a:77:77:cc:3d:a9,-96,Sala profes
563,44:12:44:88:7e:b0,-91,Sala profes
563,44:12:44:88:7e:b1,-90,Sala profes
563,44:12:44:87:5d:c1,-73,Sala profes
563,44:12:44:87:5d:c0,-73,Sala profes
563,6a:8d:26:31:76:0e,-76,Sala profes
563,98:9d:5d:2b:72:3d,-70,Sala profes
563,58:23:8c:7a:73:52,-91,Sala profes
563,44:12:44:88:81:31,-94,Sala profes
563,30:b5:c2:7f:37:94,-66,Sala profes
563,44:12:44:87:5d:d1,-82,Sala profes
563,44:12:44:88:30:50,-84,Sala profes
563,44:12:44:87:5d:d0,-81,Sala profes
563,60:8d:26:31:76:0d,-76,Sala profes
563,30:b5:c2:7f:37:95,-53,Sala profes
564,44:12:44:88:7e:a0,-75,Sala profes
564,44:12:44:88:7e:a1,-75,Sala profes
564,44:12:44:88:81:20,-85,Sala profes
564,44:12:44:88:7e:b0,-91,Sala profes
564,44:12:44:88:7e:b1,-90,Sala profes
564,44:12:44:87:5d:c1,-75,Sala profes
564,44:12:44:87:5d:c0,-76,Sala profes
564,6a:8d:26:31:76:0e,-76,Sala profes
564,44:12:44:88:30:41,-70,Sala profes
564,98:9d:5d:2b:72:3d,-70,Sala profes
564,44:12:44:88:81:31,-92,Sala profes
564,30:b5:c2:7f:37:94,-65,Sala profes
564,44:12:44:87:5d:d1,-82,Sala profes
564,44:12:44:88:30:50,-82,Sala profes
564,44:12:44:87:5d:d0,-82,Sala profes
564,44:12:44:88:30:51,-82,Sala profes
564,60:8d:26:31:76:0c,-75,Sala profes
564,30:b5:c2:7f:37:95,-53,Sala profes
565,44:12:44:88:7e:a0,-74,Sala profes
565,44:12:44:88:7e:a1,-75,Sala profes
565,44:12:44:88:7e:b0,-91,Sala profes
565,44:12:44:88:7e:b1,-89,Sala profes
565,44:12:44:87:5d:c1,-74,Sala profes
565,44:12:44:87:5d:c0,-73,Sala profes
565,6a:8d:26:31:76:0e,-76,Sala profes
565,44:12:44:88:30:40,-69,Sala profes
565,44:12:44:88:30:41,-71,Sala profes
565,98:9d:5d:2b:72:3d,-67,Sala profes
565,44:12:44:88:81:31,-92,Sala profes
565,30:b5:c2:7f:37:94,-66,Sala profes
565,44:12:44:87:5d:d1,-82,Sala profes
565,44:12:44:88:30:50,-82,Sala profes
565,44:12:44:87:5d:d0,-82,Sala profes
565,60:8d:26:31:76:0d,-75,Sala profes
565,30:b5:c2:7f:37:95,-54,Sala profes
566,28:77:77:dc:3d:a9,-96,Sala profes
566,2a:77:77:cc:3d:a9,-97,Sala profes
566,e0:75:26:b0:db:58,-74,Sala profes
566,44:12:44:88:7e:b0,-91,Sala profes
566,44:12:44:88:7e:b1,-90,Sala profes
566,44:12:44:87:5d:c1,-74,Sala profes
566,44:12:44:88:81:30,-92,Sala profes
566,6a:8d:26:31:76:0e,-75,Sala profes
566,98:9d:5d:2b:72:3d,-71,Sala profes
566,44:12:44:88:81:31,-91,Sala profes
566,30:b5:c2:7f:37:94,-66,Sala profes
566,44:12:44:87:5d:d1,-81,Sala profes
566,44:12:44:88:30:50,-82,Sala profes
566,44:12:44:87:5d:d0,-82,Sala profes
566,44:12:44:88:30:51,-82,Sala profes
566,60:8d:26:31:76:0d,-75,Sala profes
566,30:b5:c2:7f:37:95,-52,Sala profes
567,28:77:77:dc:3d:a9,-96,Sala profes
567,2a:77:77:cc:3d:a9,-96,Sala profes
567,44:12:44:88:7e:a0,-75,Sala profes
567,44:12:44:88:7e:a1,-75,Sala profes
567,44:12:44:88:81:21,-85,Sala profes
567,44:12:44:88:7e:b0,-91,Sala profes
567,44:12:44:88:7e:b1,-91,Sala profes
567,44:12:44:87:5d:c1,-74,Sala profes
567,44:12:44:87:5d:c0,-74,Sala profes
567,6a:8d:26:31:76:0e,-76,Sala profes
567,44:12:44:88:30:40,-68,Sala profes
567,44:12:44:88:30:41,-69,Sala profes
567,98:9d:5d:2b:72:3d,-69,Sala profes
567,44:12:44:88:81:31,-93,Sala profes
567,1a:48:ca:e0:82:5f,-76,Sala profes
567,30:b5:c2:7f:37:94,-65,Sala profes
567,44:12:44:87:5d:d1,-82,Sala profes
567,44:12:44:88:30:50,-82,Sala profes
567,44:12:44:87:5d:d0,-82,Sala profes
567,44:12:44:88:30:51,-82,Sala profes
567,60:8d:26:31:76:0d,-76,Sala profes
567,30:b5:c2:7f:37:95,-53,Sala profes
568,28:77:77:dc:3d:68,-84,Sala profes
568,44:12:44:87:98:c0,-87,Sala profes
568,44:12:44:88:7e:b0,-91,Sala profes
568,44:12:44:88:81:30,-96,Sala profes
568,6a:8d:26:31:76:0e,-77,Sala profes
568,98:9d:5d:2b:72:3d,-71,Sala profes
568,44:12:44:88:81:31,-95,Sala profes
568,30:b5:c2:7f:37:94,-65,Sala profes
568,44:12:44:87:5d:d1,-82,Sala profes
568,44:12:44:88:30:50,-82,Sala profes
568,44:12:44:87:5d:d0,-82,Sala profes
568,44:12:44:88:30:51,-82,Sala profes
568,60:8d:26:31:76:0d,-77,Sala profes
568,60:8d:26:31:76:0c,-76,Sala profes
568,30:b5:c2:7f:37:95,-52,Sala profes
569,28:77:77:dc:3d:a9,-96,Sala profes
569,44:12:44:88:7e:b0,-91,Sala profes
569,44:12:44:88:7e:b1,-91,Sala profes
569,44:12:44:87:5d:c1,-71,Sala profes
569,44:12:44:87:5d:c0,-72,Sala profes
569,44:12:44:88:81:30,-93,Sala profes
569,6a:8d:26:31:76:0e,-77,Sala profes
569,98:9d:5d:2b:72:3d,-71,Sala profes
569,44:12:44:88:81:31,-92,Sala profes
569,30:b5:c2:7f:37:94,-66,Sala profes
569,44:12:44:87:5d:d1,-82,Sala profes
569,44:12:44:88:30:50,-82,Sala profes
569,44:12:44:87:5d:d0,-82,Sala profes
569,44:12:44:88:30:51,-82,Sala profes
569,30:b5:c2:7f:37:95,-52,Sala profes
570,44:12:44:88:7e:a0,-75,Sala profes
570,44:12:44:88:7e:a1,-76,Sala profes
570,44:12:44:88:81:20,-85,Sala profes
570,44:12:44:88:7e:b0,-92,Sala profes
570,44:12:44:88:7e:b1,-91,Sala profes
570,44:12:44:87:5d:c1,-70,Sala profes
570,44:12:44:87:5d:c0,-70,Sala profes
570,44:12:44:88:81:30,-92,Sala profes
570,6a:8d:26:31:76:0e,-77,Sala profes
570,44:12:44:88:30:40,-70,Sala profes
570,44:12:44:88:30:41,-67,Sala profes
570,98:9d:5d:2b:72:3d,-69,Sala profes
570,44:12:44:88:81:31,-94,Sala profes
570,30:b5:c2:7f:37:94,-66,Sala profes
570,44:12:44:87:5d:d1,-81,Sala profes
570,44:59:43:7a:ea:0c,-83,Sala profes
570,44:12:44:88:30:50,-82,Sala profes
570,44:12:44:87:5d:d0,-81,Sala profes
570,44:12:44:88:30:51,-83,Sala profes
570,60:8d:26:31:76:0c,-74,Sala profes
570,30:b5:c2:7f:37:95,-52,Sala profes
571,44:12:44:88:7e:b0,-91,Sala profes
571,44:12:44:88:7e:b1,-91,Sala profes
571,44:12:44:88:81:30,-91,Sala profes
571,6a:8d:26:31:76:0e,-76,Sala profes
571,98:9d:5d:2b:72:3d,-74,Sala profes
571,44:12:44:88:81:31,-91,Sala profes
571,30:b5:c2:7f:37:94,-66,Sala profes
571,44:12:44:87:5d:d1,-80,Sala profes
571,44:59:43:7a:ea:0c,-83,Sala profes
571,44:12:44:88:30:50,-82,Sala profes
571,44:12:44:87:5d:d0,-80,Sala profes
571,44:12:44:88:30:51,-82,Sala profes
571,30:b5:c2:7f:37:95,-51,Sala profes
572,44:12:44:88:7e:a0,-76,Sala profes
572,44:12:44:88:7e:a1,-74,Sala profes
572,44:12:44:88:7e:b0,-92,Sala profes
572,44:12:44:88:7e:b1,-91,Sala profes
572,44:12:44:87:5d:c1,-70,Sala profes
572,44:12:44:87:5d:c0,-72,Sala profes
572,6a:8d:26:31:76:0e,-77,Sala profes
572,44:12:44:88:30:41,-66,Sala profes
572,98:9d:5d:2b:72:3d,-71,Sala profes
572,44:12:44:88:81:31,-92,Sala profes
572,30:b5:c2:7f:37:94,-67,Sala profes
572,44:12:44:87:5d:d1,-82,Sala profes
572,44:59:43:7a:ea:0c,-84,Sala profes
572,44:12:44:88:30:50,-82,Sala profes
572,44:12:44:87:5d:d0,-82,Sala profes
572,44:12:44:88:30:51,-82,Sala profes
572,30:b5:c2:7f:37:95,-57,Sala profes
573,28:77:77:dc:3d:a9,-94,Sala profes
573,2a:77:77:cc:3d:a9,-94,Sala profes
573,44:12:44:88:7e:a0,-76,Sala profes
573,44:12:44:88:7e:a1,-74,Sala profes
573,28:77:77:dc:3d:68,-85,Sala profes
573,44:12:44:88:7e:b0,-92,Sala profes
573,44:12:44:88:7e:b1,-92,Sala profes
573,44:12:44:87:5d:c1,-71,Sala profes
573,44:12:44:87:5d:c0,-72,Sala profes
573,6a:8d:26:31:76:0e,-76,Sala profes
573,44:12:44:88:30:41,-69,Sala profes
573,98:9d:5d:2b:72:3d,-80,Sala profes
573,58:23:8c:7a:73:52,-88,Sala profes
573,30:b5:c2:7f:37:94,-68,Sala profes
573,44:12:44:87:5d:d1,-82,Sala profes
573,44:59:43:7a:ea:0c,-81,Sala profes
573,44:12:44:88:30:50,-83,Sala profes
573,44:12:44:87:5d:d0,-81,Sala profes
573,44:12:44:88:30:51,-84,Sala profes
573,60:8d:26:31:76:0d,-76,Sala profes
573,30:b5:c2:7f:37:95,-54,Sala profes
574,e4:3e:d7:a9:6a:bf,-82,Sala profes
574,44:12:44:88:7e:b0,-91,Sala profes
574,44:12:44:88:7e:b1,-92,Sala profes
574,44:12:44:87:5d:c1,-73,Sala profes
574,44:12:44:87:5d:c0,-72,Sala profes
574,44:12:44:88:81:30,-91,Sala profes
574,6a:8d:26:31:76:0e,-76,Sala profes
574,44:12:44:88:30:40,-67,Sala profes
574,44:12:44:88:30:41,-70,Sala profes
574,44:12:44:88:81:31,-91,Sala profes
574,30:b5:c2:7f:37:94,-66,Sala profes
574,44:12:44:87:5d:d1,-81,Sala profes
574,44:12:44:88:30:50,-83,Sala profes
574,44:12:44:87:5d:d0,-82,Sala profes
574,44:12:44:88:30:51,-82,Sala profes
574,60:8d:26:31:76:0d,-77,Sala profes
574,60:8d:26:31:76:0c,-72,Sala profes
574,30:b5:c2:7f:37:95,-57,Sala profes
575,44:12:44:88:7e:a0,-75,Sala profes
575,3c:a7:ae:98:07:98,-81,Sala profes
575,44:12:44:88:7e:a1,-76,Sala profes
575,44:12:44:88:81:20,-85,Sala profes
575,44:12:44:88:7e:b0,-91,Sala profes
575,44:12:44:88:7e:b1,-92,Sala profes
575,44:12:44:87:5d:c1,-70,Sala profes
575,44:12:44:87:5d:c0,-71,Sala profes
575,44:12:44:88:81:30,-91,Sala profes
575,6a:8d:26:31:76:0e,-77,Sala profes
575,44:12:44:88:30:41,-69,Sala profes
575,98:9d:5d:2b:72:3d,-70,Sala profes
575,44:12:44:88:81:31,-91,Sala profes
575,30:b5:c2:7f:37:94,-66,Sala profes
575,44:12:44:87:5d:d1,-81,Sala profes
575,44:59:43:7a:ea:0c,-84,Sala profes
575,44:12:44:88:30:50,-81,Sala profes
575,44:12:44:87:5d:d0,-81,Sala profes
575,44:12:44:88:30:51,-82,Sala profes
575,60:8d:26:31:76:0c,-72,Sala profes
575,30:b5:c2:7f:37:95,-52,Sala profes
576,28:77:77:dc:3d:a9,-96,Sala profes
576,28:77:77:e5:bc:3c,-87,Sala profes
576,2a:77:77:cc:3d:a9,-96,Sala profes
576,44:12:44:88:7e:a0,-74,Sala profes
576,44:12:44:88:7e:a1,-76,Sala profes
576,44:12:44:88:7e:b0,-91,Sala profes
576,44:12:44:88:7e:b1,-92,Sala profes
576,44:12:44:87:5d:c1,-72,Sala profes
576,44:12:44:87:5d:c0,-71,Sala profes
576,6a:8d:26:31:76:0e,-77,Sala profes
576,98:9d:5d:2b:72:3d,-71,Sala profes
576,44:12:44:88:81:31,-91,Sala profes
576,30:b5:c2:7f:37:94,-66,Sala profes
576,44:12:44:87:5d:d1,-81,Sala profes
576,44:12:44:88:30:50,-83,Sala profes
576,44:12:44:87:5d:d0,-81,Sala profes
576,44:12:44:88:30:51,-83,Sala profes
576,60:8d:26:31:76:0d,-77,Sala profes
576,30:b5:c2:7f:37:95,-51,Sala profes
577,44:12:44:88:7e:b0,-92,Sala profes
577,44:12:44:88:7e:b1,-91,Sala profes
577,44:12:44:87:5d:c1,-70,Sala profes
577,44:12:44:87:5d:c0,-70,Sala profes
577,44:12:44:88:81:30,-92,Sala profes
577,6a:8d:26:31:76:0e,-78,Sala profes
577,98:9d:5d:2b:72:3d,-71,Sala profes
577,44:12:44:88:81:31,-93,Sala profes
577,30:b5:c2:7f:37:94,-66,Sala profes
577,44:12:44:87:5d:d1,-81,Sala profes
577,44:59:43:7a:ea:0c,-81,Sala profes
577,44:12:44:87:5d:d0,-81,Sala profes
577,44:12:44:88:30:51,-83,Sala profes
577,60:8d:26:31:76:0d,-78,Sala profes
577,60:8d:26:31:76:0c,-72,Sala profes
577,30:b5:c2:7f:37:95,-53,Sala profes
578,44:12:44:88:7e:a0,-76,Sala profes
578,44:12:44:88:7e:a1,-76,Sala profes
578,e4:3e:d7:a9:6a:bf,-82,Sala profes
578,44:12:44:88:81:21,-85,Sala profes
578,44:12:44:88:81:20,-84,Sala profes
578,44:12:44:88:7e:b0,-92,Sala profes
578,44:12:44:88:7e:b1,-91,Sala profes
578,6a:8d:26:31:76:0e,-77,Sala profes
578,98:9d:5d:2b:72:3d,-70,Sala profes
578,30:b5:c2:7f:37:94,-66,Sala profes
578,44:12:44:87:5d:d1,-82,Sala profes
578,44:12:44:88:30:50,-82,Sala profes
578,44:12:44:87:5d:d0,-81,Sala profes
578,44:12:44:88:30:51,-82,Sala profes
578,60:8d:26:31:76:0d,-77,Sala profes
578,60:8d:26:31:76:0c,-71,Sala profes
578,30:b5:c2:7f:37:95,-52,Sala profes
579,44:12:44:88:7e:a1,-75,Sala profes
579,44:12:44:88:7e:b0,-91,Sala profes
579,44:12:44:88:7e:b1,-91,Sala profes
579,44:12:44:87:5d:c1,-70,Sala profes
579,44:12:44:87:5d:c0,-70,Sala profes
579,6a:8d:26:31:76:0e,-77,Sala profes
579,44:12:44:88:30:40,-70,Sala profes
579,44:12:44:88:30:41,-70,Sala profes
579,98:9d:5d:2b:72:3d,-71,Sala profes
579,44:12:44:88:81:31,-92,Sala profes
579,30:b5:c2:7f:37:94,-66,Sala profes
579,44:12:44:87:5d:d1,-81,Sala profes
579,44:59:43:7a:ea:0c,-82,Sala profes
579,44:12:44:88:30:50,-83,Sala profes
579,44:12:44:87:5d:d0,-81,Sala profes
579,44:12:44:88:30:51,-83,Sala profes
579,60:8d:26:31:76:0c,-72,Sala profes
579,30:b5:c2:7f:37:95,-56,Sala profes
580,28:77:77:dc:3d:a9,-96,Sala profes
580,28:77:77:dc:3d:68,-82,Sala profes
580,44:12:44:88:81:21,-86,Sala profes
580,44:12:44:88:7e:b0,-92,Sala profes
580,44:12:44:88:7e:b1,-92,Sala profes
580,44:12:44:87:5d:c1,-70,Sala profes
580,44:12:44:87:5d:c0,-70,Sala profes
580,6a:8d:26:31:76:0e,-78,Sala profes
580,44:12:44:88:30:40,-69,Sala profes
580,44:12:44:88:30:41,-70,Sala profes
580,30:b5:c2:7f:37:94,-66,Sala profes
580,44:12:44:87:5d:d1,-81,Sala profes
580,44:12:44:88:30:50,-83,Sala profes
580,44:12:44:87:5d:d0,-81,Sala profes
580,44:12:44:88:30:51,-83,Sala profes
580,60:8d:26:31:76:0c,-72,Sala profes
580,30:b5:c2:7f:37:95,-50,Sala profes
581,28:77:77:dc:3d:a9,-96,Sala profes
581,28:77:77:dc:3d:68,-82,Sala profes
581,44:12:44:88:81:21,-86,Sala profes
581,44:12:44:88:7e:b0,-92,Sala profes
581,44:12:44:88:7e:b1,-92,Sala profes
581,44:12:44:87:5d:c1,-70,Sala profes
581,44:12:44:87:5d:c0,-70,Sala profes
581,6a:8d:26:31:76:0e,-78,Sala profes
581,44:12:44:88:30:40,-69,Sala profes
581,44:12:44:88:30:41,-70,Sala profes
581,30:b5:c2:7f:37:94,-66,Sala profes
581,44:12:44:87:5d:d1,-81,Sala profes
581,44:12:44:88:30:50,-83,Sala profes
581,44:12:44:87:5d:d0,-81,Sala profes
581,44:12:44:88:30:51,-83,Sala profes
581,60:8d:26:31:76:0c,-72,Sala profes
581,30:b5:c2:7f:37:95,-50,Sala profes
582,28:77:77:dc:3d:a9,-97,Sala profes
582,44:12:44:88:7e:a0,-75,Sala profes
582,44:12:44:88:7e:a1,-76,Sala profes
582,44:12:44:88:81:20,-85,Sala profes
582,44:12:44:88:7e:b0,-92,Sala profes
582,44:12:44:88:7e:b1,-92,Sala profes
582,44:12:44:87:5d:c1,-71,Sala profes
582,44:12:44:87:5d:c0,-70,Sala profes
582,6a:8d:26:31:76:0e,-77,Sala profes
582,44:12:44:88:30:40,-70,Sala profes
582,44:12:44:88:30:41,-69,Sala profes
582,98:9d:5d:2b:72:3d,-72,Sala profes
582,44:12:44:88:66:c1,-88,Sala profes
582,44:12:44:88:66:c0,-88,Sala profes
582,30:b5:c2:7f:37:94,-66,Sala profes
582,44:12:44:87:5d:d1,-81,Sala profes
582,44:59:43:7a:ea:0c,-86,Sala profes
582,44:12:44:88:30:50,-82,Sala profes
582,44:12:44:87:5d:d0,-81,Sala profes
582,44:12:44:88:30:51,-82,Sala profes
582,60:8d:26:31:76:0c,-74,Sala profes
582,30:b5:c2:7f:37:95,-51,Sala profes
583,28:77:77:dc:3d:a9,-97,Sala profes
583,44:12:44:88:7e:a0,-75,Sala profes
583,44:12:44:88:7e:a1,-76,Sala profes
583,44:12:44:88:81:20,-85,Sala profes
583,44:12:44:88:7e:b0,-92,Sala profes
583,44:12:44:88:7e:b1,-92,Sala profes
583,44:12:44:87:5d:c1,-71,Sala profes
583,44:12:44:87:5d:c0,-70,Sala profes
583,6a:8d:26:31:76:0e,-77,Sala profes
583,44:12:44:88:30:40,-70,Sala profes
583,44:12:44:88:30:41,-69,Sala profes
583,98:9d:5d:2b:72:3d,-72,Sala profes
583,44:12:44:88:66:c1,-88,Sala profes
583,44:12:44:88:66:c0,-88,Sala profes
583,30:b5:c2:7f:37:94,-66,Sala profes
583,44:12:44:87:5d:d1,-81,Sala profes
583,44:59:43:7a:ea:0c,-86,Sala profes
583,44:12:44:88:30:50,-82,Sala profes
583,44:12:44:87:5d:d0,-81,Sala profes
583,44:12:44:88:30:51,-82,Sala profes
583,60:8d:26:31:76:0c,-74,Sala profes
583,30:b5:c2:7f:37:95,-51,Sala profes
584,44:12:44:88:7e:a0,-75,Sala profes
584,44:12:44:88:7e:a1,-76,Sala profes
584,e4:3e:d7:a9:6a:bf,-82,Sala profes
584,44:12:44:88:81:21,-86,Sala profes
584,44:12:44:88:81:20,-86,Sala profes
584,44:12:44:88:7e:b0,-91,Sala profes
584,44:12:44:88:7e:b1,-92,Sala profes
584,44:12:44:87:5d:c1,-70,Sala profes
584,44:12:44:87:5d:c0,-70,Sala profes
584,44:12:44:88:81:30,-91,Sala profes
584,52:59:19:bb:95:95,-95,Sala profes
584,6a:8d:26:31:76:0e,-77,Sala profes
584,44:12:44:88:30:40,-69,Sala profes
584,44:12:44:88:30:41,-70,Sala profes
584,52:59:19:bb:95:96,-95,Sala profes
584,98:9d:5d:2b:72:3d,-71,Sala profes
584,44:12:44:88:66:c1,-87,Sala profes
584,44:12:44:88:66:c0,-86,Sala profes
584,44:12:44:88:81:31,-92,Sala profes
584,30:b5:c2:7f:37:94,-66,Sala profes
584,44:12:44:87:5d:d1,-81,Sala profes
584,44:12:44:88:30:50,-82,Sala profes
584,44:12:44:87:5d:d0,-81,Sala profes
584,44:12:44:88:30:51,-81,Sala profes
584,60:8d:26:31:76:0c,-74,Sala profes
584,30:b5:c2:7f:37:95,-51,Sala profes
585,44:12:44:88:7e:a0,-75,Sala profes
585,44:12:44:88:7e:a1,-76,Sala profes
585,e4:3e:d7:a9:6a:bf,-82,Sala profes
585,44:12:44:88:81:21,-86,Sala profes
585,44:12:44:88:81:20,-86,Sala profes
585,44:12:44:88:7e:b0,-91,Sala profes
585,44:12:44:88:7e:b1,-92,Sala profes
585,44:12:44:87:5d:c1,-70,Sala profes
585,44:12:44:87:5d:c0,-70,Sala profes
585,44:12:44:88:81:30,-91,Sala profes
585,52:59:19:bb:95:95,-95,Sala profes
585,6a:8d:26:31:76:0e,-77,Sala profes
585,44:12:44:88:30:40,-69,Sala profes
585,44:12:44:88:30:41,-70,Sala profes
585,52:59:19:bb:95:96,-95,Sala profes
585,98:9d:5d:2b:72:3d,-71,Sala profes
585,44:12:44:88:66:c1,-87,Sala profes
585,44:12:44:88:66:c0,-86,Sala profes
585,44:12:44:88:81:31,-92,Sala profes
585,30:b5:c2:7f:37:94,-66,Sala profes
585,44:12:44:87:5d:d1,-81,Sala profes
585,44:12:44:88:30:50,-82,Sala profes
585,44:12:44:87:5d:d0,-81,Sala profes
585,44:12:44:88:30:51,-81,Sala profes
585,60:8d:26:31:76:0c,-74,Sala profes
585,30:b5:c2:7f:37:95,-51,Sala profes
586,28:77:77:dc:3d:a9,-97,Sala profes
586,2a:77:77:cc:3d:a9,-98,Sala profes
586,44:12:44:88:7e:a0,-76,Sala profes
586,44:12:44:88:7e:a1,-76,Sala profes
586,28:77:77:dc:3d:68,-82,Sala profes
586,e4:3e:d7:a9:6a:bf,-83,Sala profes
586,76:6b:9a:3a:f9:5e,-90,Sala profes
586,44:12:44:88:81:21,-86,Sala profes
586,44:12:44:88:81:20,-85,Sala profes
586,44:12:44:88:7e:b0,-91,Sala profes
586,44:12:44:88:7e:b1,-92,Sala profes
586,44:12:44:87:5d:c1,-70,Sala profes
586,44:12:44:87:5d:c0,-70,Sala profes
586,6a:8d:26:31:76:0e,-76,Sala profes
586,44:12:44:88:30:40,-69,Sala profes
586,44:12:44:88:30:41,-69,Sala profes
586,98:9d:5d:2b:72:3d,-69,Sala profes
586,44:12:44:88:66:c1,-87,Sala profes
586,44:12:44:88:66:c0,-87,Sala profes
586,d0:b6:6f:c5:44:28,-96,Sala profes
586,30:b5:c2:7f:37:94,-66,Sala profes
586,44:12:44:87:5d:d1,-81,Sala profes
586,44:12:44:87:5d:d0,-81,Sala profes
586,44:12:44:88:30:51,-83,Sala profes
586,60:8d:26:31:76:0c,-71,Sala profes
586,30:b5:c2:7f:37:95,-52,Sala profes
587,f8:5b:3b:fd:d0:0f,-95,Sala profes
587,44:12:44:88:7e:a0,-77,Sala profes
587,44:12:44:88:7e:a1,-76,Sala profes
587,44:12:44:88:7e:b0,-91,Sala profes
587,44:12:44:88:7e:b1,-91,Sala profes
587,44:12:44:87:5d:c1,-72,Sala profes
587,44:12:44:87:5d:c0,-69,Sala profes
587,44:12:44:88:81:30,-91,Sala profes
587,6a:8d:26:31:76:0e,-77,Sala profes
587,44:12:44:88:30:40,-67,Sala profes
587,44:12:44:88:30:41,-70,Sala profes
587,98:9d:5d:2b:72:3d,-71,Sala profes
587,44:12:44:88:81:31,-91,Sala profes
587,30:b5:c2:7f:37:94,-66,Sala profes
587,44:12:44:87:5d:d1,-81,Sala profes
587,44:12:44:88:30:50,-82,Sala profes
587,44:12:44:87:5d:d0,-81,Sala profes
587,44:12:44:88:30:51,-82,Sala profes
587,60:8d:26:31:76:0d,-76,Sala profes
587,30:b5:c2:7f:37:95,-51,Sala profes
588,e2:41:36:c9:85:d0,-91,Sala profes
588,44:12:44:88:7e:a0,-76,Sala profes
588,44:12:44:88:7e:a1,-77,Sala profes
588,28:77:77:dc:3d:68,-86,Sala profes
588,44:12:44:88:7e:b0,-92,Sala profes
588,44:12:44:88:7e:b1,-91,Sala profes
588,44:12:44:87:5d:c1,-70,Sala profes
588,44:12:44:87:5d:c0,-70,Sala profes
588,6a:8d:26:31:76:0e,-78,Sala profes
588,44:12:44:88:30:40,-70,Sala profes
588,44:12:44:88:81:31,-93,Sala profes
588,30:b5:c2:7f:37:94,-66,Sala profes
588,44:12:44:87:5d:d1,-81,Sala profes
588,44:59:43:7a:ea:0c,-82,Sala profes
588,44:12:44:88:30:50,-82,Sala profes
588,44:12:44:87:5d:d0,-81,Sala profes
588,44:12:44:88:30:51,-82,Sala profes
588,60:8d:26:31:76:0c,-72,Sala profes
588,30:b5:c2:7f:37:95,-51,Sala profes
589,2a:77:77:cc:3d:a9,-97,Sala profes
589,3c:a7:ae:98:07:98,-85,Sala profes
589,44:12:44:88:7e:b0,-92,Sala profes
589,44:12:44:88:7e:b1,-91,Sala profes
589,44:12:44:87:5d:c1,-70,Sala profes
589,44:12:44:87:5d:c0,-70,Sala profes
589,6a:8d:26:31:76:0e,-77,Sala profes
589,44:12:44:88:30:41,-71,Sala profes
589,30:b5:c2:7f:37:94,-66,Sala profes
589,44:12:44:87:5d:d1,-82,Sala profes
589,44:12:44:88:30:50,-82,Sala profes
589,44:12:44:87:5d:d0,-81,Sala profes
589,44:12:44:88:30:51,-82,Sala profes
589,60:8d:26:31:76:0d,-77,Sala profes
589,30:b5:c2:7f:37:95,-51,Sala profes
590,44:12:44:88:7e:a1,-75,Sala profes
590,44:12:44:88:7e:b0,-92,Sala profes
590,44:12:44:88:7e:b1,-92,Sala profes
590,44:12:44:87:5d:c1,-70,Sala profes
590,44:12:44:87:5d:c0,-70,Sala profes
590,44:12:44:88:81:30,-92,Sala profes
590,6a:8d:26:31:76:0e,-77,Sala profes
590,44:12:44:88:30:40,-70,Sala profes
590,98:9d:5d:2b:72:3d,-71,Sala profes
590,44:12:44:88:81:31,-92,Sala profes
590,30:b5:c2:7f:37:94,-66,Sala profes
590,44:12:44:87:5d:d1,-81,Sala profes
590,44:12:44:88:30:50,-82,Sala profes
590,44:12:44:87:5d:d0,-81,Sala profes
590,60:8d:26:31:76:0d,-77,Sala profes
590,30:b5:c2:7f:37:95,-52,Sala profes
591,c0:51:5c:99:ca:64,-89,Sala profes
591,44:12:44:88:7e:a0,-76,Sala profes
591,44:12:44:88:7e:a1,-74,Sala profes
591,44:12:44:88:7e:b0,-91,Sala profes
591,44:12:44:88:7e:b1,-91,Sala profes
591,44:12:44:87:5d:c1,-70,Sala profes
591,44:12:44:87:5d:c0,-70,Sala profes
591,44:12:44:88:81:30,-92,Sala profes
591,6a:8d:26:31:76:0e,-77,Sala profes
591,44:12:44:88:30:41,-69,Sala profes
591,98:9d:5d:2b:72:3d,-70,Sala profes
591,44:12:44:88:81:31,-92,Sala profes
591,30:b5:c2:7f:37:94,-66,Sala profes
591,44:12:44:87:5d:d1,-81,Sala profes
591,44:12:44:88:30:50,-82,Sala profes
591,44:12:44:87:5d:d0,-81,Sala profes
591,44:12:44:88:30:51,-82,Sala profes
591,30:b5:c2:7f:37:95,-52,Sala profes
592,44:12:44:88:7e:a0,-76,Sala profes
592,44:12:44:88:7e:a1,-76,Sala profes
592,44:12:44:88:7e:b0,-92,Sala profes
592,44:12:44:88:7e:b1,-91,Sala profes
592,44:12:44:87:5d:c1,-70,Sala profes
592,44:12:44:87:5d:c0,-70,Sala profes
592,6a:8d:26:31:76:0e,-77,Sala profes
592,98:9d:5d:2b:72:3d,-75,Sala profes
592,30:b5:c2:7f:37:94,-66,Sala profes
592,44:12:44:87:5d:d1,-81,Sala profes
592,44:12:44:88:30:50,-81,Sala profes
592,44:12:44:87:5d:d0,-81,Sala profes
592,44:12:44:88:30:51,-82,Sala profes
592,30:b5:c2:7f:37:95,-53,Sala profes
593,28:77:77:e5:bc:3c,-89,Sala profes
593,44:12:44:88:7e:a0,-75,Sala profes
593,44:12:44:88:7e:a1,-77,Sala profes
593,28:77:77:dc:3d:68,-82,Sala profes
593,44:12:44:88:7e:b0,-91,Sala profes
593,44:12:44:88:7e:b1,-91,Sala profes
593,44:12:44:87:5d:c1,-70,Sala profes
593,44:12:44:87:5d:c0,-70,Sala profes
593,44:12:44:88:81:30,-91,Sala profes
593,6a:8d:26:31:76:0e,-77,Sala profes
593,44:12:44:88:30:40,-70,Sala profes
593,44:12:44:88:30:41,-70,Sala profes
593,98:9d:5d:2b:72:3d,-69,Sala profes
593,44:12:44:88:66:c1,-87,Sala profes
593,44:12:44:88:66:c0,-87,Sala profes
593,44:12:44:88:81:31,-93,Sala profes
593,30:b5:c2:7f:37:94,-66,Sala profes
593,44:12:44:87:5d:d1,-81,Sala profes
593,44:59:43:7a:ea:0c,-86,Sala profes
593,44:12:44:88:30:50,-82,Sala profes
593,44:12:44:87:5d:d0,-80,Sala profes
593,60:8d:26:31:76:0d,-77,Sala profes
593,60:8d:26:31:76:0c,-72,Sala profes
593,30:b5:c2:7f:37:95,-53,Sala profes
594,44:12:44:88:7e:a0,-75,Sala profes
594,44:12:44:88:7e:a1,-76,Sala profes
594,44:12:44:88:7e:b1,-91,Sala profes
594,6a:8d:26:31:76:0e,-77,Sala profes
594,30:b5:c2:7f:37:94,-67,Sala profes
594,44:12:44:87:5d:d1,-81,Sala profes
594,44:59:43:7a:ea:0c,-86,Sala profes
594,44:12:44:88:30:50,-82,Sala profes
594,44:12:44:87:5d:d0,-82,Sala profes
594,44:12:44:88:30:51,-82,Sala profes
594,30:b5:c2:7f:37:95,-53,Sala profes
595,e2:41:36:c9:85:d0,-89,Sala profes
595,44:12:44:88:7e:a0,-76,Sala profes
595,44:12:44:88:7e:a1,-76,Sala profes
595,28:77:77:dc:3d:68,-81,Sala profes
595,44:12:44:88:7e:b0,-91,Sala profes
595,44:12:44:88:7e:b1,-93,Sala profes
595,44:12:44:87:5d:c1,-71,Sala profes
595,44:12:44:87:5d:c0,-71,Sala profes
595,6a:8d:26:31:76:0e,-78,Sala profes
595,44:12:44:88:30:40,-70,Sala profes
595,44:12:44:88:30:41,-70,Sala profes
595,30:b5:c2:7f:37:94,-67,Sala profes
595,44:12:44:87:5d:d1,-80,Sala profes
595,44:12:44:88:30:50,-83,Sala profes
595,44:12:44:87:5d:d0,-81,Sala profes
595,44:12:44:88:30:51,-82,Sala profes
595,60:8d:26:31:76:0c,-70,Sala profes
595,30:b5:c2:7f:37:95,-53,Sala profes
596,e2:41:36:c9:85:d0,-87,Sala profes
596,44:12:44:88:81:21,-86,Sala profes
596,44:12:44:88:7e:b0,-92,Sala profes
596,44:12:44:88:7e:b1,-91,Sala profes
596,44:12:44:87:5d:c1,-70,Sala profes
596,44:12:44:87:5d:c0,-70,Sala profes
596,56:64:de:92:d5:1d,-88,Sala profes
596,6a:8d:26:31:76:0e,-77,Sala profes
596,44:12:44:88:30:41,-68,Sala profes
596,98:9d:5d:2b:72:3d,-71,Sala profes
596,30:b5:c2:7f:37:94,-67,Sala profes
596,44:12:44:87:5d:d1,-82,Sala profes
596,44:12:44:88:30:50,-82,Sala profes
596,44:12:44:87:5d:d0,-82,Sala profes
596,44:12:44:88:30:51,-82,Sala profes
596,30:b5:c2:7f:37:95,-53,Sala profes
597,44:12:44:88:81:21,-86,Sala profes
597,44:12:44:88:81:20,-85,Sala profes
597,44:12:44:88:7e:b0,-91,Sala profes
597,44:12:44:88:7e:b1,-91,Sala profes
597,44:12:44:87:5d:c1,-70,Sala profes
597,44:12:44:87:5d:c0,-71,Sala profes
597,6a:8d:26:31:76:0e,-76,Sala profes
597,44:12:44:88:30:40,-68,Sala profes
597,44:12:44:88:30:41,-68,Sala profes
597,98:9d:5d:2b:72:3d,-69,Sala profes
597,58:23:8c:7a:73:52,-87,Sala profes
597,30:b5:c2:7f:37:94,-66,Sala profes
597,44:12:44:87:5d:d1,-81,Sala profes
597,44:59:43:7a:ea:0c,-83,Sala profes
597,44:12:44:88:30:50,-82,Sala profes
597,44:12:44:87:5d:d0,-81,Sala profes
597,44:12:44:88:30:51,-82,Sala profes
597,60:8d:26:31:76:0c,-72,Sala profes
597,30:b5:c2:7f:37:95,-52,Sala profes
598,44:12:44:88:7e:a1,-74,Sala profes
598,44:12:44:88:81:21,-85,Sala profes
598,44:12:44:88:7e:b0,-92,Sala profes
598,44:12:44:88:7e:b1,-93,Sala profes
598,44:12:44:87:5d:c1,-71,Sala profes
598,44:12:44:87:5d:c0,-71,Sala profes
598,44:12:44:88:81:30,-92,Sala profes
598,6a:8d:26:31:76:0e,-78,Sala profes
598,44:12:44:88:30:41,-69,Sala profes
598,98:9d:5d:2b:72:3d,-70,Sala profes
598,44:12:44:88:66:c1,-86,Sala profes
598,44:12:44:88:81:31,-91,Sala profes
598,30:b5:c2:7f:37:94,-66,Sala profes
598,44:12:44:87:5d:d1,-81,Sala profes
598,44:59:43:7a:ea:0c,-83,Sala profes
598,44:12:44:88:30:50,-82,Sala profes
598,44:12:44:87:5d:d0,-81,Sala profes
598,60:8d:26:31:76:0d,-78,Sala profes
598,30:b5:c2:7f:37:95,-50,Sala profes
599,44:12:44:88:7e:a0,-77,Sala profes
599,3c:a7:ae:98:07:98,-86,Sala profes
599,44:12:44:88:7e:a1,-76,Sala profes
599,44:12:44:88:7e:b0,-91,Sala profes
599,44:12:44:88:7e:b1,-91,Sala profes
599,44:12:44:87:5d:c1,-71,Sala profes
599,44:12:44:87:5d:c0,-69,Sala profes
599,52:59:19:bb:95:95,-96,Sala profes
599,6a:8d:26:31:76:0e,-76,Sala profes
599,44:12:44:88:30:40,-69,Sala profes
599,44:12:44:88:30:41,-66,Sala profes
599,30:b5:c2:7f:37:94,-66,Sala profes
599,44:12:44:87:5d:d1,-81,Sala profes
599,44:59:43:7a:ea:0c,-85,Sala profes
599,44:12:44:88:30:50,-82,Sala profes
599,44:12:44:87:5d:d0,-81,Sala profes
599,44:12:44:88:30:51,-82,Sala profes
599,60:8d:26:31:76:0c,-68,Sala profes
599,30:b5:c2:7f:37:95,-52,Sala profes
600,44:12:44:88:7e:a0,-76,Sala profes
600,44:12:44:88:7e:a1,-76,Sala profes
600,44:12:44:88:81:20,-85,Sala profes
600,44:12:44:88:7e:b0,-92,Sala profes
600,44:12:44:88:7e:b1,-91,Sala profes
600,44:12:44:87:5d:c1,-70,Sala profes
600,44:12:44:87:5d:c0,-70,Sala profes
600,44:12:44:88:81:30,-94,Sala profes
600,6a:8d:26:31:76:0e,-76,Sala profes
600,44:12:44:88:30:40,-68,Sala profes
600,44:12:44:88:81:31,-94,Sala profes
600,30:b5:c2:7f:37:94,-67,Sala profes
600,44:12:44:87:5d:d1,-79,Sala profes
600,44:12:44:88:30:50,-81,Sala profes
600,44:12:44:87:5d:d0,-80,Sala profes
600,44:12:44:88:30:51,-82,Sala profes
600,60:8d:26:31:76:0d,-76,Sala profes
600,60:8d:26:31:76:0c,-72,Sala profes
600,30:b5:c2:7f:37:95,-49,Sala profes
601,44:12:44:88:7e:a0,-76,Sala profes
601,44:12:44:88:7e:a1,-76,Sala profes
601,44:12:44:88:81:20,-85,Sala profes
601,44:12:44:88:7e:b0,-92,Sala profes
601,44:12:44:88:7e:b1,-91,Sala profes
601,44:12:44:87:5d:c1,-70,Sala profes
601,44:12:44:87:5d:c0,-70,Sala profes
601,44:12:44:88:81:30,-94,Sala profes
601,6a:8d:26:31:76:0e,-76,Sala profes
601,44:12:44:88:30:40,-68,Sala profes
601,44:12:44:88:81:31,-94,Sala profes
601,30:b5:c2:7f:37:94,-67,Sala profes
601,44:12:44:87:5d:d1,-79,Sala profes
601,44:12:44:88:30:50,-81,Sala profes
601,44:12:44:87:5d:d0,-80,Sala profes
601,44:12:44:88:30:51,-82,Sala profes
601,60:8d:26:31:76:0d,-76,Sala profes
601,60:8d:26:31:76:0c,-72,Sala profes
601,30:b5:c2:7f:37:95,-49,Sala profes
602,28:77:77:dc:3d:a9,-96,Sala profes
602,28:77:77:e5:bc:3c,-89,Sala profes
602,2a:77:77:cc:3d:a9,-97,Sala profes
602,44:12:44:88:7e:a0,-76,Sala profes
602,44:12:44:88:7e:b0,-91,Sala profes
602,44:12:44:88:7e:b1,-91,Sala profes
602,44:12:44:87:5d:c1,-70,Sala profes
602,44:12:44:87:5d:c0,-71,Sala profes
602,6a:8d:26:31:76:0e,-76,Sala profes
602,44:12:44:88:30:40,-69,Sala profes
602,44:12:44:88:30:41,-69,Sala profes
602,98:9d:5d:2b:72:3d,-71,Sala profes
602,30:b5:c2:7f:37:94,-66,Sala profes
602,44:12:44:87:5d:d1,-81,Sala profes
602,44:12:44:88:30:50,-82,Sala profes
602,44:12:44:87:5d:d0,-81,Sala profes
602,44:12:44:88:30:51,-81,Sala profes
602,60:8d:26:31:76:0d,-76,Sala profes
602,30:b5:c2:7f:37:95,-53,Sala profes
603,28:77:77:dc:3d:a9,-96,Sala profes
603,28:77:77:e5:bc:3c,-89,Sala profes
603,2a:77:77:cc:3d:a9,-97,Sala profes
603,44:12:44:88:7e:a0,-76,Sala profes
603,44:12:44:88:7e:b0,-91,Sala profes
603,44:12:44:88:7e:b1,-91,Sala profes
603,44:12:44:87:5d:c1,-70,Sala profes
603,44:12:44:87:5d:c0,-71,Sala profes
603,6a:8d:26:31:76:0e,-76,Sala profes
603,44:12:44:88:30:40,-69,Sala profes
603,44:12:44:88:30:41,-69,Sala profes
603,98:9d:5d:2b:72:3d,-71,Sala profes
603,30:b5:c2:7f:37:94,-66,Sala profes
603,44:12:44:87:5d:d1,-81,Sala profes
603,44:12:44:88:30:50,-82,Sala profes
603,44:12:44:87:5d:d0,-81,Sala profes
603,44:12:44:88:30:51,-81,Sala profes
603,60:8d:26:31:76:0d,-76,Sala profes
603,30:b5:c2:7f:37:95,-53,Sala profes
604,44:12:44:88:7e:a0,-74,Sala profes
604,44:12:44:88:7e:a1,-75,Sala profes
604,28:77:77:dc:3d:68,-82,Sala profes
604,44:12:44:88:81:20,-84,Sala profes
604,44:12:44:88:7e:b0,-91,Sala profes
604,44:12:44:88:7e:b1,-91,Sala profes
604,44:12:44:87:5d:c1,-72,Sala profes
604,44:12:44:87:5d:c0,-72,Sala profes
604,44:12:44:88:81:30,-94,Sala profes
604,6a:8d:26:31:76:0e,-76,Sala profes
604,44:12:44:88:30:40,-68,Sala profes
604,44:12:44:88:30:41,-66,Sala profes
604,98:9d:5d:2b:72:3d,-71,Sala profes
604,44:12:44:88:81:31,-94,Sala profes
604,30:b5:c2:7f:37:94,-66,Sala profes
604,44:12:44:87:5d:d1,-83,Sala profes
604,44:12:44:88:30:50,-82,Sala profes
604,44:12:44:88:30:51,-82,Sala profes
604,44:12:44:87:5d:d0,-83,Sala profes
604,30:b5:c2:7f:37:95,-51,Sala profes
605,44:12:44:88:7e:a0,-74,Sala profes
605,44:12:44:88:7e:a1,-75,Sala profes
605,28:77:77:dc:3d:68,-82,Sala profes
605,44:12:44:88:81:20,-84,Sala profes
605,44:12:44:88:7e:b0,-91,Sala profes
605,44:12:44:88:7e:b1,-91,Sala profes
605,44:12:44:87:5d:c1,-72,Sala profes
605,44:12:44:87:5d:c0,-72,Sala profes
605,44:12:44:88:81:30,-94,Sala profes
605,6a:8d:26:31:76:0e,-76,Sala profes
605,44:12:44:88:30:40,-68,Sala profes
605,44:12:44:88:30:41,-66,Sala profes
605,98:9d:5d:2b:72:3d,-71,Sala profes
605,44:12:44:88:81:31,-94,Sala profes
605,30:b5:c2:7f:37:94,-66,Sala profes
605,44:12:44:87:5d:d1,-83,Sala profes
605,44:12:44:88:30:50,-82,Sala profes
605,44:12:44:88:30:51,-82,Sala profes
605,44:12:44:87:5d:d0,-83,Sala profes
605,30:b5:c2:7f:37:95,-51,Sala profes
606,94:bf:c4:a7:4d:e8,-88,SalaVisitas
606,c0:94:ad:7d:ae:20,-89,SalaVisitas
606,94:bf:c4:e7:4d:e8,-88,SalaVisitas
606,44:12:44:87:98:d0,-80,SalaVisitas
606,44:12:44:87:98:d1,-80,SalaVisitas
606,6e:b4:88:a8:c1:a3,-80,SalaVisitas
606,44:12:44:87:98:c0,-71,SalaVisitas
606,44:12:44:87:98:c1,-72,SalaVisitas
606,94:bf:c4:67:4d:ec,-79,SalaVisitas
606,ea:63:7b:a4:2f:6e,-89,SalaVisitas
606,44:12:44:87:5d:c1,-77,SalaVisitas
606,44:12:44:87:5d:c0,-77,SalaVisitas
606,44:12:44:88:c9:b0,-89,SalaVisitas
606,44:12:44:88:c9:b1,-89,SalaVisitas
606,9a:c5:c0:5e:db:a9,-69,SalaVisitas
606,94:bf:c4:67:4d:e8,-88,SalaVisitas
606,94:bf:c4:27:4d:e8,-88,SalaVisitas
606,30:b5:c2:7f:37:94,-83,SalaVisitas
606,94:bf:c4:a7:4d:ec,-79,SalaVisitas
606,44:12:44:87:51:d0,-97,SalaVisitas
606,44:12:44:88:c9:a1,-79,SalaVisitas
606,30:b5:c2:7f:37:95,-69,SalaVisitas
607,94:bf:c4:a7:4d:e8,-80,SalaVisitas
607,74:0a:e1:48:50:93,-74,SalaVisitas
607,c0:94:ad:7d:ae:20,-90,SalaVisitas
607,44:12:44:87:98:d0,-80,SalaVisitas
607,44:12:44:87:98:d1,-80,SalaVisitas
607,94:bf:c4:27:4d:ec,-79,SalaVisitas
607,44:12:44:87:98:c0,-70,SalaVisitas
607,7a:e5:c1:c8:67:73,-94,SalaVisitas
607,44:12:44:87:98:c1,-70,SalaVisitas
607,94:bf:c4:67:4d:ec,-80,SalaVisitas
607,ea:63:7b:a4:2f:6e,-89,SalaVisitas
607,44:12:44:88:81:21,-80,SalaVisitas
607,44:12:44:87:5d:c1,-75,SalaVisitas
607,44:12:44:87:5d:c0,-75,SalaVisitas
607,44:12:44:88:c9:b0,-88,SalaVisitas
607,94:bf:c4:e7:4d:ec,-80,SalaVisitas
607,9a:c5:c0:5e:db:a9,-61,SalaVisitas
607,94:bf:c4:67:4d:e8,-80,SalaVisitas
607,a8:5b:f7:71:dc:00,-82,SalaVisitas
607,30:b5:c2:7f:37:94,-84,SalaVisitas
607,94:bf:c4:a7:4d:ec,-80,SalaVisitas
607,44:12:44:88:c9:a0,-79,SalaVisitas
607,44:12:44:88:c9:a1,-79,SalaVisitas
607,30:b5:c2:7f:37:95,-72,SalaVisitas
608,74:0a:e1:48:50:93,-75,SalaVisitas
608,44:12:44:87:98:d0,-81,SalaVisitas
608,44:12:44:87:98:d1,-80,SalaVisitas
608,6e:b4:88:a8:c1:a3,-80,SalaVisitas
608,e4:3e:d7:a9:6a:bf,-71,SalaVisitas
608,44:12:44:87:98:c0,-72,SalaVisitas
608,94:bf:c4:67:4d:ec,-79,SalaVisitas
608,ea:63:7b:a4:2f:6e,-91,SalaVisitas
608,44:12:44:87:5d:c1,-75,SalaVisitas
608,44:12:44:87:5d:c0,-74,SalaVisitas
608,44:12:44:88:c9:b0,-90,SalaVisitas
608,44:12:44:88:c9:b1,-89,SalaVisitas
608,9a:c5:c0:5e:db:a9,-59,SalaVisitas
608,30:b5:c2:7f:37:94,-84,SalaVisitas
608,60:3d:26:8b:7d:ff,-89,SalaVisitas
608,94:bf:c4:a7:4d:ec,-79,SalaVisitas
608,44:12:44:88:c9:a0,-79,SalaVisitas
608,30:b5:c2:7f:37:95,-69,SalaVisitas
609,d4:86:60:e8:68:fb,-91,SalaVisitas
609,74:0a:e1:48:50:93,-77,SalaVisitas
609,44:12:44:87:98:d0,-78,SalaVisitas
609,44:12:44:87:98:d1,-78,SalaVisitas
609,6e:b4:88:a8:c1:a3,-80,SalaVisitas
609,44:12:44:87:98:c0,-72,SalaVisitas
609,44:12:44:87:98:c1,-71,SalaVisitas
609,94:bf:c4:67:4d:ec,-80,SalaVisitas
609,ea:63:7b:a4:2f:6e,-87,SalaVisitas
609,92:86:60:e8:68:fd,-91,SalaVisitas
609,44:12:44:88:81:21,-79,SalaVisitas
609,44:12:44:88:81:20,-80,SalaVisitas
609,44:12:44:87:5d:c1,-75,SalaVisitas
609,44:12:44:88:c9:b0,-89,SalaVisitas
609,44:12:44:88:c9:b1,-89,SalaVisitas
609,9a:c5:c0:5e:db:a9,-59,SalaVisitas
609,30:b5:c2:7f:37:94,-84,SalaVisitas
609,94:bf:c4:a7:4d:ec,-79,SalaVisitas
609,30:b5:c2:7f:37:95,-68,SalaVisitas
610,44:12:44:87:98:d0,-78,SalaVisitas
610,44:12:44:87:98:d1,-78,SalaVisitas
610,e4:3e:d7:a9:6a:bf,-70,SalaVisitas
610,94:bf:c4:27:4d:ec,-79,SalaVisitas
610,44:12:44:87:98:c0,-71,SalaVisitas
610,94:bf:c4:67:4d:ec,-79,SalaVisitas
610,ea:63:7b:a4:2f:6e,-86,SalaVisitas
610,44:12:44:88:81:21,-79,SalaVisitas
610,44:12:44:88:81:20,-79,SalaVisitas
610,44:12:44:87:5d:c1,-75,SalaVisitas
610,44:12:44:87:5d:c0,-75,SalaVisitas
610,44:12:44:88:c9:b0,-89,SalaVisitas
610,44:12:44:88:c9:b1,-90,SalaVisitas
610,94:bf:c4:e7:4d:ec,-79,SalaVisitas
610,9a:c5:c0:5e:db:a9,-59,SalaVisitas
610,a8:5b:f7:71:dc:00,-82,SalaVisitas
610,30:b5:c2:7f:37:94,-84,SalaVisitas
610,94:bf:c4:a7:4d:ec,-79,SalaVisitas
610,30:b5:c2:7f:37:95,-71,SalaVisitas
611,44:12:44:87:98:d0,-79,SalaVisitas
611,44:12:44:87:98:d1,-80,SalaVisitas
611,44:12:44:87:98:c0,-71,SalaVisitas
611,44:12:44:87:98:c1,-71,SalaVisitas
611,94:bf:c4:67:4d:ec,-79,SalaVisitas
611,ea:63:7b:a4:2f:6e,-87,SalaVisitas
611,44:12:44:88:81:21,-80,SalaVisitas
611,44:12:44:88:81:20,-79,SalaVisitas
611,44:12:44:88:c9:b0,-89,SalaVisitas
611,44:12:44:88:c9:b1,-91,SalaVisitas
611,9a:c5:c0:5e:db:a9,-60,SalaVisitas
611,a8:5b:f7:71:dc:01,-82,SalaVisitas
611,30:b5:c2:7f:37:94,-85,SalaVisitas
611,94:bf:c4:a7:4d:ec,-79,SalaVisitas
611,44:12:44:88:c9:a1,-78,SalaVisitas
611,30:b5:c2:7f:37:95,-71,SalaVisitas
612,44:12:44:87:98:d0,-80,SalaVisitas
612,44:12:44:87:98:d1,-80,SalaVisitas
612,6e:b4:88:a8:c1:a3,-80,SalaVisitas
612,e4:3e:d7:a9:6a:bf,-70,SalaVisitas
612,44:12:44:87:98:c1,-72,SalaVisitas
612,94:bf:c4:67:4d:ec,-80,SalaVisitas
612,ea:63:7b:a4:2f:6e,-88,SalaVisitas
612,44:12:44:88:81:20,-80,SalaVisitas
612,44:12:44:87:5d:c1,-73,SalaVisitas
612,44:12:44:87:5d:c0,-73,SalaVisitas
612,44:12:44:88:c9:b0,-87,SalaVisitas
612,44:12:44:88:c9:b1,-89,SalaVisitas
612,9a:c5:c0:5e:db:a9,-59,SalaVisitas
612,44:12:44:88:81:31,-94,SalaVisitas
612,30:b5:c2:7f:37:94,-84,SalaVisitas
612,94:bf:c4:a7:4d:ec,-80,SalaVisitas
612,44:12:44:88:c9:a1,-78,SalaVisitas
612,30:b5:c2:7f:37:95,-68,SalaVisitas
613,62:3e:d7:a9:6a:c3,-87,SalaVisitas
613,62:3e:d7:a9:6a:c1,-87,SalaVisitas
613,44:12:44:87:98:d0,-81,SalaVisitas
613,44:12:44:87:98:d1,-81,SalaVisitas
613,e4:3e:d7:a9:6a:bf,-70,SalaVisitas
613,44:12:44:87:98:c0,-70,SalaVisitas
613,44:12:44:87:98:c1,-71,SalaVisitas
613,94:bf:c4:67:4d:ec,-80,SalaVisitas
613,ea:63:7b:a4:2f:6e,-91,SalaVisitas
613,44:12:44:88:81:21,-80,SalaVisitas
613,44:12:44:88:81:20,-79,SalaVisitas
613,44:12:44:87:5d:c1,-74,SalaVisitas
613,44:12:44:87:5d:c0,-75,SalaVisitas
613,44:12:44:88:81:30,-94,SalaVisitas
613,44:12:44:88:c9:b0,-89,SalaVisitas
613,44:12:44:88:c9:b1,-90,SalaVisitas
613,9a:c5:c0:5e:db:a9,-62,SalaVisitas
613,30:b5:c2:7f:37:94,-84,SalaVisitas
613,94:bf:c4:a7:4d:ec,-80,SalaVisitas
613,44:12:44:88:c9:a0,-78,SalaVisitas
613,44:12:44:88:c9:a1,-78,SalaVisitas
613,60:8d:26:31:76:0c,-83,SalaVisitas
613,30:b5:c2:7f:37:95,-70,SalaVisitas
614,62:3e:d7:a9:6a:c1,-85,SalaVisitas
614,94:bf:c4:a7:4d:e8,-81,SalaVisitas
614,d4:86:60:e8:68:fb,-92,SalaVisitas
614,44:12:44:87:98:d0,-79,SalaVisitas
614,44:12:44:87:98:d1,-79,SalaVisitas
614,e4:3e:d7:a9:6a:c0,-85,SalaVisitas
614,44:12:44:87:98:c0,-70,SalaVisitas
614,44:12:44:87:98:c1,-70,SalaVisitas
614,ea:63:7b:a4:2f:6e,-89,SalaVisitas
614,92:86:60:e8:68:fd,-92,SalaVisitas
614,44:12:44:88:81:21,-80,SalaVisitas
614,44:12:44:88:81:20,-80,SalaVisitas
614,f6:03:2a:51:53:c0,-84,SalaVisitas
614,44:12:44:87:5d:c1,-73,SalaVisitas
614,44:12:44:87:5d:c0,-74,SalaVisitas
614,44:12:44:88:c9:b0,-88,SalaVisitas
614,44:12:44:88:c9:b1,-88,SalaVisitas
614,9a:c5:c0:5e:db:a9,-63,SalaVisitas
614,94:bf:c4:67:4d:e8,-80,SalaVisitas
614,30:b5:c2:7f:37:94,-84,SalaVisitas
614,44:12:44:88:c9:a0,-76,SalaVisitas
614,44:12:44:88:c9:a1,-76,SalaVisitas
614,30:b5:c2:7f:37:95,-69,SalaVisitas
615,94:bf:c4:a7:4d:e8,-80,SalaVisitas
615,74:0a:e1:48:50:93,-75,SalaVisitas
615,44:12:44:87:98:d0,-80,SalaVisitas
615,44:12:44:87:98:d1,-80,SalaVisitas
615,6e:b4:88:a8:c1:a3,-80,SalaVisitas
615,6a:ff:ce:3e:af:0f,-87,SalaVisitas
615,6a:ff:ce:3e:af:0e,-85,SalaVisitas
615,94:bf:c4:27:4d:ec,-80,SalaVisitas
615,44:12:44:87:98:c0,-68,SalaVisitas
615,44:12:44:87:98:c1,-69,SalaVisitas
615,94:bf:c4:67:4d:ec,-80,SalaVisitas
615,ea:63:7b:a4:2f:6e,-87,SalaVisitas
615,44:12:44:87:5d:c1,-74,SalaVisitas
615,44:12:44:87:5d:c0,-74,SalaVisitas
615,44:12:44:88:81:30,-92,SalaVisitas
615,44:12:44:88:c9:b0,-89,SalaVisitas
615,44:12:44:88:c9:b1,-89,SalaVisitas
615,94:bf:c4:e7:4d:ec,-80,SalaVisitas
615,9a:c5:c0:5e:db:a9,-65,SalaVisitas
615,44:12:44:88:81:31,-92,SalaVisitas
615,94:bf:c4:67:4d:e8,-81,SalaVisitas
615,30:b5:c2:7f:37:94,-84,SalaVisitas
615,94:bf:c4:a7:4d:ec,-80,SalaVisitas
615,44:12:44:88:c9:a0,-77,SalaVisitas
615,44:12:44:88:c9:a1,-77,SalaVisitas
615,30:b5:c2:7f:37:95,-69,SalaVisitas
616,62:3e:d7:a9:6a:c3,-89,SalaVisitas
616,62:3e:d7:a9:6a:c1,-89,SalaVisitas
616,d4:86:60:e8:68:fb,-93,SalaVisitas
616,94:bf:c4:e7:4d:e8,-81,SalaVisitas
616,44:12:44:87:98:d0,-80,SalaVisitas
616,44:12:44:87:98:d1,-81,SalaVisitas
616,e4:3e:d7:a9:6a:c0,-89,SalaVisitas
616,e4:3e:d7:a9:6a:bf,-71,SalaVisitas
616,44:12:44:87:98:c0,-69,SalaVisitas
616,94:bf:c4:67:4d:ec,-79,SalaVisitas
616,ea:63:7b:a4:2f:6e,-90,SalaVisitas
616,92:86:60:e8:68:fd,-93,SalaVisitas
616,44:12:44:88:81:21,-79,SalaVisitas
616,44:12:44:88:81:20,-80,SalaVisitas
616,f6:03:2a:51:53:c0,-83,SalaVisitas
616,44:12:44:87:5d:c1,-74,SalaVisitas
616,44:12:44:87:5d:c0,-73,SalaVisitas
616,44:12:44:88:81:30,-91,SalaVisitas
616,44:12:44:88:c9:b0,-91,SalaVisitas
616,44:12:44:88:c9:b1,-91,SalaVisitas
616,9a:c5:c0:5e:db:a9,-68,SalaVisitas
616,44:12:44:88:81:31,-92,SalaVisitas
616,a8:5b:f7:71:dc:00,-81,SalaVisitas
616,30:b5:c2:7f:37:94,-83,SalaVisitas
616,94:bf:c4:a7:4d:ec,-80,SalaVisitas
616,44:12:44:88:c9:a0,-77,SalaVisitas
616,60:8d:26:31:76:0c,-86,SalaVisitas
616,30:b5:c2:7f:37:95,-69,SalaVisitas
617,62:3e:d7:a9:6a:c3,-85,SalaVisitas
617,62:3e:d7:a9:6a:c1,-86,SalaVisitas
617,44:12:44:87:98:d0,-80,SalaVisitas
617,44:12:44:87:98:d1,-80,SalaVisitas
617,6e:b4:88:a8:c1:a3,-80,SalaVisitas
617,e4:3e:d7:a9:6a:c0,-86,SalaVisitas
617,44:12:44:87:98:c1,-69,SalaVisitas
617,94:bf:c4:67:4d:ec,-79,SalaVisitas
617,ea:63:7b:a4:2f:6e,-89,SalaVisitas
617,44:12:44:87:5d:c1,-74,SalaVisitas
617,44:12:44:87:5d:c0,-73,SalaVisitas
617,44:12:44:88:81:30,-92,SalaVisitas
617,44:12:44:88:c9:b0,-91,SalaVisitas
617,44:12:44:88:c9:b1,-91,SalaVisitas
617,9a:c5:c0:5e:db:a9,-68,SalaVisitas
617,44:12:44:88:81:31,-93,SalaVisitas
617,30:b5:c2:7f:37:94,-85,SalaVisitas
617,94:bf:c4:a7:4d:ec,-79,SalaVisitas
617,60:8d:26:31:76:0c,-85,SalaVisitas
617,30:b5:c2:7f:37:95,-69,SalaVisitas
618,62:3e:d7:a9:6a:c3,-89,SalaVisitas
618,62:3e:d7:a9:6a:c1,-89,SalaVisitas
618,74:0a:e1:48:50:93,-74,SalaVisitas
618,44:12:44:87:98:d0,-79,SalaVisitas
618,44:12:44:87:98:d1,-79,SalaVisitas
618,6e:b4:88:a8:c1:a3,-78,SalaVisitas
618,e4:3e:d7:a9:6a:c0,-89,SalaVisitas
618,6a:ff:ce:3e:af:0f,-89,SalaVisitas
618,6a:ff:ce:3e:af:0e,-89,SalaVisitas
618,6a:ff:ce:3e:af:0c,-88,SalaVisitas
618,44:12:44:87:98:c0,-71,SalaVisitas
618,44:12:44:87:98:c1,-71,SalaVisitas
618,94:bf:c4:67:4d:ec,-79,SalaVisitas
618,ea:63:7b:a4:2f:6e,-91,SalaVisitas
618,44:12:44:87:5d:c1,-73,SalaVisitas
618,44:12:44:87:5d:c0,-73,SalaVisitas
618,44:12:44:88:81:30,-92,SalaVisitas
618,44:12:44:88:c9:b0,-91,SalaVisitas
618,44:12:44:88:c9:b1,-89,SalaVisitas
618,9a:c5:c0:5e:db:a9,-66,SalaVisitas
618,44:12:44:88:81:31,-91,SalaVisitas
618,30:b5:c2:7f:37:94,-85,SalaVisitas
618,60:3d:26:8b:7d:ff,-91,SalaVisitas
618,94:bf:c4:a7:4d:ec,-79,SalaVisitas
618,44:12:44:88:c9:a0,-74,SalaVisitas
618,44:12:44:88:c9:a1,-73,SalaVisitas
618,30:b5:c2:7f:37:95,-69,SalaVisitas
619,74:0a:e1:48:50:93,-75,SalaVisitas
619,44:12:44:87:98:d0,-80,SalaVisitas
619,44:12:44:87:98:d1,-80,SalaVisitas
619,6e:b4:88:a8:c1:a3,-92,SalaVisitas
619,44:12:44:87:98:c0,-70,SalaVisitas
619,44:12:44:87:98:c1,-71,SalaVisitas
619,94:bf:c4:67:4d:ec,-81,SalaVisitas
619,ea:63:7b:a4:2f:6e,-91,SalaVisitas
619,44:12:44:88:81:20,-79,SalaVisitas
619,44:12:44:87:5d:c1,-75,SalaVisitas
619,44:12:44:87:5d:c0,-74,SalaVisitas
619,44:12:44:88:81:30,-91,SalaVisitas
619,44:12:44:88:c9:b0,-89,SalaVisitas
619,44:12:44:88:c9:b1,-89,SalaVisitas
619,94:bf:c4:e7:4d:ec,-81,SalaVisitas
619,9a:c5:c0:5e:db:a9,-65,SalaVisitas
619,44:12:44:88:81:31,-91,SalaVisitas
619,30:b5:c2:7f:37:94,-82,SalaVisitas
619,94:bf:c4:a7:4d:ec,-81,SalaVisitas
619,44:12:44:88:c9:a0,-74,SalaVisitas
619,44:12:44:88:c9:a1,-75,SalaVisitas
619,30:b5:c2:7f:37:95,-69,SalaVisitas
620,44:12:44:87:98:d0,-79,SalaVisitas
620,44:12:44:87:98:d1,-80,SalaVisitas
620,94:bf:c4:27:4d:ec,-81,SalaVisitas
620,44:12:44:87:98:c0,-68,SalaVisitas
620,44:12:44:87:98:c1,-68,SalaVisitas
620,94:bf:c4:67:4d:ec,-81,SalaVisitas
620,ea:63:7b:a4:2f:6e,-92,SalaVisitas
620,44:12:44:88:81:21,-79,SalaVisitas
620,44:12:44:87:5d:c1,-74,SalaVisitas
620,44:12:44:87:5d:c0,-74,SalaVisitas
620,44:12:44:88:81:30,-91,SalaVisitas
620,44:12:44:88:c9:b0,-89,SalaVisitas
620,44:12:44:88:c9:b1,-89,SalaVisitas
620,94:bf:c4:e7:4d:ec,-81,SalaVisitas
620,9a:c5:c0:5e:db:a9,-66,SalaVisitas
620,44:12:44:88:81:31,-91,SalaVisitas
620,a8:5b:f7:71:dc:01,-82,SalaVisitas
620,30:b5:c2:7f:37:94,-85,SalaVisitas
620,94:bf:c4:a7:4d:ec,-81,SalaVisitas
620,44:12:44:88:c9:a0,-73,SalaVisitas
620,44:12:44:88:c9:a1,-73,SalaVisitas
620,60:8d:26:31:76:0c,-84,SalaVisitas
620,30:b5:c2:7f:37:95,-69,SalaVisitas
621,74:0a:e1:48:50:93,-76,SalaVisitas
621,44:12:44:87:98:d0,-79,SalaVisitas
621,44:12:44:87:98:d1,-79,SalaVisitas
621,6a:ff:ce:3e:af:0f,-89,SalaVisitas
621,62:3d:26:8b:7d:f1,-89,SalaVisitas
621,6a:ff:ce:3e:af:0e,-90,SalaVisitas
621,94:bf:c4:27:4d:ec,-81,SalaVisitas
621,6a:ff:ce:3e:af:0c,-91,SalaVisitas
621,44:12:44:87:98:c0,-68,SalaVisitas
621,44:12:44:87:98:c1,-68,SalaVisitas
621,94:bf:c4:67:4d:ec,-81,SalaVisitas
621,ea:63:7b:a4:2f:6e,-92,SalaVisitas
621,44:12:44:88:81:21,-80,SalaVisitas
621,44:12:44:88:81:20,-80,SalaVisitas
621,44:12:44:87:5d:c1,-74,SalaVisitas
621,44:12:44:88:81:30,-94,SalaVisitas
621,44:12:44:88:c9:b0,-91,SalaVisitas
621,44:12:44:88:c9:b1,-90,SalaVisitas
621,94:bf:c4:e7:4d:ec,-81,SalaVisitas
621,9a:c5:c0:5e:db:a9,-64,SalaVisitas
621,44:12:44:88:81:31,-92,SalaVisitas
621,a8:5b:f7:71:dc:00,-81,SalaVisitas
621,a8:5b:f7:71:dc:01,-82,SalaVisitas
621,30:b5:c2:7f:37:94,-85,SalaVisitas
621,60:3d:26:8b:7d:ff,-88,SalaVisitas
621,94:bf:c4:a7:4d:ec,-81,SalaVisitas
621,44:12:44:88:c9:a0,-74,SalaVisitas
621,44:12:44:88:c9:a1,-73,SalaVisitas
621,44:12:44:87:51:d1,-94,SalaVisitas
621,30:b5:c2:7f:37:95,-70,SalaVisitas
622,62:3e:d7:a9:6a:c3,-90,SalaVisitas
622,72:86:60:e9:94:6d,-91,SalaVisitas
622,44:12:44:87:98:d0,-79,SalaVisitas
622,44:12:44:87:98:d1,-79,SalaVisitas
622,6e:b4:88:a8:c1:a3,-81,SalaVisitas
622,e4:3e:d7:a9:6a:bf,-69,SalaVisitas
622,94:bf:c4:67:4d:ec,-81,SalaVisitas
622,ea:63:7b:a4:2f:6e,-88,SalaVisitas
622,44:12:44:88:81:21,-80,SalaVisitas
622,44:12:44:88:81:20,-80,SalaVisitas
622,44:12:44:87:5d:c1,-73,SalaVisitas
622,44:12:44:88:81:30,-91,SalaVisitas
622,44:12:44:88:c9:b0,-89,SalaVisitas
622,44:12:44:88:c9:b1,-89,SalaVisitas
622,9a:c5:c0:5e:db:a9,-68,SalaVisitas
622,44:12:44:88:81:31,-92,SalaVisitas
622,30:b5:c2:7f:37:94,-84,SalaVisitas
622,94:bf:c4:a7:4d:ec,-81,SalaVisitas
622,44:12:44:88:c9:a1,-73,SalaVisitas
622,30:b5:c2:7f:37:95,-69,SalaVisitas
623,62:3e:d7:a9:6a:c3,-84,SalaVisitas
623,62:3e:d7:a9:6a:c1,-84,SalaVisitas
623,74:0a:e1:48:50:93,-76,SalaVisitas
623,44:12:44:87:98:d0,-80,SalaVisitas
623,44:12:44:87:98:d1,-79,SalaVisitas
623,e4:3e:d7:a9:6a:c0,-84,SalaVisitas
623,6a:ff:ce:3e:af:0f,-91,SalaVisitas
623,e4:3e:d7:a9:6a:bf,-70,SalaVisitas
623,44:12:44:87:98:c1,-69,SalaVisitas
623,ea:63:7b:a4:2f:6e,-89,SalaVisitas
623,44:12:44:87:5d:c1,-75,SalaVisitas
623,44:12:44:87:5d:c0,-74,SalaVisitas
623,44:12:44:88:81:30,-91,SalaVisitas
623,44:12:44:88:c9:b0,-91,SalaVisitas
623,44:12:44:88:c9:b1,-90,SalaVisitas
623,9a:c5:c0:5e:db:a9,-69,SalaVisitas
623,44:12:44:88:81:31,-91,SalaVisitas
623,30:b5:c2:7f:37:94,-82,SalaVisitas
623,44:12:44:88:c9:a0,-74,SalaVisitas
623,44:12:44:87:51:d0,-94,SalaVisitas
623,60:8d:26:31:76:0c,-82,SalaVisitas
623,30:b5:c2:7f:37:95,-69,SalaVisitas
624,44:12:44:87:98:d0,-79,SalaVisitas
624,44:12:44:87:98:d1,-79,SalaVisitas
624,6e:b4:88:a8:c1:a3,-79,SalaVisitas
624,44:12:44:87:98:c0,-68,SalaVisitas
624,44:12:44:87:98:c1,-69,SalaVisitas
624,ea:63:7b:a4:2f:6e,-91,SalaVisitas
624,44:12:44:88:81:20,-79,SalaVisitas
624,44:12:44:88:81:30,-89,SalaVisitas
624,44:12:44:88:c9:b0,-89,SalaVisitas
624,44:12:44:88:c9:b1,-89,SalaVisitas
624,9a:c5:c0:5e:db:a9,-67,SalaVisitas
624,44:12:44:88:81:31,-89,SalaVisitas
624,30:b5:c2:7f:37:94,-83,SalaVisitas
624,44:12:44:88:c9:a0,-73,SalaVisitas
624,44:12:44:88:c9:a1,-73,SalaVisitas
625,44:12:44:87:98:d0,-79,SalaVisitas
625,44:12:44:87:98:d1,-79,SalaVisitas
625,94:bf:c4:27:4d:ec,-81,SalaVisitas
625,44:12:44:87:98:c0,-69,SalaVisitas
625,44:12:44:87:98:c1,-70,SalaVisitas
625,94:bf:c4:67:4d:ec,-81,SalaVisitas
625,ea:63:7b:a4:2f:6e,-94,SalaVisitas
625,44:12:44:87:5d:c1,-75,SalaVisitas
625,44:12:44:87:5d:c0,-74,SalaVisitas
625,44:12:44:88:c9:b0,-89,SalaVisitas
625,94:bf:c4:e7:4d:ec,-81,SalaVisitas
625,44:12:44:88:c9:b1,-89,SalaVisitas
625,9a:c5:c0:5e:db:a9,-67,SalaVisitas
625,30:b5:c2:7f:37:94,-84,SalaVisitas
625,60:3d:26:8b:7d:ff,-89,SalaVisitas
625,94:bf:c4:a7:4d:ec,-81,SalaVisitas
625,44:12:44:88:c9:a0,-73,SalaVisitas
625,44:12:44:88:c9:a1,-73,SalaVisitas
625,44:12:44:87:51:d1,-91,SalaVisitas
625,30:b5:c2:7f:37:95,-68,SalaVisitas
626,72:86:60:e9:94:6d,-92,SalaVisitas
626,74:0a:e1:48:50:93,-75,SalaVisitas
626,44:12:44:87:98:d0,-79,SalaVisitas
626,44:12:44:87:98:d1,-79,SalaVisitas
626,6e:b4:88:a8:c1:a3,-80,SalaVisitas
626,6a:ff:ce:3e:af:0e,-89,SalaVisitas
626,94:bf:c4:27:4d:ec,-80,SalaVisitas
626,44:12:44:87:98:c0,-71,SalaVisitas
626,44:12:44:87:98:c1,-70,SalaVisitas
626,94:bf:c4:67:4d:ec,-80,SalaVisitas
626,44:12:44:87:5d:c1,-75,SalaVisitas
626,44:12:44:88:81:30,-92,SalaVisitas
626,44:12:44:88:c9:b0,-90,SalaVisitas
626,44:12:44:88:c9:b1,-89,SalaVisitas
626,94:bf:c4:e7:4d:ec,-80,SalaVisitas
626,9a:c5:c0:5e:db:a9,-64,SalaVisitas
626,30:b5:c2:7f:37:94,-84,SalaVisitas
626,94:bf:c4:a7:4d:ec,-79,SalaVisitas
626,44:12:44:88:c9:a0,-73,SalaVisitas
626,44:12:44:88:c9:a1,-73,SalaVisitas
626,30:b5:c2:7f:37:95,-68,SalaVisitas
627,94:bf:c4:a7:4d:e8,-83,SalaVisitas
627,44:12:44:87:98:d0,-80,SalaVisitas
627,44:12:44:87:98:d1,-80,SalaVisitas
627,6e:b4:88:a8:c1:a3,-80,SalaVisitas
627,94:bf:c4:27:4d:ec,-81,SalaVisitas
627,44:12:44:87:98:c0,-71,SalaVisitas
627,44:12:44:87:98:c1,-70,SalaVisitas
627,94:bf:c4:67:4d:ec,-81,SalaVisitas
627,ea:63:7b:a4:2f:6e,-91,SalaVisitas
627,44:12:44:88:c9:b0,-88,SalaVisitas
627,44:12:44:88:c9:b1,-89,SalaVisitas
627,94:bf:c4:e7:4d:ec,-81,SalaVisitas
627,9a:c5:c0:5e:db:a9,-68,SalaVisitas
627,94:bf:c4:67:4d:e8,-82,SalaVisitas
627,a8:5b:f7:71:dc:01,-82,SalaVisitas
627,30:b5:c2:7f:37:94,-83,SalaVisitas
627,94:bf:c4:a7:4d:ec,-81,SalaVisitas
627,44:12:44:88:c9:a0,-75,SalaVisitas
627,44:12:44:88:c9:a1,-75,SalaVisitas
627,30:b5:c2:7f:37:95,-68,SalaVisitas
628,72:86:60:e9:94:6d,-89,SalaVisitas
628,44:12:44:87:98:d0,-79,SalaVisitas
628,44:12:44:87:98:d1,-79,SalaVisitas
628,6e:b4:88:a8:c1:a3,-82,SalaVisitas
628,e4:3e:d7:a9:6a:bf,-70,SalaVisitas
628,d4:86:60:e9:94:6b,-90,SalaVisitas
628,44:12:44:87:98:c0,-67,SalaVisitas
628,44:12:44:87:98:c1,-67,SalaVisitas
628,94:bf:c4:67:4d:ec,-80,SalaVisitas
628,ea:63:7b:a4:2f:6e,-94,SalaVisitas
628,44:12:44:87:5d:c0,-74,SalaVisitas
628,44:12:44:88:81:30,-88,SalaVisitas
628,44:12:44:88:c9:b0,-91,SalaVisitas
628,44:12:44:88:c9:b1,-91,SalaVisitas
628,9a:c5:c0:5e:db:a9,-68,SalaVisitas
628,44:12:44:88:81:31,-88,SalaVisitas
628,30:b5:c2:7f:37:94,-82,SalaVisitas
628,60:3d:26:8b:7d:ff,-88,SalaVisitas
628,44:12:44:87:5d:d1,-96,SalaVisitas
628,94:bf:c4:a7:4d:ec,-80,SalaVisitas
628,44:12:44:87:5d:d0,-94,SalaVisitas
628,44:12:44:88:c9:a1,-73,SalaVisitas
628,30:b5:c2:7f:37:95,-65,SalaVisitas
629,94:bf:c4:a7:4d:e8,-88,SalaVisitas
629,c0:94:ad:7d:ae:20,-89,SalaVisitas
629,94:bf:c4:e7:4d:e8,-88,SalaVisitas
629,44:12:44:87:98:d0,-80,SalaVisitas
629,44:12:44:87:98:d1,-80,SalaVisitas
629,6e:b4:88:a8:c1:a3,-80,SalaVisitas
629,44:12:44:87:98:c0,-71,SalaVisitas
629,44:12:44:87:98:c1,-72,SalaVisitas
629,94:bf:c4:67:4d:ec,-79,SalaVisitas
629,ea:63:7b:a4:2f:6e,-89,SalaVisitas
629,44:12:44:87:5d:c1,-77,SalaVisitas
629,44:12:44:87:5d:c0,-77,SalaVisitas
629,44:12:44:88:c9:b0,-89,SalaVisitas
629,44:12:44:88:c9:b1,-89,SalaVisitas
629,9a:c5:c0:5e:db:a9,-69,SalaVisitas
629,94:bf:c4:67:4d:e8,-88,SalaVisitas
629,94:bf:c4:27:4d:e8,-88,SalaVisitas
629,30:b5:c2:7f:37:94,-83,SalaVisitas
629,94:bf:c4:a7:4d:ec,-79,SalaVisitas
629,44:12:44:87:51:d0,-97,SalaVisitas
629,44:12:44:88:c9:a1,-79,SalaVisitas
629,30:b5:c2:7f:37:95,-69,SalaVisitas
630,94:bf:c4:a7:4d:e8,-80,SalaVisitas
630,74:0a:e1:48:50:93,-74,SalaVisitas
630,c0:94:ad:7d:ae:20,-90,SalaVisitas
630,44:12:44:87:98:d0,-80,SalaVisitas
630,44:12:44:87:98:d1,-80,SalaVisitas
630,94:bf:c4:27:4d:ec,-79,SalaVisitas
630,44:12:44:87:98:c0,-70,SalaVisitas
630,7a:e5:c1:c8:67:73,-94,SalaVisitas
630,44:12:44:87:98:c1,-70,SalaVisitas
630,94:bf:c4:67:4d:ec,-80,SalaVisitas
630,ea:63:7b:a4:2f:6e,-89,SalaVisitas
630,44:12:44:88:81:21,-80,SalaVisitas
630,44:12:44:87:5d:c1,-75,SalaVisitas
630,44:12:44:87:5d:c0,-75,SalaVisitas
630,44:12:44:88:c9:b0,-88,SalaVisitas
630,94:bf:c4:e7:4d:ec,-80,SalaVisitas
630,9a:c5:c0:5e:db:a9,-61,SalaVisitas
630,94:bf:c4:67:4d:e8,-80,SalaVisitas
630,a8:5b:f7:71:dc:00,-82,SalaVisitas
630,30:b5:c2:7f:37:94,-84,SalaVisitas
630,94:bf:c4:a7:4d:ec,-80,SalaVisitas
630,44:12:44:88:c9:a0,-79,SalaVisitas
630,44:12:44:88:c9:a1,-79,SalaVisitas
630,30:b5:c2:7f:37:95,-72,SalaVisitas
631,74:0a:e1:48:50:93,-75,SalaVisitas
631,44:12:44:87:98:d0,-81,SalaVisitas
631,44:12:44:87:98:d1,-80,SalaVisitas
631,6e:b4:88:a8:c1:a3,-80,SalaVisitas
631,e4:3e:d7:a9:6a:bf,-71,SalaVisitas
631,44:12:44:87:98:c0,-72,SalaVisitas
631,94:bf:c4:67:4d:ec,-79,SalaVisitas
631,ea:63:7b:a4:2f:6e,-91,SalaVisitas
631,44:12:44:87:5d:c1,-75,SalaVisitas
631,44:12:44:87:5d:c0,-74,SalaVisitas
631,44:12:44:88:c9:b0,-90,SalaVisitas
631,44:12:44:88:c9:b1,-89,SalaVisitas
631,9a:c5:c0:5e:db:a9,-59,SalaVisitas
631,30:b5:c2:7f:37:94,-84,SalaVisitas
631,60:3d:26:8b:7d:ff,-89,SalaVisitas
631,94:bf:c4:a7:4d:ec,-79,SalaVisitas
631,44:12:44:88:c9:a0,-79,SalaVisitas
631,30:b5:c2:7f:37:95,-69,SalaVisitas
632,d4:86:60:e8:68:fb,-91,SalaVisitas
632,74:0a:e1:48:50:93,-77,SalaVisitas
632,44:12:44:87:98:d0,-78,SalaVisitas
632,44:12:44:87:98:d1,-78,SalaVisitas
632,6e:b4:88:a8:c1:a3,-80,SalaVisitas
632,44:12:44:87:98:c0,-72,SalaVisitas
632,44:12:44:87:98:c1,-71,SalaVisitas
632,94:bf:c4:67:4d:ec,-80,SalaVisitas
632,ea:63:7b:a4:2f:6e,-87,SalaVisitas
632,92:86:60:e8:68:fd,-91,SalaVisitas
632,44:12:44:88:81:21,-79,SalaVisitas
632,44:12:44:88:81:20,-80,SalaVisitas
632,44:12:44:87:5d:c1,-75,SalaVisitas
632,44:12:44:88:c9:b0,-89,SalaVisitas
632,44:12:44:88:c9:b1,-89,SalaVisitas
632,9a:c5:c0:5e:db:a9,-59,SalaVisitas
632,30:b5:c2:7f:37:94,-84,SalaVisitas
632,94:bf:c4:a7:4d:ec,-79,SalaVisitas
632,30:b5:c2:7f:37:95,-68,SalaVisitas
633,44:12:44:87:98:d0,-78,SalaVisitas
633,44:12:44:87:98:d1,-78,SalaVisitas
633,e4:3e:d7:a9:6a:bf,-70,SalaVisitas
633,94:bf:c4:27:4d:ec,-79,SalaVisitas
633,44:12:44:87:98:c0,-71,SalaVisitas
633,94:bf:c4:67:4d:ec,-79,SalaVisitas
633,ea:63:7b:a4:2f:6e,-86,SalaVisitas
633,44:12:44:88:81:21,-79,SalaVisitas
633,44:12:44:88:81:20,-79,SalaVisitas
633,44:12:44:87:5d:c1,-75,SalaVisitas
633,44:12:44:87:5d:c0,-75,SalaVisitas
633,44:12:44:88:c9:b0,-89,SalaVisitas
633,44:12:44:88:c9:b1,-90,SalaVisitas
633,94:bf:c4:e7:4d:ec,-79,SalaVisitas
633,9a:c5:c0:5e:db:a9,-59,SalaVisitas
633,a8:5b:f7:71:dc:00,-82,SalaVisitas
633,30:b5:c2:7f:37:94,-84,SalaVisitas
633,94:bf:c4:a7:4d:ec,-79,SalaVisitas
633,30:b5:c2:7f:37:95,-71,SalaVisitas
634,44:12:44:87:98:d0,-79,SalaVisitas
634,44:12:44:87:98:d1,-80,SalaVisitas
634,44:12:44:87:98:c0,-71,SalaVisitas
634,44:12:44:87:98:c1,-71,SalaVisitas
634,94:bf:c4:67:4d:ec,-79,SalaVisitas
634,ea:63:7b:a4:2f:6e,-87,SalaVisitas
634,44:12:44:88:81:21,-80,SalaVisitas
634,44:12:44:88:81:20,-79,SalaVisitas
634,44:12:44:88:c9:b0,-89,SalaVisitas
634,44:12:44:88:c9:b1,-91,SalaVisitas
634,9a:c5:c0:5e:db:a9,-60,SalaVisitas
634,a8:5b:f7:71:dc:01,-82,SalaVisitas
634,30:b5:c2:7f:37:94,-85,SalaVisitas
634,94:bf:c4:a7:4d:ec,-79,SalaVisitas
634,44:12:44:88:c9:a1,-78,SalaVisitas
634,30:b5:c2:7f:37:95,-71,SalaVisitas
635,44:12:44:87:98:d0,-80,SalaVisitas
635,44:12:44:87:98:d1,-80,SalaVisitas
635,6e:b4:88:a8:c1:a3,-80,SalaVisitas
635,e4:3e:d7:a9:6a:bf,-70,SalaVisitas
635,44:12:44:87:98:c1,-72,SalaVisitas
635,94:bf:c4:67:4d:ec,-80,SalaVisitas
635,ea:63:7b:a4:2f:6e,-88,SalaVisitas
635,44:12:44:88:81:20,-80,SalaVisitas
635,44:12:44:87:5d:c1,-73,SalaVisitas
635,44:12:44:87:5d:c0,-73,SalaVisitas
635,44:12:44:88:c9:b0,-87,SalaVisitas
635,44:12:44:88:c9:b1,-89,SalaVisitas
635,9a:c5:c0:5e:db:a9,-59,SalaVisitas
635,44:12:44:88:81:31,-94,SalaVisitas
635,30:b5:c2:7f:37:94,-84,SalaVisitas
635,94:bf:c4:a7:4d:ec,-80,SalaVisitas
635,44:12:44:88:c9:a1,-78,SalaVisitas
635,30:b5:c2:7f:37:95,-68,SalaVisitas
636,62:3e:d7:a9:6a:c3,-87,SalaVisitas
636,62:3e:d7:a9:6a:c1,-87,SalaVisitas
636,44:12:44:87:98:d0,-81,SalaVisitas
636,44:12:44:87:98:d1,-81,SalaVisitas
636,e4:3e:d7:a9:6a:bf,-70,SalaVisitas
636,44:12:44:87:98:c0,-70,SalaVisitas
636,44:12:44:87:98:c1,-71,SalaVisitas
636,94:bf:c4:67:4d:ec,-80,SalaVisitas
636,ea:63:7b:a4:2f:6e,-91,SalaVisitas
636,44:12:44:88:81:21,-80,SalaVisitas
636,44:12:44:88:81:20,-79,SalaVisitas
636,44:12:44:87:5d:c1,-74,SalaVisitas
636,44:12:44:87:5d:c0,-75,SalaVisitas
636,44:12:44:88:81:30,-94,SalaVisitas
636,44:12:44:88:c9:b0,-89,SalaVisitas
636,44:12:44:88:c9:b1,-90,SalaVisitas
636,9a:c5:c0:5e:db:a9,-62,SalaVisitas
636,30:b5:c2:7f:37:94,-84,SalaVisitas
636,94:bf:c4:a7:4d:ec,-80,SalaVisitas
636,44:12:44:88:c9:a0,-78,SalaVisitas
636,44:12:44:88:c9:a1,-78,SalaVisitas
636,60:8d:26:31:76:0c,-83,SalaVisitas
636,30:b5:c2:7f:37:95,-70,SalaVisitas
637,62:3e:d7:a9:6a:c1,-85,SalaVisitas
637,94:bf:c4:a7:4d:e8,-81,SalaVisitas
637,d4:86:60:e8:68:fb,-92,SalaVisitas
637,44:12:44:87:98:d0,-79,SalaVisitas
637,44:12:44:87:98:d1,-79,SalaVisitas
637,e4:3e:d7:a9:6a:c0,-85,SalaVisitas
637,44:12:44:87:98:c0,-70,SalaVisitas
637,44:12:44:87:98:c1,-70,SalaVisitas
637,ea:63:7b:a4:2f:6e,-89,SalaVisitas
637,92:86:60:e8:68:fd,-92,SalaVisitas
637,44:12:44:88:81:21,-80,SalaVisitas
637,44:12:44:88:81:20,-80,SalaVisitas
637,f6:03:2a:51:53:c0,-84,SalaVisitas
637,44:12:44:87:5d:c1,-73,SalaVisitas
637,44:12:44:87:5d:c0,-74,SalaVisitas
637,44:12:44:88:c9:b0,-88,SalaVisitas
637,44:12:44:88:c9:b1,-88,SalaVisitas
637,9a:c5:c0:5e:db:a9,-63,SalaVisitas
637,94:bf:c4:67:4d:e8,-80,SalaVisitas
637,30:b5:c2:7f:37:94,-84,SalaVisitas
637,44:12:44:88:c9:a0,-76,SalaVisitas
637,44:12:44:88:c9:a1,-76,SalaVisitas
637,30:b5:c2:7f:37:95,-69,SalaVisitas
638,94:bf:c4:a7:4d:e8,-80,SalaVisitas
638,74:0a:e1:48:50:93,-75,SalaVisitas
638,44:12:44:87:98:d0,-80,SalaVisitas
638,44:12:44:87:98:d1,-80,SalaVisitas
638,6e:b4:88:a8:c1:a3,-80,SalaVisitas
638,6a:ff:ce:3e:af:0f,-87,SalaVisitas
638,6a:ff:ce:3e:af:0e,-85,SalaVisitas
638,94:bf:c4:27:4d:ec,-80,SalaVisitas
638,44:12:44:87:98:c0,-68,SalaVisitas
638,44:12:44:87:98:c1,-69,SalaVisitas
638,94:bf:c4:67:4d:ec,-80,SalaVisitas
638,ea:63:7b:a4:2f:6e,-87,SalaVisitas
638,44:12:44:87:5d:c1,-74,SalaVisitas
638,44:12:44:87:5d:c0,-74,SalaVisitas
638,44:12:44:88:81:30,-92,SalaVisitas
638,44:12:44:88:c9:b0,-89,SalaVisitas
638,44:12:44:88:c9:b1,-89,SalaVisitas
638,94:bf:c4:e7:4d:ec,-80,SalaVisitas
638,9a:c5:c0:5e:db:a9,-65,SalaVisitas
638,44:12:44:88:81:31,-92,SalaVisitas
638,94:bf:c4:67:4d:e8,-81,SalaVisitas
638,30:b5:c2:7f:37:94,-84,SalaVisitas
638,94:bf:c4:a7:4d:ec,-80,SalaVisitas
638,44:12:44:88:c9:a0,-77,SalaVisitas
638,44:12:44:88:c9:a1,-77,SalaVisitas
638,30:b5:c2:7f:37:95,-69,SalaVisitas
639,62:3e:d7:a9:6a:c3,-89,SalaVisitas
639,62:3e:d7:a9:6a:c1,-89,SalaVisitas
639,d4:86:60:e8:68:fb,-93,SalaVisitas
639,94:bf:c4:e7:4d:e8,-81,SalaVisitas
639,44:12:44:87:98:d0,-80,SalaVisitas
639,44:12:44:87:98:d1,-81,SalaVisitas
639,e4:3e:d7:a9:6a:c0,-89,SalaVisitas
639,e4:3e:d7:a9:6a:bf,-71,SalaVisitas
639,44:12:44:87:98:c0,-69,SalaVisitas
639,94:bf:c4:67:4d:ec,-79,SalaVisitas
639,ea:63:7b:a4:2f:6e,-90,SalaVisitas
639,92:86:60:e8:68:fd,-93,SalaVisitas
639,44:12:44:88:81:21,-79,SalaVisitas
639,44:12:44:88:81:20,-80,SalaVisitas
639,f6:03:2a:51:53:c0,-83,SalaVisitas
639,44:12:44:87:5d:c1,-74,SalaVisitas
639,44:12:44:87:5d:c0,-73,SalaVisitas
639,44:12:44:88:81:30,-91,SalaVisitas
639,44:12:44:88:c9:b0,-91,SalaVisitas
639,44:12:44:88:c9:b1,-91,SalaVisitas
639,9a:c5:c0:5e:db:a9,-68,SalaVisitas
639,44:12:44:88:81:31,-92,SalaVisitas
639,a8:5b:f7:71:dc:00,-81,SalaVisitas
639,30:b5:c2:7f:37:94,-83,SalaVisitas
639,94:bf:c4:a7:4d:ec,-80,SalaVisitas
639,44:12:44:88:c9:a0,-77,SalaVisitas
639,60:8d:26:31:76:0c,-86,SalaVisitas
639,30:b5:c2:7f:37:95,-69,SalaVisitas
640,62:3e:d7:a9:6a:c3,-85,SalaVisitas
640,62:3e:d7:a9:6a:c1,-86,SalaVisitas
640,44:12:44:87:98:d0,-80,SalaVisitas
640,44:12:44:87:98:d1,-80,SalaVisitas
640,6e:b4:88:a8:c1:a3,-80,SalaVisitas
640,e4:3e:d7:a9:6a:c0,-86,SalaVisitas
640,44:12:44:87:98:c1,-69,SalaVisitas
640,94:bf:c4:67:4d:ec,-79,SalaVisitas
640,ea:63:7b:a4:2f:6e,-89,SalaVisitas
640,44:12:44:87:5d:c1,-74,SalaVisitas
640,44:12:44:87:5d:c0,-73,SalaVisitas
640,44:12:44:88:81:30,-92,SalaVisitas
640,44:12:44:88:c9:b0,-91,SalaVisitas
640,44:12:44:88:c9:b1,-91,SalaVisitas
640,9a:c5:c0:5e:db:a9,-68,SalaVisitas
640,44:12:44:88:81:31,-93,SalaVisitas
640,30:b5:c2:7f:37:94,-85,SalaVisitas
640,94:bf:c4:a7:4d:ec,-79,SalaVisitas
640,60:8d:26:31:76:0c,-85,SalaVisitas
640,30:b5:c2:7f:37:95,-69,SalaVisitas
641,62:3e:d7:a9:6a:c3,-89,SalaVisitas
641,62:3e:d7:a9:6a:c1,-89,SalaVisitas
641,74:0a:e1:48:50:93,-74,SalaVisitas
641,44:12:44:87:98:d0,-79,SalaVisitas
641,44:12:44:87:98:d1,-79,SalaVisitas
641,6e:b4:88:a8:c1:a3,-78,SalaVisitas
641,e4:3e:d7:a9:6a:c0,-89,SalaVisitas
641,6a:ff:ce:3e:af:0f,-89,SalaVisitas
641,6a:ff:ce:3e:af:0e,-89,SalaVisitas
641,6a:ff:ce:3e:af:0c,-88,SalaVisitas
641,44:12:44:87:98:c0,-71,SalaVisitas
641,44:12:44:87:98:c1,-71,SalaVisitas
641,94:bf:c4:67:4d:ec,-79,SalaVisitas
641,ea:63:7b:a4:2f:6e,-91,SalaVisitas
641,44:12:44:87:5d:c1,-73,SalaVisitas
641,44:12:44:87:5d:c0,-73,SalaVisitas
641,44:12:44:88:81:30,-92,SalaVisitas
641,44:12:44:88:c9:b0,-91,SalaVisitas
641,44:12:44:88:c9:b1,-89,SalaVisitas
641,9a:c5:c0:5e:db:a9,-66,SalaVisitas
641,44:12:44:88:81:31,-91,SalaVisitas
641,30:b5:c2:7f:37:94,-85,SalaVisitas
641,60:3d:26:8b:7d:ff,-91,SalaVisitas
641,94:bf:c4:a7:4d:ec,-79,SalaVisitas
641,44:12:44:88:c9:a0,-74,SalaVisitas
641,44:12:44:88:c9:a1,-73,SalaVisitas
641,30:b5:c2:7f:37:95,-69,SalaVisitas
642,74:0a:e1:48:50:93,-75,SalaVisitas
642,44:12:44:87:98:d0,-80,SalaVisitas
642,44:12:44:87:98:d1,-80,SalaVisitas
642,6e:b4:88:a8:c1:a3,-92,SalaVisitas
642,44:12:44:87:98:c0,-70,SalaVisitas
642,44:12:44:87:98:c1,-71,SalaVisitas
642,94:bf:c4:67:4d:ec,-81,SalaVisitas
642,ea:63:7b:a4:2f:6e,-91,SalaVisitas
642,44:12:44:88:81:20,-79,SalaVisitas
642,44:12:44:87:5d:c1,-75,SalaVisitas
642,44:12:44:87:5d:c0,-74,SalaVisitas
642,44:12:44:88:81:30,-91,SalaVisitas
642,44:12:44:88:c9:b0,-89,SalaVisitas
642,44:12:44:88:c9:b1,-89,SalaVisitas
642,94:bf:c4:e7:4d:ec,-81,SalaVisitas
642,9a:c5:c0:5e:db:a9,-65,SalaVisitas
642,44:12:44:88:81:31,-91,SalaVisitas
642,30:b5:c2:7f:37:94,-82,SalaVisitas
642,94:bf:c4:a7:4d:ec,-81,SalaVisitas
642,44:12:44:88:c9:a0,-74,SalaVisitas
642,44:12:44:88:c9:a1,-75,SalaVisitas
642,30:b5:c2:7f:37:95,-69,SalaVisitas
643,44:12:44:87:98:d0,-79,SalaVisitas
643,44:12:44:87:98:d1,-80,SalaVisitas
643,94:bf:c4:27:4d:ec,-81,SalaVisitas
643,44:12:44:87:98:c0,-68,SalaVisitas
643,44:12:44:87:98:c1,-68,SalaVisitas
643,94:bf:c4:67:4d:ec,-81,SalaVisitas
643,ea:63:7b:a4:2f:6e,-92,SalaVisitas
643,44:12:44:88:81:21,-79,SalaVisitas
643,44:12:44:87:5d:c1,-74,SalaVisitas
643,44:12:44:87:5d:c0,-74,SalaVisitas
643,44:12:44:88:81:30,-91,SalaVisitas
643,44:12:44:88:c9:b0,-89,SalaVisitas
643,44:12:44:88:c9:b1,-89,SalaVisitas
643,94:bf:c4:e7:4d:ec,-81,SalaVisitas
643,9a:c5:c0:5e:db:a9,-66,SalaVisitas
643,44:12:44:88:81:31,-91,SalaVisitas
643,a8:5b:f7:71:dc:01,-82,SalaVisitas
643,30:b5:c2:7f:37:94,-85,SalaVisitas
643,94:bf:c4:a7:4d:ec,-81,SalaVisitas
643,44:12:44:88:c9:a0,-73,SalaVisitas
643,44:12:44:88:c9:a1,-73,SalaVisitas
643,60:8d:26:31:76:0c,-84,SalaVisitas
643,30:b5:c2:7f:37:95,-69,SalaVisitas
644,74:0a:e1:48:50:93,-76,SalaVisitas
644,44:12:44:87:98:d0,-79,SalaVisitas
644,44:12:44:87:98:d1,-79,SalaVisitas
644,6a:ff:ce:3e:af:0f,-89,SalaVisitas
644,62:3d:26:8b:7d:f1,-89,SalaVisitas
644,6a:ff:ce:3e:af:0e,-90,SalaVisitas
644,94:bf:c4:27:4d:ec,-81,SalaVisitas
644,6a:ff:ce:3e:af:0c,-91,SalaVisitas
644,44:12:44:87:98:c0,-68,SalaVisitas
644,44:12:44:87:98:c1,-68,SalaVisitas
644,94:bf:c4:67:4d:ec,-81,SalaVisitas
644,ea:63:7b:a4:2f:6e,-92,SalaVisitas
644,44:12:44:88:81:21,-80,SalaVisitas
644,44:12:44:88:81:20,-80,SalaVisitas
644,44:12:44:87:5d:c1,-74,SalaVisitas
644,44:12:44:88:81:30,-94,SalaVisitas
644,44:12:44:88:c9:b0,-91,SalaVisitas
644,44:12:44:88:c9:b1,-90,SalaVisitas
644,94:bf:c4:e7:4d:ec,-81,SalaVisitas
644,9a:c5:c0:5e:db:a9,-64,SalaVisitas
644,44:12:44:88:81:31,-92,SalaVisitas
644,a8:5b:f7:71:dc:00,-81,SalaVisitas
644,a8:5b:f7:71:dc:01,-82,SalaVisitas
644,30:b5:c2:7f:37:94,-85,SalaVisitas
644,60:3d:26:8b:7d:ff,-88,SalaVisitas
644,94:bf:c4:a7:4d:ec,-81,SalaVisitas
644,44:12:44:88:c9:a0,-74,SalaVisitas
644,44:12:44:88:c9:a1,-73,SalaVisitas
644,44:12:44:87:51:d1,-94,SalaVisitas
644,30:b5:c2:7f:37:95,-70,SalaVisitas
645,62:3e:d7:a9:6a:c3,-90,SalaVisitas
645,72:86:60:e9:94:6d,-91,SalaVisitas
645,44:12:44:87:98:d0,-79,SalaVisitas
645,44:12:44:87:98:d1,-79,SalaVisitas
645,6e:b4:88:a8:c1:a3,-81,SalaVisitas
645,e4:3e:d7:a9:6a:bf,-69,SalaVisitas
645,94:bf:c4:67:4d:ec,-81,SalaVisitas
645,ea:63:7b:a4:2f:6e,-88,SalaVisitas
645,44:12:44:88:81:21,-80,SalaVisitas
645,44:12:44:88:81:20,-80,SalaVisitas
645,44:12:44:87:5d:c1,-73,SalaVisitas
645,44:12:44:88:81:30,-91,SalaVisitas
645,44:12:44:88:c9:b0,-89,SalaVisitas
645,44:12:44:88:c9:b1,-89,SalaVisitas
645,9a:c5:c0:5e:db:a9,-68,SalaVisitas
645,44:12:44:88:81:31,-92,SalaVisitas
645,30:b5:c2:7f:37:94,-84,SalaVisitas
645,94:bf:c4:a7:4d:ec,-81,SalaVisitas
645,44:12:44:88:c9:a1,-73,SalaVisitas
645,30:b5:c2:7f:37:95,-69,SalaVisitas
646,62:3e:d7:a9:6a:c3,-84,SalaVisitas
646,62:3e:d7:a9:6a:c1,-84,SalaVisitas
646,74:0a:e1:48:50:93,-76,SalaVisitas
646,44:12:44:87:98:d0,-80,SalaVisitas
646,44:12:44:87:98:d1,-79,SalaVisitas
646,e4:3e:d7:a9:6a:c0,-84,SalaVisitas
646,6a:ff:ce:3e:af:0f,-91,SalaVisitas
646,e4:3e:d7:a9:6a:bf,-70,SalaVisitas
646,44:12:44:87:98:c1,-69,SalaVisitas
646,ea:63:7b:a4:2f:6e,-89,SalaVisitas
646,44:12:44:87:5d:c1,-75,SalaVisitas
646,44:12:44:87:5d:c0,-74,SalaVisitas
646,44:12:44:88:81:30,-91,SalaVisitas
646,44:12:44:88:c9:b0,-91,SalaVisitas
646,44:12:44:88:c9:b1,-90,SalaVisitas
646,9a:c5:c0:5e:db:a9,-69,SalaVisitas
646,44:12:44:88:81:31,-91,SalaVisitas
646,30:b5:c2:7f:37:94,-82,SalaVisitas
646,44:12:44:88:c9:a0,-74,SalaVisitas
646,44:12:44:87:51:d0,-94,SalaVisitas
646,60:8d:26:31:76:0c,-82,SalaVisitas
646,30:b5:c2:7f:37:95,-69,SalaVisitas
647,44:12:44:87:98:d0,-79,SalaVisitas
647,44:12:44:87:98:d1,-79,SalaVisitas
647,6e:b4:88:a8:c1:a3,-79,SalaVisitas
647,44:12:44:87:98:c0,-68,SalaVisitas
647,44:12:44:87:98:c1,-69,SalaVisitas
647,ea:63:7b:a4:2f:6e,-91,SalaVisitas
647,44:12:44:88:81:20,-79,SalaVisitas
647,44:12:44:88:81:30,-89,SalaVisitas
647,44:12:44:88:c9:b0,-89,SalaVisitas
647,44:12:44:88:c9:b1,-89,SalaVisitas
647,9a:c5:c0:5e:db:a9,-67,SalaVisitas
647,44:12:44:88:81:31,-89,SalaVisitas
647,30:b5:c2:7f:37:94,-83,SalaVisitas
647,44:12:44:88:c9:a0,-73,SalaVisitas
647,44:12:44:88:c9:a1,-73,SalaVisitas
648,44:12:44:87:98:d0,-79,SalaVisitas
648,44:12:44:87:98:d1,-79,SalaVisitas
648,94:bf:c4:27:4d:ec,-81,SalaVisitas
648,44:12:44:87:98:c0,-69,SalaVisitas
648,44:12:44:87:98:c1,-70,SalaVisitas
648,94:bf:c4:67:4d:ec,-81,SalaVisitas
648,ea:63:7b:a4:2f:6e,-94,SalaVisitas
648,44:12:44:87:5d:c1,-75,SalaVisitas
648,44:12:44:87:5d:c0,-74,SalaVisitas
648,44:12:44:88:c9:b0,-89,SalaVisitas
648,94:bf:c4:e7:4d:ec,-81,SalaVisitas
648,44:12:44:88:c9:b1,-89,SalaVisitas
648,9a:c5:c0:5e:db:a9,-67,SalaVisitas
648,30:b5:c2:7f:37:94,-84,SalaVisitas
648,60:3d:26:8b:7d:ff,-89,SalaVisitas
648,94:bf:c4:a7:4d:ec,-81,SalaVisitas
648,44:12:44:88:c9:a0,-73,SalaVisitas
648,44:12:44:88:c9:a1,-73,SalaVisitas
648,44:12:44:87:51:d1,-91,SalaVisitas
648,30:b5:c2:7f:37:95,-68,SalaVisitas
649,72:86:60:e9:94:6d,-92,SalaVisitas
649,74:0a:e1:48:50:93,-75,SalaVisitas
649,44:12:44:87:98:d0,-79,SalaVisitas
649,44:12:44:87:98:d1,-79,SalaVisitas
649,6e:b4:88:a8:c1:a3,-80,SalaVisitas
649,6a:ff:ce:3e:af:0e,-89,SalaVisitas
649,94:bf:c4:27:4d:ec,-80,SalaVisitas
649,44:12:44:87:98:c0,-71,SalaVisitas
649,44:12:44:87:98:c1,-70,SalaVisitas
649,94:bf:c4:67:4d:ec,-80,SalaVisitas
649,44:12:44:87:5d:c1,-75,SalaVisitas
649,44:12:44:88:81:30,-92,SalaVisitas
649,44:12:44:88:c9:b0,-90,SalaVisitas
649,44:12:44:88:c9:b1,-89,SalaVisitas
649,94:bf:c4:e7:4d:ec,-80,SalaVisitas
649,9a:c5:c0:5e:db:a9,-64,SalaVisitas
649,30:b5:c2:7f:37:94,-84,SalaVisitas
649,94:bf:c4:a7:4d:ec,-79,SalaVisitas
649,44:12:44:88:c9:a0,-73,SalaVisitas
649,44:12:44:88:c9:a1,-73,SalaVisitas
649,30:b5:c2:7f:37:95,-68,SalaVisitas
650,94:bf:c4:a7:4d:e8,-83,SalaVisitas
650,44:12:44:87:98:d0,-80,SalaVisitas
650,44:12:44:87:98:d1,-80,SalaVisitas
650,6e:b4:88:a8:c1:a3,-80,SalaVisitas
650,94:bf:c4:27:4d:ec,-81,SalaVisitas
650,44:12:44:87:98:c0,-71,SalaVisitas
650,44:12:44:87:98:c1,-70,SalaVisitas
650,94:bf:c4:67:4d:ec,-81,SalaVisitas
650,ea:63:7b:a4:2f:6e,-91,SalaVisitas
650,44:12:44:88:c9:b0,-88,SalaVisitas
650,44:12:44:88:c9:b1,-89,SalaVisitas
650,94:bf:c4:e7:4d:ec,-81,SalaVisitas
650,9a:c5:c0:5e:db:a9,-68,SalaVisitas
650,94:bf:c4:67:4d:e8,-82,SalaVisitas
650,a8:5b:f7:71:dc:01,-82,SalaVisitas
650,30:b5:c2:7f:37:94,-83,SalaVisitas
650,94:bf:c4:a7:4d:ec,-81,SalaVisitas
650,44:12:44:88:c9:a0,-75,SalaVisitas
650,44:12:44:88:c9:a1,-75,SalaVisitas
650,30:b5:c2:7f:37:95,-68,SalaVisitas
651,72:86:60:e9:94:6d,-89,SalaVisitas
651,44:12:44:87:98:d0,-79,SalaVisitas
651,44:12:44:87:98:d1,-79,SalaVisitas
651,6e:b4:88:a8:c1:a3,-82,SalaVisitas
651,e4:3e:d7:a9:6a:bf,-70,SalaVisitas
651,d4:86:60:e9:94:6b,-90,SalaVisitas
651,44:12:44:87:98:c0,-67,SalaVisitas
651,44:12:44:87:98:c1,-67,SalaVisitas
651,94:bf:c4:67:4d:ec,-80,SalaVisitas
651,ea:63:7b:a4:2f:6e,-94,SalaVisitas
651,44:12:44:87:5d:c0,-74,SalaVisitas
651,44:12:44:88:81:30,-88,SalaVisitas
651,44:12:44:88:c9:b0,-91,SalaVisitas
651,44:12:44:88:c9:b1,-91,SalaVisitas
651,9a:c5:c0:5e:db:a9,-68,SalaVisitas
651,44:12:44:88:81:31,-88,SalaVisitas
651,30:b5:c2:7f:37:94,-82,SalaVisitas
651,60:3d:26:8b:7d:ff,-88,SalaVisitas
651,44:12:44:87:5d:d1,-96,SalaVisitas
651,94:bf:c4:a7:4d:ec,-80,SalaVisitas
651,44:12:44:87:5d:d0,-94,SalaVisitas
651,44:12:44:88:c9:a1,-73,SalaVisitas
651,30:b5:c2:7f:37:95,-65,SalaVisitas
